sentence_id	id	form	lemma	upos	xpos	feats	head	deprel	start	end
usc5-552-doj:u0000:s00	1	§	§	PUNCT	.	_	0	root	0	1
usc5-552-doj:u0000:s01	1	552	552	NUM	CD	NumType=Card	0	root	0	3
usc5-552-doj:u0000:s01	2	.	.	PUNCT	.	_	1	punct	3	4
usc5-552-doj:u0000:s02	1	Public	public	NOUN	NN	Number=Sing	2	compound	0	6
usc5-552-doj:u0000:s02	2	information	information	NOUN	NN	Number=Sing	0	root	7	18
usc5-552-doj:u0000:s02	3	;	;	PUNCT	,	_	2	punct	18	19
usc5-552-doj:u0000:s02	4	agency	agency	NOUN	NN	Number=Sing	5	compound	20	26
usc5-552-doj:u0000:s02	5	rules	rule	NOUN	NNS	Number=Plur	2	conj	27	32
usc5-552-doj:u0000:s02	6	,	,	PUNCT	,	_	7	punct	32	33
usc5-552-doj:u0000:s02	7	opinions	opinion	NOUN	NNS	Number=Plur	2	conj	34	42
usc5-552-doj:u0000:s02	8	,	,	PUNCT	,	_	9	punct	42	43
usc5-552-doj:u0000:s02	9	orders	order	NOUN	NNS	Number=Plur	2	conj	44	50
usc5-552-doj:u0000:s02	10	,	,	PUNCT	,	_	11	punct	50	51
usc5-552-doj:u0000:s02	11	records	record	NOUN	NNS	Number=Plur	2	conj	52	59
usc5-552-doj:u0000:s02	12	,	,	PUNCT	,	_	14	punct	59	60
usc5-552-doj:u0000:s02	13	and	and	CCONJ	CC	_	14	cc	61	64
usc5-552-doj:u0000:s02	14	proceedings	proceedings	NOUN	NNS	Number=Plur	2	conj	65	76
usc5-552-doj:u0001:s00	1	(	(	PUNCT	-LRB-	_	7	punct	0	1
usc5-552-doj:u0001:s00	2	a	a	X	LS	_	7	nummod	1	2
usc5-552-doj:u0001:s00	3	)	)	PUNCT	-RRB-	_	7	punct	2	3
usc5-552-doj:u0001:s00	4	Each	Each	DET	DT	_	5	det	4	8
usc5-552-doj:u0001:s00	5	agency	agency	NOUN	NN	Number=Sing	7	nsubj	9	15
usc5-552-doj:u0001:s00	6	shall	shall	AUX	MD	VerbForm=Fin	7	aux	16	21
usc5-552-doj:u0001:s00	7	make	make	VERB	VB	VerbForm=Inf	0	root	22	26
usc5-552-doj:u0001:s00	8	available	available	ADJ	JJ	Degree=Pos	7	xcomp	27	36
usc5-552-doj:u0001:s00	9	to	to	ADP	IN	_	12	case	37	39
usc5-552-doj:u0001:s00	10	the	the	DET	DT	Definite=Def|PronType=Art	12	det	40	43
usc5-552-doj:u0001:s00	11	public	public	ADJ	JJ	Degree=Pos	12	amod	44	50
usc5-552-doj:u0001:s00	12	information	information	NOUN	NN	Number=Sing	7	obl	51	62
usc5-552-doj:u0001:s00	13	as	as	SCONJ	IN	_	14	mark	63	65
usc5-552-doj:u0001:s00	14	follows	follow	VERB	VBZ	Mood=Ind|Number=Sing|Person=3|Tense=Pres|VerbForm=Fin	7	advcl	66	73
usc5-552-doj:u0001:s00	15	:	:	PUNCT	:	_	7	punct	73	74
usc5-552-doj:u0002:s00	1	(	(	PUNCT	-LRB-	_	2	punct	0	1
usc5-552-doj:u0002:s00	2	1	1	X	LS	_	0	root	1	2
usc5-552-doj:u0002:s00	3	)	)	PUNCT	-RRB-	_	2	punct	2	3
usc5-552-doj:u0002:s01	1	Each	each	DET	DT	_	2	det	0	4
usc5-552-doj:u0002:s01	2	agency	agency	NOUN	NN	Number=Sing	5	nsubj	5	11
usc5-552-doj:u0002:s01	3	shall	shall	AUX	MD	VerbForm=Fin	5	aux	12	17
usc5-552-doj:u0002:s01	4	separately	separately	ADV	RB	_	5	advmod	18	28
usc5-552-doj:u0002:s01	5	state	state	VERB	VB	VerbForm=Inf	0	root	29	34
usc5-552-doj:u0002:s01	6	and	and	CCONJ	CC	_	8	cc	35	38
usc5-552-doj:u0002:s01	7	currently	currently	ADV	RB	_	8	advmod	39	48
usc5-552-doj:u0002:s01	8	publish	publish	VERB	VB	VerbForm=Inf	5	conj	49	56
usc5-552-doj:u0002:s01	9	in	in	ADP	IN	_	12	case	57	59
usc5-552-doj:u0002:s01	10	the	the	DET	DT	Definite=Def|PronType=Art	12	det	60	63
usc5-552-doj:u0002:s01	11	Federal	Federal	PROPN	NNP	Number=Sing	12	compound	64	71
usc5-552-doj:u0002:s01	12	Register	register	PROPN	NNP	Number=Sing	8	obl	72	80
usc5-552-doj:u0002:s01	13	for	for	ADP	IN	_	15	case	81	84
usc5-552-doj:u0002:s01	14	the	the	DET	DT	Definite=Def|PronType=Art	15	det	85	88
usc5-552-doj:u0002:s01	15	guidance	guidance	NOUN	NN	Number=Sing	8	obl	89	97
usc5-552-doj:u0002:s01	16	of	of	ADP	IN	_	18	case	98	100
usc5-552-doj:u0002:s01	17	the	the	DET	DT	Definite=Def|PronType=Art	18	det	101	104
usc5-552-doj:u0002:s01	18	public	public	NOUN	NN	Number=Sing	15	nmod	105	111
usc5-552-doj:u0002:s01	19	—	-	PUNCT	.	_	5	punct	111	112
usc5-552-doj:u0003:s00	1	(	(	PUNCT	-LRB-	_	2	punct	0	1
usc5-552-doj:u0003:s00	2	A	a	X	LS	_	4	nummod	1	2
usc5-552-doj:u0003:s00	3	)	)	PUNCT	-RRB-	_	2	punct	2	3
usc5-552-doj:u0003:s00	4	descriptions	description	NOUN	NNS	Number=Plur	0	root	4	16
usc5-552-doj:u0003:s00	5	of	of	ADP	IN	_	10	case	17	19
usc5-552-doj:u0003:s00	6	its	its	PRON	PRP$	Gender=Neut|Number=Sing|Person=3|Poss=Yes|PronType=Prs	10	nmod:poss	20	23
usc5-552-doj:u0003:s00	7	central	central	ADJ	JJ	Degree=Pos	10	amod	24	31
usc5-552-doj:u0003:s00	8	and	and	CCONJ	CC	_	9	cc	32	35
usc5-552-doj:u0003:s00	9	field	field	ADJ	JJ	Degree=Pos	7	conj	36	41
usc5-552-doj:u0003:s00	10	organization	organization	NOUN	NN	Number=Sing	4	nmod	42	54
usc5-552-doj:u0003:s00	11	and	and	CCONJ	CC	_	14	cc	55	58
usc5-552-doj:u0003:s00	12	the	the	DET	DT	Definite=Def|PronType=Art	14	det	59	62
usc5-552-doj:u0003:s00	13	established	establish	VERB	VBN	Tense=Past|VerbForm=Part	14	amod	63	74
usc5-552-doj:u0003:s00	14	places	place	NOUN	NNS	Number=Plur	4	conj	75	81
usc5-552-doj:u0003:s00	15	at	at	ADP	IN	_	16	case	82	84
usc5-552-doj:u0003:s00	16	which	which	PRON	WDT	PronType=Rel	44	obl	85	90
usc5-552-doj:u0003:s00	17	,	,	PUNCT	,	_	44	punct	90	91
usc5-552-doj:u0003:s00	18	the	the	DET	DT	Definite=Def|PronType=Art	19	det	92	95
usc5-552-doj:u0003:s00	19	employees	employee	NOUN	NNS	Number=Plur	34	nsubj	96	105
usc5-552-doj:u0003:s00	20	(	(	PUNCT	-LRB-	_	19	punct	106	107
usc5-552-doj:u0003:s00	21	and	and	CCONJ	CC	_	24	cc	107	110
usc5-552-doj:u0003:s00	22	in	in	ADP	IN	_	24	case	111	113
usc5-552-doj:u0003:s00	23	the	the	DET	DT	Definite=Def|PronType=Art	24	det	114	117
usc5-552-doj:u0003:s00	24	case	case	NOUN	NN	Number=Sing	19	conj	118	122
usc5-552-doj:u0003:s00	25	of	of	ADP	IN	_	28	case	123	125
usc5-552-doj:u0003:s00	26	a	a	DET	DT	Definite=Ind|PronType=Art	28	det	126	127
usc5-552-doj:u0003:s00	27	uniformed	uniformed	ADJ	JJ	Degree=Pos	28	amod	128	137
usc5-552-doj:u0003:s00	28	service	service	NOUN	NN	Number=Sing	24	nmod	138	145
usc5-552-doj:u0003:s00	29	,	,	PUNCT	,	_	31	punct	145	146
usc5-552-doj:u0003:s00	30	the	the	DET	DT	Definite=Def|PronType=Art	31	det	147	150
usc5-552-doj:u0003:s00	31	members	member	NOUN	NNS	Number=Plur	19	appos	151	158
usc5-552-doj:u0003:s00	32	)	)	PUNCT	-RRB-	_	31	punct	158	159
usc5-552-doj:u0003:s00	33	from	from	ADP	IN	_	34	case	160	164
usc5-552-doj:u0003:s00	34	whom	whom	PRON	WP	PronType=Int	44	obl	165	169
usc5-552-doj:u0003:s00	35	,	,	PUNCT	,	_	38	punct	169	170
usc5-552-doj:u0003:s00	36	and	and	CCONJ	CC	_	38	cc	171	174
usc5-552-doj:u0003:s00	37	the	the	DET	DT	Definite=Def|PronType=Art	38	det	175	178
usc5-552-doj:u0003:s00	38	methods	methods	NOUN	NNS	Number=Plur	34	conj	179	186
usc5-552-doj:u0003:s00	39	whereby	whereby	ADV	RB	_	38	advmod	187	194
usc5-552-doj:u0003:s00	40	,	,	PUNCT	,	_	44	punct	194	195
usc5-552-doj:u0003:s00	41	the	the	DET	DT	Definite=Def|PronType=Art	42	det	196	199
usc5-552-doj:u0003:s00	42	public	public	ADJ	JJ	Degree=Pos	44	nsubj	200	206
usc5-552-doj:u0003:s00	43	may	may	AUX	MD	VerbForm=Fin	44	aux	207	210
usc5-552-doj:u0003:s00	44	obtain	obtain	VERB	VB	VerbForm=Inf	14	acl:relcl	211	217
usc5-552-doj:u0003:s00	45	information	information	NOUN	NN	Number=Sing	44	obj	218	229
usc5-552-doj:u0003:s00	46	,	,	PUNCT	,	_	47	punct	229	230
usc5-552-doj:u0003:s00	47	make	make	VERB	VB	VerbForm=Inf	44	conj	231	235
usc5-552-doj:u0003:s00	48	submittals	submittal	NOUN	NNS	Number=Plur	47	obj	236	246
usc5-552-doj:u0003:s00	49	or	or	CCONJ	CC	_	50	cc	247	249
usc5-552-doj:u0003:s00	50	requests	request	NOUN	NNS	Number=Plur	48	conj	250	258
usc5-552-doj:u0003:s00	51	,	,	PUNCT	,	_	53	punct	258	259
usc5-552-doj:u0003:s00	52	or	or	CCONJ	CC	_	53	cc	260	262
usc5-552-doj:u0003:s00	53	obtain	obtain	VERB	VB	VerbForm=Inf	44	conj	263	269
usc5-552-doj:u0003:s00	54	decisions	decision	NOUN	NNS	Number=Plur	53	obj	270	279
usc5-552-doj:u0003:s00	55	;	;	PUNCT	,	_	4	punct	279	280
usc5-552-doj:u0004:s00	1	(	(	PUNCT	-LRB-	_	2	punct	0	1
usc5-552-doj:u0004:s00	2	B	b	X	LS	_	4	nummod	1	2
usc5-552-doj:u0004:s00	3	)	)	PUNCT	-RRB-	_	2	punct	2	3
usc5-552-doj:u0004:s00	4	statements	statement	NOUN	NNS	Number=Plur	0	root	4	14
usc5-552-doj:u0004:s00	5	of	of	ADP	IN	_	8	case	15	17
usc5-552-doj:u0004:s00	6	the	the	DET	DT	Definite=Def|PronType=Art	8	det	18	21
usc5-552-doj:u0004:s00	7	general	general	ADJ	JJ	Degree=Pos	8	amod	22	29
usc5-552-doj:u0004:s00	8	course	course	NOUN	NN	Number=Sing	4	nmod	30	36
usc5-552-doj:u0004:s00	9	and	and	CCONJ	CC	_	10	cc	37	40
usc5-552-doj:u0004:s00	10	method	method	VERB	VBN	Tense=Past|VerbForm=Part	8	conj	41	47
usc5-552-doj:u0004:s00	11	by	by	ADP	IN	_	12	case	48	50
usc5-552-doj:u0004:s00	12	which	which	PRON	WDT	PronType=Rel	16	obl	51	56
usc5-552-doj:u0004:s00	13	its	its	PRON	PRP$	Gender=Neut|Number=Sing|Person=3|Poss=Yes|PronType=Prs	14	nmod:poss	57	60
usc5-552-doj:u0004:s00	14	functions	function	NOUN	NNS	Number=Plur	16	nsubj:pass	61	70
usc5-552-doj:u0004:s00	15	are	be	AUX	VBP	Mood=Ind|Tense=Pres|VerbForm=Fin	16	aux:pass	71	74
usc5-552-doj:u0004:s00	16	channeled	channel	VERB	VBN	Tense=Past|VerbForm=Part|Voice=Pass	10	acl:relcl	75	84
usc5-552-doj:u0004:s00	17	and	and	CCONJ	CC	_	18	cc	85	88
usc5-552-doj:u0004:s00	18	determined	determine	VERB	VBN	Tense=Past|VerbForm=Part	16	conj	89	99
usc5-552-doj:u0004:s00	19	,	,	PUNCT	,	_	4	punct	99	100
usc5-552-doj:u0004:s00	20	including	include	VERB	VBG	VerbForm=Ger	22	case	101	110
usc5-552-doj:u0004:s00	21	the	the	DET	DT	Definite=Def|PronType=Art	22	det	111	114
usc5-552-doj:u0004:s00	22	nature	nature	NOUN	NN	Number=Sing	4	nmod	115	121
usc5-552-doj:u0004:s00	23	and	and	CCONJ	CC	_	24	cc	122	125
usc5-552-doj:u0004:s00	24	requirements	requirement	NOUN	NNS	Number=Plur	22	conj	126	138
usc5-552-doj:u0004:s00	25	of	of	ADP	IN	_	30	case	139	141
usc5-552-doj:u0004:s00	26	all	all	DET	DT	_	30	det	142	145
usc5-552-doj:u0004:s00	27	formal	formal	ADJ	JJ	Degree=Pos	30	amod	146	152
usc5-552-doj:u0004:s00	28	and	and	CCONJ	CC	_	29	cc	153	156
usc5-552-doj:u0004:s00	29	informal	informal	ADJ	JJ	Degree=Pos	27	conj	157	165
usc5-552-doj:u0004:s00	30	procedures	procedure	NOUN	NNS	Number=Plur	24	nmod	166	176
usc5-552-doj:u0004:s00	31	available	available	ADJ	JJ	Degree=Pos	30	amod	177	186
usc5-552-doj:u0004:s00	32	;	;	PUNCT	,	_	4	punct	186	187
usc5-552-doj:u0005:s00	1	(	(	PUNCT	-LRB-	_	2	punct	0	1
usc5-552-doj:u0005:s00	2	C	c	X	LS	_	4	nummod	1	2
usc5-552-doj:u0005:s00	3	)	)	PUNCT	-RRB-	_	2	punct	2	3
usc5-552-doj:u0005:s00	4	rules	rule	NOUN	NNS	Number=Plur	20	nsubj:pass	4	9
usc5-552-doj:u0005:s00	5	of	of	ADP	IN	_	6	case	10	12
usc5-552-doj:u0005:s00	6	procedure	procedure	NOUN	NN	Number=Sing	4	nmod	13	22
usc5-552-doj:u0005:s00	7	,	,	PUNCT	,	_	8	punct	22	23
usc5-552-doj:u0005:s00	8	descriptions	description	NOUN	NNS	Number=Plur	4	conj	24	36
usc5-552-doj:u0005:s00	9	of	of	ADP	IN	_	10	case	37	39
usc5-552-doj:u0005:s00	10	forms	form	NOUN	NNS	Number=Plur	8	nmod	40	45
usc5-552-doj:u0005:s00	11	available	available	ADJ	JJ	Degree=Pos	8	amod	46	55
usc5-552-doj:u0005:s00	12	or	or	CCONJ	CC	_	14	cc	56	58
usc5-552-doj:u0005:s00	13	the	the	DET	DT	Definite=Def|PronType=Art	14	det	59	62
usc5-552-doj:u0005:s00	14	places	place	NOUN	NNS	Number=Plur	4	conj	63	69
usc5-552-doj:u0005:s00	15	at	at	ADP	IN	_	17	case	70	72
usc5-552-doj:u0005:s00	16	which	which	DET	WDT	PronType=Int	17	det	73	78
usc5-552-doj:u0005:s00	17	forms	form	NOUN	NNS	Number=Plur	14	nmod	79	84
usc5-552-doj:u0005:s00	18	may	may	AUX	MD	VerbForm=Fin	20	aux	85	88
usc5-552-doj:u0005:s00	19	be	be	AUX	VB	VerbForm=Inf	20	aux:pass	89	91
usc5-552-doj:u0005:s00	20	obtained	obtain	VERB	VBN	Tense=Past|VerbForm=Part|Voice=Pass	0	root	92	100
usc5-552-doj:u0005:s00	21	,	,	PUNCT	,	_	23	punct	100	101
usc5-552-doj:u0005:s00	22	and	and	CCONJ	CC	_	23	cc	102	105
usc5-552-doj:u0005:s00	23	instructions	instruction	NOUN	NNS	Number=Plur	20	conj	106	118
usc5-552-doj:u0005:s00	24	as	as	ADP	IN	_	27	case	119	121
usc5-552-doj:u0005:s00	25	to	to	ADP	IN	_	24	fixed	122	124
usc5-552-doj:u0005:s00	26	the	the	DET	DT	Definite=Def|PronType=Art	27	det	125	128
usc5-552-doj:u0005:s00	27	scope	scope	NOUN	NN	Number=Sing	20	obl	129	134
usc5-552-doj:u0005:s00	28	and	and	CCONJ	CC	_	29	cc	135	138
usc5-552-doj:u0005:s00	29	contents	contents	NOUN	NNS	Number=Plur	27	conj	139	147
usc5-552-doj:u0005:s00	30	of	of	ADP	IN	_	32	case	148	150
usc5-552-doj:u0005:s00	31	all	all	DET	DT	_	32	det	151	154
usc5-552-doj:u0005:s00	32	papers	papers	NOUN	NNS	Number=Plur	27	nmod	155	161
usc5-552-doj:u0005:s00	33	,	,	PUNCT	,	_	34	punct	161	162
usc5-552-doj:u0005:s00	34	reports	report	NOUN	NNS	Number=Plur	32	conj	163	170
usc5-552-doj:u0005:s00	35	,	,	PUNCT	,	_	37	punct	170	171
usc5-552-doj:u0005:s00	36	or	or	CCONJ	CC	_	37	cc	172	174
usc5-552-doj:u0005:s00	37	examinations	examination	NOUN	NNS	Number=Plur	32	conj	175	187
usc5-552-doj:u0005:s00	38	;	;	PUNCT	,	_	20	punct	187	188
usc5-552-doj:u0006:s00	1	(	(	PUNCT	-LRB-	_	2	punct	0	1
usc5-552-doj:u0006:s00	2	D	d	PROPN	NNP	Number=Sing	0	root	1	2
usc5-552-doj:u0006:s00	3	)	)	PUNCT	-RRB-	_	2	punct	2	3
usc5-552-doj:u0006:s00	4	substantive	substantive	ADJ	JJ	Degree=Pos	5	amod	4	15
usc5-552-doj:u0006:s00	5	rules	rule	NOUN	NNS	Number=Plur	2	conj	16	21
usc5-552-doj:u0006:s00	6	of	of	ADP	IN	_	8	case	22	24
usc5-552-doj:u0006:s00	7	general	general	ADJ	JJ	Degree=Pos	8	amod	25	32
usc5-552-doj:u0006:s00	8	applicability	applicability	NOUN	NN	Number=Sing	5	nmod	33	46
usc5-552-doj:u0006:s00	9	adopted	adopt	VERB	VBN	Tense=Past|VerbForm=Part	8	acl	47	54
usc5-552-doj:u0006:s00	10	as	as	SCONJ	IN	_	11	mark	55	57
usc5-552-doj:u0006:s00	11	authorized	authorize	VERB	VBN	Tense=Past|VerbForm=Part	9	advcl	58	68
usc5-552-doj:u0006:s00	12	by	by	ADP	IN	_	13	case	69	71
usc5-552-doj:u0006:s00	13	law	law	NOUN	NN	Number=Sing	11	obl	72	75
usc5-552-doj:u0006:s00	14	,	,	PUNCT	,	_	16	punct	75	76
usc5-552-doj:u0006:s00	15	and	and	CCONJ	CC	_	16	cc	77	80
usc5-552-doj:u0006:s00	16	statements	statement	NOUN	NNS	Number=Plur	2	conj	81	91
usc5-552-doj:u0006:s00	17	of	of	ADP	IN	_	19	case	92	94
usc5-552-doj:u0006:s00	18	general	general	ADJ	JJ	Degree=Pos	19	amod	95	102
usc5-552-doj:u0006:s00	19	policy	policy	NOUN	NN	Number=Sing	16	nmod	103	109
usc5-552-doj:u0006:s00	20	or	or	CCONJ	CC	_	21	cc	110	112
usc5-552-doj:u0006:s00	21	interpretations	interpretation	NOUN	NNS	Number=Plur	19	conj	113	128
usc5-552-doj:u0006:s00	22	of	of	ADP	IN	_	24	case	129	131
usc5-552-doj:u0006:s00	23	general	general	ADJ	JJ	Degree=Pos	24	amod	132	139
usc5-552-doj:u0006:s00	24	applicability	applicability	NOUN	NN	Number=Sing	21	nmod	140	153
usc5-552-doj:u0006:s00	25	formulated	formulate	VERB	VBN	Tense=Past|VerbForm=Part	19	acl	154	164
usc5-552-doj:u0006:s00	26	and	and	CCONJ	CC	_	27	cc	165	168
usc5-552-doj:u0006:s00	27	adopted	adopt	VERB	VBN	Tense=Past|VerbForm=Part	25	conj	169	176
usc5-552-doj:u0006:s00	28	by	by	ADP	IN	_	30	case	177	179
usc5-552-doj:u0006:s00	29	the	the	DET	DT	Definite=Def|PronType=Art	30	det	180	183
usc5-552-doj:u0006:s00	30	agency	agency	NOUN	NN	Number=Sing	27	obl	184	190
usc5-552-doj:u0006:s00	31	;	;	PUNCT	,	_	2	punct	190	191
usc5-552-doj:u0006:s00	32	and	and	CCONJ	CC	_	2	cc	192	195
usc5-552-doj:u0007:s00	1	(	(	PUNCT	-LRB-	_	2	punct	0	1
usc5-552-doj:u0007:s00	2	E	e	PROPN	NNP	Number=Sing	0	root	1	2
usc5-552-doj:u0007:s00	3	)	)	PUNCT	-RRB-	_	2	punct	2	3
usc5-552-doj:u0007:s00	4	each	each	DET	DT	_	5	det	4	8
usc5-552-doj:u0007:s00	5	amendment	amendment	NOUN	NN	Number=Sing	2	parataxis	9	18
usc5-552-doj:u0007:s00	6	,	,	PUNCT	,	_	7	punct	18	19
usc5-552-doj:u0007:s00	7	revision	revision	NOUN	NN	Number=Sing	5	conj	20	28
usc5-552-doj:u0007:s00	8	,	,	PUNCT	,	_	10	punct	28	29
usc5-552-doj:u0007:s00	9	or	or	CCONJ	CC	_	10	cc	30	32
usc5-552-doj:u0007:s00	10	repeal	repeal	NOUN	NN	Number=Sing	5	conj	33	39
usc5-552-doj:u0007:s00	11	of	of	ADP	IN	_	13	case	40	42
usc5-552-doj:u0007:s00	12	the	the	DET	DT	Definite=Def|PronType=Art	13	det	43	46
usc5-552-doj:u0007:s00	13	foregoing	foregoing	NOUN	NN	Number=Sing	10	nmod	47	56
usc5-552-doj:u0007:s00	14	.	.	PUNCT	.	_	2	punct	56	57
usc5-552-doj:u0008:s00	1	Except	except	ADP	IN	_	4	case	0	6
usc5-552-doj:u0008:s00	2	to	to	ADP	IN	_	1	fixed	7	9
usc5-552-doj:u0008:s00	3	the	the	DET	DT	Definite=Def|PronType=Art	4	det	10	13
usc5-552-doj:u0008:s00	4	extent	extent	NOUN	NN	Number=Sing	0	root	14	20
usc5-552-doj:u0008:s00	5	that	that	PRON	WDT	PronType=Rel	8	obj	21	25
usc5-552-doj:u0008:s00	6	a	a	DET	DT	Definite=Ind|PronType=Art	7	det	26	27
usc5-552-doj:u0008:s00	7	person	person	NOUN	NN	Number=Sing	8	nsubj	28	34
usc5-552-doj:u0008:s00	8	has	have	VERB	VBZ	Mood=Ind|Number=Sing|Person=3|Tense=Pres|VerbForm=Fin	4	acl:relcl	35	38
usc5-552-doj:u0008:s00	9	actual	actual	ADJ	JJ	Degree=Pos	12	amod	39	45
usc5-552-doj:u0008:s00	10	and	and	CCONJ	CC	_	11	cc	46	49
usc5-552-doj:u0008:s00	11	timely	timely	ADJ	JJ	Degree=Pos	9	conj	50	56
usc5-552-doj:u0008:s00	12	notice	notice	NOUN	NN	Number=Sing	8	obj	57	63
usc5-552-doj:u0008:s00	13	of	of	ADP	IN	_	15	case	64	66
usc5-552-doj:u0008:s00	14	the	the	DET	DT	Definite=Def|PronType=Art	15	det	67	70
usc5-552-doj:u0008:s00	15	terms	term	NOUN	NNS	Number=Plur	12	nmod	71	76
usc5-552-doj:u0008:s00	16	thereof	thereof	ADV	RB	_	15	advmod	77	84
usc5-552-doj:u0008:s00	17	,	,	PUNCT	,	_	12	punct	84	85
usc5-552-doj:u0008:s00	18	a	a	DET	DT	Definite=Ind|PronType=Art	19	det	86	87
usc5-552-doj:u0008:s00	19	person	person	NOUN	NN	Number=Sing	26	nsubj:pass	88	94
usc5-552-doj:u0008:s00	20	may	may	AUX	MD	VerbForm=Fin	26	aux	95	98
usc5-552-doj:u0008:s00	21	not	not	PART	RB	_	26	advmod	99	102
usc5-552-doj:u0008:s00	22	in	in	ADP	IN	_	24	case	103	105
usc5-552-doj:u0008:s00	23	any	any	DET	DT	_	24	det	106	109
usc5-552-doj:u0008:s00	24	manner	manner	NOUN	NN	Number=Sing	21	obl	110	116
usc5-552-doj:u0008:s00	25	be	be	AUX	VB	VerbForm=Inf	26	aux:pass	117	119
usc5-552-doj:u0008:s00	26	required	require	VERB	VBN	Tense=Past|VerbForm=Part|Voice=Pass	12	parataxis	120	128
usc5-552-doj:u0008:s00	27	to	to	PART	TO	_	28	mark	129	131
usc5-552-doj:u0008:s00	28	resort	resort	VERB	VB	VerbForm=Inf	26	xcomp	132	138
usc5-552-doj:u0008:s00	29	to	to	ADP	IN	_	28	obl	139	141
usc5-552-doj:u0008:s00	30	,	,	PUNCT	,	_	34	punct	141	142
usc5-552-doj:u0008:s00	31	or	or	CCONJ	CC	_	34	cc	143	145
usc5-552-doj:u0008:s00	32	be	be	AUX	VB	VerbForm=Inf	34	aux:pass	146	148
usc5-552-doj:u0008:s00	33	adversely	adversely	ADV	RB	_	34	advmod	149	158
usc5-552-doj:u0008:s00	34	affected	affect	VERB	VBN	Tense=Past|VerbForm=Part|Voice=Pass	26	conj	159	167
usc5-552-doj:u0008:s00	35	by	by	ADP	IN	_	38	case	168	170
usc5-552-doj:u0008:s00	36	,	,	PUNCT	,	_	38	punct	170	171
usc5-552-doj:u0008:s00	37	a	a	DET	DT	Definite=Ind|PronType=Art	38	det	172	173
usc5-552-doj:u0008:s00	38	matter	matter	NOUN	NN	Number=Sing	34	obl	174	180
usc5-552-doj:u0008:s00	39	required	require	VERB	VBN	Tense=Past|VerbForm=Part	38	acl	181	189
usc5-552-doj:u0008:s00	40	to	to	PART	TO	_	42	mark	190	192
usc5-552-doj:u0008:s00	41	be	be	AUX	VB	VerbForm=Inf	42	aux:pass	193	195
usc5-552-doj:u0008:s00	42	published	publish	VERB	VBN	Tense=Past|VerbForm=Part|Voice=Pass	39	xcomp	196	205
usc5-552-doj:u0008:s00	43	in	in	ADP	IN	_	46	case	206	208
usc5-552-doj:u0008:s00	44	the	the	DET	DT	Definite=Def|PronType=Art	46	det	209	212
usc5-552-doj:u0008:s00	45	Federal	Federal	PROPN	NNP	Number=Sing	46	compound	213	220
usc5-552-doj:u0008:s00	46	Register	register	PROPN	NNP	Number=Sing	42	obl	221	229
usc5-552-doj:u0008:s00	47	and	and	CCONJ	CC	_	50	cc	230	233
usc5-552-doj:u0008:s00	48	not	not	PART	RB	_	50	advmod	234	237
usc5-552-doj:u0008:s00	49	so	so	ADV	RB	_	50	advmod	238	240
usc5-552-doj:u0008:s00	50	published	publish	VERB	VBN	Tense=Past|VerbForm=Part|Voice=Pass	26	conj	241	250
usc5-552-doj:u0008:s00	51	.	.	PUNCT	.	_	4	punct	250	251
usc5-552-doj:u0008:s01	1	For	for	ADP	IN	_	3	case	0	3
usc5-552-doj:u0008:s01	2	the	the	DET	DT	Definite=Def|PronType=Art	3	det	4	7
usc5-552-doj:u0008:s01	3	purpose	purpose	NOUN	NN	Number=Sing	10	obl	8	15
usc5-552-doj:u0008:s01	4	of	of	ADP	IN	_	6	case	16	18
usc5-552-doj:u0008:s01	5	this	this	DET	DT	Number=Sing|PronType=Dem	6	det	19	23
usc5-552-doj:u0008:s01	6	paragraph	paragraph	NOUN	NN	Number=Sing	3	nmod	24	33
usc5-552-doj:u0008:s01	7	,	,	PUNCT	,	_	10	punct	33	34
usc5-552-doj:u0008:s01	8	matter	matter	ADV	RB	_	10	advmod	35	41
usc5-552-doj:u0008:s01	9	reasonably	reasonably	ADV	RB	_	10	advmod	42	52
usc5-552-doj:u0008:s01	10	available	available	ADJ	JJ	Degree=Pos	20	nsubj:pass	53	62
usc5-552-doj:u0008:s01	11	to	to	ADP	IN	_	13	case	63	65
usc5-552-doj:u0008:s01	12	the	the	DET	DT	Definite=Def|PronType=Art	13	det	66	69
usc5-552-doj:u0008:s01	13	class	class	NOUN	NN	Number=Sing	10	obl	70	75
usc5-552-doj:u0008:s01	14	of	of	ADP	IN	_	15	case	76	78
usc5-552-doj:u0008:s01	15	persons	person	NOUN	NNS	Number=Plur	13	nmod	79	86
usc5-552-doj:u0008:s01	16	affected	affect	VERB	VBN	Tense=Past|VerbForm=Part	15	acl	87	95
usc5-552-doj:u0008:s01	17	thereby	thereby	ADV	RB	_	16	advmod	96	103
usc5-552-doj:u0008:s01	18	is	be	AUX	VBZ	Mood=Ind|Number=Sing|Person=3|Tense=Pres|VerbForm=Fin	20	aux:pass	104	106
usc5-552-doj:u0008:s01	19	deemed	deem	VERB	VBN	Tense=Past|VerbForm=Part|Voice=Pass	20	aux:pass	107	113
usc5-552-doj:u0008:s01	20	published	publish	VERB	VBN	Tense=Past|VerbForm=Part|Voice=Pass	0	root	114	123
usc5-552-doj:u0008:s01	21	in	in	ADP	IN	_	24	case	124	126
usc5-552-doj:u0008:s01	22	the	the	DET	DT	Definite=Def|PronType=Art	24	det	127	130
usc5-552-doj:u0008:s01	23	Federal	Federal	PROPN	NNP	Number=Sing	24	compound	131	138
usc5-552-doj:u0008:s01	24	Register	register	PROPN	NNP	Number=Sing	20	obl	139	147
usc5-552-doj:u0008:s01	25	when	when	ADV	WRB	PronType=Int	26	mark	148	152
usc5-552-doj:u0008:s01	26	incorporated	incorporate	VERB	VBN	Tense=Past|VerbForm=Part	20	advcl	153	165
usc5-552-doj:u0008:s01	27	by	by	ADP	IN	_	28	case	166	168
usc5-552-doj:u0008:s01	28	reference	reference	NOUN	NN	Number=Sing	26	obl	169	178
usc5-552-doj:u0008:s01	29	therein	therein	ADV	WRB	PronType=Rel	32	advmod	179	186
usc5-552-doj:u0008:s01	30	with	with	ADP	IN	_	32	case	187	191
usc5-552-doj:u0008:s01	31	the	the	DET	DT	Definite=Def|PronType=Art	32	det	192	195
usc5-552-doj:u0008:s01	32	approval	approval	NOUN	NN	Number=Sing	28	nmod	196	204
usc5-552-doj:u0008:s01	33	of	of	ADP	IN	_	35	case	205	207
usc5-552-doj:u0008:s01	34	the	the	DET	DT	Definite=Def|PronType=Art	35	det	208	211
usc5-552-doj:u0008:s01	35	Director	Director	NOUN	NN	Number=Sing	32	nmod	212	220
usc5-552-doj:u0008:s01	36	of	of	ADP	IN	_	39	case	221	223
usc5-552-doj:u0008:s01	37	the	the	DET	DT	Definite=Def|PronType=Art	39	det	224	227
usc5-552-doj:u0008:s01	38	Federal	Federal	PROPN	NNP	Number=Sing	39	compound	228	235
usc5-552-doj:u0008:s01	39	Register	register	PROPN	NNP	Number=Sing	35	nmod	236	244
usc5-552-doj:u0008:s01	40	.	.	PUNCT	.	_	20	punct	244	245
usc5-552-doj:u0009:s00	1	(	(	PUNCT	-LRB-	_	2	punct	0	1
usc5-552-doj:u0009:s00	2	2	2	X	LS	_	14	nummod	1	2
usc5-552-doj:u0009:s00	3	)	)	PUNCT	-RRB-	_	2	punct	2	3
usc5-552-doj:u0009:s00	4	Each	Each	DET	DT	_	5	det	4	8
usc5-552-doj:u0009:s00	5	agency	agency	NOUN	NN	Number=Sing	14	nsubj	9	15
usc5-552-doj:u0009:s00	6	,	,	PUNCT	,	_	5	punct	15	16
usc5-552-doj:u0009:s00	7	in	in	ADP	IN	_	8	case	17	19
usc5-552-doj:u0009:s00	8	accordance	accordance	NOUN	NN	Number=Sing	5	nmod	20	30
usc5-552-doj:u0009:s00	9	with	with	ADP	IN	_	11	case	31	35
usc5-552-doj:u0009:s00	10	published	published	VERB	VBN	Tense=Past|VerbForm=Part	11	amod	36	45
usc5-552-doj:u0009:s00	11	rules	rule	NOUN	NNS	Number=Plur	8	nmod	46	51
usc5-552-doj:u0009:s00	12	,	,	PUNCT	,	_	14	punct	51	52
usc5-552-doj:u0009:s00	13	shall	shall	AUX	MD	VerbForm=Fin	14	aux	53	58
usc5-552-doj:u0009:s00	14	make	make	VERB	VB	VerbForm=Inf	0	root	59	63
usc5-552-doj:u0009:s00	15	available	available	ADJ	JJ	Degree=Pos	14	xcomp	64	73
usc5-552-doj:u0009:s00	16	for	for	ADP	IN	_	18	case	74	77
usc5-552-doj:u0009:s00	17	public	public	ADJ	JJ	Degree=Pos	18	amod	78	84
usc5-552-doj:u0009:s00	18	inspection	inspection	NOUN	NN	Number=Sing	14	obl	85	95
usc5-552-doj:u0009:s00	19	in	in	ADP	IN	_	22	case	96	98
usc5-552-doj:u0009:s00	20	an	a	DET	DT	Definite=Ind|PronType=Art	22	det	99	101
usc5-552-doj:u0009:s00	21	electronic	electronic	ADJ	JJ	Degree=Pos	22	amod	102	112
usc5-552-doj:u0009:s00	22	format	format	NOUN	NN	Number=Sing	18	nmod	113	119
usc5-552-doj:u0010:s00	1	(	(	PUNCT	-LRB-	_	2	punct	0	1
usc5-552-doj:u0010:s00	2	A	a	X	LS	_	5	nummod	1	2
usc5-552-doj:u0010:s00	3	)	)	PUNCT	-RRB-	_	2	punct	2	3
usc5-552-doj:u0010:s00	4	final	final	ADJ	JJ	Degree=Pos	5	amod	4	9
usc5-552-doj:u0010:s00	5	opinions	opinion	NOUN	NNS	Number=Plur	0	root	10	18
usc5-552-doj:u0010:s00	6	,	,	PUNCT	,	_	5	punct	18	19
usc5-552-doj:u0010:s00	7	including	include	VERB	VBG	VerbForm=Ger	8	case	20	29
usc5-552-doj:u0010:s00	8	concurring	concurring	VERB	VBG	VerbForm=Ger	5	acl	30	40
usc5-552-doj:u0010:s00	9	and	and	CCONJ	CC	_	10	cc	41	44
usc5-552-doj:u0010:s00	10	dissenting	dissent	VERB	VBG	VerbForm=Ger	8	conj	45	55
usc5-552-doj:u0010:s00	11	opinions	opinion	NOUN	NNS	Number=Plur	8	conj	56	64
usc5-552-doj:u0010:s00	12	,	,	PUNCT	,	_	16	punct	64	65
usc5-552-doj:u0010:s00	13	as	as	ADV	RB	_	16	cc	66	68
usc5-552-doj:u0010:s00	14	well	well	ADV	RB	Degree=Pos	13	fixed	69	73
usc5-552-doj:u0010:s00	15	as	as	ADP	IN	_	13	fixed	74	76
usc5-552-doj:u0010:s00	16	orders	order	NOUN	NNS	Number=Plur	11	conj	77	83
usc5-552-doj:u0010:s00	17	,	,	PUNCT	,	_	11	punct	83	84
usc5-552-doj:u0010:s00	18	made	make	VERB	VBN	Tense=Past|VerbForm=Part	11	acl	85	89
usc5-552-doj:u0010:s00	19	in	in	ADP	IN	_	21	case	90	92
usc5-552-doj:u0010:s00	20	the	the	DET	DT	Definite=Def|PronType=Art	21	det	93	96
usc5-552-doj:u0010:s00	21	adjudication	adjudication	NOUN	NN	Number=Sing	18	obl	97	109
usc5-552-doj:u0010:s00	22	of	of	ADP	IN	_	23	case	110	112
usc5-552-doj:u0010:s00	23	cases	case	NOUN	NNS	Number=Plur	21	nmod	113	118
usc5-552-doj:u0010:s00	24	;	;	PUNCT	,	_	5	punct	118	119
usc5-552-doj:u0011:s00	1	(	(	PUNCT	-LRB-	_	2	punct	0	1
usc5-552-doj:u0011:s00	2	B	b	X	LS	_	5	nummod	1	2
usc5-552-doj:u0011:s00	3	)	)	PUNCT	-RRB-	_	2	punct	2	3
usc5-552-doj:u0011:s00	4	those	those	DET	DT	Number=Plur|PronType=Dem	5	det	4	9
usc5-552-doj:u0011:s00	5	statements	statement	NOUN	NNS	Number=Plur	0	root	10	20
usc5-552-doj:u0011:s00	6	of	of	ADP	IN	_	7	case	21	23
usc5-552-doj:u0011:s00	7	policy	policy	NOUN	NN	Number=Sing	5	nmod	24	30
usc5-552-doj:u0011:s00	8	and	and	CCONJ	CC	_	9	cc	31	34
usc5-552-doj:u0011:s00	9	interpretations	interpretation	NOUN	NNS	Number=Plur	7	conj	35	50
usc5-552-doj:u0011:s00	10	which	which	PRON	WDT	PronType=Rel	13	nsubj:pass	51	56
usc5-552-doj:u0011:s00	11	have	have	AUX	VBP	Mood=Ind|Tense=Pres|VerbForm=Fin	13	aux	57	61
usc5-552-doj:u0011:s00	12	been	be	AUX	VBN	Tense=Past|VerbForm=Part	13	aux:pass	62	66
usc5-552-doj:u0011:s00	13	adopted	adopt	VERB	VBN	Tense=Past|VerbForm=Part|Voice=Pass	7	acl:relcl	67	74
usc5-552-doj:u0011:s00	14	by	by	ADP	IN	_	16	case	75	77
usc5-552-doj:u0011:s00	15	the	the	DET	DT	Definite=Def|PronType=Art	16	det	78	81
usc5-552-doj:u0011:s00	16	agency	agency	NOUN	NN	Number=Sing	13	obl	82	88
usc5-552-doj:u0011:s00	17	and	and	CCONJ	CC	_	20	cc	89	92
usc5-552-doj:u0011:s00	18	are	be	AUX	VBP	Mood=Ind|Tense=Pres|VerbForm=Fin	20	aux:pass	93	96
usc5-552-doj:u0011:s00	19	not	not	PART	RB	_	20	advmod	97	100
usc5-552-doj:u0011:s00	20	published	publish	VERB	VBN	Tense=Past|VerbForm=Part|Voice=Pass	13	conj	101	110
usc5-552-doj:u0011:s00	21	in	in	ADP	IN	_	24	case	111	113
usc5-552-doj:u0011:s00	22	the	the	DET	DT	Definite=Def|PronType=Art	24	det	114	117
usc5-552-doj:u0011:s00	23	Federal	Federal	PROPN	NNP	Number=Sing	24	compound	118	125
usc5-552-doj:u0011:s00	24	Register	Register	PROPN	NNP	Number=Sing	20	obl	126	134
usc5-552-doj:u0011:s00	25	;	;	PUNCT	,	_	5	punct	134	135
usc5-552-doj:u0012:s00	1	(	(	PUNCT	-LRB-	_	2	punct	0	1
usc5-552-doj:u0012:s00	2	C	c	X	LS	_	6	nummod	1	2
usc5-552-doj:u0012:s00	3	)	)	PUNCT	-RRB-	_	2	punct	2	3
usc5-552-doj:u0012:s00	4	administrative	administrative	ADJ	JJ	Degree=Pos	6	amod	4	18
usc5-552-doj:u0012:s00	5	staff	staff	NOUN	NN	Number=Sing	6	compound	19	24
usc5-552-doj:u0012:s00	6	manuals	manual	NOUN	NNS	Number=Plur	0	root	25	32
usc5-552-doj:u0012:s00	7	and	and	CCONJ	CC	_	8	cc	33	36
usc5-552-doj:u0012:s00	8	instructions	instruction	NOUN	NNS	Number=Plur	6	conj	37	49
usc5-552-doj:u0012:s00	9	to	to	ADP	IN	_	10	case	50	52
usc5-552-doj:u0012:s00	10	staff	staff	NOUN	NNS	Number=Plur	6	nmod	53	58
usc5-552-doj:u0012:s00	11	that	that	PRON	WDT	PronType=Rel	12	nsubj	59	63
usc5-552-doj:u0012:s00	12	affect	affect	VERB	VBP	Mood=Ind|Tense=Pres|VerbForm=Fin	6	acl:relcl	64	70
usc5-552-doj:u0012:s00	13	a	a	DET	DT	Definite=Ind|PronType=Art	14	det	71	72
usc5-552-doj:u0012:s00	14	member	member	NOUN	NN	Number=Sing	12	obj	73	79
usc5-552-doj:u0012:s00	15	of	of	ADP	IN	_	17	case	80	82
usc5-552-doj:u0012:s00	16	the	the	DET	DT	Definite=Def|PronType=Art	17	det	83	86
usc5-552-doj:u0012:s00	17	public	public	NOUN	NN	Number=Sing	14	nmod	87	93
usc5-552-doj:u0012:s00	18	;	;	PUNCT	.	_	6	punct	93	94
usc5-552-doj:u0013:s00	1	(	(	PUNCT	-LRB-	_	2	punct	0	1
usc5-552-doj:u0013:s00	2	D	d	NOUN	NN	Number=Sing	0	root	1	2
usc5-552-doj:u0013:s00	3	)	)	PUNCT	-RRB-	_	2	punct	2	3
usc5-552-doj:u0013:s00	4	copies	copy	NOUN	NNS	Number=Plur	2	appos	4	10
usc5-552-doj:u0013:s00	5	of	of	ADP	IN	_	7	case	11	13
usc5-552-doj:u0013:s00	6	all	all	DET	DT	_	7	det	14	17
usc5-552-doj:u0013:s00	7	records	record	NOUN	NNS	Number=Plur	4	nmod	18	25
usc5-552-doj:u0013:s00	8	,	,	PUNCT	,	_	4	punct	25	26
usc5-552-doj:u0013:s00	9	regardless	regardless	ADV	RB	_	4	advmod	27	37
usc5-552-doj:u0013:s00	10	of	of	ADP	IN	_	11	case	38	40
usc5-552-doj:u0013:s00	11	form	form	NOUN	NN	Number=Sing	9	obl	41	45
usc5-552-doj:u0013:s00	12	or	or	CCONJ	CC	_	13	cc	46	48
usc5-552-doj:u0013:s00	13	format	format	NOUN	NN	Number=Sing	11	conj	49	55
usc5-552-doj:u0013:s00	14	–	-	PUNCT	NFP	_	2	punct	56	57
usc5-552-doj:u0014:s00	1	(	(	PUNCT	-LRB-	_	2	punct	0	1
usc5-552-doj:u0014:s00	2	i	I	X	LS	_	7	nummod	1	2
usc5-552-doj:u0014:s00	3	)	)	PUNCT	-RRB-	_	2	punct	2	3
usc5-552-doj:u0014:s00	4	that	that	PRON	WDT	PronType=Rel	7	nsubj:pass	4	8
usc5-552-doj:u0014:s00	5	have	have	AUX	VBP	Mood=Ind|Tense=Pres|VerbForm=Fin	7	aux	9	13
usc5-552-doj:u0014:s00	6	been	be	AUX	VBN	Tense=Past|VerbForm=Part	7	aux:pass	14	18
usc5-552-doj:u0014:s00	7	released	release	VERB	VBN	Tense=Past|VerbForm=Part|Voice=Pass	0	root	19	27
usc5-552-doj:u0014:s00	8	to	to	ADP	IN	_	10	case	28	30
usc5-552-doj:u0014:s00	9	any	any	DET	DT	_	10	det	31	34
usc5-552-doj:u0014:s00	10	person	person	NOUN	NN	Number=Sing	7	obl	35	41
usc5-552-doj:u0014:s00	11	under	under	ADP	IN	_	12	case	42	47
usc5-552-doj:u0014:s00	12	paragraph	paragraph	NOUN	NN	Number=Sing	10	nmod	48	57
usc5-552-doj:u0014:s00	13	(	(	PUNCT	-LRB-	_	14	punct	58	59
usc5-552-doj:u0014:s00	14	3	3	NUM	CD	NumType=Card	10	appos	59	60
usc5-552-doj:u0014:s00	15	)	)	PUNCT	-RRB-	_	14	punct	60	61
usc5-552-doj:u0014:s00	16	;	;	PUNCT	,	_	7	punct	61	62
usc5-552-doj:u0014:s00	17	and	and	CCONJ	CC	_	7	cc	63	66
usc5-552-doj:u0015:s00	1	(	(	PUNCT	-LRB-	_	2	punct	0	1
usc5-552-doj:u0015:s00	2	ii	ii	X	LS	_	5	nummod	1	3
usc5-552-doj:u0015:s00	3	)	)	PUNCT	-RRB-	_	2	punct	3	4
usc5-552-doj:u0015:s00	4	(	(	PUNCT	-LRB-	_	2	punct	4	5
usc5-552-doj:u0015:s00	5	I	I	PRON	PRP	Case=Nom|Number=Sing|Person=1|PronType=Prs	11	nsubj	5	6
usc5-552-doj:u0015:s00	6	)	)	PUNCT	-RRB-	_	5	punct	6	7
usc5-552-doj:u0015:s00	7	that	that	ADV	RB	_	11	advmod	8	12
usc5-552-doj:u0015:s00	8	because	because	ADP	IN	_	11	case	13	20
usc5-552-doj:u0015:s00	9	of	of	ADP	IN	_	8	fixed	21	23
usc5-552-doj:u0015:s00	10	the	the	DET	DT	Definite=Def|PronType=Art	11	det	24	27
usc5-552-doj:u0015:s00	11	nature	nature	NOUN	NN	Number=Sing	0	root	28	34
usc5-552-doj:u0015:s00	12	of	of	ADP	IN	_	15	case	35	37
usc5-552-doj:u0015:s00	13	their	they	PRON	PRP$	Number=Plur|Person=3|Poss=Yes|PronType=Prs	15	nmod:poss	38	43
usc5-552-doj:u0015:s00	14	subject	subject	NOUN	NN	Number=Sing	15	compound	44	51
usc5-552-doj:u0015:s00	15	matter	matter	NOUN	NN	Number=Sing	11	nmod	52	58
usc5-552-doj:u0015:s00	16	,	,	PUNCT	,	_	11	punct	58	59
usc5-552-doj:u0015:s00	17	the	the	DET	DT	Definite=Def|PronType=Art	19	det	60	63
usc5-552-doj:u0015:s00	18	agency	agency	NOUN	NN	Number=Sing	19	compound	64	70
usc5-552-doj:u0015:s00	19	determines	determines	NOUN	NNS	Number=Plur	21	nsubj	71	81
usc5-552-doj:u0015:s00	20	have	have	AUX	VBP	Mood=Ind|Tense=Pres|VerbForm=Fin	21	aux	82	86
usc5-552-doj:u0015:s00	21	become	become	VERB	VBN	Tense=Past|VerbForm=Part	11	parataxis	87	93
usc5-552-doj:u0015:s00	22	or	or	CCONJ	CC	_	24	cc	94	96
usc5-552-doj:u0015:s00	23	are	be	AUX	VBP	Mood=Ind|Tense=Pres|VerbForm=Fin	24	cop	97	100
usc5-552-doj:u0015:s00	24	likely	likely	ADJ	JJ	Degree=Pos	21	conj	101	107
usc5-552-doj:u0015:s00	25	to	to	PART	TO	_	26	mark	108	110
usc5-552-doj:u0015:s00	26	become	become	VERB	VB	VerbForm=Inf	24	xcomp	111	117
usc5-552-doj:u0015:s00	27	the	the	DET	DT	Definite=Def|PronType=Art	28	det	118	121
usc5-552-doj:u0015:s00	28	subject	subject	NOUN	NN	Number=Sing	26	obj	122	129
usc5-552-doj:u0015:s00	29	of	of	ADP	IN	_	31	case	130	132
usc5-552-doj:u0015:s00	30	subsequent	subsequent	ADJ	JJ	Degree=Pos	31	amod	133	143
usc5-552-doj:u0015:s00	31	requests	request	NOUN	NNS	Number=Plur	28	nmod	144	152
usc5-552-doj:u0015:s00	32	for	for	ADP	IN	_	36	case	153	156
usc5-552-doj:u0015:s00	33	substantially	substantially	ADV	RB	_	36	advmod	157	170
usc5-552-doj:u0015:s00	34	the	the	DET	DT	Definite=Def|PronType=Art	36	det	171	174
usc5-552-doj:u0015:s00	35	same	same	ADJ	JJ	Degree=Pos	36	amod	175	179
usc5-552-doj:u0015:s00	36	records	record	NOUN	NNS	Number=Plur	31	nmod	180	187
usc5-552-doj:u0015:s00	37	;	;	PUNCT	,	_	28	punct	187	188
usc5-552-doj:u0015:s00	38	or	or	CCONJ	CC	_	28	cc	189	191
usc5-552-doj:u0016:s00	1	(	(	PUNCT	-LRB-	_	2	punct	0	1
usc5-552-doj:u0016:s00	2	II	ii	X	LS	_	13	nummod	1	3
usc5-552-doj:u0016:s00	3	)	)	PUNCT	-RRB-	_	2	punct	3	4
usc5-552-doj:u0016:s00	4	that	that	PRON	WDT	PronType=Rel	7	nsubj:pass	5	9
usc5-552-doj:u0016:s00	5	have	have	AUX	VBP	Mood=Ind|Tense=Pres|VerbForm=Fin	7	aux	10	14
usc5-552-doj:u0016:s00	6	been	be	AUX	VBN	Tense=Past|VerbForm=Part	7	aux:pass	15	19
usc5-552-doj:u0016:s00	7	requested	request	VERB	VBN	Tense=Past|VerbForm=Part|Voice=Pass	2	acl:relcl	20	29
usc5-552-doj:u0016:s00	8	3	3	NUM	CD	NumType=Card	11	nummod	30	31
usc5-552-doj:u0016:s00	9	or	or	CCONJ	CC	_	10	cc	32	34
usc5-552-doj:u0016:s00	10	more	more	ADJ	JJR	Degree=Cmp	8	conj	35	39
usc5-552-doj:u0016:s00	11	times	time	NOUN	NNS	Number=Plur	7	obl:tmod	40	45
usc5-552-doj:u0016:s00	12	;	;	PUNCT	,	_	2	punct	45	46
usc5-552-doj:u0016:s00	13	and	and	CCONJ	CC	_	0	root	47	50
usc5-552-doj:u0017:s00	1	(	(	PUNCT	-LRB-	_	2	punct	0	1
usc5-552-doj:u0017:s00	2	E	e	PROPN	NNP	Number=Sing	0	root	1	2
usc5-552-doj:u0017:s00	3	)	)	PUNCT	-RRB-	_	2	punct	2	3
usc5-552-doj:u0017:s00	4	a	a	DET	DT	Definite=Ind|PronType=Art	6	det	4	5
usc5-552-doj:u0017:s00	5	general	general	ADJ	JJ	Degree=Pos	6	amod	6	13
usc5-552-doj:u0017:s00	6	index	index	NOUN	NN	Number=Sing	2	appos	14	19
usc5-552-doj:u0017:s00	7	of	of	ADP	IN	_	9	case	20	22
usc5-552-doj:u0017:s00	8	the	the	DET	DT	Definite=Def|PronType=Art	9	det	23	26
usc5-552-doj:u0017:s00	9	records	record	NOUN	NNS	Number=Plur	6	nmod	27	34
usc5-552-doj:u0017:s00	10	referred	refer	VERB	VBN	Tense=Past|VerbForm=Part	6	acl	35	43
usc5-552-doj:u0017:s00	11	to	to	ADP	IN	_	13	case	44	46
usc5-552-doj:u0017:s00	12	under	under	ADP	IN	_	13	case	47	52
usc5-552-doj:u0017:s00	13	subparagraph	subparagraph	NOUN	NN	Number=Sing	10	obl	53	65
usc5-552-doj:u0017:s00	14	(	(	PUNCT	-LRB-	_	15	punct	66	67
usc5-552-doj:u0017:s00	15	D	D	NOUN	NN	Number=Sing	13	appos	67	68
usc5-552-doj:u0017:s00	16	)	)	PUNCT	-RRB-	_	15	punct	68	69
usc5-552-doj:u0017:s00	17	;	;	PUNCT	,	_	2	punct	69	70
usc5-552-doj:u0018:s00	1	unless	unless	SCONJ	IN	_	6	mark	0	6
usc5-552-doj:u0018:s00	2	the	the	DET	DT	Definite=Def|PronType=Art	3	det	7	10
usc5-552-doj:u0018:s00	3	materials	materials	NOUN	NNS	Number=Plur	6	nsubj:pass	11	20
usc5-552-doj:u0018:s00	4	are	be	AUX	VBP	Mood=Ind|Tense=Pres|VerbForm=Fin	6	aux:pass	21	24
usc5-552-doj:u0018:s00	5	promptly	promptly	ADV	RB	_	6	advmod	25	33
usc5-552-doj:u0018:s00	6	published	publish	VERB	VBN	Tense=Past|VerbForm=Part|Voice=Pass	0	root	34	43
usc5-552-doj:u0018:s00	7	and	and	CCONJ	CC	_	8	cc	44	47
usc5-552-doj:u0018:s00	8	copies	copy	NOUN	NNS	Number=Plur	6	conj	48	54
usc5-552-doj:u0018:s00	9	offered	offer	VERB	VBN	Tense=Past|VerbForm=Part	8	acl	55	62
usc5-552-doj:u0018:s00	10	for	for	ADP	IN	_	11	case	63	66
usc5-552-doj:u0018:s00	11	sale	sale	NOUN	NN	Number=Sing	9	obl	67	71
usc5-552-doj:u0018:s00	12	.	.	PUNCT	.	_	6	punct	71	72
usc5-552-doj:u0018:s01	1	For	for	ADP	IN	_	2	case	0	3
usc5-552-doj:u0018:s01	2	records	record	NOUN	NNS	Number=Plur	22	obl	4	11
usc5-552-doj:u0018:s01	3	created	create	VERB	VBN	Tense=Past|VerbForm=Part	2	acl	12	19
usc5-552-doj:u0018:s01	4	on	on	ADP	IN	_	7	case	20	22
usc5-552-doj:u0018:s01	5	or	or	CCONJ	CC	_	6	cc	23	25
usc5-552-doj:u0018:s01	6	after	after	ADP	IN	_	4	conj	26	31
usc5-552-doj:u0018:s01	7	November	November	PROPN	NNP	Number=Sing	3	obl	32	40
usc5-552-doj:u0018:s01	8	1	1	NUM	CD	NumType=Card	7	nummod	41	42
usc5-552-doj:u0018:s01	9	,	,	PUNCT	,	_	7	punct	42	43
usc5-552-doj:u0018:s01	10	1996	1996	NUM	CD	NumType=Card	7	nummod	44	48
usc5-552-doj:u0018:s01	11	,	,	PUNCT	,	_	2	punct	48	49
usc5-552-doj:u0018:s01	12	within	within	ADP	IN	_	14	case	50	56
usc5-552-doj:u0018:s01	13	one	one	NUM	CD	NumType=Card	14	nummod	57	60
usc5-552-doj:u0018:s01	14	year	year	NOUN	NN	Number=Sing	2	nmod	61	65
usc5-552-doj:u0018:s01	15	after	after	ADP	IN	_	17	case	66	71
usc5-552-doj:u0018:s01	16	such	such	ADJ	JJ	Degree=Pos	17	amod	72	76
usc5-552-doj:u0018:s01	17	date	date	NOUN	NN	Number=Sing	14	nmod	77	81
usc5-552-doj:u0018:s01	18	,	,	PUNCT	,	_	22	punct	81	82
usc5-552-doj:u0018:s01	19	each	each	DET	DT	_	20	det	83	87
usc5-552-doj:u0018:s01	20	agency	agency	NOUN	NN	Number=Sing	22	nsubj	88	94
usc5-552-doj:u0018:s01	21	shall	shall	AUX	MD	VerbForm=Fin	22	aux	95	100
usc5-552-doj:u0018:s01	22	make	make	VERB	VB	VerbForm=Inf	0	root	101	105
usc5-552-doj:u0018:s01	23	such	such	ADJ	JJ	Degree=Pos	24	amod	106	110
usc5-552-doj:u0018:s01	24	records	record	NOUN	NNS	Number=Plur	22	obj	111	118
usc5-552-doj:u0018:s01	25	available	available	ADJ	JJ	Degree=Pos	22	xcomp	119	128
usc5-552-doj:u0018:s01	26	,	,	PUNCT	,	_	22	punct	128	129
usc5-552-doj:u0018:s01	27	including	include	VERB	VBG	VerbForm=Ger	30	case	130	139
usc5-552-doj:u0018:s01	28	by	by	ADP	IN	_	30	case	140	142
usc5-552-doj:u0018:s01	29	computer	computer	NOUN	NN	Number=Sing	30	compound	143	151
usc5-552-doj:u0018:s01	30	telecommunications	telecommunication	NOUN	NNS	Number=Plur	22	obl	152	170
usc5-552-doj:u0018:s01	31	or	or	CCONJ	CC	_	48	cc	171	173
usc5-552-doj:u0018:s01	32	,	,	PUNCT	,	_	48	punct	173	174
usc5-552-doj:u0018:s01	33	if	if	SCONJ	IN	_	40	mark	175	177
usc5-552-doj:u0018:s01	34	computer	computer	NOUN	NN	Number=Sing	35	compound	178	186
usc5-552-doj:u0018:s01	35	telecommunications	telecommunication	NOUN	NNS	Number=Plur	36	compound	187	205
usc5-552-doj:u0018:s01	36	means	means	NOUN	NNS	Number=Plur	40	nsubj:pass	206	211
usc5-552-doj:u0018:s01	37	have	have	AUX	VBP	Mood=Ind|Tense=Pres|VerbForm=Fin	40	aux	212	216
usc5-552-doj:u0018:s01	38	not	not	PART	RB	_	40	advmod	217	220
usc5-552-doj:u0018:s01	39	been	be	AUX	VBN	Tense=Past|VerbForm=Part	40	aux:pass	221	225
usc5-552-doj:u0018:s01	40	established	establish	VERB	VBN	Tense=Past|VerbForm=Part|Voice=Pass	48	advcl	226	237
usc5-552-doj:u0018:s01	41	by	by	ADP	IN	_	43	case	238	240
usc5-552-doj:u0018:s01	42	the	the	DET	DT	Definite=Def|PronType=Art	43	det	241	244
usc5-552-doj:u0018:s01	43	agency	agency	NOUN	NN	Number=Sing	40	obl	245	251
usc5-552-doj:u0018:s01	44	,	,	PUNCT	,	_	48	punct	251	252
usc5-552-doj:u0018:s01	45	by	by	ADP	IN	_	48	case	253	255
usc5-552-doj:u0018:s01	46	other	other	ADJ	JJ	Degree=Pos	48	amod	256	261
usc5-552-doj:u0018:s01	47	electronic	electronic	ADJ	JJ	Degree=Pos	48	amod	262	272
usc5-552-doj:u0018:s01	48	means	means	NOUN	NNS	Number=Plur	22	conj	273	278
usc5-552-doj:u0018:s01	49	.	.	PUNCT	.	_	22	punct	278	279
usc5-552-doj:u0018:s02	1	To	to	ADP	IN	_	3	case	0	2
usc5-552-doj:u0018:s02	2	the	the	DET	DT	Definite=Def|PronType=Art	3	det	3	6
usc5-552-doj:u0018:s02	3	extent	extent	NOUN	NN	Number=Sing	18	obl	7	13
usc5-552-doj:u0018:s02	4	required	require	VERB	VBN	Tense=Past|VerbForm=Part	3	acl	14	22
usc5-552-doj:u0018:s02	5	to	to	PART	TO	_	6	mark	23	25
usc5-552-doj:u0018:s02	6	prevent	prevent	VERB	VB	VerbForm=Inf	4	xcomp	26	33
usc5-552-doj:u0018:s02	7	a	a	DET	DT	Definite=Ind|PronType=Art	10	det	34	35
usc5-552-doj:u0018:s02	8	clearly	clearly	ADV	RB	_	9	advmod	36	43
usc5-552-doj:u0018:s02	9	unwarranted	unwarranted	ADJ	JJ	Degree=Pos	10	amod	44	55
usc5-552-doj:u0018:s02	10	invasion	invasion	NOUN	NN	Number=Sing	6	obj	56	64
usc5-552-doj:u0018:s02	11	of	of	ADP	IN	_	13	case	65	67
usc5-552-doj:u0018:s02	12	personal	personal	ADJ	JJ	Degree=Pos	13	amod	68	76
usc5-552-doj:u0018:s02	13	privacy	privacy	NOUN	NN	Number=Sing	10	nmod	77	84
usc5-552-doj:u0018:s02	14	,	,	PUNCT	,	_	18	punct	84	85
usc5-552-doj:u0018:s02	15	an	a	DET	DT	Definite=Ind|PronType=Art	16	det	86	88
usc5-552-doj:u0018:s02	16	agency	agency	NOUN	NN	Number=Sing	18	nsubj	89	95
usc5-552-doj:u0018:s02	17	may	may	AUX	MD	VerbForm=Fin	18	aux	96	99
usc5-552-doj:u0018:s02	18	delete	delete	VERB	VB	VerbForm=Inf	0	root	100	106
usc5-552-doj:u0018:s02	19	identifying	identify	VERB	VBG	VerbForm=Ger	18	xcomp	107	118
usc5-552-doj:u0018:s02	20	details	detail	NOUN	NNS	Number=Plur	19	obj	119	126
usc5-552-doj:u0018:s02	21	when	when	ADV	WRB	PronType=Int	23	mark	127	131
usc5-552-doj:u0018:s02	22	it	it	PRON	PRP	Case=Nom|Gender=Neut|Number=Sing|Person=3|PronType=Prs	23	nsubj	132	134
usc5-552-doj:u0018:s02	23	makes	make	VERB	VBZ	Mood=Ind|Number=Sing|Person=3|Tense=Pres|VerbForm=Fin	19	advcl	135	140
usc5-552-doj:u0018:s02	24	available	available	ADJ	JJ	Degree=Pos	23	xcomp	141	150
usc5-552-doj:u0018:s02	25	or	or	CCONJ	CC	_	26	cc	151	153
usc5-552-doj:u0018:s02	26	publishes	publish	VERB	VBZ	Mood=Ind|Number=Sing|Person=3|Tense=Pres|VerbForm=Fin	23	conj	154	163
usc5-552-doj:u0018:s02	27	an	a	DET	DT	Definite=Ind|PronType=Art	28	det	164	166
usc5-552-doj:u0018:s02	28	opinion	opinion	NOUN	NN	Number=Sing	26	obj	167	174
usc5-552-doj:u0018:s02	29	,	,	PUNCT	,	_	28	punct	174	175
usc5-552-doj:u0018:s02	30	statement	statement	NOUN	NN	Number=Sing	28	appos	176	185
usc5-552-doj:u0018:s02	31	of	of	ADP	IN	_	42	case	186	188
usc5-552-doj:u0018:s02	32	policy	policy	NOUN	NN	Number=Sing	42	compound	189	195
usc5-552-doj:u0018:s02	33	,	,	PUNCT	,	_	34	punct	195	196
usc5-552-doj:u0018:s02	34	interpretation	interpretation	NOUN	NN	Number=Sing	32	conj	197	211
usc5-552-doj:u0018:s02	35	,	,	PUNCT	,	_	37	punct	211	212
usc5-552-doj:u0018:s02	36	staff	staff	NOUN	NN	Number=Sing	37	compound	213	218
usc5-552-doj:u0018:s02	37	manual	manual	NOUN	NN	Number=Sing	32	conj	219	225
usc5-552-doj:u0018:s02	38	,	,	PUNCT	,	_	39	punct	225	226
usc5-552-doj:u0018:s02	39	instruction	instruction	NOUN	NN	Number=Sing	32	conj	227	238
usc5-552-doj:u0018:s02	40	,	,	PUNCT	,	_	42	punct	238	239
usc5-552-doj:u0018:s02	41	or	or	CCONJ	CC	_	42	cc	240	242
usc5-552-doj:u0018:s02	42	copies	copy	NOUN	NNS	Number=Plur	30	nmod	243	249
usc5-552-doj:u0018:s02	43	of	of	ADP	IN	_	44	case	250	252
usc5-552-doj:u0018:s02	44	records	record	NOUN	NNS	Number=Plur	42	nmod	253	260
usc5-552-doj:u0018:s02	45	referred	refer	VERB	VBN	Tense=Past|VerbForm=Part	42	acl	261	269
usc5-552-doj:u0018:s02	46	to	to	ADP	IN	_	48	case	270	272
usc5-552-doj:u0018:s02	47	in	in	ADP	IN	_	46	case	273	275
usc5-552-doj:u0018:s02	48	subparagraph	subparagraph	NOUN	NN	Number=Sing	45	obl	276	288
usc5-552-doj:u0018:s02	49	(	(	PUNCT	-LRB-	_	50	punct	289	290
usc5-552-doj:u0018:s02	50	D	d	NOUN	NN	Number=Sing	48	appos	290	291
usc5-552-doj:u0018:s02	51	)	)	PUNCT	-RRB-	_	50	punct	291	292
usc5-552-doj:u0018:s02	52	.	.	PUNCT	.	_	18	punct	292	293
usc5-552-doj:u0018:s03	1	However	however	ADV	RB	_	7	advmod	0	7
usc5-552-doj:u0018:s03	2	,	,	PUNCT	,	_	7	punct	7	8
usc5-552-doj:u0018:s03	3	in	in	ADP	IN	_	5	case	9	11
usc5-552-doj:u0018:s03	4	each	each	DET	DT	_	5	det	12	16
usc5-552-doj:u0018:s03	5	case	case	NOUN	NN	Number=Sing	7	nmod	17	21
usc5-552-doj:u0018:s03	6	the	the	DET	DT	Definite=Def|PronType=Art	7	det	22	25
usc5-552-doj:u0018:s03	7	justification	justification	NOUN	NN	Number=Sing	13	nsubj:pass	26	39
usc5-552-doj:u0018:s03	8	for	for	ADP	IN	_	10	case	40	43
usc5-552-doj:u0018:s03	9	the	the	DET	DT	Definite=Def|PronType=Art	10	det	44	47
usc5-552-doj:u0018:s03	10	deletion	deletion	NOUN	NN	Number=Sing	7	nmod	48	56
usc5-552-doj:u0018:s03	11	shall	shall	AUX	MD	VerbForm=Fin	13	aux	57	62
usc5-552-doj:u0018:s03	12	be	be	AUX	VB	VerbForm=Inf	13	aux:pass	63	65
usc5-552-doj:u0018:s03	13	explained	explain	VERB	VBN	Tense=Past|VerbForm=Part|Voice=Pass	0	root	66	75
usc5-552-doj:u0018:s03	14	fully	fully	ADV	RB	_	13	advmod	76	81
usc5-552-doj:u0018:s03	15	in	in	ADP	IN	_	16	case	82	84
usc5-552-doj:u0018:s03	16	writing	writing	NOUN	NN	Number=Sing	13	obl	85	92
usc5-552-doj:u0018:s03	17	,	,	PUNCT	,	_	26	punct	92	93
usc5-552-doj:u0018:s03	18	and	and	CCONJ	CC	_	26	cc	94	97
usc5-552-doj:u0018:s03	19	the	the	DET	DT	Definite=Def|PronType=Art	20	det	98	101
usc5-552-doj:u0018:s03	20	extent	extent	NOUN	NN	Number=Sing	26	nsubj:pass	102	108
usc5-552-doj:u0018:s03	21	of	of	ADP	IN	_	23	case	109	111
usc5-552-doj:u0018:s03	22	such	such	ADJ	JJ	Degree=Pos	23	amod	112	116
usc5-552-doj:u0018:s03	23	deletion	deletion	NOUN	NN	Number=Sing	20	nmod	117	125
usc5-552-doj:u0018:s03	24	shall	shall	AUX	MD	VerbForm=Fin	26	aux	126	131
usc5-552-doj:u0018:s03	25	be	be	AUX	VB	VerbForm=Inf	26	aux:pass	132	134
usc5-552-doj:u0018:s03	26	indicated	indicate	VERB	VBN	Tense=Past|VerbForm=Part|Voice=Pass	13	conj	135	144
usc5-552-doj:u0018:s03	27	on	on	ADP	IN	_	29	case	145	147
usc5-552-doj:u0018:s03	28	the	the	DET	DT	Definite=Def|PronType=Art	29	det	148	151
usc5-552-doj:u0018:s03	29	portion	portion	NOUN	NN	Number=Sing	26	xcomp	152	159
usc5-552-doj:u0018:s03	30	of	of	ADP	IN	_	32	case	160	162
usc5-552-doj:u0018:s03	31	the	the	DET	DT	Definite=Def|PronType=Art	32	det	163	166
usc5-552-doj:u0018:s03	32	record	record	NOUN	NN	Number=Sing	29	nmod	167	173
usc5-552-doj:u0018:s03	33	which	which	PRON	WDT	PronType=Rel	35	nsubj:pass	174	179
usc5-552-doj:u0018:s03	34	is	be	AUX	VBZ	Mood=Ind|Number=Sing|Person=3|Tense=Pres|VerbForm=Fin	35	aux:pass	180	182
usc5-552-doj:u0018:s03	35	made	make	VERB	VBN	Tense=Past|VerbForm=Part|Voice=Pass	32	acl:relcl	183	187
usc5-552-doj:u0018:s03	36	available	available	ADJ	JJ	Degree=Pos	35	xcomp	188	197
usc5-552-doj:u0018:s03	37	or	or	CCONJ	CC	_	38	cc	198	200
usc5-552-doj:u0018:s03	38	published	published	VERB	VBN	Tense=Past|VerbForm=Part	36	conj	201	210
usc5-552-doj:u0018:s03	39	,	,	PUNCT	,	_	29	punct	210	211
usc5-552-doj:u0018:s03	40	unless	unless	SCONJ	IN	_	45	mark	212	218
usc5-552-doj:u0018:s03	41	including	include	VERB	VBG	VerbForm=Ger	43	case	219	228
usc5-552-doj:u0018:s03	42	that	that	DET	DT	Number=Sing|PronType=Dem	43	det	229	233
usc5-552-doj:u0018:s03	43	indication	indication	NOUN	NN	Number=Sing	45	nsubj	234	244
usc5-552-doj:u0018:s03	44	would	would	AUX	MD	VerbForm=Fin	45	aux	245	250
usc5-552-doj:u0018:s03	45	harm	harm	VERB	VB	VerbForm=Inf	29	advcl	251	255
usc5-552-doj:u0018:s03	46	an	a	DET	DT	Definite=Ind|PronType=Art	47	det	256	258
usc5-552-doj:u0018:s03	47	interest	interest	NOUN	NN	Number=Sing	45	obj	259	267
usc5-552-doj:u0018:s03	48	protected	protect	VERB	VBN	Tense=Past|VerbForm=Part	47	acl	268	277
usc5-552-doj:u0018:s03	49	by	by	ADP	IN	_	51	case	278	280
usc5-552-doj:u0018:s03	50	the	the	DET	DT	Definite=Def|PronType=Art	51	det	281	284
usc5-552-doj:u0018:s03	51	exemption	exemption	NOUN	NN	Number=Sing	48	obl	285	294
usc5-552-doj:u0018:s03	52	in	in	ADP	IN	_	53	case	295	297
usc5-552-doj:u0018:s03	53	subsection	subsection	NOUN	NN	Number=Sing	51	nmod	298	308
usc5-552-doj:u0018:s03	54	(	(	PUNCT	-LRB-	_	53	punct	309	310
usc5-552-doj:u0018:s03	55	b	b	X	LS	_	51	appos	310	311
usc5-552-doj:u0018:s03	56	)	)	PUNCT	-RRB-	_	55	punct	311	312
usc5-552-doj:u0018:s03	57	under	under	ADP	IN	_	58	case	313	318
usc5-552-doj:u0018:s03	58	which	which	PRON	WDT	PronType=Rel	62	obl	319	324
usc5-552-doj:u0018:s03	59	the	the	DET	DT	Definite=Def|PronType=Art	60	det	325	328
usc5-552-doj:u0018:s03	60	deletion	deletion	NOUN	NN	Number=Sing	62	nsubj:pass	329	337
usc5-552-doj:u0018:s03	61	is	be	AUX	VBZ	Mood=Ind|Number=Sing|Person=3|Tense=Pres|VerbForm=Fin	62	aux:pass	338	340
usc5-552-doj:u0018:s03	62	made	make	VERB	VBN	Tense=Past|VerbForm=Part|Voice=Pass	47	acl:relcl	341	345
usc5-552-doj:u0018:s03	63	.	.	PUNCT	.	_	13	punct	345	346
usc5-552-doj:u0018:s04	1	If	if	SCONJ	IN	_	3	mark	0	2
usc5-552-doj:u0018:s04	2	technically	technically	ADV	RB	_	3	advmod	3	14
usc5-552-doj:u0018:s04	3	feasible	feasible	ADJ	JJ	Degree=Pos	12	advcl	15	23
usc5-552-doj:u0018:s04	4	,	,	PUNCT	,	_	12	punct	23	24
usc5-552-doj:u0018:s04	5	the	the	DET	DT	Definite=Def|PronType=Art	6	det	25	28
usc5-552-doj:u0018:s04	6	extent	extent	NOUN	NN	Number=Sing	12	nsubj:pass	29	35
usc5-552-doj:u0018:s04	7	of	of	ADP	IN	_	9	case	36	38
usc5-552-doj:u0018:s04	8	the	the	DET	DT	Definite=Def|PronType=Art	9	det	39	42
usc5-552-doj:u0018:s04	9	deletion	deletion	NOUN	NN	Number=Sing	6	nmod	43	51
usc5-552-doj:u0018:s04	10	shall	shall	AUX	MD	VerbForm=Fin	12	aux	52	57
usc5-552-doj:u0018:s04	11	be	be	AUX	VB	VerbForm=Inf	12	aux:pass	58	60
usc5-552-doj:u0018:s04	12	indicated	indicate	VERB	VBN	Tense=Past|VerbForm=Part|Voice=Pass	0	root	61	70
usc5-552-doj:u0018:s04	13	at	at	ADP	IN	_	15	case	71	73
usc5-552-doj:u0018:s04	14	the	the	DET	DT	Definite=Def|PronType=Art	15	det	74	77
usc5-552-doj:u0018:s04	15	place	place	NOUN	NN	Number=Sing	12	obl	78	83
usc5-552-doj:u0018:s04	16	in	in	ADP	IN	_	18	case	84	86
usc5-552-doj:u0018:s04	17	the	the	DET	DT	Definite=Def|PronType=Art	18	det	87	90
usc5-552-doj:u0018:s04	18	record	record	NOUN	NN	Number=Sing	15	nmod	91	97
usc5-552-doj:u0018:s04	19	where	where	ADV	WRB	PronType=Rel	23	advmod	98	103
usc5-552-doj:u0018:s04	20	the	the	DET	DT	Definite=Def|PronType=Art	21	det	104	107
usc5-552-doj:u0018:s04	21	deletion	deletion	NOUN	NN	Number=Sing	23	nsubj:pass	108	116
usc5-552-doj:u0018:s04	22	was	be	AUX	VBD	Mood=Ind|Number=Sing|Person=3|Tense=Past|VerbForm=Fin	23	aux:pass	117	120
usc5-552-doj:u0018:s04	23	made	make	VERB	VBN	Tense=Past|VerbForm=Part|Voice=Pass	18	acl:relcl	121	125
usc5-552-doj:u0018:s04	24	.	.	PUNCT	.	_	12	punct	125	126
usc5-552-doj:u0018:s05	1	Each	each	DET	DT	_	2	det	0	4
usc5-552-doj:u0018:s05	2	agency	agency	NOUN	NN	Number=Sing	5	nsubj	5	11
usc5-552-doj:u0018:s05	3	shall	shall	AUX	MD	VerbForm=Fin	5	aux	12	17
usc5-552-doj:u0018:s05	4	also	also	ADV	RB	_	5	advmod	18	22
usc5-552-doj:u0018:s05	5	maintain	maintain	VERB	VB	VerbForm=Inf	0	root	23	31
usc5-552-doj:u0018:s05	6	and	and	CCONJ	CC	_	7	cc	32	35
usc5-552-doj:u0018:s05	7	make	make	VERB	VB	VerbForm=Inf	5	conj	36	40
usc5-552-doj:u0018:s05	8	available	available	ADJ	JJ	Degree=Pos	7	xcomp	41	50
usc5-552-doj:u0018:s05	9	for	for	ADP	IN	_	11	case	51	54
usc5-552-doj:u0018:s05	10	public	public	ADJ	JJ	Degree=Pos	11	amod	55	61
usc5-552-doj:u0018:s05	11	inspection	inspection	NOUN	NN	Number=Sing	7	obl	62	72
usc5-552-doj:u0018:s05	12	in	in	ADP	IN	_	16	case	73	75
usc5-552-doj:u0018:s05	13	an	a	DET	DT	Definite=Ind|PronType=Art	16	det	76	78
usc5-552-doj:u0018:s05	14	electronic	electronic	ADJ	JJ	Degree=Pos	15	amod	79	89
usc5-552-doj:u0018:s05	15	format	format	NOUN	NN	Number=Sing	16	compound	90	96
usc5-552-doj:u0018:s05	16	current	current	NOUN	NN	Number=Sing	11	nmod	97	104
usc5-552-doj:u0018:s05	17	indexes	index	AUX	VBZ	Mood=Ind|Number=Sing|Person=3|Tense=Pres|VerbForm=Fin	18	aux	105	112
usc5-552-doj:u0018:s05	18	providing	provide	VERB	VBG	Tense=Pres|VerbForm=Part	7	ccomp	113	122
usc5-552-doj:u0018:s05	19	identifying	identify	VERB	VBG	VerbForm=Ger	18	xcomp	123	134
usc5-552-doj:u0018:s05	20	information	information	NOUN	NN	Number=Sing	19	obj	135	146
usc5-552-doj:u0018:s05	21	for	for	ADP	IN	_	23	case	147	150
usc5-552-doj:u0018:s05	22	the	the	DET	DT	Definite=Def|PronType=Art	23	det	151	154
usc5-552-doj:u0018:s05	23	public	public	ADJ	JJ	Degree=Pos	20	nmod	155	161
usc5-552-doj:u0018:s05	24	as	as	ADV	RB	_	27	case	162	164
usc5-552-doj:u0018:s05	25	to	to	ADP	IN	_	24	fixed	165	167
usc5-552-doj:u0018:s05	26	any	any	DET	DT	_	27	det	168	171
usc5-552-doj:u0018:s05	27	matter	matter	NOUN	NN	Number=Sing	19	obl	172	178
usc5-552-doj:u0018:s05	28	issued	issue	VERB	VBN	Tense=Past|VerbForm=Part	27	acl	179	185
usc5-552-doj:u0018:s05	29	,	,	PUNCT	,	_	30	punct	185	186
usc5-552-doj:u0018:s05	30	adopted	adopt	VERB	VBN	Tense=Past|VerbForm=Part	28	conj	187	194
usc5-552-doj:u0018:s05	31	,	,	PUNCT	,	_	33	punct	194	195
usc5-552-doj:u0018:s05	32	or	or	CCONJ	CC	_	33	cc	196	198
usc5-552-doj:u0018:s05	33	promulgated	promulgate	VERB	VBN	Tense=Past|VerbForm=Part	28	conj	199	210
usc5-552-doj:u0018:s05	34	after	after	ADP	IN	_	35	case	211	216
usc5-552-doj:u0018:s05	35	July	July	PROPN	NNP	Number=Sing	33	obl	217	221
usc5-552-doj:u0018:s05	36	4	4	NUM	CD	NumType=Card	35	nummod	222	223
usc5-552-doj:u0018:s05	37	,	,	PUNCT	,	_	35	punct	223	224
usc5-552-doj:u0018:s05	38	1967	1967	NUM	CD	NumType=Card	35	nummod	225	229
usc5-552-doj:u0018:s05	39	,	,	PUNCT	,	_	41	punct	229	230
usc5-552-doj:u0018:s05	40	and	and	CCONJ	CC	_	41	cc	231	234
usc5-552-doj:u0018:s05	41	required	require	VERB	VBN	Tense=Past|VerbForm=Part	35	conj	235	243
usc5-552-doj:u0018:s05	42	by	by	ADP	IN	_	44	case	244	246
usc5-552-doj:u0018:s05	43	this	this	DET	DT	Number=Sing|PronType=Dem	44	det	247	251
usc5-552-doj:u0018:s05	44	paragraph	paragraph	NOUN	NN	Number=Sing	41	obl	252	261
usc5-552-doj:u0018:s05	45	to	to	PART	TO	_	47	mark	262	264
usc5-552-doj:u0018:s05	46	be	be	AUX	VB	VerbForm=Inf	47	aux:pass	265	267
usc5-552-doj:u0018:s05	47	made	make	VERB	VBN	Tense=Past|VerbForm=Part|Voice=Pass	44	acl	268	272
usc5-552-doj:u0018:s05	48	available	available	ADJ	JJ	Degree=Pos	47	xcomp	273	282
usc5-552-doj:u0018:s05	49	or	or	CCONJ	CC	_	50	cc	283	285
usc5-552-doj:u0018:s05	50	published	published	ADJ	JJ	Degree=Pos	48	conj	286	295
usc5-552-doj:u0018:s05	51	.	.	PUNCT	.	_	5	punct	295	296
usc5-552-doj:u0018:s06	1	Each	each	DET	DT	_	2	det	0	4
usc5-552-doj:u0018:s06	2	agency	agency	NOUN	NN	Number=Sing	5	nsubj	5	11
usc5-552-doj:u0018:s06	3	shall	shall	AUX	MD	VerbForm=Fin	5	aux	12	17
usc5-552-doj:u0018:s06	4	promptly	promptly	ADV	RB	_	5	advmod	18	26
usc5-552-doj:u0018:s06	5	publish	publish	ADJ	JJ	Degree=Pos	0	root	27	34
usc5-552-doj:u0018:s06	6	,	,	PUNCT	,	_	7	punct	34	35
usc5-552-doj:u0018:s06	7	quarterly	quarterly	ADJ	JJ	Degree=Pos	5	conj	36	45
usc5-552-doj:u0018:s06	8	or	or	CCONJ	CC	_	10	cc	46	48
usc5-552-doj:u0018:s06	9	more	more	ADV	RBR	_	10	advmod	49	53
usc5-552-doj:u0018:s06	10	frequently	frequently	ADV	RB	_	5	conj	54	64
usc5-552-doj:u0018:s06	11	,	,	PUNCT	,	_	13	punct	64	65
usc5-552-doj:u0018:s06	12	and	and	CCONJ	CC	_	13	cc	66	69
usc5-552-doj:u0018:s06	13	distribute	distribute	NOUN	NN	Number=Sing	20	conj	70	80
usc5-552-doj:u0018:s06	14	(	(	PUNCT	-LRB-	_	16	punct	81	82
usc5-552-doj:u0018:s06	15	by	by	ADP	IN	_	16	case	82	84
usc5-552-doj:u0018:s06	16	sale	sale	NOUN	NN	Number=Sing	13	nmod	85	89
usc5-552-doj:u0018:s06	17	or	or	CCONJ	CC	_	18	cc	90	92
usc5-552-doj:u0018:s06	18	otherwise	otherwise	ADV	RB	_	16	conj	93	102
usc5-552-doj:u0018:s06	19	)	)	PUNCT	-RRB-	_	16	punct	102	103
usc5-552-doj:u0018:s06	20	copies	copy	NOUN	NNS	Number=Plur	5	conj	104	110
usc5-552-doj:u0018:s06	21	of	of	ADP	IN	_	23	case	111	113
usc5-552-doj:u0018:s06	22	each	each	DET	DT	_	23	det	114	118
usc5-552-doj:u0018:s06	23	index	index	NOUN	NN	Number=Sing	20	nmod	119	124
usc5-552-doj:u0018:s06	24	or	or	CCONJ	CC	_	25	cc	125	127
usc5-552-doj:u0018:s06	25	supplements	supplement	NOUN	NNS	Number=Plur	23	conj	128	139
usc5-552-doj:u0018:s06	26	thereto	theretoo	ADV	RB	_	29	advmod	140	147
usc5-552-doj:u0018:s06	27	unless	unless	SCONJ	IN	_	29	mark	148	154
usc5-552-doj:u0018:s06	28	it	it	PRON	PRP	Case=Nom|Gender=Neut|Number=Sing|Person=3|PronType=Prs	29	nsubj	155	157
usc5-552-doj:u0018:s06	29	determines	determine	VERB	VBZ	Mood=Ind|Number=Sing|Person=3|Tense=Pres|VerbForm=Fin	23	advcl	158	168
usc5-552-doj:u0018:s06	30	by	by	ADP	IN	_	31	case	169	171
usc5-552-doj:u0018:s06	31	order	order	NOUN	NN	Number=Sing	29	obl	172	177
usc5-552-doj:u0018:s06	32	published	publish	VERB	VBN	Tense=Past|VerbForm=Part	31	acl	178	187
usc5-552-doj:u0018:s06	33	in	in	ADP	IN	_	36	case	188	190
usc5-552-doj:u0018:s06	34	the	the	DET	DT	Definite=Def|PronType=Art	36	det	191	194
usc5-552-doj:u0018:s06	35	Federal	Federal	PROPN	NNP	Number=Sing	36	compound	195	202
usc5-552-doj:u0018:s06	36	Register	register	PROPN	NNP	Number=Sing	32	obl	203	211
usc5-552-doj:u0018:s06	37	that	that	SCONJ	IN	_	42	mark	212	216
usc5-552-doj:u0018:s06	38	the	the	DET	DT	Definite=Def|PronType=Art	39	det	217	220
usc5-552-doj:u0018:s06	39	publication	publication	NOUN	NN	Number=Sing	42	nsubj	221	232
usc5-552-doj:u0018:s06	40	would	would	AUX	MD	VerbForm=Fin	42	aux	233	238
usc5-552-doj:u0018:s06	41	be	be	AUX	VB	VerbForm=Inf	42	cop	239	241
usc5-552-doj:u0018:s06	42	unnecessary	unnecessary	ADJ	JJ	Degree=Pos	29	ccomp	242	253
usc5-552-doj:u0018:s06	43	and	and	CCONJ	CC	_	44	cc	254	257
usc5-552-doj:u0018:s06	44	impracticable	impracticable	ADJ	JJ	Degree=Pos	42	conj	258	271
usc5-552-doj:u0018:s06	45	,	,	PUNCT	,	_	42	punct	271	272
usc5-552-doj:u0018:s06	46	in	in	ADP	IN	_	47	case	273	275
usc5-552-doj:u0018:s06	47	which	which	PRON	WDT	PronType=Rel	53	obl	276	281
usc5-552-doj:u0018:s06	48	case	case	NOUN	NN	Number=Sing	53	obl	282	286
usc5-552-doj:u0018:s06	49	the	the	DET	DT	Definite=Def|PronType=Art	50	det	287	290
usc5-552-doj:u0018:s06	50	agency	agency	NOUN	NN	Number=Sing	53	nsubj	291	297
usc5-552-doj:u0018:s06	51	shall	shall	AUX	MD	VerbForm=Fin	53	aux	298	303
usc5-552-doj:u0018:s06	52	nonetheless	nonetheless	ADV	RB	_	53	advmod	304	315
usc5-552-doj:u0018:s06	53	provide	provide	VERB	VB	VerbForm=Inf	42	acl:relcl	316	323
usc5-552-doj:u0018:s06	54	copies	copy	NOUN	NNS	Number=Plur	53	obj	324	330
usc5-552-doj:u0018:s06	55	of	of	ADP	IN	_	57	case	331	333
usc5-552-doj:u0018:s06	56	an	a	DET	DT	Definite=Ind|PronType=Art	57	det	334	336
usc5-552-doj:u0018:s06	57	index	index	NOUN	NN	Number=Sing	54	nmod	337	342
usc5-552-doj:u0018:s06	58	on	on	ADP	IN	_	59	case	343	345
usc5-552-doj:u0018:s06	59	request	request	NOUN	NN	Number=Sing	57	nmod	346	353
usc5-552-doj:u0018:s06	60	at	at	ADP	IN	_	62	case	354	356
usc5-552-doj:u0018:s06	61	a	a	DET	DT	Definite=Ind|PronType=Art	62	det	357	358
usc5-552-doj:u0018:s06	62	cost	cost	NOUN	NN	Number=Sing	53	obl	359	363
usc5-552-doj:u0018:s06	63	not	not	ADV	RB	_	65	advmod	364	367
usc5-552-doj:u0018:s06	64	to	to	PART	TO	_	65	mark	368	370
usc5-552-doj:u0018:s06	65	exceed	exceed	VERB	VB	VerbForm=Inf	53	advcl	371	377
usc5-552-doj:u0018:s06	66	the	the	DET	DT	Definite=Def|PronType=Art	68	det	378	381
usc5-552-doj:u0018:s06	67	direct	direct	ADJ	JJ	Degree=Pos	68	amod	382	388
usc5-552-doj:u0018:s06	68	cost	cost	NOUN	NN	Number=Sing	65	obj	389	393
usc5-552-doj:u0018:s06	69	of	of	ADP	IN	_	70	case	394	396
usc5-552-doj:u0018:s06	70	duplication	duplication	NOUN	NN	Number=Sing	68	nmod	397	408
usc5-552-doj:u0018:s06	71	.	.	PUNCT	.	_	5	punct	408	409
usc5-552-doj:u0018:s07	1	Each	each	DET	DT	_	2	det	0	4
usc5-552-doj:u0018:s07	2	agency	agency	NOUN	NN	Number=Sing	4	nsubj	5	11
usc5-552-doj:u0018:s07	3	shall	shall	AUX	MD	VerbForm=Fin	4	aux	12	17
usc5-552-doj:u0018:s07	4	make	make	VERB	VB	VerbForm=Inf	0	root	18	22
usc5-552-doj:u0018:s07	5	the	the	DET	DT	Definite=Def|PronType=Art	6	det	23	26
usc5-552-doj:u0018:s07	6	index	index	NOUN	NN	Number=Sing	4	obj	27	32
usc5-552-doj:u0018:s07	7	referred	refer	VERB	VBN	Tense=Past|VerbForm=Part	6	acl	33	41
usc5-552-doj:u0018:s07	8	to	to	ADP	IN	_	7	obl	42	44
usc5-552-doj:u0018:s07	9	in	in	ADP	IN	_	10	case	45	47
usc5-552-doj:u0018:s07	10	subparagraph	subparagraph	NOUN	NN	Number=Sing	7	obl	48	60
usc5-552-doj:u0018:s07	11	(	(	PUNCT	-LRB-	_	10	punct	61	62
usc5-552-doj:u0018:s07	12	E	e	PROPN	NNP	Number=Sing	10	appos	62	63
usc5-552-doj:u0018:s07	13	)	)	PUNCT	-RRB-	_	10	punct	63	64
usc5-552-doj:u0018:s07	14	available	available	ADJ	JJ	Degree=Pos	4	xcomp	65	74
usc5-552-doj:u0018:s07	15	by	by	ADP	IN	_	17	case	75	77
usc5-552-doj:u0018:s07	16	computer	computer	NOUN	NN	Number=Sing	17	compound	78	86
usc5-552-doj:u0018:s07	17	telecommunications	telecommunication	NOUN	NNS	Number=Plur	4	obl	87	105
usc5-552-doj:u0018:s07	18	by	by	ADP	IN	_	19	case	106	108
usc5-552-doj:u0018:s07	19	December	December	PROPN	NNP	Number=Sing	17	nmod	109	117
usc5-552-doj:u0018:s07	20	31	31	NUM	CD	NumType=Card	19	nummod	118	120
usc5-552-doj:u0018:s07	21	,	,	PUNCT	,	_	19	punct	120	121
usc5-552-doj:u0018:s07	22	1999	1999	NUM	CD	NumType=Card	19	nummod	122	126
usc5-552-doj:u0018:s07	23	.	.	PUNCT	.	_	4	punct	126	127
usc5-552-doj:u0018:s08	1	A	a	DET	DT	Definite=Ind|PronType=Art	3	det	0	1
usc5-552-doj:u0018:s08	2	final	final	ADJ	JJ	Degree=Pos	3	amod	2	7
usc5-552-doj:u0018:s08	3	order	order	NOUN	NN	Number=Sing	27	nsubj:pass	8	13
usc5-552-doj:u0018:s08	4	,	,	PUNCT	,	_	5	punct	13	14
usc5-552-doj:u0018:s08	5	opinion	opinion	NOUN	NN	Number=Sing	3	conj	15	22
usc5-552-doj:u0018:s08	6	,	,	PUNCT	,	_	7	punct	22	23
usc5-552-doj:u0018:s08	7	statement	statement	NOUN	NN	Number=Sing	3	conj	24	33
usc5-552-doj:u0018:s08	8	of	of	ADP	IN	_	9	case	34	36
usc5-552-doj:u0018:s08	9	policy	policy	NOUN	NN	Number=Sing	7	nmod	37	43
usc5-552-doj:u0018:s08	10	,	,	PUNCT	,	_	11	punct	43	44
usc5-552-doj:u0018:s08	11	interpretation	interpretation	NOUN	NN	Number=Sing	3	conj	45	59
usc5-552-doj:u0018:s08	12	,	,	PUNCT	,	_	15	punct	59	60
usc5-552-doj:u0018:s08	13	or	or	CCONJ	CC	_	15	cc	61	63
usc5-552-doj:u0018:s08	14	staff	staff	NOUN	NN	Number=Sing	15	compound	64	69
usc5-552-doj:u0018:s08	15	manual	manual	NOUN	NN	Number=Sing	3	conj	70	76
usc5-552-doj:u0018:s08	16	or	or	CCONJ	CC	_	17	cc	77	79
usc5-552-doj:u0018:s08	17	instruction	instruction	NOUN	NN	Number=Sing	3	conj	80	91
usc5-552-doj:u0018:s08	18	that	that	PRON	WDT	PronType=Rel	19	nsubj	92	96
usc5-552-doj:u0018:s08	19	affects	affect	VERB	VBZ	Mood=Ind|Number=Sing|Person=3|Tense=Pres|VerbForm=Fin	3	acl:relcl	97	104
usc5-552-doj:u0018:s08	20	a	a	DET	DT	Definite=Ind|PronType=Art	21	det	105	106
usc5-552-doj:u0018:s08	21	member	member	NOUN	NN	Number=Sing	19	obj	107	113
usc5-552-doj:u0018:s08	22	of	of	ADP	IN	_	24	case	114	116
usc5-552-doj:u0018:s08	23	the	the	DET	DT	Definite=Def|PronType=Art	24	det	117	120
usc5-552-doj:u0018:s08	24	public	public	ADJ	JJ	Degree=Pos	21	nmod	121	127
usc5-552-doj:u0018:s08	25	may	may	AUX	MD	VerbForm=Fin	27	aux	128	131
usc5-552-doj:u0018:s08	26	be	be	AUX	VB	VerbForm=Inf	27	aux:pass	132	134
usc5-552-doj:u0018:s08	27	relied	rely	VERB	VBN	Tense=Past|VerbForm=Part|Voice=Pass	0	root	135	141
usc5-552-doj:u0018:s08	28	on	on	ADP	RP	_	27	compound:prt	142	144
usc5-552-doj:u0018:s08	29	,	,	PUNCT	,	_	27	punct	144	145
usc5-552-doj:u0018:s08	30	used	use	VERB	VBN	Tense=Past|VerbForm=Part	27	conj	146	150
usc5-552-doj:u0018:s08	31	,	,	PUNCT	,	_	33	punct	150	151
usc5-552-doj:u0018:s08	32	or	or	CCONJ	CC	_	33	cc	152	154
usc5-552-doj:u0018:s08	33	cited	cite	VERB	VBN	Tense=Past|VerbForm=Part	30	conj	155	160
usc5-552-doj:u0018:s08	34	as	as	SCONJ	IN	_	35	mark	161	163
usc5-552-doj:u0018:s08	35	precedent	precedent	VERB	VBN	Tense=Past|VerbForm=Part	33	advcl	164	173
usc5-552-doj:u0018:s08	36	by	by	ADP	IN	_	38	case	174	176
usc5-552-doj:u0018:s08	37	an	a	DET	DT	Definite=Ind|PronType=Art	38	det	177	179
usc5-552-doj:u0018:s08	38	agency	agency	NOUN	NN	Number=Sing	35	obl	180	186
usc5-552-doj:u0018:s08	39	against	against	ADP	IN	_	41	case	187	194
usc5-552-doj:u0018:s08	40	a	a	DET	DT	Definite=Ind|PronType=Art	41	det	195	196
usc5-552-doj:u0018:s08	41	party	party	NOUN	NN	Number=Sing	38	nmod	197	202
usc5-552-doj:u0018:s08	42	other	other	ADJ	JJ	Degree=Pos	41	amod	203	208
usc5-552-doj:u0018:s08	43	than	than	ADP	IN	_	45	case	209	213
usc5-552-doj:u0018:s08	44	an	a	DET	DT	Definite=Ind|PronType=Art	45	det	214	216
usc5-552-doj:u0018:s08	45	agency	agency	NOUN	NN	Number=Sing	42	obl	217	223
usc5-552-doj:u0018:s08	46	only	only	ADV	RB	_	45	advmod	224	228
usc5-552-doj:u0018:s08	47	if	if	SCONJ	IN	_	48	mark	229	231
usc5-552-doj:u0018:s08	48	—	-	PUNCT	,	_	45	punct	231	232
usc5-552-doj:u0019:s00	1	(	(	PUNCT	-LRB-	_	2	punct	0	1
usc5-552-doj:u0019:s00	2	i	i	X	LS	_	7	nummod	1	2
usc5-552-doj:u0019:s00	3	)	)	PUNCT	-RRB-	_	2	punct	2	3
usc5-552-doj:u0019:s00	4	it	it	PRON	PRP	Case=Nom|Gender=Neut|Number=Sing|Person=3|PronType=Prs	7	nsubj:pass	4	6
usc5-552-doj:u0019:s00	5	has	have	AUX	VBZ	Mood=Ind|Number=Sing|Person=3|Tense=Pres|VerbForm=Fin	7	aux	7	10
usc5-552-doj:u0019:s00	6	been	be	AUX	VBN	Tense=Past|VerbForm=Part	7	aux:pass	11	15
usc5-552-doj:u0019:s00	7	indexed	index	VERB	VBN	Tense=Past|VerbForm=Part|Voice=Pass	0	root	16	23
usc5-552-doj:u0019:s00	8	and	and	CCONJ	CC	_	10	cc	24	27
usc5-552-doj:u0019:s00	9	either	either	CCONJ	CC	_	10	cc:preconj	28	34
usc5-552-doj:u0019:s00	10	made	make	VERB	VBN	Tense=Past|VerbForm=Part	7	conj	35	39
usc5-552-doj:u0019:s00	11	available	available	ADJ	JJ	Degree=Pos	10	xcomp	40	49
usc5-552-doj:u0019:s00	12	or	or	CCONJ	CC	_	13	cc	50	52
usc5-552-doj:u0019:s00	13	published	publish	VERB	VBN	Tense=Past|VerbForm=Part	10	conj	53	62
usc5-552-doj:u0019:s00	14	as	as	SCONJ	IN	_	15	mark	63	65
usc5-552-doj:u0019:s00	15	provided	provide	VERB	VBN	Tense=Past|VerbForm=Part	13	advcl	66	74
usc5-552-doj:u0019:s00	16	by	by	ADP	IN	_	18	case	75	77
usc5-552-doj:u0019:s00	17	this	this	DET	DT	Number=Sing|PronType=Dem	18	det	78	82
usc5-552-doj:u0019:s00	18	paragraph	paragraph	NOUN	NN	Number=Sing	15	obl	83	92
usc5-552-doj:u0019:s00	19	;	;	PUNCT	,	_	7	punct	92	93
usc5-552-doj:u0019:s00	20	or	or	CCONJ	CC	_	7	conj	94	96
usc5-552-doj:u0020:s00	1	(	(	PUNCT	-LRB-	_	2	punct	0	1
usc5-552-doj:u0020:s00	2	ii	ii	X	LS	_	6	nummod	1	3
usc5-552-doj:u0020:s00	3	)	)	PUNCT	-RRB-	_	2	punct	3	4
usc5-552-doj:u0020:s00	4	the	the	DET	DT	Definite=Def|PronType=Art	5	det	5	8
usc5-552-doj:u0020:s00	5	party	party	NOUN	NN	Number=Sing	6	nsubj	9	14
usc5-552-doj:u0020:s00	6	has	have	VERB	VBZ	Mood=Ind|Number=Sing|Person=3|Tense=Pres|VerbForm=Fin	0	root	15	18
usc5-552-doj:u0020:s00	7	actual	actual	ADJ	JJ	Degree=Pos	10	amod	19	25
usc5-552-doj:u0020:s00	8	and	and	CCONJ	CC	_	9	cc	26	29
usc5-552-doj:u0020:s00	9	timely	timely	ADJ	JJ	Degree=Pos	7	conj	30	36
usc5-552-doj:u0020:s00	10	notice	notice	NOUN	NN	Number=Sing	6	obj	37	43
usc5-552-doj:u0020:s00	11	of	of	ADP	IN	_	14	case	44	46
usc5-552-doj:u0020:s00	12	the	the	DET	DT	Definite=Def|PronType=Art	14	det	47	50
usc5-552-doj:u0020:s00	13	terms	term	NOUN	NNS	Number=Plur	14	compound	51	56
usc5-552-doj:u0020:s00	14	thereof	thereof	NOUN	NN	Number=Sing	10	nmod	57	64
usc5-552-doj:u0020:s00	15	.	.	PUNCT	.	_	6	punct	64	65
usc5-552-doj:u0021:s00	1	(	(	PUNCT	-LRB-	_	2	punct	0	1
usc5-552-doj:u0021:s00	2	3	3	X	LS	_	5	nummod	1	2
usc5-552-doj:u0021:s00	3	)	)	PUNCT	-RRB-	_	2	punct	2	3
usc5-552-doj:u0021:s00	4	(	(	PUNCT	-LRB-	_	2	punct	3	4
usc5-552-doj:u0021:s00	5	A	a	X	LS	_	7	nummod	4	5
usc5-552-doj:u0021:s00	6	)	)	PUNCT	-RRB-	_	5	punct	5	6
usc5-552-doj:u0021:s00	7	Except	except	VERB	VB	Mood=Imp|VerbForm=Fin	0	root	7	13
usc5-552-doj:u0021:s00	8	with	with	ADP	IN	_	9	case	14	18
usc5-552-doj:u0021:s00	9	respect	respect	NOUN	NN	Number=Sing	7	obl	19	26
usc5-552-doj:u0021:s00	10	to	to	ADP	IN	_	12	case	27	29
usc5-552-doj:u0021:s00	11	the	the	DET	DT	Definite=Def|PronType=Art	12	det	30	33
usc5-552-doj:u0021:s00	12	records	record	NOUN	NNS	Number=Plur	9	nmod	34	41
usc5-552-doj:u0021:s00	13	made	make	VERB	VBN	Tense=Past|VerbForm=Part	9	acl	42	46
usc5-552-doj:u0021:s00	14	available	available	ADJ	JJ	Degree=Pos	13	xcomp	47	56
usc5-552-doj:u0021:s00	15	under	under	ADP	IN	_	16	case	57	62
usc5-552-doj:u0021:s00	16	paragraphs	paragraph	NOUN	NNS	Number=Plur	13	obl	63	73
usc5-552-doj:u0021:s00	17	(	(	PUNCT	-LRB-	_	16	punct	74	75
usc5-552-doj:u0021:s00	18	1	1	X	LS	_	16	appos	75	76
usc5-552-doj:u0021:s00	19	)	)	PUNCT	-RRB-	_	16	punct	76	77
usc5-552-doj:u0021:s00	20	and	and	CCONJ	CC	_	59	cc	78	81
usc5-552-doj:u0021:s00	21	(	(	PUNCT	-LRB-	_	22	punct	82	83
usc5-552-doj:u0021:s00	22	2	2	X	LS	_	59	nummod	83	84
usc5-552-doj:u0021:s00	23	)	)	PUNCT	-RRB-	_	22	punct	84	85
usc5-552-doj:u0021:s00	24	of	of	ADP	IN	_	26	case	86	88
usc5-552-doj:u0021:s00	25	this	this	DET	DT	Number=Sing|PronType=Dem	26	det	89	93
usc5-552-doj:u0021:s00	26	subsection	subsection	NOUN	NN	Number=Sing	59	obl	94	104
usc5-552-doj:u0021:s00	27	,	,	PUNCT	,	_	59	punct	104	105
usc5-552-doj:u0021:s00	28	and	and	CCONJ	CC	_	29	cc	106	109
usc5-552-doj:u0021:s00	29	except	except	ADP	IN	_	39	case	110	116
usc5-552-doj:u0021:s00	30	as	as	SCONJ	IN	_	31	mark	117	119
usc5-552-doj:u0021:s00	31	provided	provide	VERB	VBN	Tense=Past|VerbForm=Part	29	advcl	120	128
usc5-552-doj:u0021:s00	32	in	in	ADP	IN	_	33	case	129	131
usc5-552-doj:u0021:s00	33	subparagraph	subparagraph	NOUN	NN	Number=Sing	31	obl	132	144
usc5-552-doj:u0021:s00	34	(	(	PUNCT	-LRB-	_	35	punct	145	146
usc5-552-doj:u0021:s00	35	E	e	PROPN	NNP	Number=Sing	33	appos	146	147
usc5-552-doj:u0021:s00	36	)	)	PUNCT	-RRB-	_	35	punct	147	148
usc5-552-doj:u0021:s00	37	,	,	PUNCT	,	_	39	punct	148	149
usc5-552-doj:u0021:s00	38	each	each	DET	DT	_	39	det	150	154
usc5-552-doj:u0021:s00	39	agency	agency	NOUN	NN	Number=Sing	59	obl	155	161
usc5-552-doj:u0021:s00	40	,	,	PUNCT	,	_	39	punct	161	162
usc5-552-doj:u0021:s00	41	upon	upon	ADP	IN	_	43	case	163	167
usc5-552-doj:u0021:s00	42	any	any	DET	DT	_	43	det	168	171
usc5-552-doj:u0021:s00	43	request	request	NOUN	NN	Number=Sing	59	obl	172	179
usc5-552-doj:u0021:s00	44	for	for	ADP	IN	_	45	case	180	183
usc5-552-doj:u0021:s00	45	records	record	NOUN	NNS	Number=Plur	43	nmod	184	191
usc5-552-doj:u0021:s00	46	which	which	PRON	WDT	PronType=Rel	51	obj	192	197
usc5-552-doj:u0021:s00	47	(	(	PUNCT	-LRB-	_	51	punct	198	199
usc5-552-doj:u0021:s00	48	i	I	PRON	PRP	Case=Nom|Number=Sing|Person=1|PronType=Prs	51	nsubj	199	200
usc5-552-doj:u0021:s00	49	)	)	PUNCT	-RRB-	_	48	punct	200	201
usc5-552-doj:u0021:s00	50	reasonably	reasonably	ADV	RB	_	49	advmod	202	212
usc5-552-doj:u0021:s00	51	describes	describe	VERB	VBZ	Mood=Ind|Number=Sing|Person=3|Tense=Pres|VerbForm=Fin	45	acl:relcl	213	222
usc5-552-doj:u0021:s00	52	such	such	ADJ	JJ	Degree=Pos	53	amod	223	227
usc5-552-doj:u0021:s00	53	records	record	NOUN	NNS	Number=Plur	51	obj	228	235
usc5-552-doj:u0021:s00	54	and	and	CCONJ	CC	_	56	cc	236	239
usc5-552-doj:u0021:s00	55	(	(	PUNCT	-LRB-	_	56	punct	240	241
usc5-552-doj:u0021:s00	56	ii	ii	X	LS	_	53	conj	241	243
usc5-552-doj:u0021:s00	57	)	)	PUNCT	-RRB-	_	56	punct	243	244
usc5-552-doj:u0021:s00	58	is	be	AUX	VBZ	Mood=Ind|Number=Sing|Person=3|Tense=Pres|VerbForm=Fin	59	aux:pass	245	247
usc5-552-doj:u0021:s00	59	made	make	VERB	VBN	Tense=Past|VerbForm=Part|Voice=Pass	7	conj	248	252
usc5-552-doj:u0021:s00	60	in	in	ADP	IN	_	61	case	253	255
usc5-552-doj:u0021:s00	61	accordance	accordance	NOUN	NN	Number=Sing	84	obl	256	266
usc5-552-doj:u0021:s00	62	with	with	ADP	IN	_	64	case	267	271
usc5-552-doj:u0021:s00	63	published	published	VERB	VBN	Tense=Past|VerbForm=Part	64	amod	272	281
usc5-552-doj:u0021:s00	64	rules	rule	NOUN	NNS	Number=Plur	61	nmod	282	287
usc5-552-doj:u0021:s00	65	stating	sta	VERB	VBG	VerbForm=Ger	61	acl	288	295
usc5-552-doj:u0021:s00	66	the	the	DET	DT	Definite=Def|PronType=Art	67	det	296	299
usc5-552-doj:u0021:s00	67	time	time	NOUN	NN	Number=Sing	65	obj	300	304
usc5-552-doj:u0021:s00	68	,	,	PUNCT	,	_	69	punct	304	305
usc5-552-doj:u0021:s00	69	place	place	NOUN	NN	Number=Sing	67	conj	306	311
usc5-552-doj:u0021:s00	70	,	,	PUNCT	,	_	71	punct	311	312
usc5-552-doj:u0021:s00	71	fees	fee	NOUN	NNS	Number=Plur	67	conj	313	317
usc5-552-doj:u0021:s00	72	(	(	PUNCT	-LRB-	_	74	punct	318	319
usc5-552-doj:u0021:s00	73	if	if	SCONJ	IN	_	74	mark	319	321
usc5-552-doj:u0021:s00	74	any	any	DET	DT	_	61	parataxis	322	325
usc5-552-doj:u0021:s00	75	)	)	PUNCT	-RRB-	_	74	punct	325	326
usc5-552-doj:u0021:s00	76	,	,	PUNCT	,	_	78	punct	326	327
usc5-552-doj:u0021:s00	77	and	and	CCONJ	CC	_	78	cc	328	331
usc5-552-doj:u0021:s00	78	procedures	procedure	NOUN	NNS	Number=Plur	61	conj	332	342
usc5-552-doj:u0021:s00	79	to	to	PART	TO	_	81	mark	343	345
usc5-552-doj:u0021:s00	80	be	be	AUX	VB	VerbForm=Inf	81	aux:pass	346	348
usc5-552-doj:u0021:s00	81	followed	follow	VERB	VBN	Tense=Past|VerbForm=Part|Voice=Pass	78	acl	349	357
usc5-552-doj:u0021:s00	82	,	,	PUNCT	,	_	84	punct	357	358
usc5-552-doj:u0021:s00	83	shall	shall	AUX	MD	VerbForm=Fin	84	aux	359	364
usc5-552-doj:u0021:s00	84	make	make	VERB	VB	VerbForm=Inf	59	xcomp	365	369
usc5-552-doj:u0021:s00	85	the	the	DET	DT	Definite=Def|PronType=Art	86	det	370	373
usc5-552-doj:u0021:s00	86	records	record	NOUN	NNS	Number=Plur	84	obj	374	381
usc5-552-doj:u0021:s00	87	promptly	promptly	ADV	RB	_	88	advmod	382	390
usc5-552-doj:u0021:s00	88	available	available	ADJ	JJ	Degree=Pos	84	xcomp	391	400
usc5-552-doj:u0021:s00	89	to	to	ADP	IN	_	91	case	401	403
usc5-552-doj:u0021:s00	90	any	any	DET	DT	_	91	det	404	407
usc5-552-doj:u0021:s00	91	person	person	NOUN	NN	Number=Sing	88	obl	408	414
usc5-552-doj:u0021:s00	92	.	.	PUNCT	.	_	7	punct	414	415
usc5-552-doj:u0022:s00	1	(	(	PUNCT	-LRB-	_	2	punct	0	1
usc5-552-doj:u0022:s00	2	B	b	X	LS	_	0	root	1	2
usc5-552-doj:u0022:s00	3	)	)	PUNCT	-RRB-	_	2	punct	2	3
usc5-552-doj:u0022:s01	1	In	in	SCONJ	IN	_	2	mark	0	2
usc5-552-doj:u0022:s01	2	making	make	VERB	VBG	VerbForm=Ger	16	advcl	3	9
usc5-552-doj:u0022:s01	3	any	any	DET	DT	_	4	det	10	13
usc5-552-doj:u0022:s01	4	record	record	NOUN	NN	Number=Sing	2	obj	14	20
usc5-552-doj:u0022:s01	5	available	available	ADJ	JJ	Degree=Pos	2	xcomp	21	30
usc5-552-doj:u0022:s01	6	to	to	ADP	IN	_	8	case	31	33
usc5-552-doj:u0022:s01	7	a	a	DET	DT	Definite=Ind|PronType=Art	8	det	34	35
usc5-552-doj:u0022:s01	8	person	person	NOUN	NN	Number=Sing	2	obl	36	42
usc5-552-doj:u0022:s01	9	under	under	ADP	IN	_	11	case	43	48
usc5-552-doj:u0022:s01	10	this	this	DET	DT	Number=Sing|PronType=Dem	11	det	49	53
usc5-552-doj:u0022:s01	11	paragraph	paragraph	NOUN	NN	Number=Sing	8	nmod	54	63
usc5-552-doj:u0022:s01	12	,	,	PUNCT	,	_	16	punct	63	64
usc5-552-doj:u0022:s01	13	an	a	DET	DT	Definite=Ind|PronType=Art	14	det	65	67
usc5-552-doj:u0022:s01	14	agency	agency	NOUN	NN	Number=Sing	16	nsubj	68	74
usc5-552-doj:u0022:s01	15	shall	shall	AUX	MD	VerbForm=Fin	16	aux	75	80
usc5-552-doj:u0022:s01	16	provide	provide	VERB	VB	VerbForm=Inf	0	root	81	88
usc5-552-doj:u0022:s01	17	the	the	DET	DT	Definite=Def|PronType=Art	18	det	89	92
usc5-552-doj:u0022:s01	18	record	record	NOUN	NN	Number=Sing	16	obj	93	99
usc5-552-doj:u0022:s01	19	in	in	ADP	IN	_	21	case	100	102
usc5-552-doj:u0022:s01	20	any	any	DET	DT	_	21	det	103	106
usc5-552-doj:u0022:s01	21	form	form	NOUN	NN	Number=Sing	16	obl	107	111
usc5-552-doj:u0022:s01	22	or	or	CCONJ	CC	_	23	cc	112	114
usc5-552-doj:u0022:s01	23	format	format	NOUN	NN	Number=Sing	21	conj	115	121
usc5-552-doj:u0022:s01	24	requested	request	VERB	VBN	Tense=Past|VerbForm=Part	21	acl	122	131
usc5-552-doj:u0022:s01	25	by	by	ADP	IN	_	27	case	132	134
usc5-552-doj:u0022:s01	26	the	the	DET	DT	Definite=Def|PronType=Art	27	det	135	138
usc5-552-doj:u0022:s01	27	person	person	NOUN	NN	Number=Sing	24	obl	139	145
usc5-552-doj:u0022:s01	28	if	if	SCONJ	IN	_	33	mark	146	148
usc5-552-doj:u0022:s01	29	the	the	DET	DT	Definite=Def|PronType=Art	30	det	149	152
usc5-552-doj:u0022:s01	30	record	record	NOUN	NN	Number=Sing	33	nsubj	153	159
usc5-552-doj:u0022:s01	31	is	be	AUX	VBZ	Mood=Ind|Number=Sing|Person=3|Tense=Pres|VerbForm=Fin	33	cop	160	162
usc5-552-doj:u0022:s01	32	readily	readily	ADV	RB	_	33	advmod	163	170
usc5-552-doj:u0022:s01	33	reproducible	reproducible	ADJ	JJ	Degree=Pos	16	advcl	171	183
usc5-552-doj:u0022:s01	34	by	by	ADP	IN	_	36	case	184	186
usc5-552-doj:u0022:s01	35	the	the	DET	DT	Definite=Def|PronType=Art	36	det	187	190
usc5-552-doj:u0022:s01	36	agency	agency	NOUN	NN	Number=Sing	33	obl	191	197
usc5-552-doj:u0022:s01	37	in	in	ADP	IN	_	39	case	198	200
usc5-552-doj:u0022:s01	38	that	that	DET	DT	Number=Sing|PronType=Dem	39	det	201	205
usc5-552-doj:u0022:s01	39	form	form	NOUN	NN	Number=Sing	36	nmod	206	210
usc5-552-doj:u0022:s01	40	or	or	CCONJ	CC	_	41	cc	211	213
usc5-552-doj:u0022:s01	41	format	format	NOUN	NN	Number=Sing	39	conj	214	220
usc5-552-doj:u0022:s01	42	.	.	PUNCT	.	_	16	punct	220	221
usc5-552-doj:u0022:s02	1	Each	each	DET	DT	_	2	det	0	4
usc5-552-doj:u0022:s02	2	agency	agency	NOUN	NN	Number=Sing	4	nsubj	5	11
usc5-552-doj:u0022:s02	3	shall	shall	AUX	MD	VerbForm=Fin	4	aux	12	17
usc5-552-doj:u0022:s02	4	make	make	VERB	VB	VerbForm=Inf	0	root	18	22
usc5-552-doj:u0022:s02	5	reasonable	reasonable	ADJ	JJ	Degree=Pos	6	amod	23	33
usc5-552-doj:u0022:s02	6	efforts	effort	NOUN	NNS	Number=Plur	4	obj	34	41
usc5-552-doj:u0022:s02	7	to	to	PART	TO	_	8	mark	42	44
usc5-552-doj:u0022:s02	8	maintain	maintain	VERB	VB	VerbForm=Inf	4	advcl	45	53
usc5-552-doj:u0022:s02	9	its	its	PRON	PRP$	Gender=Neut|Number=Sing|Person=3|Poss=Yes|PronType=Prs	10	nmod:poss	54	57
usc5-552-doj:u0022:s02	10	records	record	NOUN	NNS	Number=Plur	8	obj	58	65
usc5-552-doj:u0022:s02	11	in	in	ADP	IN	_	12	case	66	68
usc5-552-doj:u0022:s02	12	forms	form	NOUN	NNS	Number=Plur	10	nmod	69	74
usc5-552-doj:u0022:s02	13	or	or	CCONJ	CC	_	14	cc	75	77
usc5-552-doj:u0022:s02	14	formats	format	NOUN	NNS	Number=Plur	12	conj	78	85
usc5-552-doj:u0022:s02	15	that	that	PRON	WDT	PronType=Rel	17	nsubj	86	90
usc5-552-doj:u0022:s02	16	are	be	AUX	VBP	Mood=Ind|Tense=Pres|VerbForm=Fin	17	cop	91	94
usc5-552-doj:u0022:s02	17	reproducible	reproducible	ADJ	JJ	Degree=Pos	12	acl:relcl	95	107
usc5-552-doj:u0022:s02	18	for	for	ADP	IN	_	19	case	108	111
usc5-552-doj:u0022:s02	19	purposes	purpose	NOUN	NNS	Number=Plur	17	obl	112	120
usc5-552-doj:u0022:s02	20	of	of	ADP	IN	_	22	case	121	123
usc5-552-doj:u0022:s02	21	this	this	DET	DT	Number=Sing|PronType=Dem	22	det	124	128
usc5-552-doj:u0022:s02	22	section	section	NOUN	NN	Number=Sing	19	nmod	129	136
usc5-552-doj:u0022:s02	23	.	.	PUNCT	.	_	4	punct	136	137
usc5-552-doj:u0023:s00	1	(	(	PUNCT	-LRB-	_	2	punct	0	1
usc5-552-doj:u0023:s00	2	C	c	X	LS	_	0	root	1	2
usc5-552-doj:u0023:s00	3	)	)	PUNCT	-RRB-	_	2	punct	2	3
usc5-552-doj:u0023:s01	1	In	in	ADP	IN	_	2	case	0	2
usc5-552-doj:u0023:s01	2	responding	respond	NOUN	NN	Number=Sing	15	obl	3	13
usc5-552-doj:u0023:s01	3	under	under	ADP	IN	_	5	case	14	19
usc5-552-doj:u0023:s01	4	this	this	DET	DT	Number=Sing|PronType=Dem	5	det	20	24
usc5-552-doj:u0023:s01	5	paragraph	paragraph	NOUN	NN	Number=Sing	2	nmod	25	34
usc5-552-doj:u0023:s01	6	to	to	ADP	IN	_	8	case	35	37
usc5-552-doj:u0023:s01	7	a	a	DET	DT	Definite=Ind|PronType=Art	8	det	38	39
usc5-552-doj:u0023:s01	8	request	request	NOUN	NN	Number=Sing	2	nmod	40	47
usc5-552-doj:u0023:s01	9	for	for	ADP	IN	_	10	case	48	51
usc5-552-doj:u0023:s01	10	records	record	NOUN	NNS	Number=Plur	8	nmod	52	59
usc5-552-doj:u0023:s01	11	,	,	PUNCT	,	_	15	punct	59	60
usc5-552-doj:u0023:s01	12	an	a	DET	DT	Definite=Ind|PronType=Art	13	det	61	63
usc5-552-doj:u0023:s01	13	agency	agency	NOUN	NN	Number=Sing	15	nsubj	64	70
usc5-552-doj:u0023:s01	14	shall	shall	AUX	MD	VerbForm=Fin	15	aux	71	76
usc5-552-doj:u0023:s01	15	make	make	VERB	VB	VerbForm=Inf	0	root	77	81
usc5-552-doj:u0023:s01	16	reasonable	reasonable	ADJ	JJ	Degree=Pos	17	amod	82	92
usc5-552-doj:u0023:s01	17	efforts	effort	NOUN	NNS	Number=Plur	15	obj	93	100
usc5-552-doj:u0023:s01	18	to	to	PART	TO	_	19	mark	101	103
usc5-552-doj:u0023:s01	19	search	search	VERB	VB	VerbForm=Inf	15	xcomp	104	110
usc5-552-doj:u0023:s01	20	for	for	ADP	IN	_	22	case	111	114
usc5-552-doj:u0023:s01	21	the	the	DET	DT	Definite=Def|PronType=Art	22	det	115	118
usc5-552-doj:u0023:s01	22	records	record	NOUN	NNS	Number=Plur	19	obl	119	126
usc5-552-doj:u0023:s01	23	in	in	ADP	IN	_	25	case	127	129
usc5-552-doj:u0023:s01	24	electronic	electronic	ADJ	JJ	Degree=Pos	25	amod	130	140
usc5-552-doj:u0023:s01	25	form	form	NOUN	NN	Number=Sing	22	nmod	141	145
usc5-552-doj:u0023:s01	26	or	or	CCONJ	CC	_	27	cc	146	148
usc5-552-doj:u0023:s01	27	format	format	NOUN	NN	Number=Sing	25	conj	149	155
usc5-552-doj:u0023:s01	28	,	,	PUNCT	,	_	19	punct	155	156
usc5-552-doj:u0023:s01	29	except	except	ADP	IN	_	30	case	157	163
usc5-552-doj:u0023:s01	30	when	when	ADV	WRB	PronType=Int	35	mark	164	168
usc5-552-doj:u0023:s01	31	such	such	ADJ	JJ	Degree=Pos	32	amod	169	173
usc5-552-doj:u0023:s01	32	efforts	effort	NOUN	NNS	Number=Plur	35	nsubj	174	181
usc5-552-doj:u0023:s01	33	would	would	AUX	MD	VerbForm=Fin	35	aux	182	187
usc5-552-doj:u0023:s01	34	significantly	significantly	ADV	RB	_	35	advmod	188	201
usc5-552-doj:u0023:s01	35	interfere	interfere	VERB	VB	VerbForm=Inf	19	advcl	202	211
usc5-552-doj:u0023:s01	36	with	with	ADP	IN	_	38	case	212	216
usc5-552-doj:u0023:s01	37	the	the	DET	DT	Definite=Def|PronType=Art	38	det	217	220
usc5-552-doj:u0023:s01	38	operation	operation	NOUN	NN	Number=Sing	35	obl	221	230
usc5-552-doj:u0023:s01	39	of	of	ADP	IN	_	45	case	231	233
usc5-552-doj:u0023:s01	40	the	the	DET	DT	Definite=Def|PronType=Art	41	det	234	237
usc5-552-doj:u0023:s01	41	agency	agency	NOUN	NN	Number=Sing	45	nmod:poss	238	244
usc5-552-doj:u0023:s01	42	's	's	PART	POS	_	41	case	244	246
usc5-552-doj:u0023:s01	43	automated	automate	ADJ	JJ	Degree=Pos	45	amod	247	256
usc5-552-doj:u0023:s01	44	information	information	NOUN	NN	Number=Sing	45	compound	257	268
usc5-552-doj:u0023:s01	45	system	system	NOUN	NN	Number=Sing	38	nmod	269	275
usc5-552-doj:u0023:s01	46	.	.	PUNCT	.	_	15	punct	275	276
usc5-552-doj:u0024:s00	1	(	(	PUNCT	-LRB-	_	2	punct	0	1
usc5-552-doj:u0024:s00	2	D	d	PROPN	NNP	Number=Sing	0	root	1	2
usc5-552-doj:u0024:s00	3	)	)	PUNCT	-RRB-	_	2	punct	2	3
usc5-552-doj:u0024:s01	1	For	for	ADP	IN	_	2	case	0	3
usc5-552-doj:u0024:s01	2	purposes	purpose	NOUN	NNS	Number=Plur	12	obl	4	12
usc5-552-doj:u0024:s01	3	of	of	ADP	IN	_	5	case	13	15
usc5-552-doj:u0024:s01	4	this	this	DET	DT	Number=Sing|PronType=Dem	5	det	16	20
usc5-552-doj:u0024:s01	5	paragraph	paragraph	NOUN	NN	Number=Sing	2	nmod	21	30
usc5-552-doj:u0024:s01	6	,	,	PUNCT	,	_	12	punct	30	31
usc5-552-doj:u0024:s01	7	the	the	DET	DT	Definite=Def|PronType=Art	10	det	32	35
usc5-552-doj:u0024:s01	8	term	term	NOUN	NN	Number=Sing	10	compound	36	40
usc5-552-doj:u0024:s01	9	"	"	PUNCT	``	_	10	punct	41	42
usc5-552-doj:u0024:s01	10	search	search	NOUN	NN	Number=Sing	12	nsubj	42	48
usc5-552-doj:u0024:s01	11	"	"	PUNCT	''	_	10	punct	48	49
usc5-552-doj:u0024:s01	12	means	mean	VERB	VBZ	Mood=Ind|Number=Sing|Person=3|Tense=Pres|VerbForm=Fin	0	root	50	55
usc5-552-doj:u0024:s01	13	to	to	PART	TO	_	14	mark	56	58
usc5-552-doj:u0024:s01	14	review	review	VERB	VB	VerbForm=Inf	12	xcomp	59	65
usc5-552-doj:u0024:s01	15	,	,	PUNCT	,	_	16	punct	65	66
usc5-552-doj:u0024:s01	16	manually	manually	ADV	RB	_	14	advmod	67	75
usc5-552-doj:u0024:s01	17	or	or	CCONJ	CC	_	20	cc	76	78
usc5-552-doj:u0024:s01	18	by	by	ADP	IN	_	20	case	79	81
usc5-552-doj:u0024:s01	19	automated	automated	ADJ	JJ	Degree=Pos	20	amod	82	91
usc5-552-doj:u0024:s01	20	means	means	NOUN	NNS	Number=Plur	14	conj	92	97
usc5-552-doj:u0024:s01	21	,	,	PUNCT	,	_	23	punct	97	98
usc5-552-doj:u0024:s01	22	agency	agency	NOUN	NN	Number=Sing	23	compound	99	105
usc5-552-doj:u0024:s01	23	records	record	NOUN	NNS	Number=Plur	14	conj	106	113
usc5-552-doj:u0024:s01	24	for	for	ADP	IN	_	26	case	114	117
usc5-552-doj:u0024:s01	25	the	the	DET	DT	Definite=Def|PronType=Art	26	det	118	121
usc5-552-doj:u0024:s01	26	purpose	purpose	NOUN	NN	Number=Sing	23	nmod	122	129
usc5-552-doj:u0024:s01	27	of	of	SCONJ	IN	_	28	mark	130	132
usc5-552-doj:u0024:s01	28	locating	locate	VERB	VBG	VerbForm=Ger	26	acl	133	141
usc5-552-doj:u0024:s01	29	those	those	DET	DT	Number=Plur|PronType=Dem	30	det	142	147
usc5-552-doj:u0024:s01	30	records	record	NOUN	NNS	Number=Plur	28	obj	148	155
usc5-552-doj:u0024:s01	31	which	which	PRON	WDT	PronType=Rel	33	nsubj	156	161
usc5-552-doj:u0024:s01	32	are	be	AUX	VBP	Mood=Ind|Tense=Pres|VerbForm=Fin	33	cop	162	165
usc5-552-doj:u0024:s01	33	responsive	responsive	ADJ	JJ	Degree=Pos	30	acl:relcl	166	176
usc5-552-doj:u0024:s01	34	to	to	ADP	IN	_	36	case	177	179
usc5-552-doj:u0024:s01	35	a	a	DET	DT	Definite=Ind|PronType=Art	36	det	180	181
usc5-552-doj:u0024:s01	36	request	request	NOUN	NN	Number=Sing	33	obl	182	189
usc5-552-doj:u0024:s01	37	.	.	PUNCT	.	_	12	punct	189	190
usc5-552-doj:u0025:s00	1	(	(	PUNCT	-LRB-	_	2	punct	0	1
usc5-552-doj:u0025:s00	2	E	e	PROPN	NNP	Number=Sing	0	root	1	2
usc5-552-doj:u0025:s00	3	)	)	PUNCT	-RRB-	_	2	punct	2	3
usc5-552-doj:u0025:s00	4	An	a	DET	DT	Definite=Ind|PronType=Art	5	det	4	6
usc5-552-doj:u0025:s00	5	agency	agency	NOUN	NN	Number=Sing	52	nsubj	7	13
usc5-552-doj:u0025:s00	6	,	,	PUNCT	,	_	8	punct	13	14
usc5-552-doj:u0025:s00	7	or	or	CCONJ	CC	_	8	cc	15	17
usc5-552-doj:u0025:s00	8	part	part	NOUN	NN	Number=Sing	5	conj	18	22
usc5-552-doj:u0025:s00	9	of	of	ADP	IN	_	11	case	23	25
usc5-552-doj:u0025:s00	10	an	a	DET	DT	Definite=Ind|PronType=Art	11	det	26	28
usc5-552-doj:u0025:s00	11	agency	agency	NOUN	NN	Number=Sing	5	nmod	29	35
usc5-552-doj:u0025:s00	12	,	,	PUNCT	,	_	5	punct	35	36
usc5-552-doj:u0025:s00	13	that	that	PRON	DT	Number=Sing|PronType=Dem	16	nsubj	37	41
usc5-552-doj:u0025:s00	14	is	be	AUX	VBZ	Mood=Ind|Number=Sing|Person=3|Tense=Pres|VerbForm=Fin	16	cop	42	44
usc5-552-doj:u0025:s00	15	an	a	DET	DT	Definite=Ind|PronType=Art	16	det	45	47
usc5-552-doj:u0025:s00	16	element	element	NOUN	NN	Number=Sing	5	parataxis	48	55
usc5-552-doj:u0025:s00	17	of	of	ADP	IN	_	20	case	56	58
usc5-552-doj:u0025:s00	18	the	the	DET	DT	Definite=Def|PronType=Art	20	det	59	62
usc5-552-doj:u0025:s00	19	intelligence	intelligence	NOUN	NN	Number=Sing	20	compound	63	75
usc5-552-doj:u0025:s00	20	community	community	NOUN	NN	Number=Sing	16	nmod	76	85
usc5-552-doj:u0025:s00	21	(	(	PUNCT	-LRB-	_	26	punct	86	87
usc5-552-doj:u0025:s00	22	as	as	SCONJ	IN	_	26	mark	87	89
usc5-552-doj:u0025:s00	23	that	that	DET	DT	Number=Sing|PronType=Dem	24	det	90	94
usc5-552-doj:u0025:s00	24	term	term	NOUN	NN	Number=Sing	26	nsubj:pass	95	99
usc5-552-doj:u0025:s00	25	is	be	AUX	VBZ	Mood=Ind|Number=Sing|Person=3|Tense=Pres|VerbForm=Fin	26	aux:pass	100	102
usc5-552-doj:u0025:s00	26	defined	define	VERB	VBN	Tense=Past|VerbForm=Part|Voice=Pass	52	csubj	103	110
usc5-552-doj:u0025:s00	27	in	in	ADP	IN	_	28	case	111	113
usc5-552-doj:u0025:s00	28	section	section	NOUN	NN	Number=Sing	26	obl	114	121
usc5-552-doj:u0025:s00	29	3	3	NUM	CD	NumType=Card	28	nummod	122	123
usc5-552-doj:u0025:s00	30	(	(	PUNCT	-LRB-	_	31	punct	123	124
usc5-552-doj:u0025:s00	31	4	4	NUM	CD	NumType=Card	29	appos	124	125
usc5-552-doj:u0025:s00	32	)	)	PUNCT	-RRB-	_	31	punct	125	126
usc5-552-doj:u0025:s00	33	of	of	ADP	IN	_	37	case	127	129
usc5-552-doj:u0025:s00	34	the	the	DET	DT	Definite=Def|PronType=Art	37	det	130	133
usc5-552-doj:u0025:s00	35	National	National	PROPN	NNP	Number=Sing	36	compound	134	142
usc5-552-doj:u0025:s00	36	Security	Security	PROPN	NNP	Number=Sing	37	compound	143	151
usc5-552-doj:u0025:s00	37	Act	Act	PROPN	NNP	Number=Sing	28	nmod	152	155
usc5-552-doj:u0025:s00	38	of	of	ADP	IN	_	42	case	156	158
usc5-552-doj:u0025:s00	39	1947	1947	NUM	CD	NumType=Card	42	nummod	159	163
usc5-552-doj:u0025:s00	40	(	(	PUNCT	-LRB-	_	42	punct	164	165
usc5-552-doj:u0025:s00	41	50	50	NUM	CD	NumType=Card	42	nummod	165	167
usc5-552-doj:u0025:s00	42	U.S.C.	U.S.C.	NOUN	NN	Number=Sing	28	nmod	168	174
usc5-552-doj:u0025:s00	43	401	401	NUM	CD	NumType=Card	42	appos	175	178
usc5-552-doj:u0025:s00	44	a	a	DET	DT	Definite=Ind|PronType=Art	46	det	178	179
usc5-552-doj:u0025:s00	45	(	(	PUNCT	-LRB-	_	46	punct	179	180
usc5-552-doj:u0025:s00	46	4	4	NUM	CD	NumType=Card	43	appos	180	181
usc5-552-doj:u0025:s00	47	)	)	PUNCT	-RRB-	_	46	punct	181	182
usc5-552-doj:u0025:s00	48	)	)	PUNCT	-RRB-	_	46	punct	182	183
usc5-552-doj:u0025:s00	49	)	)	PUNCT	-RRB-	_	46	punct	183	184
usc5-552-doj:u0025:s00	50	shall	shall	AUX	MD	VerbForm=Fin	52	aux	185	190
usc5-552-doj:u0025:s00	51	not	not	PART	RB	_	52	advmod	191	194
usc5-552-doj:u0025:s00	52	make	make	VERB	VB	VerbForm=Inf	2	parataxis	195	199
usc5-552-doj:u0025:s00	53	any	any	DET	DT	_	54	det	200	203
usc5-552-doj:u0025:s00	54	record	record	NOUN	NN	Number=Sing	52	obj	204	210
usc5-552-doj:u0025:s00	55	available	available	ADJ	JJ	Degree=Pos	54	amod	211	220
usc5-552-doj:u0025:s00	56	under	under	ADP	IN	_	58	case	221	226
usc5-552-doj:u0025:s00	57	this	this	DET	DT	Number=Sing|PronType=Dem	58	det	227	231
usc5-552-doj:u0025:s00	58	paragraph	paragraph	NOUN	NN	Number=Sing	52	obl	232	241
usc5-552-doj:u0025:s00	59	to	to	ADP	IN	_	52	obl	242	244
usc5-552-doj:u0025:s00	60	—	-	PUNCT	:	_	2	punct	244	245
usc5-552-doj:u0026:s00	1	(	(	PUNCT	-LRB-	_	2	punct	0	1
usc5-552-doj:u0026:s00	2	i	i	X	LS	_	6	nummod	1	2
usc5-552-doj:u0026:s00	3	)	)	PUNCT	-RRB-	_	2	punct	2	3
usc5-552-doj:u0026:s00	4	any	any	DET	DT	_	6	det	4	7
usc5-552-doj:u0026:s00	5	government	government	NOUN	NN	Number=Sing	6	compound	8	18
usc5-552-doj:u0026:s00	6	entity	entity	NOUN	NN	Number=Sing	0	root	19	25
usc5-552-doj:u0026:s00	7	,	,	PUNCT	,	_	6	punct	25	26
usc5-552-doj:u0026:s00	8	other	other	ADJ	JJ	Degree=Pos	6	amod	27	32
usc5-552-doj:u0026:s00	9	than	than	ADP	IN	_	11	case	33	37
usc5-552-doj:u0026:s00	10	a	a	DET	DT	Definite=Ind|PronType=Art	11	det	38	39
usc5-552-doj:u0026:s00	11	State	State	NOUN	NN	Number=Sing	8	obl	40	45
usc5-552-doj:u0026:s00	12	,	,	PUNCT	,	_	13	punct	45	46
usc5-552-doj:u0026:s00	13	territory	territory	NOUN	NN	Number=Sing	11	conj	47	56
usc5-552-doj:u0026:s00	14	,	,	PUNCT	,	_	15	punct	56	57
usc5-552-doj:u0026:s00	15	commonwealth	commonwealth	NOUN	NN	Number=Sing	11	conj	58	70
usc5-552-doj:u0026:s00	16	,	,	PUNCT	,	_	18	punct	70	71
usc5-552-doj:u0026:s00	17	or	or	CCONJ	CC	_	18	cc	72	74
usc5-552-doj:u0026:s00	18	district	district	NOUN	NN	Number=Sing	11	conj	75	83
usc5-552-doj:u0026:s00	19	of	of	ADP	IN	_	22	case	84	86
usc5-552-doj:u0026:s00	20	the	the	DET	DT	Definite=Def|PronType=Art	22	det	87	90
usc5-552-doj:u0026:s00	21	United	United	PROPN	NNP	Number=Sing	22	compound	91	97
usc5-552-doj:u0026:s00	22	States	States	PROPN	NNP	Number=Sing	18	nmod	98	104
usc5-552-doj:u0026:s00	23	,	,	PUNCT	,	_	27	punct	104	105
usc5-552-doj:u0026:s00	24	or	or	CCONJ	CC	_	27	cc	106	108
usc5-552-doj:u0026:s00	25	any	any	DET	DT	_	27	det	109	112
usc5-552-doj:u0026:s00	26	subdivision	subdivision	NOUN	NN	Number=Sing	27	compound	113	124
usc5-552-doj:u0026:s00	27	thereof	thereof	NOUN	NN	Number=Sing	11	conj	125	132
usc5-552-doj:u0026:s00	28	;	;	PUNCT	,	_	6	punct	132	133
usc5-552-doj:u0026:s00	29	or	or	CCONJ	CC	_	6	cc	134	136
usc5-552-doj:u0027:s00	1	(	(	PUNCT	-LRB-	_	2	punct	0	1
usc5-552-doj:u0027:s00	2	ii	ii	X	LS	_	0	root	1	3
usc5-552-doj:u0027:s00	3	)	)	PUNCT	-RRB-	_	2	punct	3	4
usc5-552-doj:u0027:s00	4	a	a	DET	DT	Definite=Ind|PronType=Art	5	det	5	6
usc5-552-doj:u0027:s00	5	representative	representative	NOUN	NN	Number=Sing	2	appos	7	21
usc5-552-doj:u0027:s00	6	of	of	ADP	IN	_	9	case	22	24
usc5-552-doj:u0027:s00	7	a	a	DET	DT	Definite=Ind|PronType=Art	9	det	25	26
usc5-552-doj:u0027:s00	8	government	government	NOUN	NN	Number=Sing	9	compound	27	37
usc5-552-doj:u0027:s00	9	entity	entity	NOUN	NN	Number=Sing	5	nmod	38	44
usc5-552-doj:u0027:s00	10	described	describe	VERB	VBN	Tense=Past|VerbForm=Part	9	acl	45	54
usc5-552-doj:u0027:s00	11	in	in	ADP	IN	_	12	case	55	57
usc5-552-doj:u0027:s00	12	clause	clause	NOUN	NN	Number=Sing	10	obl	58	64
usc5-552-doj:u0027:s00	13	(	(	PUNCT	-LRB-	_	14	punct	65	66
usc5-552-doj:u0027:s00	14	i	i	PRON	PRP	Case=Nom|Number=Sing|Person=1|PronType=Prs	15	nsubj	66	67
usc5-552-doj:u0027:s00	15	)	)	PUNCT	-RRB-	_	5	punct	67	68
usc5-552-doj:u0027:s00	16	.	.	PUNCT	.	_	2	punct	68	69
usc5-552-doj:u0028:s00	1	(	(	PUNCT	-LRB-	_	2	punct	0	1
usc5-552-doj:u0028:s00	2	4	4	X	LS	_	5	nummod	1	2
usc5-552-doj:u0028:s00	3	)	)	PUNCT	-RRB-	_	2	punct	2	3
usc5-552-doj:u0028:s00	4	(	(	PUNCT	-LRB-	_	2	punct	3	4
usc5-552-doj:u0028:s00	5	A	a	PROPN	NNP	Number=Sing	24	obl	4	5
usc5-552-doj:u0028:s00	6	)	)	PUNCT	-RRB-	_	5	punct	5	6
usc5-552-doj:u0028:s00	7	(	(	PUNCT	-LRB-	_	5	punct	6	7
usc5-552-doj:u0028:s00	8	i	i	X	LS	_	5	appos	7	8
usc5-552-doj:u0028:s00	9	)	)	PUNCT	-RRB-	_	5	punct	8	9
usc5-552-doj:u0028:s00	10	In	in	ADP	IN	_	13	mark	10	12
usc5-552-doj:u0028:s00	11	order	order	NOUN	NN	Number=Sing	10	fixed	13	18
usc5-552-doj:u0028:s00	12	to	to	PART	TO	_	13	mark	19	21
usc5-552-doj:u0028:s00	13	carry	carry	VERB	VB	VerbForm=Inf	5	acl	22	27
usc5-552-doj:u0028:s00	14	out	out	ADP	RP	_	16	case	28	31
usc5-552-doj:u0028:s00	15	the	the	DET	DT	Definite=Def|PronType=Art	16	det	32	35
usc5-552-doj:u0028:s00	16	provisions	provision	NOUN	NNS	Number=Plur	13	obl	36	46
usc5-552-doj:u0028:s00	17	of	of	ADP	IN	_	19	case	47	49
usc5-552-doj:u0028:s00	18	this	this	DET	DT	Number=Sing|PronType=Dem	19	det	50	54
usc5-552-doj:u0028:s00	19	section	section	NOUN	NN	Number=Sing	16	nmod	55	62
usc5-552-doj:u0028:s00	20	,	,	PUNCT	,	_	24	punct	62	63
usc5-552-doj:u0028:s00	21	each	each	DET	DT	_	22	det	64	68
usc5-552-doj:u0028:s00	22	agency	agency	NOUN	NN	Number=Sing	24	nsubj	69	75
usc5-552-doj:u0028:s00	23	shall	shall	AUX	MD	VerbForm=Fin	24	aux	76	81
usc5-552-doj:u0028:s00	24	promulgate	promulgate	VERB	VB	VerbForm=Inf	0	root	82	92
usc5-552-doj:u0028:s00	25	regulations	regulation	NOUN	NNS	Number=Plur	24	obj	93	104
usc5-552-doj:u0028:s00	26	,	,	PUNCT	,	_	24	punct	104	105
usc5-552-doj:u0028:s00	27	pursuant	pursuant	ADV	RB	_	29	advmod	106	114
usc5-552-doj:u0028:s00	28	to	to	PART	TO	_	29	mark	115	117
usc5-552-doj:u0028:s00	29	notice	notice	VERB	VB	VerbForm=Inf	24	advcl	118	124
usc5-552-doj:u0028:s00	30	and	and	CCONJ	CC	_	31	cc	125	128
usc5-552-doj:u0028:s00	31	receipt	receipt	NOUN	NN	Number=Sing	29	conj	129	136
usc5-552-doj:u0028:s00	32	of	of	ADP	IN	_	34	case	137	139
usc5-552-doj:u0028:s00	33	public	public	ADJ	JJ	Degree=Pos	34	amod	140	146
usc5-552-doj:u0028:s00	34	comment	comment	NOUN	NN	Number=Sing	31	nmod	147	154
usc5-552-doj:u0028:s00	35	,	,	PUNCT	,	_	29	punct	154	155
usc5-552-doj:u0028:s00	36	specifying	specify	VERB	VBG	VerbForm=Ger	29	xcomp	156	166
usc5-552-doj:u0028:s00	37	the	the	DET	DT	Definite=Def|PronType=Art	38	det	167	170
usc5-552-doj:u0028:s00	38	schedule	schedule	NOUN	NN	Number=Sing	36	obj	171	179
usc5-552-doj:u0028:s00	39	of	of	ADP	IN	_	40	case	180	182
usc5-552-doj:u0028:s00	40	fees	fee	NOUN	NNS	Number=Plur	38	nmod	183	187
usc5-552-doj:u0028:s00	41	applicable	applicable	ADJ	JJ	Degree=Pos	40	amod	188	198
usc5-552-doj:u0028:s00	42	to	to	ADP	IN	_	44	case	199	201
usc5-552-doj:u0028:s00	43	the	the	DET	DT	Definite=Def|PronType=Art	44	det	202	205
usc5-552-doj:u0028:s00	44	processing	processing	NOUN	NN	Number=Sing	41	obl	206	216
usc5-552-doj:u0028:s00	45	of	of	ADP	IN	_	46	case	217	219
usc5-552-doj:u0028:s00	46	requests	request	NOUN	NNS	Number=Plur	44	nmod	220	228
usc5-552-doj:u0028:s00	47	under	under	ADP	IN	_	49	case	229	234
usc5-552-doj:u0028:s00	48	this	this	DET	DT	Number=Sing|PronType=Dem	49	det	235	239
usc5-552-doj:u0028:s00	49	section	section	NOUN	NN	Number=Sing	46	nmod	240	247
usc5-552-doj:u0028:s00	50	and	and	CCONJ	CC	_	51	cc	248	251
usc5-552-doj:u0028:s00	51	establishing	establish	VERB	VBG	VerbForm=Ger	36	conj	252	264
usc5-552-doj:u0028:s00	52	procedures	procedure	NOUN	NNS	Number=Plur	51	obj	265	275
usc5-552-doj:u0028:s00	53	and	and	CCONJ	CC	_	54	cc	276	279
usc5-552-doj:u0028:s00	54	guidelines	guideline	NOUN	NNS	Number=Plur	52	conj	280	290
usc5-552-doj:u0028:s00	55	for	for	SCONJ	IN	_	56	mark	291	294
usc5-552-doj:u0028:s00	56	determining	determine	VERB	VBG	VerbForm=Ger	51	advcl	295	306
usc5-552-doj:u0028:s00	57	when	when	ADV	WRB	PronType=Int	62	mark	307	311
usc5-552-doj:u0028:s00	58	such	such	ADJ	JJ	Degree=Pos	59	amod	312	316
usc5-552-doj:u0028:s00	59	fees	fee	NOUN	NNS	Number=Plur	62	nsubj:pass	317	321
usc5-552-doj:u0028:s00	60	should	should	AUX	MD	VerbForm=Fin	62	aux	322	328
usc5-552-doj:u0028:s00	61	be	be	AUX	VB	VerbForm=Inf	62	aux:pass	329	331
usc5-552-doj:u0028:s00	62	waived	waive	VERB	VBN	Tense=Past|VerbForm=Part|Voice=Pass	56	advcl	332	338
usc5-552-doj:u0028:s00	63	or	or	CCONJ	CC	_	64	cc	339	341
usc5-552-doj:u0028:s00	64	reduced	reduce	VERB	VBN	Tense=Past|VerbForm=Part	62	conj	342	349
usc5-552-doj:u0028:s00	65	.	.	PUNCT	.	_	24	punct	349	350
usc5-552-doj:u0028:s01	1	Such	such	ADJ	JJ	Degree=Pos	2	amod	0	4
usc5-552-doj:u0028:s01	2	schedule	schedule	NOUN	NN	Number=Sing	4	nsubj	5	13
usc5-552-doj:u0028:s01	3	shall	shall	AUX	MD	VerbForm=Fin	4	aux	14	19
usc5-552-doj:u0028:s01	4	conform	conform	VERB	VB	VerbForm=Inf	0	root	20	27
usc5-552-doj:u0028:s01	5	to	to	ADP	IN	_	7	case	28	30
usc5-552-doj:u0028:s01	6	the	the	DET	DT	Definite=Def|PronType=Art	7	det	31	34
usc5-552-doj:u0028:s01	7	guidelines	guideline	NOUN	NNS	Number=Plur	4	obl	35	45
usc5-552-doj:u0028:s01	8	which	which	PRON	WDT	PronType=Rel	11	nsubj:pass	46	51
usc5-552-doj:u0028:s01	9	shall	shall	AUX	MD	VerbForm=Fin	11	aux	52	57
usc5-552-doj:u0028:s01	10	be	be	AUX	VB	VerbForm=Inf	11	aux:pass	58	60
usc5-552-doj:u0028:s01	11	promulgated	promulgate	VERB	VBN	Tense=Past|VerbForm=Part|Voice=Pass	7	acl:relcl	61	72
usc5-552-doj:u0028:s01	12	,	,	PUNCT	,	_	15	punct	72	73
usc5-552-doj:u0028:s01	13	pursuant	pursuant	ADV	RB	_	15	advmod	74	82
usc5-552-doj:u0028:s01	14	to	to	PART	TO	_	15	mark	83	85
usc5-552-doj:u0028:s01	15	notice	notice	VERB	VB	VerbForm=Inf	4	conj	86	92
usc5-552-doj:u0028:s01	16	and	and	CCONJ	CC	_	17	cc	93	96
usc5-552-doj:u0028:s01	17	receipt	receipt	NOUN	NN	Number=Sing	15	conj	97	104
usc5-552-doj:u0028:s01	18	of	of	ADP	IN	_	20	case	105	107
usc5-552-doj:u0028:s01	19	public	public	ADJ	JJ	Degree=Pos	20	amod	108	114
usc5-552-doj:u0028:s01	20	comment	comment	NOUN	NN	Number=Sing	17	nmod	115	122
usc5-552-doj:u0028:s01	21	,	,	PUNCT	,	_	4	punct	122	123
usc5-552-doj:u0028:s01	22	by	by	ADP	IN	_	24	case	124	126
usc5-552-doj:u0028:s01	23	the	the	DET	DT	Definite=Def|PronType=Art	24	det	127	130
usc5-552-doj:u0028:s01	24	Director	Director	NOUN	NN	Number=Sing	4	obl	131	139
usc5-552-doj:u0028:s01	25	of	of	ADP	IN	_	27	case	140	142
usc5-552-doj:u0028:s01	26	the	the	DET	DT	Definite=Def|PronType=Art	27	det	143	146
usc5-552-doj:u0028:s01	27	Office	Office	PROPN	NNP	Number=Sing	24	nmod	147	153
usc5-552-doj:u0028:s01	28	of	of	ADP	IN	_	29	case	154	156
usc5-552-doj:u0028:s01	29	Management	management	PROPN	NNP	Number=Sing	27	nmod	157	167
usc5-552-doj:u0028:s01	30	and	and	CCONJ	CC	_	31	cc	168	171
usc5-552-doj:u0028:s01	31	Budget	budget	PROPN	NNP	Number=Sing	29	conj	172	178
usc5-552-doj:u0028:s01	32	and	and	CCONJ	CC	_	35	cc	179	182
usc5-552-doj:u0028:s01	33	which	which	PRON	WDT	PronType=Int	35	nsubj	183	188
usc5-552-doj:u0028:s01	34	shall	shall	AUX	MD	VerbForm=Fin	35	aux	189	194
usc5-552-doj:u0028:s01	35	provide	provide	VERB	VB	VerbForm=Inf	4	conj	195	202
usc5-552-doj:u0028:s01	36	for	for	ADP	IN	_	39	case	203	206
usc5-552-doj:u0028:s01	37	a	a	DET	DT	Definite=Ind|PronType=Art	39	det	207	208
usc5-552-doj:u0028:s01	38	uniform	uniform	NOUN	NN	Number=Sing	39	compound	209	216
usc5-552-doj:u0028:s01	39	schedule	schedule	NOUN	NN	Number=Sing	35	obl	217	225
usc5-552-doj:u0028:s01	40	of	of	ADP	IN	_	41	case	226	228
usc5-552-doj:u0028:s01	41	fees	fee	NOUN	NNS	Number=Plur	39	nmod	229	233
usc5-552-doj:u0028:s01	42	for	for	ADP	IN	_	44	case	234	237
usc5-552-doj:u0028:s01	43	all	all	DET	DT	_	44	det	238	241
usc5-552-doj:u0028:s01	44	agencies	agency	NOUN	NNS	Number=Plur	41	nmod	242	250
usc5-552-doj:u0028:s01	45	.	.	PUNCT	.	_	4	punct	250	251
usc5-552-doj:u0029:s00	1	(	(	PUNCT	-LRB-	_	2	punct	0	1
usc5-552-doj:u0029:s00	2	ii	ii	X	LS	_	8	nummod	1	3
usc5-552-doj:u0029:s00	3	)	)	PUNCT	-RRB-	_	2	punct	3	4
usc5-552-doj:u0029:s00	4	Such	such	ADJ	JJ	Degree=Pos	6	amod	5	9
usc5-552-doj:u0029:s00	5	agency	agency	NOUN	NN	Number=Sing	6	compound	10	16
usc5-552-doj:u0029:s00	6	regulations	regulation	NOUN	NNS	Number=Plur	8	nsubj	17	28
usc5-552-doj:u0029:s00	7	shall	shall	AUX	MD	VerbForm=Fin	8	aux	29	34
usc5-552-doj:u0029:s00	8	provide	provide	VERB	VB	VerbForm=Inf	0	root	35	42
usc5-552-doj:u0029:s00	9	that	that	PRON	DT	Number=Sing|PronType=Dem	8	obj	43	47
usc5-552-doj:u0029:s00	10	—	-	PUNCT	.	_	8	punct	47	48
usc5-552-doj:u0030:s00	1	(	(	PUNCT	-LRB-	_	7	punct	0	1
usc5-552-doj:u0030:s00	2	I	I	PRON	PRP	Case=Nom|Number=Sing|Person=1|PronType=Prs	7	nsubj:pass	1	2
usc5-552-doj:u0030:s00	3	)	)	PUNCT	-RRB-	_	4	punct	2	3
usc5-552-doj:u0030:s00	4	fees	fe	NOUN	NNS	Number=Plur	2	appos	4	8
usc5-552-doj:u0030:s00	5	shall	shall	AUX	MD	VerbForm=Fin	7	aux	9	14
usc5-552-doj:u0030:s00	6	be	be	AUX	VB	VerbForm=Inf	7	aux:pass	15	17
usc5-552-doj:u0030:s00	7	limited	limit	VERB	VBN	Tense=Past|VerbForm=Part|Voice=Pass	0	root	18	25
usc5-552-doj:u0030:s00	8	to	to	ADP	IN	_	11	case	26	28
usc5-552-doj:u0030:s00	9	reasonable	reasonable	ADJ	JJ	Degree=Pos	11	amod	29	39
usc5-552-doj:u0030:s00	10	standard	standard	NOUN	NN	Number=Sing	11	compound	40	48
usc5-552-doj:u0030:s00	11	charges	charge	NOUN	NNS	Number=Plur	7	obl	49	56
usc5-552-doj:u0030:s00	12	for	for	ADP	IN	_	14	case	57	60
usc5-552-doj:u0030:s00	13	document	document	NOUN	NN	Number=Sing	14	compound	61	69
usc5-552-doj:u0030:s00	14	search	search	NOUN	NN	Number=Sing	11	nmod	70	76
usc5-552-doj:u0030:s00	15	,	,	PUNCT	,	_	16	punct	76	77
usc5-552-doj:u0030:s00	16	duplication	duplication	NOUN	NN	Number=Sing	14	conj	78	89
usc5-552-doj:u0030:s00	17	,	,	PUNCT	,	_	19	punct	89	90
usc5-552-doj:u0030:s00	18	and	and	CCONJ	CC	_	19	cc	91	94
usc5-552-doj:u0030:s00	19	review	review	NOUN	NN	Number=Sing	14	conj	95	101
usc5-552-doj:u0030:s00	20	,	,	PUNCT	,	_	7	punct	101	102
usc5-552-doj:u0030:s00	21	when	when	ADV	WRB	PronType=Int	24	mark	103	107
usc5-552-doj:u0030:s00	22	records	record	NOUN	NNS	Number=Plur	24	nsubj:pass	108	115
usc5-552-doj:u0030:s00	23	are	be	AUX	VBP	Mood=Ind|Tense=Pres|VerbForm=Fin	24	aux:pass	116	119
usc5-552-doj:u0030:s00	24	requested	request	VERB	VBN	Tense=Past|VerbForm=Part|Voice=Pass	7	advcl	120	129
usc5-552-doj:u0030:s00	25	for	for	ADP	IN	_	27	case	130	133
usc5-552-doj:u0030:s00	26	commercial	commercial	ADJ	JJ	Degree=Pos	27	amod	134	144
usc5-552-doj:u0030:s00	27	use	use	NOUN	NN	Number=Sing	24	obl	145	148
usc5-552-doj:u0030:s00	28	;	;	PUNCT	,	_	7	punct	148	149
usc5-552-doj:u0031:s00	1	(	(	PUNCT	-LRB-	_	2	punct	0	1
usc5-552-doj:u0031:s00	2	II	ii	X	LS	_	4	nummod	1	3
usc5-552-doj:u0031:s00	3	)	)	PUNCT	-RRB-	_	2	punct	3	4
usc5-552-doj:u0031:s00	4	fees	fe	NOUN	NNS	Number=Plur	7	nsubj:pass	5	9
usc5-552-doj:u0031:s00	5	shall	shall	AUX	MD	VerbForm=Fin	7	aux	10	15
usc5-552-doj:u0031:s00	6	be	be	AUX	VB	VerbForm=Inf	7	aux:pass	16	18
usc5-552-doj:u0031:s00	7	limited	limit	VERB	VBN	Tense=Past|VerbForm=Part|Voice=Pass	0	root	19	26
usc5-552-doj:u0031:s00	8	to	to	ADP	IN	_	11	case	27	29
usc5-552-doj:u0031:s00	9	reasonable	reasonable	ADJ	JJ	Degree=Pos	11	amod	30	40
usc5-552-doj:u0031:s00	10	standard	standard	NOUN	NN	Number=Sing	11	compound	41	49
usc5-552-doj:u0031:s00	11	charges	charge	NOUN	NNS	Number=Plur	7	obl	50	57
usc5-552-doj:u0031:s00	12	for	for	ADP	IN	_	14	case	58	61
usc5-552-doj:u0031:s00	13	document	document	NOUN	NN	Number=Sing	14	compound	62	70
usc5-552-doj:u0031:s00	14	duplication	duplication	NOUN	NN	Number=Sing	11	nmod	71	82
usc5-552-doj:u0031:s00	15	when	when	ADV	WRB	PronType=Int	19	mark	83	87
usc5-552-doj:u0031:s00	16	records	record	NOUN	NNS	Number=Plur	19	nsubj:pass	88	95
usc5-552-doj:u0031:s00	17	are	be	AUX	VBP	Mood=Ind|Tense=Pres|VerbForm=Fin	19	aux:pass	96	99
usc5-552-doj:u0031:s00	18	not	not	PART	RB	_	19	advmod	100	103
usc5-552-doj:u0031:s00	19	sought	seek	VERB	VBN	Tense=Past|VerbForm=Part|Voice=Pass	7	advcl	104	110
usc5-552-doj:u0031:s00	20	for	for	ADP	IN	_	22	case	111	114
usc5-552-doj:u0031:s00	21	commercial	commercial	ADJ	JJ	Degree=Pos	22	amod	115	125
usc5-552-doj:u0031:s00	22	use	use	NOUN	NN	Number=Sing	19	obl	126	129
usc5-552-doj:u0031:s00	23	and	and	CCONJ	CC	_	27	cc	130	133
usc5-552-doj:u0031:s00	24	the	the	DET	DT	Definite=Def|PronType=Art	25	det	134	137
usc5-552-doj:u0031:s00	25	request	request	NOUN	NN	Number=Sing	27	nsubj:pass	138	145
usc5-552-doj:u0031:s00	26	is	be	AUX	VBZ	Mood=Ind|Number=Sing|Person=3|Tense=Pres|VerbForm=Fin	27	aux:pass	146	148
usc5-552-doj:u0031:s00	27	made	make	VERB	VBN	Tense=Past|VerbForm=Part|Voice=Pass	22	conj	149	153
usc5-552-doj:u0031:s00	28	by	by	ADP	IN	_	34	case	154	156
usc5-552-doj:u0031:s00	29	an	a	DET	DT	Definite=Ind|PronType=Art	34	det	157	159
usc5-552-doj:u0031:s00	30	educational	educational	ADJ	JJ	Degree=Pos	34	amod	160	171
usc5-552-doj:u0031:s00	31	or	or	CCONJ	CC	_	32	cc	172	174
usc5-552-doj:u0031:s00	32	noncommercial	noncommercial	ADJ	JJ	Degree=Pos	30	conj	175	188
usc5-552-doj:u0031:s00	33	scientific	scientific	ADJ	JJ	Degree=Pos	34	amod	189	199
usc5-552-doj:u0031:s00	34	institution	institution	NOUN	NN	Number=Sing	27	obl	200	211
usc5-552-doj:u0031:s00	35	,	,	PUNCT	,	_	34	punct	211	212
usc5-552-doj:u0031:s00	36	whose	whose	PRON	WP$	Poss=Yes|PronType=Int	37	nmod:poss	213	218
usc5-552-doj:u0031:s00	37	purpose	purpose	NOUN	NN	Number=Sing	39	nsubj	219	226
usc5-552-doj:u0031:s00	38	is	be	AUX	VBZ	Mood=Ind|Number=Sing|Person=3|Tense=Pres|VerbForm=Fin	39	cop	227	229
usc5-552-doj:u0031:s00	39	scholarly	scholarly	ADJ	JJ	Degree=Pos	34	acl:relcl	230	239
usc5-552-doj:u0031:s00	40	or	or	CCONJ	CC	_	42	cc	240	242
usc5-552-doj:u0031:s00	41	scientific	scientific	ADJ	JJ	Degree=Pos	42	amod	243	253
usc5-552-doj:u0031:s00	42	research	research	NOUN	NN	Number=Sing	39	conj	254	262
usc5-552-doj:u0031:s00	43	;	;	PUNCT	,	_	39	punct	262	263
usc5-552-doj:u0031:s00	44	or	or	CCONJ	CC	_	46	cc	264	266
usc5-552-doj:u0031:s00	45	a	a	DET	DT	Definite=Ind|PronType=Art	46	det	267	268
usc5-552-doj:u0031:s00	46	representative	representative	NOUN	NN	Number=Sing	39	conj	269	283
usc5-552-doj:u0031:s00	47	of	of	ADP	IN	_	50	case	284	286
usc5-552-doj:u0031:s00	48	the	the	DET	DT	Definite=Def|PronType=Art	50	det	287	290
usc5-552-doj:u0031:s00	49	news	news	NOUN	NN	Number=Sing	50	compound	291	295
usc5-552-doj:u0031:s00	50	media	media	NOUN	NN	Number=Sing	46	nmod	296	301
usc5-552-doj:u0031:s00	51	;	;	PUNCT	,	_	7	punct	301	302
usc5-552-doj:u0031:s00	52	and	and	CCONJ	CC	_	7	cc	303	306
usc5-552-doj:u0032:s00	1	(	(	PUNCT	-LRB-	_	2	punct	0	1
usc5-552-doj:u0032:s00	2	III	iii	X	LS	_	0	root	1	4
usc5-552-doj:u0032:s00	3	)	)	PUNCT	-RRB-	_	2	punct	4	5
usc5-552-doj:u0032:s00	4	for	for	ADP	IN	_	6	case	6	9
usc5-552-doj:u0032:s00	5	any	any	DET	DT	_	6	det	10	13
usc5-552-doj:u0032:s00	6	request	request	NOUN	NN	Number=Sing	21	obl	14	21
usc5-552-doj:u0032:s00	7	not	not	PART	RB	_	8	advmod	22	25
usc5-552-doj:u0032:s00	8	described	describe	VERB	VBN	Tense=Past|VerbForm=Part	6	acl	26	35
usc5-552-doj:u0032:s00	9	in	in	ADP	IN	_	11	case	36	38
usc5-552-doj:u0032:s00	10	(	(	PUNCT	-LRB-	_	11	punct	39	40
usc5-552-doj:u0032:s00	11	I	I	PRON	PRP	Case=Nom|Number=Sing|Person=1|PronType=Prs	8	obl	40	41
usc5-552-doj:u0032:s00	12	)	)	PUNCT	-RRB-	_	8	punct	41	42
usc5-552-doj:u0032:s00	13	or	or	CCONJ	CC	_	21	cc	43	45
usc5-552-doj:u0032:s00	14	(	(	PUNCT	-LRB-	_	15	punct	46	47
usc5-552-doj:u0032:s00	15	II	ii	NUM	CD	NumType=Card	13	nummod	47	49
usc5-552-doj:u0032:s00	16	)	)	PUNCT	-RRB-	_	15	punct	49	50
usc5-552-doj:u0032:s00	17	,	,	PUNCT	,	_	21	punct	50	51
usc5-552-doj:u0032:s00	18	fees	fee	NOUN	NNS	Number=Plur	21	nsubj:pass	52	56
usc5-552-doj:u0032:s00	19	shall	shall	AUX	MD	VerbForm=Fin	21	aux	57	62
usc5-552-doj:u0032:s00	20	be	be	AUX	VB	VerbForm=Inf	21	aux:pass	63	65
usc5-552-doj:u0032:s00	21	limited	limit	VERB	VBN	Tense=Past|VerbForm=Part|Voice=Pass	2	conj	66	73
usc5-552-doj:u0032:s00	22	to	to	ADP	IN	_	25	case	74	76
usc5-552-doj:u0032:s00	23	reasonable	reasonable	ADJ	JJ	Degree=Pos	25	amod	77	87
usc5-552-doj:u0032:s00	24	standard	standard	NOUN	NN	Number=Sing	25	compound	88	96
usc5-552-doj:u0032:s00	25	charges	charge	NOUN	NNS	Number=Plur	21	obl	97	104
usc5-552-doj:u0032:s00	26	for	for	ADP	IN	_	28	case	105	108
usc5-552-doj:u0032:s00	27	document	document	NOUN	NN	Number=Sing	28	compound	109	117
usc5-552-doj:u0032:s00	28	search	search	NOUN	NN	Number=Sing	25	nmod	118	124
usc5-552-doj:u0032:s00	29	and	and	CCONJ	CC	_	30	cc	125	128
usc5-552-doj:u0032:s00	30	duplication	duplication	NOUN	NN	Number=Sing	28	conj	129	140
usc5-552-doj:u0032:s00	31	.	.	PUNCT	.	_	2	punct	140	141
usc5-552-doj:u0033:s00	1	In	in	ADP	IN	_	3	case	0	2
usc5-552-doj:u0033:s00	2	this	this	DET	DT	Number=Sing|PronType=Dem	3	det	3	7
usc5-552-doj:u0033:s00	3	clause	clause	NOUN	NN	Number=Sing	15	obl	8	14
usc5-552-doj:u0033:s00	4	,	,	PUNCT	,	_	15	punct	14	15
usc5-552-doj:u0033:s00	5	the	the	DET	DT	Definite=Def|PronType=Art	6	det	16	19
usc5-552-doj:u0033:s00	6	term	term	NOUN	NN	Number=Sing	15	nsubj	20	24
usc5-552-doj:u0033:s00	7	‘	‘	PUNCT	``	_	6	punct	25	26
usc5-552-doj:u0033:s00	8	a	a	DET	DT	Definite=Ind|PronType=Art	9	det	26	27
usc5-552-doj:u0033:s00	9	representative	representative	NOUN	NN	Number=Sing	6	appos	28	42
usc5-552-doj:u0033:s00	10	of	of	ADP	IN	_	13	case	43	45
usc5-552-doj:u0033:s00	11	the	the	DET	DT	Definite=Def|PronType=Art	13	det	46	49
usc5-552-doj:u0033:s00	12	news	news	NOUN	NN	Number=Sing	13	compound	50	54
usc5-552-doj:u0033:s00	13	media	media	NOUN	NN	Number=Sing	9	nmod	55	60
usc5-552-doj:u0033:s00	14	’	’	PUNCT	''	_	6	punct	60	61
usc5-552-doj:u0033:s00	15	means	mean	VERB	VBZ	Mood=Ind|Number=Sing|Person=3|Tense=Pres|VerbForm=Fin	0	root	62	67
usc5-552-doj:u0033:s00	16	any	any	DET	DT	_	17	det	68	71
usc5-552-doj:u0033:s00	17	person	person	NOUN	NN	Number=Sing	15	obj	72	78
usc5-552-doj:u0033:s00	18	or	or	CCONJ	CC	_	19	cc	79	81
usc5-552-doj:u0033:s00	19	entity	entity	NOUN	NN	Number=Sing	17	conj	82	88
usc5-552-doj:u0033:s00	20	that	that	PRON	WDT	PronType=Rel	21	nsubj	89	93
usc5-552-doj:u0033:s00	21	gathers	gather	VERB	VBZ	Mood=Ind|Number=Sing|Person=3|Tense=Pres|VerbForm=Fin	17	acl:relcl	94	101
usc5-552-doj:u0033:s00	22	information	information	NOUN	NN	Number=Sing	21	obj	102	113
usc5-552-doj:u0033:s00	23	of	of	ADP	IN	_	25	case	114	116
usc5-552-doj:u0033:s00	24	potential	potential	ADJ	JJ	Degree=Pos	25	amod	117	126
usc5-552-doj:u0033:s00	25	interest	interest	NOUN	NN	Number=Sing	22	nmod	127	135
usc5-552-doj:u0033:s00	26	to	to	ADP	IN	_	28	case	136	138
usc5-552-doj:u0033:s00	27	a	a	DET	DT	Definite=Ind|PronType=Art	28	det	139	140
usc5-552-doj:u0033:s00	28	segment	segment	NOUN	NN	Number=Sing	25	nmod	141	148
usc5-552-doj:u0033:s00	29	of	of	ADP	IN	_	31	case	149	151
usc5-552-doj:u0033:s00	30	the	the	DET	DT	Definite=Def|PronType=Art	31	det	152	155
usc5-552-doj:u0033:s00	31	public	public	ADJ	JJ	Degree=Pos	28	nmod	156	162
usc5-552-doj:u0033:s00	32	,	,	PUNCT	,	_	33	punct	162	163
usc5-552-doj:u0033:s00	33	uses	use	VERB	VBZ	Mood=Ind|Number=Sing|Person=3|Tense=Pres|VerbForm=Fin	15	conj	164	168
usc5-552-doj:u0033:s00	34	its	its	PRON	PRP$	Gender=Neut|Number=Sing|Person=3|Poss=Yes|PronType=Prs	36	nmod:poss	169	172
usc5-552-doj:u0033:s00	35	editorial	editorial	ADJ	JJ	Degree=Pos	36	amod	173	182
usc5-552-doj:u0033:s00	36	skills	skill	NOUN	NNS	Number=Plur	33	obj	183	189
usc5-552-doj:u0033:s00	37	to	to	PART	TO	_	38	mark	190	192
usc5-552-doj:u0033:s00	38	turn	turn	VERB	VB	VerbForm=Inf	33	advcl	193	197
usc5-552-doj:u0033:s00	39	the	the	DET	DT	Definite=Def|PronType=Art	41	det	198	201
usc5-552-doj:u0033:s00	40	raw	raw	ADJ	JJ	Degree=Pos	41	amod	202	205
usc5-552-doj:u0033:s00	41	materials	material	NOUN	NNS	Number=Plur	38	obj	206	215
usc5-552-doj:u0033:s00	42	into	into	ADP	IN	_	45	case	216	220
usc5-552-doj:u0033:s00	43	a	a	DET	DT	Definite=Ind|PronType=Art	45	det	221	222
usc5-552-doj:u0033:s00	44	distinct	distinct	ADJ	JJ	Degree=Pos	45	amod	223	231
usc5-552-doj:u0033:s00	45	work	work	NOUN	NN	Number=Sing	38	obl	232	236
usc5-552-doj:u0033:s00	46	,	,	PUNCT	,	_	48	punct	236	237
usc5-552-doj:u0033:s00	47	and	and	CCONJ	CC	_	48	cc	238	241
usc5-552-doj:u0033:s00	48	distributes	distribute	NOUN	NNS	Number=Plur	15	conj	242	253
usc5-552-doj:u0033:s00	49	that	that	PRON	WDT	PronType=Rel	50	nsubj	254	258
usc5-552-doj:u0033:s00	50	work	work	VERB	VBP	Mood=Ind|Tense=Pres|VerbForm=Fin	48	acl:relcl	259	263
usc5-552-doj:u0033:s00	51	to	to	ADP	IN	_	53	case	264	266
usc5-552-doj:u0033:s00	52	an	a	DET	DT	Definite=Ind|PronType=Art	53	det	267	269
usc5-552-doj:u0033:s00	53	audience	audience	NOUN	NN	Number=Sing	50	obl	270	278
usc5-552-doj:u0033:s00	54	.	.	PUNCT	.	_	15	punct	278	279
usc5-552-doj:u0033:s01	1	In	in	ADP	IN	_	3	case	0	2
usc5-552-doj:u0033:s01	2	this	this	DET	DT	Number=Sing|PronType=Dem	3	det	3	7
usc5-552-doj:u0033:s01	3	clause	clause	NOUN	NN	Number=Sing	10	obl	8	14
usc5-552-doj:u0033:s01	4	,	,	PUNCT	,	_	10	punct	14	15
usc5-552-doj:u0033:s01	5	the	the	DET	DT	Definite=Def|PronType=Art	6	det	16	19
usc5-552-doj:u0033:s01	6	term	term	NOUN	NN	Number=Sing	10	nsubj	20	24
usc5-552-doj:u0033:s01	7	‘	‘	PUNCT	``	_	8	punct	25	26
usc5-552-doj:u0033:s01	8	news	news	NOUN	NN	Number=Sing	6	appos	26	30
usc5-552-doj:u0033:s01	9	’	'	PUNCT	''	_	8	punct	30	31
usc5-552-doj:u0033:s01	10	means	mean	VERB	VBZ	Mood=Ind|Number=Sing|Person=3|Tense=Pres|VerbForm=Fin	0	root	32	37
usc5-552-doj:u0033:s01	11	information	information	NOUN	NN	Number=Sing	10	obj	38	49
usc5-552-doj:u0033:s01	12	that	that	PRON	WDT	PronType=Rel	16	nsubj	50	54
usc5-552-doj:u0033:s01	13	is	be	AUX	VBZ	Mood=Ind|Number=Sing|Person=3|Tense=Pres|VerbForm=Fin	16	cop	55	57
usc5-552-doj:u0033:s01	14	about	about	ADP	IN	_	16	case	58	63
usc5-552-doj:u0033:s01	15	current	current	ADJ	JJ	Degree=Pos	16	amod	64	71
usc5-552-doj:u0033:s01	16	events	event	NOUN	NNS	Number=Plur	11	acl:relcl	72	78
usc5-552-doj:u0033:s01	17	or	or	CCONJ	CC	_	23	cc	79	81
usc5-552-doj:u0033:s01	18	that	that	PRON	DT	Number=Sing|PronType=Dem	23	nsubj	82	86
usc5-552-doj:u0033:s01	19	would	would	AUX	MD	VerbForm=Fin	23	aux	87	92
usc5-552-doj:u0033:s01	20	be	be	AUX	VB	VerbForm=Inf	23	cop	93	95
usc5-552-doj:u0033:s01	21	of	of	ADP	IN	_	23	case	96	98
usc5-552-doj:u0033:s01	22	current	current	ADJ	JJ	Degree=Pos	23	amod	99	106
usc5-552-doj:u0033:s01	23	interest	interest	NOUN	NN	Number=Sing	16	conj	107	115
usc5-552-doj:u0033:s01	24	to	to	ADP	IN	_	26	case	116	118
usc5-552-doj:u0033:s01	25	the	the	DET	DT	Definite=Def|PronType=Art	26	det	119	122
usc5-552-doj:u0033:s01	26	public	public	NOUN	NN	Number=Sing	23	nmod	123	129
usc5-552-doj:u0033:s01	27	.	.	PUNCT	.	_	10	punct	129	130
usc5-552-doj:u0033:s02	1	Examples	example	NOUN	NNS	Number=Plur	8	nsubj	0	8
usc5-552-doj:u0033:s02	2	of	of	ADP	IN	_	6	case	9	11
usc5-552-doj:u0033:s02	3	news	news	NOUN	NN	Number=Sing	5	compound	12	16
usc5-552-doj:u0033:s02	4	-	-	PUNCT	HYPH	_	5	punct	16	17
usc5-552-doj:u0033:s02	5	media	media	NOUN	NN	Number=Sing	6	compound	17	22
usc5-552-doj:u0033:s02	6	entities	entity	NOUN	NNS	Number=Plur	1	nmod	23	31
usc5-552-doj:u0033:s02	7	are	be	AUX	VBP	Mood=Ind|Tense=Pres|VerbForm=Fin	8	cop	32	35
usc5-552-doj:u0033:s02	8	television	television	NOUN	NN	Number=Sing	0	root	36	46
usc5-552-doj:u0033:s02	9	or	or	CCONJ	CC	_	11	cc	47	49
usc5-552-doj:u0033:s02	10	radio	radio	NOUN	NN	Number=Sing	11	compound	50	55
usc5-552-doj:u0033:s02	11	stations	station	NOUN	NNS	Number=Plur	8	conj	56	64
usc5-552-doj:u0033:s02	12	broadcasting	broadcast	VERB	VBG	VerbForm=Ger	8	acl	65	77
usc5-552-doj:u0033:s02	13	to	to	ADP	IN	_	15	case	78	80
usc5-552-doj:u0033:s02	14	the	the	DET	DT	Definite=Def|PronType=Art	15	det	81	84
usc5-552-doj:u0033:s02	15	public	public	NOUN	NN	Number=Sing	12	obl	85	91
usc5-552-doj:u0033:s02	16	at	at	ADP	IN	_	19	case	92	94
usc5-552-doj:u0033:s02	17	large	large	ADJ	JJ	Degree=Pos	19	amod	95	100
usc5-552-doj:u0033:s02	18	and	and	CCONJ	CC	_	19	cc	101	104
usc5-552-doj:u0033:s02	19	publishers	publisher	NOUN	NNS	Number=Plur	12	obl	105	115
usc5-552-doj:u0033:s02	20	of	of	ADP	IN	_	21	case	116	118
usc5-552-doj:u0033:s02	21	periodicals	periodical	NOUN	NNS	Number=Plur	19	nmod	119	130
usc5-552-doj:u0033:s02	22	(	(	PUNCT	-LRB-	_	8	punct	131	132
usc5-552-doj:u0033:s02	23	but	but	CCONJ	CC	_	30	cc	132	135
usc5-552-doj:u0033:s02	24	only	only	ADV	RB	_	30	advmod	136	140
usc5-552-doj:u0033:s02	25	if	if	SCONJ	IN	_	30	mark	141	143
usc5-552-doj:u0033:s02	26	such	such	ADJ	JJ	Degree=Pos	27	amod	144	148
usc5-552-doj:u0033:s02	27	entities	entities	NOUN	NNS	Number=Plur	30	nsubj	149	157
usc5-552-doj:u0033:s02	28	qualify	qualify	ADJ	JJ	Degree=Pos	30	amod	158	165
usc5-552-doj:u0033:s02	29	as	as	SCONJ	IN	_	30	mark	166	168
usc5-552-doj:u0033:s02	30	disseminators	disseminator	NOUN	NNS	Number=Plur	8	conj	169	182
usc5-552-doj:u0033:s02	31	of	of	ADP	IN	_	33	case	183	185
usc5-552-doj:u0033:s02	32	‘	'	PUNCT	``	_	33	punct	186	187
usc5-552-doj:u0033:s02	33	news	news	NOUN	NN	Number=Sing	30	nmod	187	191
usc5-552-doj:u0033:s02	34	’)	’)	PUNCT	.	_	33	punct	191	193
usc5-552-doj:u0033:s02	35	who	who	PRON	WP	PronType=Rel	36	nsubj	194	197
usc5-552-doj:u0033:s02	36	make	make	VERB	VBP	Mood=Ind|Tense=Pres|VerbForm=Fin	33	acl:relcl	198	202
usc5-552-doj:u0033:s02	37	their	they	PRON	PRP$	Number=Plur|Person=3|Poss=Yes|PronType=Prs	38	nmod:poss	203	208
usc5-552-doj:u0033:s02	38	products	product	NOUN	NNS	Number=Plur	36	obj	209	217
usc5-552-doj:u0033:s02	39	available	available	ADJ	JJ	Degree=Pos	36	xcomp	218	227
usc5-552-doj:u0033:s02	40	for	for	ADP	IN	_	41	case	228	231
usc5-552-doj:u0033:s02	41	purchase	purchase	NOUN	NN	Number=Sing	36	obl	232	240
usc5-552-doj:u0033:s02	42	by	by	ADP	IN	_	44	case	241	243
usc5-552-doj:u0033:s02	43	or	or	CCONJ	CC	_	44	cc	244	246
usc5-552-doj:u0033:s02	44	subscription	subscription	NOUN	NN	Number=Sing	41	nmod	247	259
usc5-552-doj:u0033:s02	45	by	by	ADP	IN	_	44	case	260	262
usc5-552-doj:u0033:s02	46	or	or	CCONJ	CC	_	48	cc	263	265
usc5-552-doj:u0033:s02	47	free	free	ADJ	JJ	Degree=Pos	48	amod	266	270
usc5-552-doj:u0033:s02	48	distribution	distribution	NOUN	NN	Number=Sing	44	conj	271	283
usc5-552-doj:u0033:s02	49	to	to	ADP	IN	_	52	case	284	286
usc5-552-doj:u0033:s02	50	the	the	DET	DT	Definite=Def|PronType=Art	52	det	287	290
usc5-552-doj:u0033:s02	51	general	general	ADJ	JJ	Degree=Pos	52	amod	291	298
usc5-552-doj:u0033:s02	52	public	public	NOUN	NN	Number=Sing	44	nmod	299	305
usc5-552-doj:u0033:s02	53	.	.	PUNCT	.	_	30	punct	305	306
usc5-552-doj:u0033:s03	1	These	these	DET	DT	Number=Plur|PronType=Dem	2	det	0	5
usc5-552-doj:u0033:s03	2	examples	example	NOUN	NNS	Number=Plur	7	nsubj	6	14
usc5-552-doj:u0033:s03	3	are	be	AUX	VBP	Mood=Ind|Tense=Pres|VerbForm=Fin	7	cop	15	18
usc5-552-doj:u0033:s03	4	not	not	PART	RB	_	7	advmod	19	22
usc5-552-doj:u0033:s03	5	all	all	ADV	RB	_	7	advmod	23	26
usc5-552-doj:u0033:s03	6	-	-	PUNCT	HYPH	_	7	punct	26	27
usc5-552-doj:u0033:s03	7	inclusive	inclusive	ADJ	JJ	Degree=Pos	0	root	27	36
usc5-552-doj:u0033:s03	8	.	.	PUNCT	.	_	7	punct	36	37
usc5-552-doj:u0033:s04	1	Moreover	moreover	ADV	RB	_	31	advmod	0	8
usc5-552-doj:u0033:s04	2	,	,	PUNCT	,	_	31	punct	8	9
usc5-552-doj:u0033:s04	3	as	as	SCONJ	IN	_	31	mark	10	12
usc5-552-doj:u0033:s04	4	methods	method	NOUN	NNS	Number=Plur	31	nsubj:pass	13	20
usc5-552-doj:u0033:s04	5	of	of	ADP	IN	_	8	case	21	23
usc5-552-doj:u0033:s04	6	news	news	NOUN	NN	Number=Sing	7	compound	24	28
usc5-552-doj:u0033:s04	7	delivery	delivery	NOUN	NN	Number=Sing	8	compound	29	37
usc5-552-doj:u0033:s04	8	evolve	evolve	NOUN	NN	Number=Sing	4	nmod	38	44
usc5-552-doj:u0033:s04	9	(	(	PUNCT	-LRB-	_	11	punct	45	46
usc5-552-doj:u0033:s04	10	for	for	ADP	IN	_	11	case	46	49
usc5-552-doj:u0033:s04	11	example	example	NOUN	NN	Number=Sing	4	nmod	50	57
usc5-552-doj:u0033:s04	12	,	,	PUNCT	,	_	14	punct	57	58
usc5-552-doj:u0033:s04	13	the	the	DET	DT	Definite=Def|PronType=Art	14	det	59	62
usc5-552-doj:u0033:s04	14	adoption	adoption	NOUN	NN	Number=Sing	11	conj	63	71
usc5-552-doj:u0033:s04	15	of	of	ADP	IN	_	18	case	72	74
usc5-552-doj:u0033:s04	16	the	the	DET	DT	Definite=Def|PronType=Art	18	det	75	78
usc5-552-doj:u0033:s04	17	electronic	electronic	ADJ	JJ	Degree=Pos	18	amod	79	89
usc5-552-doj:u0033:s04	18	dissemination	dissemination	NOUN	NN	Number=Sing	14	nmod	90	103
usc5-552-doj:u0033:s04	19	of	of	ADP	IN	_	20	case	104	106
usc5-552-doj:u0033:s04	20	newspapers	newspaper	NOUN	NNS	Number=Plur	18	nmod	107	117
usc5-552-doj:u0033:s04	21	through	through	ADP	IN	_	23	case	118	125
usc5-552-doj:u0033:s04	22	telecommunications	telecommunication	NOUN	NNS	Number=Plur	23	compound	126	144
usc5-552-doj:u0033:s04	23	services	service	NOUN	NNS	Number=Plur	20	nmod	145	153
usc5-552-doj:u0033:s04	24	)	)	PUNCT	-RRB-	_	11	punct	153	154
usc5-552-doj:u0033:s04	25	,	,	PUNCT	,	_	4	punct	154	155
usc5-552-doj:u0033:s04	26	such	such	ADJ	JJ	Degree=Pos	28	amod	156	160
usc5-552-doj:u0033:s04	27	alternative	alternative	ADJ	JJ	Degree=Pos	28	amod	161	172
usc5-552-doj:u0033:s04	28	media	media	NOUN	NN	Number=Sing	31	nsubj:pass	173	178
usc5-552-doj:u0033:s04	29	shall	shall	AUX	MD	VerbForm=Fin	31	aux	179	184
usc5-552-doj:u0033:s04	30	be	be	AUX	VB	VerbForm=Inf	31	aux:pass	185	187
usc5-552-doj:u0033:s04	31	considered	consider	VERB	VBN	Tense=Past|VerbForm=Part|Voice=Pass	0	root	188	198
usc5-552-doj:u0033:s04	32	to	to	PART	TO	_	37	mark	199	201
usc5-552-doj:u0033:s04	33	be	be	AUX	VB	VerbForm=Inf	37	cop	202	204
usc5-552-doj:u0033:s04	34	news	news	NOUN	NN	Number=Sing	36	compound	205	209
usc5-552-doj:u0033:s04	35	-	-	PUNCT	HYPH	_	36	punct	209	210
usc5-552-doj:u0033:s04	36	media	media	NOUN	NN	Number=Sing	37	compound	210	215
usc5-552-doj:u0033:s04	37	entities	entity	NOUN	NNS	Number=Plur	31	xcomp	216	224
usc5-552-doj:u0033:s04	38	.	.	PUNCT	.	_	31	punct	224	225
usc5-552-doj:u0033:s05	1	A	a	DET	DT	Definite=Ind|PronType=Art	3	det	0	1
usc5-552-doj:u0033:s05	2	freelance	freelance	NOUN	NN	Number=Sing	3	compound	2	11
usc5-552-doj:u0033:s05	3	journalist	journalist	NOUN	NN	Number=Sing	6	nsubj:pass	12	22
usc5-552-doj:u0033:s05	4	shall	shall	AUX	MD	VerbForm=Fin	6	aux	23	28
usc5-552-doj:u0033:s05	5	be	be	AUX	VB	VerbForm=Inf	6	aux:pass	29	31
usc5-552-doj:u0033:s05	6	regarded	regard	VERB	VBN	Tense=Past|VerbForm=Part|Voice=Pass	0	root	32	40
usc5-552-doj:u0033:s05	7	as	as	SCONJ	IN	_	19	mark	41	43
usc5-552-doj:u0033:s05	8	working	work	VERB	VBG	VerbForm=Ger	19	advcl	44	51
usc5-552-doj:u0033:s05	9	for	for	ADP	IN	_	14	case	52	55
usc5-552-doj:u0033:s05	10	a	a	DET	DT	Definite=Ind|PronType=Art	14	det	56	57
usc5-552-doj:u0033:s05	11	news	news	NOUN	NN	Number=Sing	13	compound	58	62
usc5-552-doj:u0033:s05	12	-	-	PUNCT	HYPH	_	13	punct	62	63
usc5-552-doj:u0033:s05	13	media	media	NOUN	NN	Number=Sing	14	compound	63	68
usc5-552-doj:u0033:s05	14	entity	entity	NOUN	NN	Number=Sing	8	obl	69	75
usc5-552-doj:u0033:s05	15	if	if	SCONJ	IN	_	19	mark	76	78
usc5-552-doj:u0033:s05	16	the	the	DET	DT	Definite=Def|PronType=Art	17	det	79	82
usc5-552-doj:u0033:s05	17	journalist	journalist	NOUN	NN	Number=Sing	19	nsubj	83	93
usc5-552-doj:u0033:s05	18	can	can	AUX	MD	VerbForm=Fin	19	aux	94	97
usc5-552-doj:u0033:s05	19	demonstrate	demonstrate	VERB	VB	VerbForm=Inf	6	advcl	98	109
usc5-552-doj:u0033:s05	20	a	a	DET	DT	Definite=Ind|PronType=Art	22	det	110	111
usc5-552-doj:u0033:s05	21	solid	solid	ADJ	JJ	Degree=Pos	22	amod	112	117
usc5-552-doj:u0033:s05	22	basis	basis	NOUN	NN	Number=Sing	19	obj	118	123
usc5-552-doj:u0033:s05	23	for	for	SCONJ	IN	_	24	mark	124	127
usc5-552-doj:u0033:s05	24	expecting	expect	VERB	VBG	VerbForm=Ger	22	acl	128	137
usc5-552-doj:u0033:s05	25	publication	publication	NOUN	NN	Number=Sing	24	obj	138	149
usc5-552-doj:u0033:s05	26	through	through	ADP	IN	_	28	case	150	157
usc5-552-doj:u0033:s05	27	that	that	DET	DT	Number=Sing|PronType=Dem	28	det	158	162
usc5-552-doj:u0033:s05	28	entity	entity	NOUN	NN	Number=Sing	24	obl	163	169
usc5-552-doj:u0033:s05	29	,	,	PUNCT	,	_	22	punct	169	170
usc5-552-doj:u0033:s05	30	whether	whether	SCONJ	IN	_	37	mark	171	178
usc5-552-doj:u0033:s05	31	or	or	CCONJ	CC	_	32	cc	179	181
usc5-552-doj:u0033:s05	32	not	not	ADV	RB	_	37	cc	182	185
usc5-552-doj:u0033:s05	33	the	the	DET	DT	Definite=Def|PronType=Art	34	det	186	189
usc5-552-doj:u0033:s05	34	journalist	journalist	NOUN	NN	Number=Sing	37	nsubj:pass	190	200
usc5-552-doj:u0033:s05	35	is	be	AUX	VBZ	Mood=Ind|Number=Sing|Person=3|Tense=Pres|VerbForm=Fin	37	aux:pass	201	203
usc5-552-doj:u0033:s05	36	actually	actually	ADV	RB	_	37	advmod	204	212
usc5-552-doj:u0033:s05	37	employed	employ	VERB	VBN	Tense=Past|VerbForm=Part|Voice=Pass	19	advcl	213	221
usc5-552-doj:u0033:s05	38	by	by	ADP	IN	_	40	case	222	224
usc5-552-doj:u0033:s05	39	the	the	DET	DT	Definite=Def|PronType=Art	40	det	225	228
usc5-552-doj:u0033:s05	40	entity	entity	NOUN	NN	Number=Sing	37	obl	229	235
usc5-552-doj:u0033:s05	41	.	.	PUNCT	.	_	6	punct	235	236
usc5-552-doj:u0033:s06	1	A	a	DET	DT	Definite=Ind|PronType=Art	3	det	0	1
usc5-552-doj:u0033:s06	2	publication	publication	NOUN	NN	Number=Sing	3	compound	2	13
usc5-552-doj:u0033:s06	3	contract	contract	NOUN	NN	Number=Sing	5	nsubj	14	22
usc5-552-doj:u0033:s06	4	would	would	AUX	MD	VerbForm=Fin	5	aux	23	28
usc5-552-doj:u0033:s06	5	present	present	VERB	VB	VerbForm=Inf	0	root	29	36
usc5-552-doj:u0033:s06	6	a	a	DET	DT	Definite=Ind|PronType=Art	8	det	37	38
usc5-552-doj:u0033:s06	7	solid	solid	ADJ	JJ	Degree=Pos	8	amod	39	44
usc5-552-doj:u0033:s06	8	basis	basis	NOUN	NN	Number=Sing	5	obj	45	50
usc5-552-doj:u0033:s06	9	for	for	ADP	IN	_	12	case	51	54
usc5-552-doj:u0033:s06	10	such	such	DET	PDT	_	12	det:predet	55	59
usc5-552-doj:u0033:s06	11	an	a	DET	DT	Definite=Ind|PronType=Art	12	det	60	62
usc5-552-doj:u0033:s06	12	expectation	expectation	NOUN	NN	Number=Sing	8	nmod	63	74
usc5-552-doj:u0033:s06	13	;	;	PUNCT	,	_	8	punct	74	75
usc5-552-doj:u0033:s06	14	the	the	DET	DT	Definite=Def|PronType=Art	15	det	76	79
usc5-552-doj:u0033:s06	15	Government	government	NOUN	NN	Number=Sing	18	nsubj	80	90
usc5-552-doj:u0033:s06	16	may	may	AUX	MD	VerbForm=Fin	18	aux	91	94
usc5-552-doj:u0033:s06	17	also	also	ADV	RB	_	18	advmod	95	99
usc5-552-doj:u0033:s06	18	consider	consider	VERB	VB	VerbForm=Inf	5	ccomp	100	108
usc5-552-doj:u0033:s06	19	the	the	DET	DT	Definite=Def|PronType=Art	22	det	109	112
usc5-552-doj:u0033:s06	20	past	past	ADJ	JJ	Degree=Pos	22	amod	113	117
usc5-552-doj:u0033:s06	21	publication	publication	NOUN	NN	Number=Sing	22	compound	118	129
usc5-552-doj:u0033:s06	22	record	record	NOUN	NN	Number=Sing	18	obj	130	136
usc5-552-doj:u0033:s06	23	of	of	ADP	IN	_	25	case	137	139
usc5-552-doj:u0033:s06	24	the	the	DET	DT	Definite=Def|PronType=Art	25	det	140	143
usc5-552-doj:u0033:s06	25	requester	requester	NOUN	NN	Number=Sing	22	nmod	144	153
usc5-552-doj:u0033:s06	26	in	in	SCONJ	IN	_	27	mark	154	156
usc5-552-doj:u0033:s06	27	making	make	VERB	VBG	VerbForm=Ger	22	acl	157	163
usc5-552-doj:u0033:s06	28	such	such	DET	PDT	_	30	det:predet	164	168
usc5-552-doj:u0033:s06	29	a	a	DET	DT	Definite=Ind|PronType=Art	30	det	169	170
usc5-552-doj:u0033:s06	30	determination	determination	NOUN	NN	Number=Sing	27	obj	171	184
usc5-552-doj:u0033:s06	31	.	.	PUNCT	.	_	5	punct	184	185
usc5-552-doj:u0034:s00	1	(	(	PUNCT	-LRB-	_	2	punct	0	1
usc5-552-doj:u0034:s00	2	iii	iii	X	LS	_	7	nummod	1	4
usc5-552-doj:u0034:s00	3	)	)	PUNCT	-RRB-	_	2	punct	4	5
usc5-552-doj:u0034:s00	4	Documents	document	NOUN	NNS	Number=Plur	7	nsubj:pass	6	15
usc5-552-doj:u0034:s00	5	shall	shall	AUX	MD	VerbForm=Fin	7	aux	16	21
usc5-552-doj:u0034:s00	6	be	be	AUX	VB	VerbForm=Inf	7	aux:pass	22	24
usc5-552-doj:u0034:s00	7	furnished	furnish	VERB	VBN	Tense=Past|VerbForm=Part|Voice=Pass	0	root	25	34
usc5-552-doj:u0034:s00	8	without	without	ADP	IN	_	10	case	35	42
usc5-552-doj:u0034:s00	9	any	any	DET	DT	_	10	det	43	46
usc5-552-doj:u0034:s00	10	charge	charge	NOUN	NN	Number=Sing	7	obl	47	53
usc5-552-doj:u0034:s00	11	or	or	CCONJ	CC	_	14	cc	54	56
usc5-552-doj:u0034:s00	12	at	at	ADP	IN	_	14	case	57	59
usc5-552-doj:u0034:s00	13	a	a	DET	DT	Definite=Ind|PronType=Art	14	det	60	61
usc5-552-doj:u0034:s00	14	charge	charge	NOUN	NN	Number=Sing	10	conj	62	68
usc5-552-doj:u0034:s00	15	reduced	reduce	VERB	VBN	Tense=Past|VerbForm=Part	14	acl	69	76
usc5-552-doj:u0034:s00	16	below	below	ADP	IN	_	18	case	77	82
usc5-552-doj:u0034:s00	17	the	the	DET	DT	Definite=Def|PronType=Art	18	det	83	86
usc5-552-doj:u0034:s00	18	fees	fee	NOUN	NNS	Number=Plur	15	obl	87	91
usc5-552-doj:u0034:s00	19	established	establish	VERB	VBN	Tense=Past|VerbForm=Part	18	acl	92	103
usc5-552-doj:u0034:s00	20	under	under	ADP	IN	_	21	case	104	109
usc5-552-doj:u0034:s00	21	clause	clause	NOUN	NN	Number=Sing	19	obl	110	116
usc5-552-doj:u0034:s00	22	(	(	PUNCT	-LRB-	_	21	punct	117	118
usc5-552-doj:u0034:s00	23	ii	ii	X	LS	_	7	appos	118	120
usc5-552-doj:u0034:s00	24	)	)	PUNCT	-RRB-	_	7	punct	120	121
usc5-552-doj:u0034:s00	25	if	if	SCONJ	IN	_	34	mark	122	124
usc5-552-doj:u0034:s00	26	disclosure	disclosure	NOUN	NN	Number=Sing	34	nsubj	125	135
usc5-552-doj:u0034:s00	27	of	of	ADP	IN	_	29	case	136	138
usc5-552-doj:u0034:s00	28	the	the	DET	DT	Definite=Def|PronType=Art	29	det	139	142
usc5-552-doj:u0034:s00	29	information	information	NOUN	NN	Number=Sing	26	nmod	143	154
usc5-552-doj:u0034:s00	30	is	be	AUX	VBZ	Mood=Ind|Number=Sing|Person=3|Tense=Pres|VerbForm=Fin	34	cop	155	157
usc5-552-doj:u0034:s00	31	in	in	ADP	IN	_	34	case	158	160
usc5-552-doj:u0034:s00	32	the	the	DET	DT	Definite=Def|PronType=Art	34	det	161	164
usc5-552-doj:u0034:s00	33	public	public	ADJ	JJ	Degree=Pos	34	amod	165	171
usc5-552-doj:u0034:s00	34	interest	interest	NOUN	NN	Number=Sing	7	advcl	172	180
usc5-552-doj:u0034:s00	35	because	because	SCONJ	IN	_	38	mark	181	188
usc5-552-doj:u0034:s00	36	it	it	PRON	PRP	Case=Nom|Gender=Neut|Number=Sing|Person=3|PronType=Prs	38	expl	189	191
usc5-552-doj:u0034:s00	37	is	be	AUX	VBZ	Mood=Ind|Number=Sing|Person=3|Tense=Pres|VerbForm=Fin	38	cop	192	194
usc5-552-doj:u0034:s00	38	likely	likely	ADJ	JJ	Degree=Pos	34	acl	195	201
usc5-552-doj:u0034:s00	39	to	to	PART	TO	_	40	mark	202	204
usc5-552-doj:u0034:s00	40	contribute	contribute	VERB	VB	VerbForm=Inf	38	xcomp	205	215
usc5-552-doj:u0034:s00	41	significantly	significantly	ADV	RB	_	40	advmod	216	229
usc5-552-doj:u0034:s00	42	to	to	ADP	IN	_	44	case	230	232
usc5-552-doj:u0034:s00	43	public	public	ADJ	JJ	Degree=Pos	44	amod	233	239
usc5-552-doj:u0034:s00	44	understanding	understanding	NOUN	NN	Number=Sing	40	obl	240	253
usc5-552-doj:u0034:s00	45	of	of	ADP	IN	_	47	case	254	256
usc5-552-doj:u0034:s00	46	the	the	DET	DT	Definite=Def|PronType=Art	47	det	257	260
usc5-552-doj:u0034:s00	47	operations	operation	NOUN	NNS	Number=Plur	44	nmod	261	271
usc5-552-doj:u0034:s00	48	or	or	CCONJ	CC	_	49	cc	272	274
usc5-552-doj:u0034:s00	49	activities	activity	NOUN	NNS	Number=Plur	47	conj	275	285
usc5-552-doj:u0034:s00	50	of	of	ADP	IN	_	52	case	286	288
usc5-552-doj:u0034:s00	51	the	the	DET	DT	Definite=Def|PronType=Art	52	det	289	292
usc5-552-doj:u0034:s00	52	government	government	NOUN	NN	Number=Sing	47	nmod	293	303
usc5-552-doj:u0034:s00	53	and	and	CCONJ	CC	_	60	cc	304	307
usc5-552-doj:u0034:s00	54	is	be	AUX	VBZ	Mood=Ind|Number=Sing|Person=3|Tense=Pres|VerbForm=Fin	60	cop	308	310
usc5-552-doj:u0034:s00	55	not	not	PART	RB	_	60	advmod	311	314
usc5-552-doj:u0034:s00	56	primarily	primarily	ADV	RB	_	60	advmod	315	324
usc5-552-doj:u0034:s00	57	in	in	ADP	IN	_	60	case	325	327
usc5-552-doj:u0034:s00	58	the	the	DET	DT	Definite=Def|PronType=Art	60	det	328	331
usc5-552-doj:u0034:s00	59	commercial	commercial	ADJ	JJ	Degree=Pos	60	amod	332	342
usc5-552-doj:u0034:s00	60	interest	interest	NOUN	NN	Number=Sing	34	conj	343	351
usc5-552-doj:u0034:s00	61	of	of	ADP	IN	_	63	case	352	354
usc5-552-doj:u0034:s00	62	the	the	DET	DT	Definite=Def|PronType=Art	63	det	355	358
usc5-552-doj:u0034:s00	63	requester	requester	NOUN	NN	Number=Sing	60	nmod	359	368
usc5-552-doj:u0034:s00	64	.	.	PUNCT	.	_	7	punct	368	369
usc5-552-doj:u0035:s00	1	(	(	PUNCT	-LRB-	_	2	punct	0	1
usc5-552-doj:u0035:s00	2	iv	iv	X	ADD	_	0	root	1	3
usc5-552-doj:u0035:s00	3	)	)	PUNCT	-RRB-	_	2	punct	3	4
usc5-552-doj:u0035:s01	1	Fee	Fee	NOUN	NN	Number=Sing	2	compound	0	3
usc5-552-doj:u0035:s01	2	schedules	schedule	NOUN	NNS	Number=Plur	4	nsubj	4	13
usc5-552-doj:u0035:s01	3	shall	shall	AUX	MD	VerbForm=Fin	4	aux	14	19
usc5-552-doj:u0035:s01	4	provide	provide	VERB	VB	VerbForm=Inf	0	root	20	27
usc5-552-doj:u0035:s01	5	for	for	ADP	IN	_	7	case	28	31
usc5-552-doj:u0035:s01	6	the	the	DET	DT	Definite=Def|PronType=Art	7	det	32	35
usc5-552-doj:u0035:s01	7	recovery	recovery	NOUN	NN	Number=Sing	4	obl	36	44
usc5-552-doj:u0035:s01	8	of	of	ADP	IN	_	12	case	45	47
usc5-552-doj:u0035:s01	9	only	only	ADV	RB	_	12	advmod	48	52
usc5-552-doj:u0035:s01	10	the	the	DET	DT	Definite=Def|PronType=Art	12	det	53	56
usc5-552-doj:u0035:s01	11	direct	direct	ADJ	JJ	Degree=Pos	12	amod	57	63
usc5-552-doj:u0035:s01	12	costs	cost	NOUN	NNS	Number=Plur	7	nmod	64	69
usc5-552-doj:u0035:s01	13	of	of	ADP	IN	_	14	case	70	72
usc5-552-doj:u0035:s01	14	search	search	NOUN	NN	Number=Sing	12	nmod	73	79
usc5-552-doj:u0035:s01	15	,	,	PUNCT	,	_	16	punct	79	80
usc5-552-doj:u0035:s01	16	duplication	duplication	NOUN	NN	Number=Sing	14	conj	81	92
usc5-552-doj:u0035:s01	17	,	,	PUNCT	,	_	19	punct	92	93
usc5-552-doj:u0035:s01	18	or	or	CCONJ	CC	_	19	cc	94	96
usc5-552-doj:u0035:s01	19	review	review	NOUN	NN	Number=Sing	14	conj	97	103
usc5-552-doj:u0035:s01	20	.	.	PUNCT	.	_	4	punct	103	104
usc5-552-doj:u0035:s02	1	Review	review	NOUN	NN	Number=Sing	2	compound	0	6
usc5-552-doj:u0035:s02	2	costs	cost	NOUN	NNS	Number=Plur	4	nsubj	7	12
usc5-552-doj:u0035:s02	3	shall	shall	AUX	MD	VerbForm=Fin	4	aux	13	18
usc5-552-doj:u0035:s02	4	include	include	VERB	VB	VerbForm=Inf	0	root	19	26
usc5-552-doj:u0035:s02	5	only	only	ADV	RB	_	8	advmod	27	31
usc5-552-doj:u0035:s02	6	the	the	DET	DT	Definite=Def|PronType=Art	8	det	32	35
usc5-552-doj:u0035:s02	7	direct	direct	ADJ	JJ	Degree=Pos	8	amod	36	42
usc5-552-doj:u0035:s02	8	costs	cost	NOUN	NNS	Number=Plur	4	obj	43	48
usc5-552-doj:u0035:s02	9	incurred	incur	VERB	VBN	Tense=Past|VerbForm=Part	8	acl	49	57
usc5-552-doj:u0035:s02	10	during	during	ADP	IN	_	13	case	58	64
usc5-552-doj:u0035:s02	11	the	the	DET	DT	Definite=Def|PronType=Art	13	det	65	68
usc5-552-doj:u0035:s02	12	initial	initial	ADJ	JJ	Degree=Pos	13	amod	69	76
usc5-552-doj:u0035:s02	13	examination	examination	NOUN	NN	Number=Sing	9	obl	77	88
usc5-552-doj:u0035:s02	14	of	of	ADP	IN	_	16	case	89	91
usc5-552-doj:u0035:s02	15	a	a	DET	DT	Definite=Ind|PronType=Art	16	det	92	93
usc5-552-doj:u0035:s02	16	document	document	NOUN	NN	Number=Sing	13	nmod	94	102
usc5-552-doj:u0035:s02	17	for	for	ADP	IN	_	19	case	103	106
usc5-552-doj:u0035:s02	18	the	the	DET	DT	Definite=Def|PronType=Art	19	det	107	110
usc5-552-doj:u0035:s02	19	purposes	purpose	NOUN	NNS	Number=Plur	16	nmod	111	119
usc5-552-doj:u0035:s02	20	of	of	SCONJ	IN	_	21	mark	120	122
usc5-552-doj:u0035:s02	21	determining	determining	VERB	VBG	VerbForm=Ger	19	acl	123	134
usc5-552-doj:u0035:s02	22	whether	whether	SCONJ	IN	_	27	mark	135	142
usc5-552-doj:u0035:s02	23	the	the	DET	DT	Definite=Def|PronType=Art	24	det	143	146
usc5-552-doj:u0035:s02	24	documents	document	NOUN	NNS	Number=Plur	27	nsubj:pass	147	156
usc5-552-doj:u0035:s02	25	must	must	AUX	MD	VerbForm=Fin	27	aux	157	161
usc5-552-doj:u0035:s02	26	be	be	AUX	VB	VerbForm=Inf	27	aux:pass	162	164
usc5-552-doj:u0035:s02	27	disclosed	disclose	VERB	VBN	Tense=Past|VerbForm=Part|Voice=Pass	21	ccomp	165	174
usc5-552-doj:u0035:s02	28	under	under	ADP	IN	_	30	case	175	180
usc5-552-doj:u0035:s02	29	this	this	DET	DT	Number=Sing|PronType=Dem	30	det	181	185
usc5-552-doj:u0035:s02	30	section	section	NOUN	NN	Number=Sing	27	obl	186	193
usc5-552-doj:u0035:s02	31	and	and	CCONJ	CC	_	34	cc	194	197
usc5-552-doj:u0035:s02	32	for	for	ADP	IN	_	34	case	198	201
usc5-552-doj:u0035:s02	33	the	the	DET	DT	Definite=Def|PronType=Art	34	det	202	205
usc5-552-doj:u0035:s02	34	purposes	purpose	NOUN	NNS	Number=Plur	27	conj	206	214
usc5-552-doj:u0035:s02	35	of	of	SCONJ	IN	_	36	mark	215	217
usc5-552-doj:u0035:s02	36	withholding	withhold	VERB	VBG	VerbForm=Ger	34	acl	218	229
usc5-552-doj:u0035:s02	37	any	any	DET	DT	_	38	det	230	233
usc5-552-doj:u0035:s02	38	portions	portion	NOUN	NNS	Number=Plur	36	obj	234	242
usc5-552-doj:u0035:s02	39	exempt	exempt	VERB	VBN	Tense=Past|VerbForm=Part	38	acl	243	249
usc5-552-doj:u0035:s02	40	from	from	ADP	IN	_	41	case	250	254
usc5-552-doj:u0035:s02	41	disclosure	disclosure	NOUN	NN	Number=Sing	39	obl	255	265
usc5-552-doj:u0035:s02	42	under	under	ADP	IN	_	44	case	266	271
usc5-552-doj:u0035:s02	43	this	this	DET	DT	Number=Sing|PronType=Dem	44	det	272	276
usc5-552-doj:u0035:s02	44	section	section	NOUN	NN	Number=Sing	36	obl	277	284
usc5-552-doj:u0035:s02	45	.	.	PUNCT	.	_	4	punct	284	285
usc5-552-doj:u0035:s03	1	Review	review	NOUN	NN	Number=Sing	2	nsubj	0	6
usc5-552-doj:u0035:s03	2	costs	cost	VERB	VBZ	Mood=Ind|Number=Sing|Person=3|Tense=Pres|VerbForm=Fin	0	root	7	12
usc5-552-doj:u0035:s03	3	may	may	AUX	MD	VerbForm=Fin	5	aux	13	16
usc5-552-doj:u0035:s03	4	not	not	PART	RB	_	5	advmod	17	20
usc5-552-doj:u0035:s03	5	include	include	VERB	VB	VerbForm=Inf	2	ccomp	21	28
usc5-552-doj:u0035:s03	6	any	any	DET	DT	_	7	det	29	32
usc5-552-doj:u0035:s03	7	costs	cost	NOUN	NNS	Number=Plur	5	obj	33	38
usc5-552-doj:u0035:s03	8	incurred	incur	VERB	VBN	Tense=Past|VerbForm=Part	7	acl	39	47
usc5-552-doj:u0035:s03	9	in	in	ADP	IN	_	11	case	48	50
usc5-552-doj:u0035:s03	10	resolving	resolve	VERB	VBG	VerbForm=Ger	11	amod	51	60
usc5-552-doj:u0035:s03	11	issues	issue	NOUN	NNS	Number=Plur	8	obl	61	67
usc5-552-doj:u0035:s03	12	of	of	ADP	IN	_	13	case	68	70
usc5-552-doj:u0035:s03	13	law	law	NOUN	NN	Number=Sing	11	nmod	71	74
usc5-552-doj:u0035:s03	14	or	or	CCONJ	CC	_	15	cc	75	77
usc5-552-doj:u0035:s03	15	policy	policy	NOUN	NN	Number=Sing	13	conj	78	84
usc5-552-doj:u0035:s03	16	that	that	PRON	WDT	PronType=Rel	19	nsubj:pass	85	89
usc5-552-doj:u0035:s03	17	may	may	AUX	MD	VerbForm=Fin	19	aux	90	93
usc5-552-doj:u0035:s03	18	be	be	AUX	VB	VerbForm=Inf	19	aux:pass	94	96
usc5-552-doj:u0035:s03	19	raised	raise	VERB	VBN	Tense=Past|VerbForm=Part|Voice=Pass	7	acl:relcl	97	103
usc5-552-doj:u0035:s03	20	in	in	ADP	IN	_	22	case	104	106
usc5-552-doj:u0035:s03	21	the	the	DET	DT	Definite=Def|PronType=Art	22	det	107	110
usc5-552-doj:u0035:s03	22	course	course	NOUN	NN	Number=Sing	19	obl	111	117
usc5-552-doj:u0035:s03	23	of	of	SCONJ	IN	_	24	mark	118	120
usc5-552-doj:u0035:s03	24	processing	process	VERB	VBG	VerbForm=Ger	22	acl	121	131
usc5-552-doj:u0035:s03	25	a	a	DET	DT	Definite=Ind|PronType=Art	26	det	132	133
usc5-552-doj:u0035:s03	26	request	request	NOUN	NN	Number=Sing	24	obj	134	141
usc5-552-doj:u0035:s03	27	under	under	ADP	IN	_	29	case	142	147
usc5-552-doj:u0035:s03	28	this	this	DET	DT	Number=Sing|PronType=Dem	29	det	148	152
usc5-552-doj:u0035:s03	29	section	section	NOUN	NN	Number=Sing	26	nmod	153	160
usc5-552-doj:u0035:s03	30	.	.	PUNCT	.	_	2	punct	160	161
usc5-552-doj:u0035:s04	1	No	no	DET	DT	_	2	det	0	2
usc5-552-doj:u0035:s04	2	fee	fee	NOUN	NN	Number=Sing	5	nsubj:pass	3	6
usc5-552-doj:u0035:s04	3	may	may	AUX	MD	VerbForm=Fin	5	aux	7	10
usc5-552-doj:u0035:s04	4	be	be	AUX	VB	VerbForm=Inf	5	aux:pass	11	13
usc5-552-doj:u0035:s04	5	charged	charge	VERB	VBN	Tense=Past|VerbForm=Part|Voice=Pass	0	root	14	21
usc5-552-doj:u0035:s04	6	by	by	ADP	IN	_	8	case	22	24
usc5-552-doj:u0035:s04	7	any	any	DET	DT	_	8	det	25	28
usc5-552-doj:u0035:s04	8	agency	agency	NOUN	NN	Number=Sing	5	obl	29	35
usc5-552-doj:u0035:s04	9	under	under	ADP	IN	_	11	case	36	41
usc5-552-doj:u0035:s04	10	this	this	DET	DT	Number=Sing|PronType=Dem	11	det	42	46
usc5-552-doj:u0035:s04	11	section	section	NOUN	NN	Number=Sing	8	nmod	47	54
usc5-552-doj:u0035:s04	12	—	-	PUNCT	.	_	5	punct	54	55
usc5-552-doj:u0036:s00	1	(	(	PUNCT	-LRB-	_	2	punct	0	1
usc5-552-doj:u0036:s00	2	I	I	PRON	PRP	Case=Nom|Number=Sing|Person=1|PronType=Prs	16	nsubj	1	2
usc5-552-doj:u0036:s00	3	)	)	PUNCT	-RRB-	_	16	punct	2	3
usc5-552-doj:u0036:s00	4	if	if	SCONJ	IN	_	16	mark	4	6
usc5-552-doj:u0036:s00	5	the	the	DET	DT	Definite=Def|PronType=Art	6	det	7	10
usc5-552-doj:u0036:s00	6	costs	cost	NOUN	NNS	Number=Plur	16	nsubj	11	16
usc5-552-doj:u0036:s00	7	of	of	ADP	IN	_	9	case	17	19
usc5-552-doj:u0036:s00	8	routine	routine	ADJ	JJ	Degree=Pos	9	amod	20	27
usc5-552-doj:u0036:s00	9	collection	collection	NOUN	NN	Number=Sing	6	nmod	28	38
usc5-552-doj:u0036:s00	10	and	and	CCONJ	CC	_	11	cc	39	42
usc5-552-doj:u0036:s00	11	processing	processing	NOUN	NN	Number=Sing	9	conj	43	53
usc5-552-doj:u0036:s00	12	of	of	ADP	IN	_	14	case	54	56
usc5-552-doj:u0036:s00	13	the	the	DET	DT	Definite=Def|PronType=Art	14	det	57	60
usc5-552-doj:u0036:s00	14	fee	fee	NOUN	NN	Number=Sing	11	nmod	61	64
usc5-552-doj:u0036:s00	15	are	be	AUX	VBP	Mood=Ind|Tense=Pres|VerbForm=Fin	16	cop	65	68
usc5-552-doj:u0036:s00	16	likely	likely	ADJ	JJ	Degree=Pos	0	root	69	75
usc5-552-doj:u0036:s00	17	to	to	PART	TO	_	18	mark	76	78
usc5-552-doj:u0036:s00	18	equal	equal	VERB	VB	VerbForm=Inf	16	xcomp	79	84
usc5-552-doj:u0036:s00	19	or	or	CCONJ	CC	_	20	cc	85	87
usc5-552-doj:u0036:s00	20	exceed	exceed	VERB	VB	VerbForm=Inf	18	conj	88	94
usc5-552-doj:u0036:s00	21	the	the	DET	DT	Definite=Def|PronType=Art	22	det	95	98
usc5-552-doj:u0036:s00	22	amount	amount	NOUN	NN	Number=Sing	18	obj	99	105
usc5-552-doj:u0036:s00	23	of	of	ADP	IN	_	25	case	106	108
usc5-552-doj:u0036:s00	24	the	the	DET	DT	Definite=Def|PronType=Art	25	det	109	112
usc5-552-doj:u0036:s00	25	fee	fee	NOUN	NN	Number=Sing	22	nmod	113	116
usc5-552-doj:u0036:s00	26	;	;	PUNCT	,	_	16	punct	116	117
usc5-552-doj:u0036:s00	27	or	or	CCONJ	CC	_	16	conj	118	120
usc5-552-doj:u0037:s00	1	(	(	PUNCT	-LRB-	_	2	punct	0	1
usc5-552-doj:u0037:s00	2	II	ii	X	LS	_	3	nummod	1	3
usc5-552-doj:u0037:s00	3	)	)	PUNCT	-RRB-	_	6	punct	3	4
usc5-552-doj:u0037:s00	4	for	for	ADP	IN	_	6	case	5	8
usc5-552-doj:u0037:s00	5	any	any	DET	DT	_	6	det	9	12
usc5-552-doj:u0037:s00	6	request	request	NOUN	NN	Number=Sing	0	root	13	20
usc5-552-doj:u0037:s00	7	described	describe	VERB	VBN	Tense=Past|VerbForm=Part	6	acl	21	30
usc5-552-doj:u0037:s00	8	in	in	ADP	IN	_	9	case	31	33
usc5-552-doj:u0037:s00	9	clause	clause	NOUN	NN	Number=Sing	7	obl	34	40
usc5-552-doj:u0037:s00	10	(	(	PUNCT	-LRB-	_	11	punct	41	42
usc5-552-doj:u0037:s00	11	ii	ii	X	LS	_	6	appos	42	44
usc5-552-doj:u0037:s00	12	)	)	PUNCT	-RRB-	_	11	punct	44	45
usc5-552-doj:u0037:s00	13	(	(	PUNCT	-LRB-	_	14	punct	45	46
usc5-552-doj:u0037:s00	14	II	ii	X	LS	_	6	advmod	46	48
usc5-552-doj:u0037:s00	15	)	)	PUNCT	-RRB-	_	14	punct	48	49
usc5-552-doj:u0037:s00	16	or	or	CCONJ	CC	_	18	cc	50	52
usc5-552-doj:u0037:s00	17	(	(	PUNCT	-LRB-	_	18	punct	53	54
usc5-552-doj:u0037:s00	18	III	iii	X	LS	_	6	conj	54	57
usc5-552-doj:u0037:s00	19	)	)	PUNCT	-RRB-	_	18	punct	57	58
usc5-552-doj:u0037:s00	20	of	of	ADP	IN	_	22	case	59	61
usc5-552-doj:u0037:s00	21	this	this	DET	DT	Number=Sing|PronType=Dem	22	det	62	66
usc5-552-doj:u0037:s00	22	subparagraph	subparagraph	NOUN	NN	Number=Sing	18	nmod	67	79
usc5-552-doj:u0037:s00	23	for	for	ADP	IN	_	27	case	80	83
usc5-552-doj:u0037:s00	24	the	the	DET	DT	Definite=Def|PronType=Art	27	det	84	87
usc5-552-doj:u0037:s00	25	first	first	ADJ	JJ	Degree=Pos|NumType=Ord	27	amod	88	93
usc5-552-doj:u0037:s00	26	two	two	NUM	CD	NumType=Card	27	nummod	94	97
usc5-552-doj:u0037:s00	27	hours	hour	NOUN	NNS	Number=Plur	22	nmod	98	103
usc5-552-doj:u0037:s00	28	of	of	ADP	IN	_	30	case	104	106
usc5-552-doj:u0037:s00	29	search	search	NOUN	NN	Number=Sing	30	compound	107	113
usc5-552-doj:u0037:s00	30	time	time	NOUN	NN	Number=Sing	27	nmod	114	118
usc5-552-doj:u0037:s00	31	or	or	CCONJ	CC	_	37	cc	119	121
usc5-552-doj:u0037:s00	32	for	for	ADP	IN	_	37	case	122	125
usc5-552-doj:u0037:s00	33	the	the	DET	DT	Definite=Def|PronType=Art	37	det	126	129
usc5-552-doj:u0037:s00	34	first	first	ADJ	JJ	Degree=Pos|NumType=Ord	37	amod	130	135
usc5-552-doj:u0037:s00	35	one	one	NUM	CD	NumType=Card	37	nummod	136	139
usc5-552-doj:u0037:s00	36	hundred	hundred	NUM	CD	NumType=Card	37	nummod	140	147
usc5-552-doj:u0037:s00	37	pages	page	NOUN	NNS	Number=Plur	27	conj	148	153
usc5-552-doj:u0037:s00	38	of	of	ADP	IN	_	39	case	154	156
usc5-552-doj:u0037:s00	39	duplication	duplication	NOUN	NN	Number=Sing	37	nmod	157	168
usc5-552-doj:u0037:s00	40	.	.	PUNCT	.	_	6	punct	168	169
usc5-552-doj:u0038:s00	1	(	(	PUNCT	-LRB-	_	2	punct	0	1
usc5-552-doj:u0038:s00	2	v	v	X	ADD	_	0	root	1	2
usc5-552-doj:u0038:s00	3	)	)	PUNCT	-RRB-	_	2	punct	2	3
usc5-552-doj:u0038:s01	1	No	no	DET	DT	_	2	det	0	2
usc5-552-doj:u0038:s01	2	agency	agency	NOUN	NN	Number=Sing	4	nsubj	3	9
usc5-552-doj:u0038:s01	3	may	may	AUX	MD	VerbForm=Fin	4	aux	10	13
usc5-552-doj:u0038:s01	4	require	require	VERB	VB	VerbForm=Inf	0	root	14	21
usc5-552-doj:u0038:s01	5	advance	advance	NOUN	NN	Number=Sing	6	compound	22	29
usc5-552-doj:u0038:s01	6	payment	payment	NOUN	NN	Number=Sing	4	obj	30	37
usc5-552-doj:u0038:s01	7	of	of	ADP	IN	_	9	case	38	40
usc5-552-doj:u0038:s01	8	any	any	DET	DT	_	9	det	41	44
usc5-552-doj:u0038:s01	9	fee	fee	NOUN	NN	Number=Sing	6	nmod	45	48
usc5-552-doj:u0038:s01	10	unless	unless	SCONJ	IN	_	15	mark	49	55
usc5-552-doj:u0038:s01	11	the	the	DET	DT	Definite=Def|PronType=Art	12	det	56	59
usc5-552-doj:u0038:s01	12	requester	requester	NOUN	NN	Number=Sing	15	nsubj	60	69
usc5-552-doj:u0038:s01	13	has	have	AUX	VBZ	Mood=Ind|Number=Sing|Person=3|Tense=Pres|VerbForm=Fin	15	aux	70	73
usc5-552-doj:u0038:s01	14	previously	previously	ADV	RB	_	15	advmod	74	84
usc5-552-doj:u0038:s01	15	failed	fail	VERB	VBN	Tense=Past|VerbForm=Part	4	advcl	85	91
usc5-552-doj:u0038:s01	16	to	to	PART	TO	_	17	mark	92	94
usc5-552-doj:u0038:s01	17	pay	pay	VERB	VB	VerbForm=Inf	15	advcl	95	98
usc5-552-doj:u0038:s01	18	fees	fee	NOUN	NNS	Number=Plur	17	obj	99	103
usc5-552-doj:u0038:s01	19	in	in	ADP	IN	_	22	case	104	106
usc5-552-doj:u0038:s01	20	a	a	DET	DT	Definite=Ind|PronType=Art	22	det	107	108
usc5-552-doj:u0038:s01	21	timely	timely	ADJ	JJ	Degree=Pos	22	amod	109	115
usc5-552-doj:u0038:s01	22	fashion	fashion	NOUN	NN	Number=Sing	17	obl	116	123
usc5-552-doj:u0038:s01	23	,	,	PUNCT	,	_	28	punct	123	124
usc5-552-doj:u0038:s01	24	or	or	CCONJ	CC	_	28	cc	125	127
usc5-552-doj:u0038:s01	25	the	the	DET	DT	Definite=Def|PronType=Art	26	det	128	131
usc5-552-doj:u0038:s01	26	agency	agency	NOUN	NN	Number=Sing	28	nsubj	132	138
usc5-552-doj:u0038:s01	27	has	have	AUX	VBZ	Mood=Ind|Number=Sing|Person=3|Tense=Pres|VerbForm=Fin	28	aux	139	142
usc5-552-doj:u0038:s01	28	determined	determine	VERB	VBN	Tense=Past|VerbForm=Part	4	conj	143	153
usc5-552-doj:u0038:s01	29	that	that	SCONJ	IN	_	33	mark	154	158
usc5-552-doj:u0038:s01	30	the	the	DET	DT	Definite=Def|PronType=Art	31	det	159	162
usc5-552-doj:u0038:s01	31	fee	fee	NOUN	NN	Number=Sing	33	nsubj	163	166
usc5-552-doj:u0038:s01	32	will	will	AUX	MD	VerbForm=Fin	33	aux	167	171
usc5-552-doj:u0038:s01	33	exceed	exceed	VERB	VB	VerbForm=Inf	28	ccomp	172	178
usc5-552-doj:u0038:s01	34	$	$	SYM	$	_	33	obj	179	180
usc5-552-doj:u0038:s01	35	250	250	NUM	CD	NumType=Card	34	nummod	180	183
usc5-552-doj:u0038:s01	36	.	.	PUNCT	.	_	4	punct	183	184
usc5-552-doj:u0039:s00	1	(	(	PUNCT	-LRB-	_	2	punct	0	1
usc5-552-doj:u0039:s00	2	vi	vi	X	LS	_	0	root	1	3
usc5-552-doj:u0039:s00	3	)	)	PUNCT	-RRB-	_	2	punct	3	4
usc5-552-doj:u0039:s00	4	Nothing	nothing	PRON	NN	Number=Sing	9	nsubj	5	12
usc5-552-doj:u0039:s00	5	in	in	ADP	IN	_	7	case	13	15
usc5-552-doj:u0039:s00	6	this	this	DET	DT	Number=Sing|PronType=Dem	7	det	16	20
usc5-552-doj:u0039:s00	7	subparagraph	subparagraph	NOUN	NN	Number=Sing	4	nmod	21	33
usc5-552-doj:u0039:s00	8	shall	shall	AUX	MD	VerbForm=Fin	9	aux	34	39
usc5-552-doj:u0039:s00	9	supersede	supersede	VERB	VB	VerbForm=Inf	2	ccomp	40	49
usc5-552-doj:u0039:s00	10	fees	fee	NOUN	NNS	Number=Plur	9	obj	50	54
usc5-552-doj:u0039:s00	11	chargeable	chargeable	ADJ	JJ	Degree=Pos	10	amod	55	65
usc5-552-doj:u0039:s00	12	under	under	ADP	IN	_	14	case	66	71
usc5-552-doj:u0039:s00	13	a	a	DET	DT	Definite=Ind|PronType=Art	14	det	72	73
usc5-552-doj:u0039:s00	14	statute	statute	NOUN	NN	Number=Sing	9	obl	74	81
usc5-552-doj:u0039:s00	15	specifically	specifically	ADV	RB	_	16	advmod	82	94
usc5-552-doj:u0039:s00	16	providing	provide	VERB	VBG	VerbForm=Ger	9	advcl	95	104
usc5-552-doj:u0039:s00	17	for	for	SCONJ	IN	_	18	mark	105	108
usc5-552-doj:u0039:s00	18	setting	set	VERB	VBG	VerbForm=Ger	16	advcl	109	116
usc5-552-doj:u0039:s00	19	the	the	DET	DT	Definite=Def|PronType=Art	20	det	117	120
usc5-552-doj:u0039:s00	20	level	level	NOUN	NN	Number=Sing	18	obj	121	126
usc5-552-doj:u0039:s00	21	of	of	ADP	IN	_	22	case	127	129
usc5-552-doj:u0039:s00	22	fees	fee	NOUN	NNS	Number=Plur	20	nmod	130	134
usc5-552-doj:u0039:s00	23	for	for	ADP	IN	_	25	case	135	138
usc5-552-doj:u0039:s00	24	particular	particular	ADJ	JJ	Degree=Pos	25	amod	139	149
usc5-552-doj:u0039:s00	25	types	type	NOUN	NNS	Number=Plur	20	nmod	150	155
usc5-552-doj:u0039:s00	26	of	of	ADP	IN	_	27	case	156	158
usc5-552-doj:u0039:s00	27	records	record	NOUN	NNS	Number=Plur	25	nmod	159	166
usc5-552-doj:u0039:s00	28	.	.	PUNCT	.	_	2	punct	166	167
usc5-552-doj:u0040:s00	1	(	(	PUNCT	-LRB-	_	2	punct	0	1
usc5-552-doj:u0040:s00	2	vii	vii	X	LS	_	0	root	1	4
usc5-552-doj:u0040:s00	3	)	)	PUNCT	-RRB-	_	2	punct	4	5
usc5-552-doj:u0040:s01	1	In	in	ADP	IN	_	3	case	0	2
usc5-552-doj:u0040:s01	2	any	any	DET	DT	_	3	det	3	6
usc5-552-doj:u0040:s01	3	action	action	NOUN	NN	Number=Sing	19	obl	7	13
usc5-552-doj:u0040:s01	4	by	by	ADP	IN	_	6	case	14	16
usc5-552-doj:u0040:s01	5	a	a	DET	DT	Definite=Ind|PronType=Art	6	det	17	18
usc5-552-doj:u0040:s01	6	requester	requester	NOUN	NN	Number=Sing	3	nmod	19	28
usc5-552-doj:u0040:s01	7	regarding	regard	VERB	VBG	VerbForm=Ger	9	case	29	38
usc5-552-doj:u0040:s01	8	the	the	DET	DT	Definite=Def|PronType=Art	9	det	39	42
usc5-552-doj:u0040:s01	9	waiver	waiver	NOUN	NN	Number=Sing	3	nmod	43	49
usc5-552-doj:u0040:s01	10	of	of	ADP	IN	_	11	case	50	52
usc5-552-doj:u0040:s01	11	fees	fee	NOUN	NNS	Number=Plur	9	nmod	53	57
usc5-552-doj:u0040:s01	12	under	under	ADP	IN	_	14	case	58	63
usc5-552-doj:u0040:s01	13	this	this	DET	DT	Number=Sing|PronType=Dem	14	det	64	68
usc5-552-doj:u0040:s01	14	section	section	NOUN	NN	Number=Sing	3	nmod	69	76
usc5-552-doj:u0040:s01	15	,	,	PUNCT	,	_	19	punct	76	77
usc5-552-doj:u0040:s01	16	the	the	DET	DT	Definite=Def|PronType=Art	17	det	78	81
usc5-552-doj:u0040:s01	17	court	court	NOUN	NN	Number=Sing	19	nsubj	82	87
usc5-552-doj:u0040:s01	18	shall	shall	AUX	MD	VerbForm=Fin	19	aux	88	93
usc5-552-doj:u0040:s01	19	determine	determine	VERB	VB	VerbForm=Inf	0	root	94	103
usc5-552-doj:u0040:s01	20	the	the	DET	DT	Definite=Def|PronType=Art	22	det	104	107
usc5-552-doj:u0040:s01	21	matter	matter	NOUN	NN	Number=Sing	22	compound	108	114
usc5-552-doj:u0040:s01	22	de	de	NOUN	NN	Number=Sing	19	obj	115	117
usc5-552-doj:u0040:s01	23	novo	novo	ADV	RB	_	19	advmod	118	122
usc5-552-doj:u0040:s01	24	:	:	PUNCT	:	_	19	punct	122	123
usc5-552-doj:u0040:s01	25	Provided	provide	VERB	VBN	Tense=Past|VerbForm=Part	19	parataxis	124	132
usc5-552-doj:u0040:s01	26	,	,	PUNCT	,	_	25	punct	132	133
usc5-552-doj:u0040:s01	27	That	that	SCONJ	IN	_	37	mark	134	138
usc5-552-doj:u0040:s01	28	the	the	DET	DT	Definite=Def|PronType=Art	29	det	139	142
usc5-552-doj:u0040:s01	29	court	court	NOUN	NN	Number=Sing	31	nmod:poss	143	148
usc5-552-doj:u0040:s01	30	's	's	PART	POS	_	29	case	148	150
usc5-552-doj:u0040:s01	31	review	review	NOUN	NN	Number=Sing	37	nsubj:pass	151	157
usc5-552-doj:u0040:s01	32	of	of	ADP	IN	_	34	case	158	160
usc5-552-doj:u0040:s01	33	the	the	DET	DT	Definite=Def|PronType=Art	34	det	161	164
usc5-552-doj:u0040:s01	34	matter	matter	NOUN	NN	Number=Sing	31	nmod	165	171
usc5-552-doj:u0040:s01	35	shall	shall	AUX	MD	VerbForm=Fin	37	aux	172	177
usc5-552-doj:u0040:s01	36	be	be	AUX	VB	VerbForm=Inf	37	aux:pass	178	180
usc5-552-doj:u0040:s01	37	limited	limit	VERB	VBN	Tense=Past|VerbForm=Part|Voice=Pass	25	advcl	181	188
usc5-552-doj:u0040:s01	38	to	to	ADP	IN	_	40	case	189	191
usc5-552-doj:u0040:s01	39	the	the	DET	DT	Definite=Def|PronType=Art	40	det	192	195
usc5-552-doj:u0040:s01	40	record	record	NOUN	NN	Number=Sing	37	obl	196	202
usc5-552-doj:u0040:s01	41	before	before	ADP	IN	_	43	case	203	209
usc5-552-doj:u0040:s01	42	the	the	DET	DT	Definite=Def|PronType=Art	43	det	210	213
usc5-552-doj:u0040:s01	43	agency	agency	NOUN	NN	Number=Sing	40	nmod	214	220
usc5-552-doj:u0040:s01	44	.	.	PUNCT	.	_	19	punct	220	221
usc5-552-doj:u0041:s00	1	(	(	PUNCT	-LRB-	_	2	punct	0	1
usc5-552-doj:u0041:s00	2	viii	viii	X	LS	_	5	nummod	1	5
usc5-552-doj:u0041:s00	3	)	)	PUNCT	-RRB-	_	2	punct	5	6
usc5-552-doj:u0041:s00	4	(	(	PUNCT	-LRB-	_	2	punct	7	8
usc5-552-doj:u0041:s00	5	I	I	PRON	PRP	Case=Nom|Number=Sing|Person=1|PronType=Prs	20	nsubj	8	9
usc5-552-doj:u0041:s00	6	)	)	PUNCT	-RRB-	_	5	punct	9	10
usc5-552-doj:u0041:s00	7	Except	except	PROPN	NNP	Number=Sing	5	appos	11	17
usc5-552-doj:u0041:s00	8	as	as	SCONJ	IN	_	9	mark	18	20
usc5-552-doj:u0041:s00	9	provided	provide	VERB	VBN	Tense=Past|VerbForm=Part	5	acl	21	29
usc5-552-doj:u0041:s00	10	in	in	ADP	IN	_	11	case	30	32
usc5-552-doj:u0041:s00	11	subclause	subclause	NOUN	NN	Number=Sing	9	obl	33	42
usc5-552-doj:u0041:s00	12	(	(	PUNCT	-LRB-	_	11	punct	43	44
usc5-552-doj:u0041:s00	13	II	ii	NUM	CD	NumType=Card	11	nummod	44	46
usc5-552-doj:u0041:s00	14	)	)	PUNCT	-RRB-	_	11	punct	46	47
usc5-552-doj:u0041:s00	15	,	,	PUNCT	,	_	20	punct	47	48
usc5-552-doj:u0041:s00	16	an	a	DET	DT	Definite=Ind|PronType=Art	17	det	49	51
usc5-552-doj:u0041:s00	17	agency	agency	NOUN	NN	Number=Sing	20	nsubj	52	58
usc5-552-doj:u0041:s00	18	shall	shall	AUX	MD	VerbForm=Fin	20	aux	59	64
usc5-552-doj:u0041:s00	19	not	not	PART	RB	_	20	advmod	65	68
usc5-552-doj:u0041:s00	20	assess	assess	VERB	VB	VerbForm=Inf	0	root	69	75
usc5-552-doj:u0041:s00	21	any	any	DET	DT	_	23	det	76	79
usc5-552-doj:u0041:s00	22	search	search	NOUN	NN	Number=Sing	23	compound	80	86
usc5-552-doj:u0041:s00	23	fees	fee	NOUN	NNS	Number=Plur	20	obj	87	91
usc5-552-doj:u0041:s00	24	(	(	PUNCT	-LRB-	_	23	punct	92	93
usc5-552-doj:u0041:s00	25	or	or	CCONJ	CC	_	28	cc	93	95
usc5-552-doj:u0041:s00	26	in	in	ADP	IN	_	28	case	96	98
usc5-552-doj:u0041:s00	27	the	the	DET	DT	Definite=Def|PronType=Art	28	det	99	102
usc5-552-doj:u0041:s00	28	case	case	NOUN	NN	Number=Sing	23	conj	103	107
usc5-552-doj:u0041:s00	29	of	of	ADP	IN	_	31	case	108	110
usc5-552-doj:u0041:s00	30	a	a	DET	DT	Definite=Ind|PronType=Art	31	det	111	112
usc5-552-doj:u0041:s00	31	requester	requester	NOUN	NN	Number=Sing	28	nmod	113	122
usc5-552-doj:u0041:s00	32	described	describe	VERB	VBN	Tense=Past|VerbForm=Part	31	acl	123	132
usc5-552-doj:u0041:s00	33	under	under	ADP	IN	_	34	case	133	138
usc5-552-doj:u0041:s00	34	clause	clause	NOUN	NN	Number=Sing	32	obl	139	145
usc5-552-doj:u0041:s00	35	(	(	PUNCT	-LRB-	_	36	punct	146	147
usc5-552-doj:u0041:s00	36	ii	ii	X	LS	_	34	nummod	147	149
usc5-552-doj:u0041:s00	37	)	)	PUNCT	-RRB-	_	36	punct	149	150
usc5-552-doj:u0041:s00	38	(	(	PUNCT	-LRB-	_	31	punct	150	151
usc5-552-doj:u0041:s00	39	II	ii	X	LS	_	23	advmod	151	153
usc5-552-doj:u0041:s00	40	)	)	PUNCT	-RRB-	_	20	punct	153	154
usc5-552-doj:u0041:s00	41	of	of	ADP	IN	_	43	case	155	157
usc5-552-doj:u0041:s00	42	this	this	DET	DT	Number=Sing|PronType=Dem	43	det	158	162
usc5-552-doj:u0041:s00	43	subparagraph	subparagraph	NOUN	NN	Number=Sing	20	nmod	163	175
usc5-552-doj:u0041:s00	44	,	,	PUNCT	,	_	46	punct	175	176
usc5-552-doj:u0041:s00	45	duplication	duplication	NOUN	NN	Number=Sing	46	compound	177	188
usc5-552-doj:u0041:s00	46	fees	fee	NOUN	NNS	Number=Plur	43	conj	189	193
usc5-552-doj:u0041:s00	47	)	)	PUNCT	-RRB-	_	43	punct	193	194
usc5-552-doj:u0041:s00	48	under	under	ADP	IN	_	50	case	195	200
usc5-552-doj:u0041:s00	49	this	this	DET	DT	Number=Sing|PronType=Dem	50	det	201	205
usc5-552-doj:u0041:s00	50	subparagraph	subparagraph	NOUN	NN	Number=Sing	20	obl	206	218
usc5-552-doj:u0041:s00	51	if	if	SCONJ	IN	_	55	mark	219	221
usc5-552-doj:u0041:s00	52	the	the	DET	DT	Definite=Def|PronType=Art	53	det	222	225
usc5-552-doj:u0041:s00	53	agency	agency	NOUN	NN	Number=Sing	55	nsubj	226	232
usc5-552-doj:u0041:s00	54	has	have	AUX	VBZ	Mood=Ind|Number=Sing|Person=3|Tense=Pres|VerbForm=Fin	55	aux	233	236
usc5-552-doj:u0041:s00	55	failed	fail	VERB	VBN	Tense=Past|VerbForm=Part	20	advcl	237	243
usc5-552-doj:u0041:s00	56	to	to	PART	TO	_	57	mark	244	246
usc5-552-doj:u0041:s00	57	comply	comply	VERB	VB	VerbForm=Inf	55	xcomp	247	253
usc5-552-doj:u0041:s00	58	with	with	ADP	IN	_	61	case	254	258
usc5-552-doj:u0041:s00	59	any	any	DET	DT	_	61	det	259	262
usc5-552-doj:u0041:s00	60	time	time	NOUN	NN	Number=Sing	61	compound	263	267
usc5-552-doj:u0041:s00	61	limit	limit	NOUN	NN	Number=Sing	57	obl	268	273
usc5-552-doj:u0041:s00	62	under	under	ADP	IN	_	63	case	274	279
usc5-552-doj:u0041:s00	63	paragraph	paragraph	NOUN	NN	Number=Sing	61	nmod	280	289
usc5-552-doj:u0041:s00	64	(	(	PUNCT	-LRB-	_	65	punct	290	291
usc5-552-doj:u0041:s00	65	6	6	NUM	CD	NumType=Card	61	appos	291	292
usc5-552-doj:u0041:s00	66	)	)	PUNCT	-RRB-	_	65	punct	292	293
usc5-552-doj:u0041:s00	67	.	.	PUNCT	.	_	20	punct	293	294
usc5-552-doj:u0042:s00	1	(	(	PUNCT	-LRB-	_	2	punct	0	1
usc5-552-doj:u0042:s00	2	II	ii	X	LS	_	0	root	1	3
usc5-552-doj:u0042:s00	3	)	)	PUNCT	-RRB-	_	2	punct	3	4
usc5-552-doj:u0042:s00	4	(	(	PUNCT	-LRB-	_	2	punct	4	5
usc5-552-doj:u0042:s00	5	aa	aa	INTJ	UH	_	2	discourse	5	7
usc5-552-doj:u0042:s00	6	)	)	PUNCT	-RRB-	_	2	punct	7	8
usc5-552-doj:u0042:s01	1	If	if	SCONJ	IN	_	5	mark	0	2
usc5-552-doj:u0042:s01	2	an	a	DET	DT	Definite=Ind|PronType=Art	3	det	3	5
usc5-552-doj:u0042:s01	3	agency	agency	NOUN	NN	Number=Sing	5	nsubj	6	12
usc5-552-doj:u0042:s01	4	has	have	AUX	VBZ	Mood=Ind|Number=Sing|Person=3|Tense=Pres|VerbForm=Fin	5	aux	13	16
usc5-552-doj:u0042:s01	5	determined	determine	VERB	VBN	Tense=Past|VerbForm=Part	56	advcl	17	27
usc5-552-doj:u0042:s01	6	that	that	SCONJ	IN	_	9	mark	28	32
usc5-552-doj:u0042:s01	7	unusual	unusual	ADJ	JJ	Degree=Pos	8	amod	33	40
usc5-552-doj:u0042:s01	8	circumstances	circumstance	NOUN	NNS	Number=Plur	9	nsubj	41	54
usc5-552-doj:u0042:s01	9	apply	apply	VERB	VBP	Mood=Ind|Tense=Pres|VerbForm=Fin	5	ccomp	55	60
usc5-552-doj:u0042:s01	10	(	(	PUNCT	-LRB-	_	15	punct	61	62
usc5-552-doj:u0042:s01	11	as	as	ADP	IN	_	15	mark	62	64
usc5-552-doj:u0042:s01	12	the	the	DET	DT	Definite=Def|PronType=Art	13	det	65	68
usc5-552-doj:u0042:s01	13	term	term	NOUN	NN	Number=Sing	15	nsubj:pass	69	73
usc5-552-doj:u0042:s01	14	is	be	AUX	VBZ	Mood=Ind|Number=Sing|Person=3|Tense=Pres|VerbForm=Fin	15	aux:pass	74	76
usc5-552-doj:u0042:s01	15	defined	define	VERB	VBN	Tense=Past|VerbForm=Part|Voice=Pass	5	advcl	77	84
usc5-552-doj:u0042:s01	16	in	in	ADP	IN	_	17	case	85	87
usc5-552-doj:u0042:s01	17	paragraph	paragraph	NOUN	NN	Number=Sing	15	obl	88	97
usc5-552-doj:u0042:s01	18	(	(	PUNCT	-LRB-	_	19	punct	98	99
usc5-552-doj:u0042:s01	19	6	6	NUM	CD	NumType=Card	17	appos	99	100
usc5-552-doj:u0042:s01	20	)	)	PUNCT	-RRB-	_	19	punct	100	101
usc5-552-doj:u0042:s01	21	(	(	PUNCT	-LRB-	_	22	punct	101	102
usc5-552-doj:u0042:s01	22	B	b	X	LS	_	17	appos	102	103
usc5-552-doj:u0042:s01	23	)	)	PUNCT	-RRB-	_	22	punct	103	104
usc5-552-doj:u0042:s01	24	)	)	PUNCT	-RRB-	_	15	punct	104	105
usc5-552-doj:u0042:s01	25	and	and	CCONJ	CC	_	28	cc	106	109
usc5-552-doj:u0042:s01	26	the	the	DET	DT	Definite=Def|PronType=Art	27	det	110	113
usc5-552-doj:u0042:s01	27	agency	agency	NOUN	NN	Number=Sing	28	nsubj	114	120
usc5-552-doj:u0042:s01	28	provided	provide	VERB	VBD	Mood=Ind|Tense=Past|VerbForm=Fin	5	conj	121	129
usc5-552-doj:u0042:s01	29	a	a	DET	DT	Definite=Ind|PronType=Art	32	det	130	131
usc5-552-doj:u0042:s01	30	timely	timely	ADJ	JJ	Degree=Pos	32	amod	132	138
usc5-552-doj:u0042:s01	31	written	write	VERB	VBN	Tense=Past|VerbForm=Part	32	amod	139	146
usc5-552-doj:u0042:s01	32	notice	notice	NOUN	NN	Number=Sing	28	obj	147	153
usc5-552-doj:u0042:s01	33	to	to	ADP	IN	_	35	case	154	156
usc5-552-doj:u0042:s01	34	the	the	DET	DT	Definite=Def|PronType=Art	35	det	157	160
usc5-552-doj:u0042:s01	35	requester	requester	NOUN	NN	Number=Sing	28	obl	161	170
usc5-552-doj:u0042:s01	36	in	in	ADP	IN	_	37	case	171	173
usc5-552-doj:u0042:s01	37	accordance	accordance	NOUN	NN	Number=Sing	35	nmod	174	184
usc5-552-doj:u0042:s01	38	with	with	ADP	IN	_	39	case	185	189
usc5-552-doj:u0042:s01	39	paragraph	paragraph	NOUN	NN	Number=Sing	35	nmod	190	199
usc5-552-doj:u0042:s01	40	(	(	PUNCT	-LRB-	_	41	punct	200	201
usc5-552-doj:u0042:s01	41	6	6	NUM	CD	NumType=Card	39	appos	201	202
usc5-552-doj:u0042:s01	42	)	)	PUNCT	-RRB-	_	41	punct	202	203
usc5-552-doj:u0042:s01	43	(	(	PUNCT	-LRB-	_	44	punct	203	204
usc5-552-doj:u0042:s01	44	B	b	PROPN	NNP	Number=Sing	39	appos	204	205
usc5-552-doj:u0042:s01	45	)	)	PUNCT	-RRB-	_	44	punct	205	206
usc5-552-doj:u0042:s01	46	,	,	PUNCT	,	_	56	punct	206	207
usc5-552-doj:u0042:s01	47	a	a	DET	DT	Definite=Ind|PronType=Art	48	det	208	209
usc5-552-doj:u0042:s01	48	failure	failure	NOUN	NN	Number=Sing	56	nsubj:pass	210	217
usc5-552-doj:u0042:s01	49	described	describe	VERB	VBN	Tense=Past|VerbForm=Part	48	acl	218	227
usc5-552-doj:u0042:s01	50	in	in	ADP	IN	_	51	case	228	230
usc5-552-doj:u0042:s01	51	subclause	subclause	NOUN	NN	Number=Sing	49	obl	231	240
usc5-552-doj:u0042:s01	52	(	(	PUNCT	-LRB-	_	53	punct	241	242
usc5-552-doj:u0042:s01	53	I	I	PRON	PRP	Case=Nom|Number=Sing|Person=1|PronType=Prs	48	appos	242	243
usc5-552-doj:u0042:s01	54	)	)	PUNCT	-RRB-	_	53	punct	243	244
usc5-552-doj:u0042:s01	55	is	be	AUX	VBZ	Mood=Ind|Number=Sing|Person=3|Tense=Pres|VerbForm=Fin	56	aux:pass	245	247
usc5-552-doj:u0042:s01	56	excused	excuse	VERB	VBN	Tense=Past|VerbForm=Part|Voice=Pass	0	root	248	255
usc5-552-doj:u0042:s01	57	for	for	ADP	IN	_	61	case	256	259
usc5-552-doj:u0042:s01	58	an	a	DET	DT	Definite=Ind|PronType=Art	61	det	260	262
usc5-552-doj:u0042:s01	59	additional	additional	ADJ	JJ	Degree=Pos	61	amod	263	273
usc5-552-doj:u0042:s01	60	10	10	NUM	CD	NumType=Card	61	nummod	274	276
usc5-552-doj:u0042:s01	61	days	day	NOUN	NNS	Number=Plur	56	obl	277	281
usc5-552-doj:u0042:s01	62	.	.	PUNCT	.	_	56	punct	281	282
usc5-552-doj:u0042:s02	1	If	if	SCONJ	IN	_	4	mark	0	2
usc5-552-doj:u0042:s02	2	the	the	DET	DT	Definite=Def|PronType=Art	3	det	3	6
usc5-552-doj:u0042:s02	3	agency	agency	NOUN	NN	Number=Sing	4	nsubj	7	13
usc5-552-doj:u0042:s02	4	fails	fail	VERB	VBZ	Mood=Ind|Number=Sing|Person=3|Tense=Pres|VerbForm=Fin	17	advcl	14	19
usc5-552-doj:u0042:s02	5	to	to	PART	TO	_	6	mark	20	22
usc5-552-doj:u0042:s02	6	comply	comply	VERB	VB	VerbForm=Inf	4	xcomp	23	29
usc5-552-doj:u0042:s02	7	with	with	ADP	IN	_	11	case	30	34
usc5-552-doj:u0042:s02	8	the	the	DET	DT	Definite=Def|PronType=Art	11	det	35	38
usc5-552-doj:u0042:s02	9	extended	extended	VERB	VBN	Tense=Past|VerbForm=Part	11	amod	39	47
usc5-552-doj:u0042:s02	10	time	time	NOUN	NN	Number=Sing	11	compound	48	52
usc5-552-doj:u0042:s02	11	limit	limit	NOUN	NN	Number=Sing	6	obl	53	58
usc5-552-doj:u0042:s02	12	,	,	PUNCT	,	_	17	punct	58	59
usc5-552-doj:u0042:s02	13	the	the	DET	DT	Definite=Def|PronType=Art	14	det	60	63
usc5-552-doj:u0042:s02	14	agency	agency	NOUN	NN	Number=Sing	17	nsubj	64	70
usc5-552-doj:u0042:s02	15	may	may	AUX	MD	VerbForm=Fin	17	aux	71	74
usc5-552-doj:u0042:s02	16	not	not	PART	RB	_	17	advmod	75	78
usc5-552-doj:u0042:s02	17	assess	assess	VERB	VB	VerbForm=Inf	0	root	79	85
usc5-552-doj:u0042:s02	18	any	any	DET	DT	_	20	det	86	89
usc5-552-doj:u0042:s02	19	search	search	NOUN	NN	Number=Sing	20	compound	90	96
usc5-552-doj:u0042:s02	20	fees	fee	NOUN	NNS	Number=Plur	17	obj	97	101
usc5-552-doj:u0042:s02	21	(	(	PUNCT	-LRB-	_	20	punct	102	103
usc5-552-doj:u0042:s02	22	or	or	CCONJ	CC	_	25	cc	103	105
usc5-552-doj:u0042:s02	23	in	in	ADP	IN	_	25	case	106	108
usc5-552-doj:u0042:s02	24	the	the	DET	DT	Definite=Def|PronType=Art	25	det	109	112
usc5-552-doj:u0042:s02	25	case	case	NOUN	NN	Number=Sing	20	nmod	113	117
usc5-552-doj:u0042:s02	26	of	of	ADP	IN	_	28	case	118	120
usc5-552-doj:u0042:s02	27	a	a	DET	DT	Definite=Ind|PronType=Art	28	det	121	122
usc5-552-doj:u0042:s02	28	requester	requester	NOUN	NN	Number=Sing	25	nmod	123	132
usc5-552-doj:u0042:s02	29	is	be	AUX	VBZ	Mood=Ind|Number=Sing|Person=3|Tense=Pres|VerbForm=Fin	30	aux:pass	133	135
usc5-552-doj:u0042:s02	30	described	describe	VERB	VBN	Tense=Past|VerbForm=Part|Voice=Pass	17	ccomp	136	145
usc5-552-doj:u0042:s02	31	under	under	ADP	IN	_	32	case	146	151
usc5-552-doj:u0042:s02	32	clause	clause	NOUN	NN	Number=Sing	30	obl	152	158
usc5-552-doj:u0042:s02	33	(	(	PUNCT	-LRB-	_	32	punct	159	160
usc5-552-doj:u0042:s02	34	ii	ii	X	LS	_	32	advmod	160	162
usc5-552-doj:u0042:s02	35	)	)	PUNCT	-RRB-	_	32	punct	162	163
usc5-552-doj:u0042:s02	36	(	(	PUNCT	-LRB-	_	32	punct	163	164
usc5-552-doj:u0042:s02	37	II	ii	X	LS	_	32	appos	164	166
usc5-552-doj:u0042:s02	38	)	)	PUNCT	-RRB-	_	32	punct	166	167
usc5-552-doj:u0042:s02	39	of	of	ADP	IN	_	41	case	168	170
usc5-552-doj:u0042:s02	40	this	this	DET	DT	Number=Sing|PronType=Dem	41	det	171	175
usc5-552-doj:u0042:s02	41	subparagraph	subparagraph	NOUN	NN	Number=Sing	32	nmod	176	188
usc5-552-doj:u0042:s02	42	,	,	PUNCT	,	_	32	punct	188	189
usc5-552-doj:u0042:s02	43	duplication	duplication	NOUN	NN	Number=Sing	44	compound	190	201
usc5-552-doj:u0042:s02	44	fees	fee	NOUN	NNS	Number=Plur	32	appos	202	206
usc5-552-doj:u0042:s02	45	)	)	PUNCT	-RRB-	_	32	punct	206	207
usc5-552-doj:u0042:s02	46	.	.	PUNCT	.	_	17	punct	207	208
usc5-552-doj:u0043:s00	1	(	(	PUNCT	-LRB-	_	2	punct	0	1
usc5-552-doj:u0043:s00	2	bb	bb	X	LS	_	8	nummod	1	3
usc5-552-doj:u0043:s00	3	)	)	PUNCT	-RRB-	_	2	punct	3	4
usc5-552-doj:u0043:s00	4	If	if	SCONJ	IN	_	8	mark	5	7
usc5-552-doj:u0043:s00	5	an	a	DET	DT	Definite=Ind|PronType=Art	6	det	8	10
usc5-552-doj:u0043:s00	6	agency	agency	NOUN	NN	Number=Sing	8	nsubj	11	17
usc5-552-doj:u0043:s00	7	has	have	AUX	VBZ	Mood=Ind|Number=Sing|Person=3|Tense=Pres|VerbForm=Fin	8	aux	18	21
usc5-552-doj:u0043:s00	8	determined	determine	VERB	VBN	Tense=Past|VerbForm=Part	0	root	22	32
usc5-552-doj:u0043:s00	9	that	that	SCONJ	IN	_	12	mark	33	37
usc5-552-doj:u0043:s00	10	unusual	unusual	ADJ	JJ	Degree=Pos	11	amod	38	45
usc5-552-doj:u0043:s00	11	circumstances	circumstance	NOUN	NNS	Number=Plur	12	nsubj	46	59
usc5-552-doj:u0043:s00	12	apply	apply	VERB	VBP	Mood=Ind|Tense=Pres|VerbForm=Fin	8	ccomp	60	65
usc5-552-doj:u0043:s00	13	and	and	CCONJ	CC	_	17	cc	66	69
usc5-552-doj:u0043:s00	14	more	more	ADJ	JJR	Degree=Cmp	16	advmod	70	74
usc5-552-doj:u0043:s00	15	than	than	ADP	IN	_	14	fixed	75	79
usc5-552-doj:u0043:s00	16	5,000	5,000	NUM	CD	NumType=Card	17	nummod	80	85
usc5-552-doj:u0043:s00	17	pages	page	NOUN	NNS	Number=Plur	12	conj	86	91
usc5-552-doj:u0043:s00	18	are	be	AUX	VBP	Mood=Ind|Tense=Pres|VerbForm=Fin	19	cop	92	95
usc5-552-doj:u0043:s00	19	necessary	necessary	ADJ	JJ	Degree=Pos	8	xcomp	96	105
usc5-552-doj:u0043:s00	20	to	to	PART	TO	_	21	mark	106	108
usc5-552-doj:u0043:s00	21	respond	respond	VERB	VB	VerbForm=Inf	19	advcl	109	116
usc5-552-doj:u0043:s00	22	to	to	ADP	IN	_	24	case	117	119
usc5-552-doj:u0043:s00	23	the	the	DET	DT	Definite=Def|PronType=Art	24	det	120	123
usc5-552-doj:u0043:s00	24	request	request	NOUN	NN	Number=Sing	29	obl	124	131
usc5-552-doj:u0043:s00	25	,	,	PUNCT	,	_	24	punct	131	132
usc5-552-doj:u0043:s00	26	an	a	DET	DT	Definite=Ind|PronType=Art	27	det	133	135
usc5-552-doj:u0043:s00	27	agency	agency	NOUN	NN	Number=Sing	29	nsubj	136	142
usc5-552-doj:u0043:s00	28	may	may	AUX	MD	VerbForm=Fin	29	aux	143	146
usc5-552-doj:u0043:s00	29	charge	charge	VERB	VB	VerbForm=Inf	21	ccomp	147	153
usc5-552-doj:u0043:s00	30	search	search	NOUN	NN	Number=Sing	31	compound	154	160
usc5-552-doj:u0043:s00	31	fees	fee	NOUN	NNS	Number=Plur	29	obj	161	165
usc5-552-doj:u0043:s00	32	(	(	PUNCT	-LRB-	_	31	punct	166	167
usc5-552-doj:u0043:s00	33	or	or	CCONJ	CC	_	36	cc	167	169
usc5-552-doj:u0043:s00	34	in	in	ADP	IN	_	36	case	170	172
usc5-552-doj:u0043:s00	35	the	the	DET	DT	Definite=Def|PronType=Art	36	det	173	176
usc5-552-doj:u0043:s00	36	case	case	NOUN	NN	Number=Sing	31	conj	177	181
usc5-552-doj:u0043:s00	37	of	of	ADP	IN	_	39	case	182	184
usc5-552-doj:u0043:s00	38	a	a	DET	DT	Definite=Ind|PronType=Art	39	det	185	186
usc5-552-doj:u0043:s00	39	requester	requester	NOUN	NN	Number=Sing	36	nmod	187	196
usc5-552-doj:u0043:s00	40	described	describe	VERB	VBN	Tense=Past|VerbForm=Part	39	acl	197	206
usc5-552-doj:u0043:s00	41	under	under	ADP	IN	_	42	case	207	212
usc5-552-doj:u0043:s00	42	clause	clause	NOUN	NN	Number=Sing	40	obl	213	219
usc5-552-doj:u0043:s00	43	(	(	PUNCT	-LRB-	_	44	punct	220	221
usc5-552-doj:u0043:s00	44	ii	ii	X	LS	_	42	nummod	221	223
usc5-552-doj:u0043:s00	45	)	)	PUNCT	-RRB-	_	44	punct	223	224
usc5-552-doj:u0043:s00	46	(	(	PUNCT	-LRB-	_	39	punct	225	226
usc5-552-doj:u0043:s00	47	II	ii	X	LS	_	31	advmod	226	228
usc5-552-doj:u0043:s00	48	)	)	PUNCT	-RRB-	_	31	punct	228	229
usc5-552-doj:u0043:s00	49	of	of	ADP	IN	_	51	case	230	232
usc5-552-doj:u0043:s00	50	this	this	DET	DT	Number=Sing|PronType=Dem	51	det	233	237
usc5-552-doj:u0043:s00	51	subparagraph	subparagraph	NOUN	NN	Number=Sing	54	nmod	238	250
usc5-552-doj:u0043:s00	52	,	,	PUNCT	,	_	54	punct	250	251
usc5-552-doj:u0043:s00	53	duplication	duplication	NOUN	NN	Number=Sing	54	compound	252	263
usc5-552-doj:u0043:s00	54	fees	fee	NOUN	NNS	Number=Plur	31	appos	264	268
usc5-552-doj:u0043:s00	55	)	)	PUNCT	-RRB-	_	31	punct	268	269
usc5-552-doj:u0043:s00	56	if	if	SCONJ	IN	_	60	mark	270	272
usc5-552-doj:u0043:s00	57	the	the	DET	DT	Definite=Def|PronType=Art	58	det	273	276
usc5-552-doj:u0043:s00	58	agency	agency	NOUN	NN	Number=Sing	60	nsubj	277	283
usc5-552-doj:u0043:s00	59	has	have	AUX	VBZ	Mood=Ind|Number=Sing|Person=3|Tense=Pres|VerbForm=Fin	60	aux	284	287
usc5-552-doj:u0043:s00	60	provided	provide	VERB	VBN	Tense=Past|VerbForm=Part	29	advcl	288	296
usc5-552-doj:u0043:s00	61	a	a	DET	DT	Definite=Ind|PronType=Art	64	det	297	298
usc5-552-doj:u0043:s00	62	timely	timely	ADJ	JJ	Degree=Pos	64	amod	299	305
usc5-552-doj:u0043:s00	63	written	write	VERB	VBN	Tense=Past|VerbForm=Part	64	amod	306	313
usc5-552-doj:u0043:s00	64	notice	notice	NOUN	NN	Number=Sing	60	obj	314	320
usc5-552-doj:u0043:s00	65	to	to	ADP	IN	_	67	case	321	323
usc5-552-doj:u0043:s00	66	the	the	DET	DT	Definite=Def|PronType=Art	67	det	324	327
usc5-552-doj:u0043:s00	67	requester	requester	NOUN	NN	Number=Sing	60	obl	328	337
usc5-552-doj:u0043:s00	68	in	in	ADP	IN	_	69	case	338	340
usc5-552-doj:u0043:s00	69	accordance	accordance	NOUN	NN	Number=Sing	67	nmod	341	351
usc5-552-doj:u0043:s00	70	with	with	ADP	IN	_	71	case	352	356
usc5-552-doj:u0043:s00	71	paragraph	paragraph	NOUN	NN	Number=Sing	60	obl	357	366
usc5-552-doj:u0043:s00	72	6	6	NUM	CD	NumType=Card	71	nummod	367	368
usc5-552-doj:u0043:s00	73	(	(	PUNCT	-LRB-	_	74	punct	368	369
usc5-552-doj:u0043:s00	74	B	b	NOUN	NN	Number=Sing	71	appos	369	370
usc5-552-doj:u0043:s00	75	)	)	PUNCT	-RRB-	_	74	punct	370	371
usc5-552-doj:u0043:s00	76	and	and	CCONJ	CC	_	80	cc	372	375
usc5-552-doj:u0043:s00	77	the	the	DET	DT	Definite=Def|PronType=Art	78	det	376	379
usc5-552-doj:u0043:s00	78	agency	agency	NOUN	NN	Number=Sing	80	nsubj	380	386
usc5-552-doj:u0043:s00	79	has	have	AUX	VBZ	Mood=Ind|Number=Sing|Person=3|Tense=Pres|VerbForm=Fin	80	aux	387	390
usc5-552-doj:u0043:s00	80	discussed	discuss	VERB	VBN	Tense=Past|VerbForm=Part	71	conj	391	400
usc5-552-doj:u0043:s00	81	with	with	ADP	IN	_	83	case	401	405
usc5-552-doj:u0043:s00	82	the	the	DET	DT	Definite=Def|PronType=Art	83	det	406	409
usc5-552-doj:u0043:s00	83	requester	requester	NOUN	NN	Number=Sing	80	obl	410	419
usc5-552-doj:u0043:s00	84	via	via	ADP	IN	_	86	case	420	423
usc5-552-doj:u0043:s00	85	written	write	VERB	VBN	Tense=Past|VerbForm=Part	86	amod	424	431
usc5-552-doj:u0043:s00	86	mail	mail	NOUN	NN	Number=Sing	80	obl	432	436
usc5-552-doj:u0043:s00	87	,	,	PUNCT	,	_	89	punct	436	437
usc5-552-doj:u0043:s00	88	electronic	electronic	ADJ	JJ	Degree=Pos	89	amod	438	448
usc5-552-doj:u0043:s00	89	mail	mail	NOUN	NN	Number=Sing	86	conj	449	453
usc5-552-doj:u0043:s00	90	,	,	PUNCT	,	_	92	punct	453	454
usc5-552-doj:u0043:s00	91	or	or	CCONJ	CC	_	92	cc	455	457
usc5-552-doj:u0043:s00	92	telephone	telephone	NOUN	NN	Number=Sing	71	conj	458	467
usc5-552-doj:u0043:s00	93	(	(	PUNCT	-LRB-	_	95	punct	468	469
usc5-552-doj:u0043:s00	94	or	or	CCONJ	CC	_	95	cc	469	471
usc5-552-doj:u0043:s00	95	made	make	VERB	VBD	Mood=Ind|Tense=Past|VerbForm=Fin	60	conj	472	476
usc5-552-doj:u0043:s00	96	not	not	ADV	RB	_	97	advmod	477	480
usc5-552-doj:u0043:s00	97	less	less	ADJ	JJR	Degree=Cmp	99	advmod	481	485
usc5-552-doj:u0043:s00	98	than	than	ADP	IN	_	97	fixed	486	490
usc5-552-doj:u0043:s00	99	3	3	NUM	CD	NumType=Card	103	nummod	491	492
usc5-552-doj:u0043:s00	100	good	good	ADJ	JJ	Degree=Pos	102	amod	493	497
usc5-552-doj:u0043:s00	101	-	-	PUNCT	HYPH	_	102	punct	497	498
usc5-552-doj:u0043:s00	102	faith	faith	NOUN	NN	Number=Sing	103	compound	498	503
usc5-552-doj:u0043:s00	103	attempts	attempt	NOUN	NNS	Number=Plur	105	nsubj	504	512
usc5-552-doj:u0043:s00	104	to	to	PART	TO	_	105	mark	513	515
usc5-552-doj:u0043:s00	105	do	do	VERB	VB	VerbForm=Inf	95	ccomp	516	518
usc5-552-doj:u0043:s00	106	so	so	ADV	RB	_	95	advmod	519	521
usc5-552-doj:u0043:s00	107	)	)	PUNCT	-RRB-	_	95	punct	521	522
usc5-552-doj:u0043:s00	108	how	how	ADV	WRB	PronType=Int	113	advmod	523	526
usc5-552-doj:u0043:s00	109	the	the	DET	DT	Definite=Def|PronType=Art	110	det	527	530
usc5-552-doj:u0043:s00	110	requester	requester	NOUN	NN	Number=Sing	113	nsubj	531	540
usc5-552-doj:u0043:s00	111	could	could	AUX	MD	VerbForm=Fin	113	aux	541	546
usc5-552-doj:u0043:s00	112	effectively	effectively	ADV	RB	_	113	advmod	547	558
usc5-552-doj:u0043:s00	113	limit	limit	VERB	VB	VerbForm=Inf	95	ccomp	559	564
usc5-552-doj:u0043:s00	114	the	the	DET	DT	Definite=Def|PronType=Art	115	det	565	568
usc5-552-doj:u0043:s00	115	scope	scope	NOUN	NN	Number=Sing	113	obj	569	574
usc5-552-doj:u0043:s00	116	of	of	ADP	IN	_	118	case	575	577
usc5-552-doj:u0043:s00	117	the	the	DET	DT	Definite=Def|PronType=Art	118	det	578	581
usc5-552-doj:u0043:s00	118	request	request	NOUN	NN	Number=Sing	115	nmod	582	589
usc5-552-doj:u0043:s00	119	in	in	ADP	IN	_	120	case	590	592
usc5-552-doj:u0043:s00	120	accordance	accordance	NOUN	NN	Number=Sing	118	nmod	593	603
usc5-552-doj:u0043:s00	121	with	with	ADP	IN	_	122	case	604	608
usc5-552-doj:u0043:s00	122	paragraph	paragraph	NOUN	NN	Number=Sing	118	nmod	609	618
usc5-552-doj:u0043:s00	123	(	(	PUNCT	-LRB-	_	124	punct	619	620
usc5-552-doj:u0043:s00	124	6	6	NUM	CD	NumType=Card	122	appos	620	621
usc5-552-doj:u0043:s00	125	)	)	PUNCT	-RRB-	_	124	punct	621	622
usc5-552-doj:u0043:s00	126	(	(	PUNCT	-LRB-	_	127	punct	622	623
usc5-552-doj:u0043:s00	127	B	b	PROPN	NNP	Number=Sing	122	appos	623	624
usc5-552-doj:u0043:s00	128	)	)	PUNCT	-RRB-	_	127	punct	624	625
usc5-552-doj:u0043:s00	129	(	(	PUNCT	-LRB-	_	130	punct	625	626
usc5-552-doj:u0043:s00	130	ii	ii	X	LS	_	122	appos	626	628
usc5-552-doj:u0043:s00	131	)	)	PUNCT	-RRB-	_	130	punct	628	629
usc5-552-doj:u0043:s00	132	.	.	PUNCT	.	_	8	punct	629	630
usc5-552-doj:u0044:s00	1	(	(	PUNCT	-LRB-	_	2	punct	0	1
usc5-552-doj:u0044:s00	2	cc	cc	X	LS	_	0	root	1	3
usc5-552-doj:u0044:s00	3	)	)	PUNCT	-RRB-	_	2	punct	3	4
usc5-552-doj:u0044:s00	4	If	if	SCONJ	IN	_	8	mark	5	7
usc5-552-doj:u0044:s00	5	a	a	DET	DT	Definite=Ind|PronType=Art	6	det	8	9
usc5-552-doj:u0044:s00	6	court	court	NOUN	NN	Number=Sing	8	nsubj	10	15
usc5-552-doj:u0044:s00	7	has	have	AUX	VBZ	Mood=Ind|Number=Sing|Person=3|Tense=Pres|VerbForm=Fin	8	aux	16	19
usc5-552-doj:u0044:s00	8	determined	determine	VERB	VBN	Tense=Past|VerbForm=Part	39	advcl	20	30
usc5-552-doj:u0044:s00	9	that	that	SCONJ	IN	_	12	mark	31	35
usc5-552-doj:u0044:s00	10	exceptional	exceptional	ADJ	JJ	Degree=Pos	11	amod	36	47
usc5-552-doj:u0044:s00	11	circumstances	circumstance	NOUN	NNS	Number=Plur	12	nsubj	48	61
usc5-552-doj:u0044:s00	12	exist	exist	VERB	VBP	Mood=Ind|Tense=Pres|VerbForm=Fin	8	ccomp	62	67
usc5-552-doj:u0044:s00	13	(	(	PUNCT	-LRB-	_	18	punct	68	69
usc5-552-doj:u0044:s00	14	as	as	SCONJ	IN	_	18	mark	69	71
usc5-552-doj:u0044:s00	15	that	that	DET	DT	Number=Sing|PronType=Dem	16	det	72	76
usc5-552-doj:u0044:s00	16	term	term	NOUN	NN	Number=Sing	18	nsubj:pass	77	81
usc5-552-doj:u0044:s00	17	is	be	AUX	VBZ	Mood=Ind|Number=Sing|Person=3|Tense=Pres|VerbForm=Fin	18	aux:pass	82	84
usc5-552-doj:u0044:s00	18	defined	define	VERB	VBN	Tense=Past|VerbForm=Part|Voice=Pass	12	advcl	85	92
usc5-552-doj:u0044:s00	19	in	in	ADP	IN	_	20	case	93	95
usc5-552-doj:u0044:s00	20	paragraph	paragraph	NOUN	NN	Number=Sing	18	obl	96	105
usc5-552-doj:u0044:s00	21	(	(	PUNCT	-LRB-	_	22	punct	106	107
usc5-552-doj:u0044:s00	22	6	6	NUM	CD	NumType=Card	20	appos	107	108
usc5-552-doj:u0044:s00	23	)	)	PUNCT	-RRB-	_	22	punct	108	109
usc5-552-doj:u0044:s00	24	(	(	PUNCT	-LRB-	_	25	punct	109	110
usc5-552-doj:u0044:s00	25	C	c	X	LS	_	20	appos	110	111
usc5-552-doj:u0044:s00	26	)	)	PUNCT	-RRB-	_	25	punct	111	112
usc5-552-doj:u0044:s00	27	)	)	PUNCT	-RRB-	_	25	punct	112	113
usc5-552-doj:u0044:s00	28	,	,	PUNCT	,	_	39	punct	113	114
usc5-552-doj:u0044:s00	29	a	a	DET	DT	Definite=Ind|PronType=Art	30	det	115	116
usc5-552-doj:u0044:s00	30	failure	failure	NOUN	NN	Number=Sing	39	nsubj:pass	117	124
usc5-552-doj:u0044:s00	31	described	describe	VERB	VBN	Tense=Past|VerbForm=Part	30	acl	125	134
usc5-552-doj:u0044:s00	32	in	in	ADP	IN	_	33	case	135	137
usc5-552-doj:u0044:s00	33	subclause	subclause	NOUN	NN	Number=Sing	31	obl	138	147
usc5-552-doj:u0044:s00	34	(	(	PUNCT	-LRB-	_	35	punct	148	149
usc5-552-doj:u0044:s00	35	I	I	PRON	PRP	Case=Nom|Number=Sing|Person=1|PronType=Prs	30	appos	149	150
usc5-552-doj:u0044:s00	36	)	)	PUNCT	-RRB-	_	35	punct	150	151
usc5-552-doj:u0044:s00	37	shall	shall	AUX	MD	VerbForm=Fin	39	aux	152	157
usc5-552-doj:u0044:s00	38	be	be	AUX	VB	VerbForm=Inf	39	aux:pass	158	160
usc5-552-doj:u0044:s00	39	excused	excuse	VERB	VBN	Tense=Past|VerbForm=Part|Voice=Pass	2	conj	161	168
usc5-552-doj:u0044:s00	40	for	for	ADP	IN	_	42	case	169	172
usc5-552-doj:u0044:s00	41	the	the	DET	DT	Definite=Def|PronType=Art	42	det	173	176
usc5-552-doj:u0044:s00	42	length	length	NOUN	NN	Number=Sing	39	obl	177	183
usc5-552-doj:u0044:s00	43	of	of	ADP	IN	_	44	case	184	186
usc5-552-doj:u0044:s00	44	time	time	NOUN	NN	Number=Sing	42	nmod	187	191
usc5-552-doj:u0044:s00	45	provided	provide	VERB	VBN	Tense=Past|VerbForm=Part	44	acl	192	200
usc5-552-doj:u0044:s00	46	by	by	ADP	IN	_	49	case	201	203
usc5-552-doj:u0044:s00	47	the	the	DET	DT	Definite=Def|PronType=Art	49	det	204	207
usc5-552-doj:u0044:s00	48	court	court	NOUN	NN	Number=Sing	49	compound	208	213
usc5-552-doj:u0044:s00	49	order	order	NOUN	NN	Number=Sing	45	obl	214	219
usc5-552-doj:u0044:s00	50	.	.	PUNCT	.	_	2	punct	219	220
usc5-552-doj:u0045:s00	1	(	(	PUNCT	-LRB-	_	2	punct	0	1
usc5-552-doj:u0045:s00	2	B	b	X	LS	_	0	root	1	2
usc5-552-doj:u0045:s00	3	)	)	PUNCT	-RRB-	_	2	punct	2	3
usc5-552-doj:u0045:s01	1	On	on	ADP	IN	_	2	case	0	2
usc5-552-doj:u0045:s01	2	complaint	complaint	NOUN	NN	Number=Sing	45	obl	3	12
usc5-552-doj:u0045:s01	3	,	,	PUNCT	,	_	45	punct	12	13
usc5-552-doj:u0045:s01	4	the	the	DET	DT	Definite=Def|PronType=Art	6	det	14	17
usc5-552-doj:u0045:s01	5	district	district	ADJ	JJ	Degree=Pos	6	amod	18	26
usc5-552-doj:u0045:s01	6	court	court	NOUN	NN	Number=Sing	45	nsubj	27	32
usc5-552-doj:u0045:s01	7	of	of	ADP	IN	_	10	case	33	35
usc5-552-doj:u0045:s01	8	the	the	DET	DT	Definite=Def|PronType=Art	10	det	36	39
usc5-552-doj:u0045:s01	9	United	United	PROPN	NNP	Number=Sing	10	compound	40	46
usc5-552-doj:u0045:s01	10	States	States	PROPN	NNP	Number=Sing	6	nmod	47	53
usc5-552-doj:u0045:s01	11	in	in	ADP	IN	_	13	case	54	56
usc5-552-doj:u0045:s01	12	the	the	DET	DT	Definite=Def|PronType=Art	13	det	57	60
usc5-552-doj:u0045:s01	13	district	district	NOUN	NN	Number=Sing	6	nmod	61	69
usc5-552-doj:u0045:s01	14	in	in	ADP	IN	_	15	case	70	72
usc5-552-doj:u0045:s01	15	which	which	PRON	WDT	PronType=Rel	21	obl	73	78
usc5-552-doj:u0045:s01	16	the	the	DET	DT	Definite=Def|PronType=Art	18	det	79	82
usc5-552-doj:u0045:s01	17	complainant	complainant	ADJ	JJ	Degree=Pos	18	amod	83	94
usc5-552-doj:u0045:s01	18	resides	reside	NOUN	NNS	Number=Plur	21	nsubj	95	102
usc5-552-doj:u0045:s01	19	,	,	PUNCT	,	_	21	punct	102	103
usc5-552-doj:u0045:s01	20	or	or	CCONJ	CC	_	21	cc	104	106
usc5-552-doj:u0045:s01	21	has	have	VERB	VBZ	Mood=Ind|Number=Sing|Person=3|Tense=Pres|VerbForm=Fin	13	acl:relcl	107	110
usc5-552-doj:u0045:s01	22	his	he	PRON	PRP$	Gender=Masc|Number=Sing|Person=3|Poss=Yes|PronType=Prs	24	nmod:poss	111	114
usc5-552-doj:u0045:s01	23	principal	principal	NOUN	NN	Number=Sing	24	compound	115	124
usc5-552-doj:u0045:s01	24	place	place	NOUN	NN	Number=Sing	21	obj	125	130
usc5-552-doj:u0045:s01	25	of	of	ADP	IN	_	26	case	131	133
usc5-552-doj:u0045:s01	26	business	business	NOUN	NN	Number=Sing	24	nmod	134	142
usc5-552-doj:u0045:s01	27	,	,	PUNCT	,	_	35	punct	142	143
usc5-552-doj:u0045:s01	28	or	or	CCONJ	CC	_	35	cc	144	146
usc5-552-doj:u0045:s01	29	in	in	ADP	IN	_	30	case	147	149
usc5-552-doj:u0045:s01	30	which	which	PRON	WDT	PronType=Rel	35	obl	150	155
usc5-552-doj:u0045:s01	31	the	the	DET	DT	Definite=Def|PronType=Art	33	det	156	159
usc5-552-doj:u0045:s01	32	agency	agency	NOUN	NN	Number=Sing	33	compound	160	166
usc5-552-doj:u0045:s01	33	records	record	NOUN	NNS	Number=Plur	35	nsubj	167	174
usc5-552-doj:u0045:s01	34	are	be	AUX	VBP	Mood=Ind|Tense=Pres|VerbForm=Fin	35	cop	175	178
usc5-552-doj:u0045:s01	35	situated	situated	ADJ	JJ	Degree=Pos	24	conj	179	187
usc5-552-doj:u0045:s01	36	,	,	PUNCT	,	_	40	punct	187	188
usc5-552-doj:u0045:s01	37	or	or	CCONJ	CC	_	40	cc	189	191
usc5-552-doj:u0045:s01	38	in	in	ADP	IN	_	40	case	192	194
usc5-552-doj:u0045:s01	39	the	the	DET	DT	Definite=Def|PronType=Art	40	det	195	198
usc5-552-doj:u0045:s01	40	District	District	NOUN	NN	Number=Sing	24	conj	199	207
usc5-552-doj:u0045:s01	41	of	of	ADP	IN	_	42	case	208	210
usc5-552-doj:u0045:s01	42	Columbia	Columbia	PROPN	NNP	Number=Sing	40	nmod	211	219
usc5-552-doj:u0045:s01	43	,	,	PUNCT	,	_	45	punct	219	220
usc5-552-doj:u0045:s01	44	has	have	AUX	VBZ	Mood=Ind|Number=Sing|Person=3|Tense=Pres|VerbForm=Fin	45	aux	221	224
usc5-552-doj:u0045:s01	45	jurisdiction	jurisdiction	NOUN	NN	Number=Sing	0	root	225	237
usc5-552-doj:u0045:s01	46	to	to	PART	TO	_	47	mark	238	240
usc5-552-doj:u0045:s01	47	enjoin	enjoin	VERB	VB	VerbForm=Inf	45	acl	241	247
usc5-552-doj:u0045:s01	48	the	the	DET	DT	Definite=Def|PronType=Art	49	det	248	251
usc5-552-doj:u0045:s01	49	agency	agency	NOUN	NN	Number=Sing	47	obj	252	258
usc5-552-doj:u0045:s01	50	from	from	SCONJ	IN	_	51	mark	259	263
usc5-552-doj:u0045:s01	51	withholding	withholding	VERB	VBG	VerbForm=Ger	47	advcl	264	275
usc5-552-doj:u0045:s01	52	agency	agency	NOUN	NN	Number=Sing	53	compound	276	282
usc5-552-doj:u0045:s01	53	records	record	NOUN	NNS	Number=Plur	51	obj	283	290
usc5-552-doj:u0045:s01	54	and	and	CCONJ	CC	_	56	cc	291	294
usc5-552-doj:u0045:s01	55	to	to	PART	TO	_	56	mark	295	297
usc5-552-doj:u0045:s01	56	order	order	VERB	VB	VerbForm=Inf	47	conj	298	303
usc5-552-doj:u0045:s01	57	the	the	DET	DT	Definite=Def|PronType=Art	58	det	304	307
usc5-552-doj:u0045:s01	58	production	production	NOUN	NN	Number=Sing	56	obj	308	318
usc5-552-doj:u0045:s01	59	of	of	ADP	IN	_	62	case	319	321
usc5-552-doj:u0045:s01	60	any	any	DET	DT	_	62	det	322	325
usc5-552-doj:u0045:s01	61	agency	agency	NOUN	NN	Number=Sing	62	compound	326	332
usc5-552-doj:u0045:s01	62	records	record	NOUN	NNS	Number=Plur	58	nmod	333	340
usc5-552-doj:u0045:s01	63	improperly	improperly	ADV	RB	_	64	advmod	341	351
usc5-552-doj:u0045:s01	64	withheld	withheld	VERB	VBD	Mood=Ind|Tense=Past|VerbForm=Fin	56	advcl	352	360
usc5-552-doj:u0045:s01	65	from	from	ADP	IN	_	67	case	361	365
usc5-552-doj:u0045:s01	66	the	the	DET	DT	Definite=Def|PronType=Art	67	det	366	369
usc5-552-doj:u0045:s01	67	complainant	complainant	NOUN	NN	Number=Sing	64	obl	370	381
usc5-552-doj:u0045:s01	68	.	.	PUNCT	.	_	45	punct	381	382
usc5-552-doj:u0045:s02	1	In	in	ADP	IN	_	4	case	0	2
usc5-552-doj:u0045:s02	2	such	such	DET	PDT	_	4	det:predet	3	7
usc5-552-doj:u0045:s02	3	a	a	DET	DT	Definite=Ind|PronType=Art	4	det	8	9
usc5-552-doj:u0045:s02	4	case	case	NOUN	NN	Number=Sing	8	obl	10	14
usc5-552-doj:u0045:s02	5	the	the	DET	DT	Definite=Def|PronType=Art	6	det	15	18
usc5-552-doj:u0045:s02	6	court	court	NOUN	NN	Number=Sing	8	nsubj	19	24
usc5-552-doj:u0045:s02	7	shall	shall	AUX	MD	VerbForm=Fin	8	aux	25	30
usc5-552-doj:u0045:s02	8	determine	determine	VERB	VB	VerbForm=Inf	0	root	31	40
usc5-552-doj:u0045:s02	9	the	the	DET	DT	Definite=Def|PronType=Art	12	det	41	44
usc5-552-doj:u0045:s02	10	matter	matter	NOUN	NN	Number=Sing	12	compound	45	51
usc5-552-doj:u0045:s02	11	de	de	NOUN	NN	Number=Sing	12	compound	52	54
usc5-552-doj:u0045:s02	12	novo	novo	NOUN	NN	Number=Sing	8	obj	55	59
usc5-552-doj:u0045:s02	13	,	,	PUNCT	,	_	16	punct	59	60
usc5-552-doj:u0045:s02	14	and	and	CCONJ	CC	_	16	cc	61	64
usc5-552-doj:u0045:s02	15	may	may	AUX	MD	VerbForm=Fin	16	aux	65	68
usc5-552-doj:u0045:s02	16	examine	examine	VERB	VB	VerbForm=Inf	8	conj	69	76
usc5-552-doj:u0045:s02	17	the	the	DET	DT	Definite=Def|PronType=Art	18	det	77	80
usc5-552-doj:u0045:s02	18	contents	contents	NOUN	NNS	Number=Plur	16	obj	81	89
usc5-552-doj:u0045:s02	19	of	of	ADP	IN	_	22	case	90	92
usc5-552-doj:u0045:s02	20	such	such	ADJ	JJ	Degree=Pos	22	amod	93	97
usc5-552-doj:u0045:s02	21	agency	agency	NOUN	NN	Number=Sing	22	compound	98	104
usc5-552-doj:u0045:s02	22	records	record	NOUN	NNS	Number=Plur	18	nmod	105	112
usc5-552-doj:u0045:s02	23	in	in	ADP	IN	_	24	case	113	115
usc5-552-doj:u0045:s02	24	camera	camera	NOUN	NN	Number=Sing	22	nmod	116	122
usc5-552-doj:u0045:s02	25	to	to	PART	TO	_	26	mark	123	125
usc5-552-doj:u0045:s02	26	determine	determine	VERB	VB	VerbForm=Inf	16	xcomp	126	135
usc5-552-doj:u0045:s02	27	whether	whether	SCONJ	IN	_	36	mark	136	143
usc5-552-doj:u0045:s02	28	such	such	ADJ	JJ	Degree=Pos	29	amod	144	148
usc5-552-doj:u0045:s02	29	records	record	NOUN	NNS	Number=Plur	36	nsubj:pass	149	156
usc5-552-doj:u0045:s02	30	or	or	CCONJ	CC	_	32	cc	157	159
usc5-552-doj:u0045:s02	31	any	any	DET	DT	_	32	det	160	163
usc5-552-doj:u0045:s02	32	part	part	NOUN	NN	Number=Sing	29	conj	164	168
usc5-552-doj:u0045:s02	33	thereof	thereof	ADV	RB	_	32	advmod	169	176
usc5-552-doj:u0045:s02	34	shall	shall	AUX	MD	VerbForm=Fin	36	aux	177	182
usc5-552-doj:u0045:s02	35	be	be	AUX	VB	VerbForm=Inf	36	aux:pass	183	185
usc5-552-doj:u0045:s02	36	withheld	withheld	VERB	VBN	Tense=Past|VerbForm=Part|Voice=Pass	26	ccomp	186	194
usc5-552-doj:u0045:s02	37	under	under	ADP	IN	_	38	case	195	200
usc5-552-doj:u0045:s02	38	any	any	DET	DT	_	36	obl	201	204
usc5-552-doj:u0045:s02	39	of	of	ADP	IN	_	41	case	205	207
usc5-552-doj:u0045:s02	40	the	the	DET	DT	Definite=Def|PronType=Art	41	det	208	211
usc5-552-doj:u0045:s02	41	exemptions	exemption	NOUN	NNS	Number=Plur	38	nmod	212	222
usc5-552-doj:u0045:s02	42	set	set	VERB	VBN	Tense=Past|VerbForm=Part	41	acl	223	226
usc5-552-doj:u0045:s02	43	forth	forth	ADV	RB	_	42	advmod	227	232
usc5-552-doj:u0045:s02	44	in	in	ADP	IN	_	45	case	233	235
usc5-552-doj:u0045:s02	45	subsection	subsection	NOUN	NN	Number=Sing	42	obl	236	246
usc5-552-doj:u0045:s02	46	(	(	PUNCT	-LRB-	_	41	punct	247	248
usc5-552-doj:u0045:s02	47	b	b	X	LS	_	41	advmod	248	249
usc5-552-doj:u0045:s02	48	)	)	PUNCT	-RRB-	_	41	punct	249	250
usc5-552-doj:u0045:s02	49	of	of	ADP	IN	_	51	case	251	253
usc5-552-doj:u0045:s02	50	this	this	DET	DT	Number=Sing|PronType=Dem	51	det	254	258
usc5-552-doj:u0045:s02	51	section	section	NOUN	NN	Number=Sing	41	nmod	259	266
usc5-552-doj:u0045:s02	52	,	,	PUNCT	,	_	59	punct	266	267
usc5-552-doj:u0045:s02	53	and	and	CCONJ	CC	_	59	cc	268	271
usc5-552-doj:u0045:s02	54	the	the	DET	DT	Definite=Def|PronType=Art	55	det	272	275
usc5-552-doj:u0045:s02	55	burden	burden	NOUN	NN	Number=Sing	59	nsubj	276	282
usc5-552-doj:u0045:s02	56	is	be	AUX	VBZ	Mood=Ind|Number=Sing|Person=3|Tense=Pres|VerbForm=Fin	59	cop	283	285
usc5-552-doj:u0045:s02	57	on	on	ADP	IN	_	59	case	286	288
usc5-552-doj:u0045:s02	58	the	the	DET	DT	Definite=Def|PronType=Art	59	det	289	292
usc5-552-doj:u0045:s02	59	agency	agency	NOUN	NN	Number=Sing	8	conj	293	299
usc5-552-doj:u0045:s02	60	to	to	PART	TO	_	61	mark	300	302
usc5-552-doj:u0045:s02	61	sustain	sustain	VERB	VB	VerbForm=Inf	59	acl	303	310
usc5-552-doj:u0045:s02	62	its	its	PRON	PRP$	Gender=Neut|Number=Sing|Person=3|Poss=Yes|PronType=Prs	63	nmod:poss	311	314
usc5-552-doj:u0045:s02	63	action	action	NOUN	NN	Number=Sing	61	obj	315	321
usc5-552-doj:u0045:s02	64	.	.	PUNCT	.	_	8	punct	321	322
usc5-552-doj:u0045:s03	1	In	in	ADP	IN	_	2	case	0	2
usc5-552-doj:u0045:s03	2	addition	addition	NOUN	NN	Number=Sing	18	obl	3	11
usc5-552-doj:u0045:s03	3	to	to	ADP	IN	_	6	case	12	14
usc5-552-doj:u0045:s03	4	any	any	DET	DT	_	6	det	15	18
usc5-552-doj:u0045:s03	5	other	other	ADJ	JJ	Degree=Pos	6	amod	19	24
usc5-552-doj:u0045:s03	6	matters	matter	NOUN	NNS	Number=Plur	2	nmod	25	32
usc5-552-doj:u0045:s03	7	to	to	ADP	IN	_	10	case	33	35
usc5-552-doj:u0045:s03	8	which	which	DET	WDT	PronType=Int	10	det	36	41
usc5-552-doj:u0045:s03	9	a	a	DET	DT	Definite=Ind|PronType=Art	10	det	42	43
usc5-552-doj:u0045:s03	10	court	court	NOUN	NN	Number=Sing	6	nmod	44	49
usc5-552-doj:u0045:s03	11	accords	accord	ADP	IN	_	13	case	50	57
usc5-552-doj:u0045:s03	12	substantial	substantial	ADJ	JJ	Degree=Pos	13	amod	58	69
usc5-552-doj:u0045:s03	13	weight	weight	NOUN	NN	Number=Sing	10	nmod	70	76
usc5-552-doj:u0045:s03	14	,	,	PUNCT	,	_	18	punct	76	77
usc5-552-doj:u0045:s03	15	a	a	DET	DT	Definite=Ind|PronType=Art	16	det	78	79
usc5-552-doj:u0045:s03	16	court	court	NOUN	NN	Number=Sing	18	nsubj	80	85
usc5-552-doj:u0045:s03	17	shall	shall	AUX	MD	VerbForm=Fin	18	aux	86	91
usc5-552-doj:u0045:s03	18	accord	accord	VERB	VB	VerbForm=Inf	0	root	92	98
usc5-552-doj:u0045:s03	19	substantial	substantial	ADJ	JJ	Degree=Pos	20	amod	99	110
usc5-552-doj:u0045:s03	20	weight	weight	NOUN	NN	Number=Sing	18	obj	111	117
usc5-552-doj:u0045:s03	21	to	to	ADP	IN	_	23	case	118	120
usc5-552-doj:u0045:s03	22	an	a	DET	DT	Definite=Ind|PronType=Art	23	det	121	123
usc5-552-doj:u0045:s03	23	affidavit	affidavit	NOUN	NN	Number=Sing	18	obl	124	133
usc5-552-doj:u0045:s03	24	of	of	ADP	IN	_	26	case	134	136
usc5-552-doj:u0045:s03	25	an	a	DET	DT	Definite=Ind|PronType=Art	26	det	137	139
usc5-552-doj:u0045:s03	26	agency	agency	NOUN	NN	Number=Sing	23	nmod	140	146
usc5-552-doj:u0045:s03	27	concerning	concern	VERB	VBG	VerbForm=Ger	31	case	147	157
usc5-552-doj:u0045:s03	28	the	the	DET	DT	Definite=Def|PronType=Art	29	det	158	161
usc5-552-doj:u0045:s03	29	agency	agency	NOUN	NN	Number=Sing	31	nmod:poss	162	168
usc5-552-doj:u0045:s03	30	's	's	PART	POS	_	29	case	168	170
usc5-552-doj:u0045:s03	31	determination	determination	NOUN	NN	Number=Sing	26	nmod	171	184
usc5-552-doj:u0045:s03	32	as	as	ADV	RB	_	35	case	185	187
usc5-552-doj:u0045:s03	33	to	to	ADP	IN	_	32	fixed	188	190
usc5-552-doj:u0045:s03	34	technical	technical	ADJ	JJ	Degree=Pos	35	amod	191	200
usc5-552-doj:u0045:s03	35	feasibility	feasibility	NOUN	NN	Number=Sing	31	nmod	201	212
usc5-552-doj:u0045:s03	36	under	under	ADP	IN	_	37	case	213	218
usc5-552-doj:u0045:s03	37	paragraph	paragraph	NOUN	NN	Number=Sing	26	nmod	219	228
usc5-552-doj:u0045:s03	38	(	(	PUNCT	-LRB-	_	39	punct	229	230
usc5-552-doj:u0045:s03	39	2	2	NUM	CD	NumType=Card	26	appos	230	231
usc5-552-doj:u0045:s03	40	)	)	PUNCT	-RRB-	_	39	punct	231	232
usc5-552-doj:u0045:s03	41	(	(	PUNCT	-LRB-	_	42	punct	232	233
usc5-552-doj:u0045:s03	42	C	c	PROPN	NNP	Number=Sing	26	appos	233	234
usc5-552-doj:u0045:s03	43	)	)	PUNCT	-RRB-	_	42	punct	234	235
usc5-552-doj:u0045:s03	44	and	and	CCONJ	CC	_	45	cc	236	239
usc5-552-doj:u0045:s03	45	subsection	subsection	NOUN	NN	Number=Sing	26	conj	240	250
usc5-552-doj:u0045:s03	46	(	(	PUNCT	-LRB-	_	47	punct	251	252
usc5-552-doj:u0045:s03	47	b	b	NOUN	NN	Number=Sing	45	appos	252	253
usc5-552-doj:u0045:s03	48	)	)	PUNCT	-RRB-	_	47	punct	253	254
usc5-552-doj:u0045:s03	49	and	and	CCONJ	CC	_	50	cc	255	258
usc5-552-doj:u0045:s03	50	reproducibility	reproducibility	NOUN	NN	Number=Sing	26	conj	259	274
usc5-552-doj:u0045:s03	51	under	under	ADP	IN	_	52	case	275	280
usc5-552-doj:u0045:s03	52	paragraph	paragraph	NOUN	NN	Number=Sing	26	nmod	281	290
usc5-552-doj:u0045:s03	53	(	(	PUNCT	-LRB-	_	54	punct	291	292
usc5-552-doj:u0045:s03	54	3	3	NUM	CD	NumType=Card	26	appos	292	293
usc5-552-doj:u0045:s03	55	)	)	PUNCT	-RRB-	_	54	punct	293	294
usc5-552-doj:u0045:s03	56	(	(	PUNCT	-LRB-	_	26	punct	294	295
usc5-552-doj:u0045:s03	57	B	b	PROPN	NNP	Number=Sing	26	appos	295	296
usc5-552-doj:u0045:s03	58	)	)	PUNCT	-RRB-	_	57	punct	296	297
usc5-552-doj:u0045:s03	59	.	.	PUNCT	.	_	18	punct	297	298
usc5-552-doj:u0046:s00	1	(	(	PUNCT	-LRB-	_	2	punct	0	1
usc5-552-doj:u0046:s00	2	C	c	X	LS	_	0	root	1	2
usc5-552-doj:u0046:s00	3	)	)	PUNCT	-RRB-	_	2	punct	2	3
usc5-552-doj:u0046:s01	1	Notwithstanding	Notwithstand	VERB	VBG	VerbForm=Ger	11	advcl	0	15
usc5-552-doj:u0046:s01	2	any	any	DET	DT	_	4	det	16	19
usc5-552-doj:u0046:s01	3	other	other	ADJ	JJ	Degree=Pos	4	amod	20	25
usc5-552-doj:u0046:s01	4	provision	provision	NOUN	NN	Number=Sing	1	obj	26	35
usc5-552-doj:u0046:s01	5	of	of	ADP	IN	_	6	case	36	38
usc5-552-doj:u0046:s01	6	law	law	NOUN	NN	Number=Sing	4	nmod	39	42
usc5-552-doj:u0046:s01	7	,	,	PUNCT	,	_	11	punct	42	43
usc5-552-doj:u0046:s01	8	the	the	DET	DT	Definite=Def|PronType=Art	9	det	44	47
usc5-552-doj:u0046:s01	9	defendant	defendant	NOUN	NN	Number=Sing	11	nsubj	48	57
usc5-552-doj:u0046:s01	10	shall	shall	AUX	MD	VerbForm=Fin	11	aux	58	63
usc5-552-doj:u0046:s01	11	serve	serve	VERB	VB	VerbForm=Inf	0	root	64	69
usc5-552-doj:u0046:s01	12	an	a	DET	DT	Definite=Ind|PronType=Art	13	det	70	72
usc5-552-doj:u0046:s01	13	answer	answer	NOUN	NN	Number=Sing	11	obj	73	79
usc5-552-doj:u0046:s01	14	or	or	CCONJ	CC	_	16	cc	80	82
usc5-552-doj:u0046:s01	15	otherwise	otherwise	ADV	RB	_	16	advmod	83	92
usc5-552-doj:u0046:s01	16	plead	plead	ADV	RB	_	13	conj	93	98
usc5-552-doj:u0046:s01	17	to	to	ADP	IN	_	19	case	99	101
usc5-552-doj:u0046:s01	18	any	any	DET	DT	_	19	det	102	105
usc5-552-doj:u0046:s01	19	complaint	complaint	NOUN	NN	Number=Sing	16	obl	106	115
usc5-552-doj:u0046:s01	20	made	make	VERB	VBN	Tense=Past|VerbForm=Part	16	acl	116	120
usc5-552-doj:u0046:s01	21	under	under	ADP	IN	_	23	case	121	126
usc5-552-doj:u0046:s01	22	this	this	DET	DT	Number=Sing|PronType=Dem	23	det	127	131
usc5-552-doj:u0046:s01	23	subsection	subsection	NOUN	NN	Number=Sing	20	obl	132	142
usc5-552-doj:u0046:s01	24	within	within	ADP	IN	_	26	case	143	149
usc5-552-doj:u0046:s01	25	thirty	thirty	NUM	CD	NumType=Card	26	nummod	150	156
usc5-552-doj:u0046:s01	26	days	day	NOUN	NNS	Number=Plur	20	obl	157	161
usc5-552-doj:u0046:s01	27	after	after	ADP	IN	_	28	case	162	167
usc5-552-doj:u0046:s01	28	service	service	NOUN	NN	Number=Sing	20	obl	168	175
usc5-552-doj:u0046:s01	29	upon	upon	ADP	IN	_	31	case	176	180
usc5-552-doj:u0046:s01	30	the	the	DET	DT	Definite=Def|PronType=Art	31	det	181	184
usc5-552-doj:u0046:s01	31	defendant	defendant	NOUN	NN	Number=Sing	28	nmod	185	194
usc5-552-doj:u0046:s01	32	of	of	ADP	IN	_	34	case	195	197
usc5-552-doj:u0046:s01	33	the	the	DET	DT	Definite=Def|PronType=Art	34	det	198	201
usc5-552-doj:u0046:s01	34	pleading	pleading	NOUN	NN	Number=Sing	31	nmod	202	210
usc5-552-doj:u0046:s01	35	in	in	ADP	IN	_	36	case	211	213
usc5-552-doj:u0046:s01	36	which	which	PRON	WDT	PronType=Rel	40	obl	214	219
usc5-552-doj:u0046:s01	37	such	such	ADJ	JJ	Degree=Pos	38	amod	220	224
usc5-552-doj:u0046:s01	38	complaint	complaint	NOUN	NN	Number=Sing	40	nsubj:pass	225	234
usc5-552-doj:u0046:s01	39	is	be	AUX	VBZ	Mood=Ind|Number=Sing|Person=3|Tense=Pres|VerbForm=Fin	40	aux:pass	235	237
usc5-552-doj:u0046:s01	40	made	make	VERB	VBN	Tense=Past|VerbForm=Part|Voice=Pass	34	acl:relcl	238	242
usc5-552-doj:u0046:s01	41	,	,	PUNCT	,	_	46	punct	242	243
usc5-552-doj:u0046:s01	42	unless	unless	SCONJ	IN	_	46	mark	244	250
usc5-552-doj:u0046:s01	43	the	the	DET	DT	Definite=Def|PronType=Art	44	det	251	254
usc5-552-doj:u0046:s01	44	court	court	NOUN	NN	Number=Sing	46	nsubj	255	260
usc5-552-doj:u0046:s01	45	otherwise	otherwise	ADV	RB	_	46	advmod	261	270
usc5-552-doj:u0046:s01	46	directs	direct	VERB	VBZ	Mood=Ind|Number=Sing|Person=3|Tense=Pres|VerbForm=Fin	51	advcl	271	278
usc5-552-doj:u0046:s01	47	for	for	ADP	IN	_	49	case	279	282
usc5-552-doj:u0046:s01	48	good	good	ADJ	JJ	Degree=Pos	49	amod	283	287
usc5-552-doj:u0046:s01	49	cause	cause	NOUN	NN	Number=Sing	46	obl	288	293
usc5-552-doj:u0046:s01	50	is	be	AUX	VBZ	Mood=Ind|Number=Sing|Person=3|Tense=Pres|VerbForm=Fin	51	aux:pass	294	296
usc5-552-doj:u0046:s01	51	shown	show	VERB	VBN	Tense=Past|VerbForm=Part|Voice=Pass	40	conj	297	302
usc5-552-doj:u0046:s01	52	.	.	PUNCT	.	_	11	punct	302	303
usc5-552-doj:u0047:s00	1	[	[	PUNCT	-LRB-	_	5	punct	0	1
usc5-552-doj:u0047:s00	2	(	(	PUNCT	-LRB-	_	3	punct	1	2
usc5-552-doj:u0047:s00	3	D	d	PROPN	NNP	Number=Sing	1	appos	2	3
usc5-552-doj:u0047:s00	4	)	)	PUNCT	-RRB-	_	3	punct	3	4
usc5-552-doj:u0047:s00	5	Repealed	Repeal	VERB	VBD	Mood=Ind|Tense=Past|VerbForm=Fin	0	root	5	13
usc5-552-doj:u0047:s00	6	.	.	PUNCT	.	_	5	punct	13	14
usc5-552-doj:u0047:s01	1	Pub.	Pub.	PROPN	NNP	Number=Sing	20	compound	0	4
usc5-552-doj:u0047:s01	2	L.	L.	PROPN	NNP	Number=Sing	1	flat	5	7
usc5-552-doj:u0047:s01	3	98-620	98-620	NUM	CD	NumType=Card	1	list	8	14
usc5-552-doj:u0047:s01	4	,	,	PUNCT	,	_	1	punct	14	15
usc5-552-doj:u0047:s01	5	title	title	NOUN	NN	Number=Sing	6	compound	16	21
usc5-552-doj:u0047:s01	6	IV	iv	NOUN	NN	Number=Sing	1	list	22	24
usc5-552-doj:u0047:s01	7	,	,	PUNCT	,	_	1	punct	24	25
usc5-552-doj:u0047:s01	8	Sec.	Sec.	NOUN	NN	Number=Sing	1	list	26	30
usc5-552-doj:u0047:s01	9	402	402	NUM	CD	NumType=Card	8	appos	31	34
usc5-552-doj:u0047:s01	10	(	(	PUNCT	-LRB-	_	11	punct	34	35
usc5-552-doj:u0047:s01	11	2	2	NUM	CD	NumType=Card	1	list	35	36
usc5-552-doj:u0047:s01	12	)	)	PUNCT	-RRB-	_	11	punct	36	37
usc5-552-doj:u0047:s01	13	,	,	PUNCT	,	_	1	punct	37	38
usc5-552-doj:u0047:s01	14	Nov.	Nov.	PROPN	NNP	Number=Sing	15	compound	39	43
usc5-552-doj:u0047:s01	15	8	8	PROPN	NNP	Number=Sing	1	list	44	45
usc5-552-doj:u0047:s01	16	,	,	PUNCT	,	_	15	punct	45	46
usc5-552-doj:u0047:s01	17	1984	1984	PROPN	NNP	Number=Sing	1	list	47	51
usc5-552-doj:u0047:s01	18	,	,	PUNCT	,	_	17	punct	51	52
usc5-552-doj:u0047:s01	19	98	98	NUM	CD	NumType=Card	17	appos	53	55
usc5-552-doj:u0047:s01	20	Stat.	Stat.	PROPN	NNP	Number=Sing	0	root	56	61
usc5-552-doj:u0047:s01	21	3357	3357	NUM	CD	NumType=Card	20	nummod	62	66
usc5-552-doj:u0047:s01	22	.	.	PUNCT	.	_	20	punct	66	67
usc5-552-doj:u0047:s01	23	]	]	PUNCT	-RRB-	_	20	punct	67	68
usc5-552-doj:u0048:s00	1	(	(	PUNCT	-LRB-	_	2	punct	0	1
usc5-552-doj:u0048:s00	2	E	e	PROPN	NNP	Number=Sing	0	root	1	2
usc5-552-doj:u0048:s00	3	)	)	PUNCT	-RRB-	_	2	punct	2	3
usc5-552-doj:u0048:s00	4	(	(	PUNCT	-LRB-	_	2	punct	3	4
usc5-552-doj:u0048:s00	5	i	i	PRON	PRP	Case=Nom|Number=Sing|Person=1|PronType=Prs	2	parataxis	4	5
usc5-552-doj:u0048:s00	6	)	)	PUNCT	-RRB-	_	2	punct	5	6
usc5-552-doj:u0048:s01	1	The	the	DET	DT	Definite=Def|PronType=Art	2	det	0	3
usc5-552-doj:u0048:s01	2	court	court	NOUN	NN	Number=Sing	4	nsubj	4	9
usc5-552-doj:u0048:s01	3	may	may	AUX	MD	VerbForm=Fin	4	aux	10	13
usc5-552-doj:u0048:s01	4	assess	assess	VERB	VB	VerbForm=Inf	0	root	14	20
usc5-552-doj:u0048:s01	5	against	against	ADP	IN	_	11	case	21	28
usc5-552-doj:u0048:s01	6	the	the	DET	DT	Definite=Def|PronType=Art	11	det	29	32
usc5-552-doj:u0048:s01	7	United	United	PROPN	NNP	Number=Sing	8	compound	33	39
usc5-552-doj:u0048:s01	8	States	States	PROPN	NNP	Number=Sing	11	compound	40	46
usc5-552-doj:u0048:s01	9	reasonable	reasonable	ADJ	JJ	Degree=Pos	11	amod	47	57
usc5-552-doj:u0048:s01	10	attorney	attorney	NOUN	NN	Number=Sing	11	compound	58	66
usc5-552-doj:u0048:s01	11	fees	fee	NOUN	NNS	Number=Plur	4	obl	67	71
usc5-552-doj:u0048:s01	12	and	and	CCONJ	CC	_	15	cc	72	75
usc5-552-doj:u0048:s01	13	other	other	ADJ	JJ	Degree=Pos	15	amod	76	81
usc5-552-doj:u0048:s01	14	litigation	litigation	NOUN	NN	Number=Sing	15	compound	82	92
usc5-552-doj:u0048:s01	15	costs	cost	NOUN	NNS	Number=Plur	11	conj	93	98
usc5-552-doj:u0048:s01	16	reasonably	reasonably	ADV	RB	_	17	advmod	99	109
usc5-552-doj:u0048:s01	17	incurred	incur	VERB	VBN	Tense=Past|VerbForm=Part	15	acl	110	118
usc5-552-doj:u0048:s01	18	in	in	ADP	IN	_	20	case	119	121
usc5-552-doj:u0048:s01	19	any	any	DET	DT	_	20	det	122	125
usc5-552-doj:u0048:s01	20	case	case	NOUN	NN	Number=Sing	17	obl	126	130
usc5-552-doj:u0048:s01	21	under	under	ADP	IN	_	23	case	131	136
usc5-552-doj:u0048:s01	22	this	this	DET	DT	Number=Sing|PronType=Dem	23	det	137	141
usc5-552-doj:u0048:s01	23	section	section	NOUN	NN	Number=Sing	17	obl	142	149
usc5-552-doj:u0048:s01	24	in	in	ADP	IN	_	25	case	150	152
usc5-552-doj:u0048:s01	25	which	which	PRON	WDT	PronType=Rel	30	obl	153	158
usc5-552-doj:u0048:s01	26	the	the	DET	DT	Definite=Def|PronType=Art	27	det	159	162
usc5-552-doj:u0048:s01	27	complainant	complainant	NOUN	NN	Number=Sing	30	nsubj	163	174
usc5-552-doj:u0048:s01	28	has	have	AUX	VBZ	Mood=Ind|Number=Sing|Person=3|Tense=Pres|VerbForm=Fin	30	aux	175	178
usc5-552-doj:u0048:s01	29	substantially	substantially	ADV	RB	_	30	advmod	179	192
usc5-552-doj:u0048:s01	30	prevailed	prevail	VERB	VBN	Tense=Past|VerbForm=Part	23	acl:relcl	193	202
usc5-552-doj:u0048:s01	31	.	.	PUNCT	.	_	4	punct	202	203
usc5-552-doj:u0049:s00	1	(	(	PUNCT	-LRB-	_	2	punct	0	1
usc5-552-doj:u0049:s00	2	ii	ii	X	LS	_	0	root	1	3
usc5-552-doj:u0049:s00	3	)	)	PUNCT	-RRB-	_	2	punct	3	4
usc5-552-doj:u0049:s01	1	For	for	ADP	IN	_	2	case	0	3
usc5-552-doj:u0049:s01	2	purposes	purpose	NOUN	NNS	Number=Plur	11	obl	4	12
usc5-552-doj:u0049:s01	3	of	of	ADP	IN	_	5	case	13	15
usc5-552-doj:u0049:s01	4	this	this	DET	DT	Number=Sing|PronType=Dem	5	det	16	20
usc5-552-doj:u0049:s01	5	subparagraph	subparagraph	NOUN	NN	Number=Sing	2	nmod	21	33
usc5-552-doj:u0049:s01	6	,	,	PUNCT	,	_	11	punct	33	34
usc5-552-doj:u0049:s01	7	a	a	DET	DT	Definite=Ind|PronType=Art	8	det	35	36
usc5-552-doj:u0049:s01	8	complainant	complainant	NOUN	NN	Number=Sing	11	nsubj	37	48
usc5-552-doj:u0049:s01	9	has	have	AUX	VBZ	Mood=Ind|Number=Sing|Person=3|Tense=Pres|VerbForm=Fin	11	aux	49	52
usc5-552-doj:u0049:s01	10	substantially	substantially	ADV	RB	_	11	advmod	53	66
usc5-552-doj:u0049:s01	11	prevailed	prevail	VERB	VBN	Tense=Past|VerbForm=Part	0	root	67	76
usc5-552-doj:u0049:s01	12	if	if	SCONJ	IN	_	16	mark	77	79
usc5-552-doj:u0049:s01	13	the	the	DET	DT	Definite=Def|PronType=Art	14	det	80	83
usc5-552-doj:u0049:s01	14	complainant	complainant	NOUN	NN	Number=Sing	16	nsubj	84	95
usc5-552-doj:u0049:s01	15	has	have	AUX	VBZ	Mood=Ind|Number=Sing|Person=3|Tense=Pres|VerbForm=Fin	16	aux	96	99
usc5-552-doj:u0049:s01	16	obtained	obtain	VERB	VBN	Tense=Past|VerbForm=Part	11	advcl	100	108
usc5-552-doj:u0049:s01	17	relief	relief	NOUN	NN	Number=Sing	16	obj	109	115
usc5-552-doj:u0049:s01	18	through	through	ADP	IN	_	19	case	116	123
usc5-552-doj:u0049:s01	19	either	either	CCONJ	CC	_	16	obl	124	130
usc5-552-doj:u0049:s01	20	—	-	PUNCT	,	_	11	punct	130	131
usc5-552-doj:u0050:s00	1	(	(	PUNCT	-LRB-	_	2	punct	0	1
usc5-552-doj:u0050:s00	2	I	I	PRON	PRP	Case=Nom|Number=Sing|Person=1|PronType=Prs	0	root	1	2
usc5-552-doj:u0050:s00	3	)	)	PUNCT	-RRB-	_	6	punct	2	3
usc5-552-doj:u0050:s00	4	a	a	DET	DT	Definite=Ind|PronType=Art	6	det	4	5
usc5-552-doj:u0050:s00	5	judicial	judicial	ADJ	JJ	Degree=Pos	6	amod	6	14
usc5-552-doj:u0050:s00	6	order	order	NOUN	NN	Number=Sing	2	conj	15	20
usc5-552-doj:u0050:s00	7	,	,	PUNCT	,	_	12	punct	20	21
usc5-552-doj:u0050:s00	8	or	or	CCONJ	CC	_	12	cc	22	24
usc5-552-doj:u0050:s00	9	an	a	DET	DT	Definite=Ind|PronType=Art	12	det	25	27
usc5-552-doj:u0050:s00	10	enforceable	enforceable	ADJ	JJ	Degree=Pos	12	amod	28	39
usc5-552-doj:u0050:s00	11	written	written	VERB	VBN	Tense=Past|VerbForm=Part	12	amod	40	47
usc5-552-doj:u0050:s00	12	agreement	agreement	NOUN	NN	Number=Sing	6	conj	48	57
usc5-552-doj:u0050:s00	13	or	or	CCONJ	CC	_	15	cc	58	60
usc5-552-doj:u0050:s00	14	consent	consent	NOUN	NN	Number=Sing	15	compound	61	68
usc5-552-doj:u0050:s00	15	decree	decree	NOUN	NN	Number=Sing	12	conj	69	75
usc5-552-doj:u0050:s00	16	;	;	PUNCT	,	_	6	punct	75	76
usc5-552-doj:u0050:s00	17	or	or	CCONJ	CC	_	6	cc	77	79
usc5-552-doj:u0051:s00	1	(	(	PUNCT	-LRB-	_	2	punct	0	1
usc5-552-doj:u0051:s00	2	II	ii	X	LS	_	5	nummod	1	3
usc5-552-doj:u0051:s00	3	)	)	PUNCT	-RRB-	_	2	punct	3	4
usc5-552-doj:u0051:s00	4	a	a	DET	DT	Definite=Ind|PronType=Art	5	det	5	6
usc5-552-doj:u0051:s00	5	voluntary	voluntary	NOUN	NN	Number=Sing	0	root	7	16
usc5-552-doj:u0051:s00	6	or	or	CCONJ	CC	_	8	cc	17	19
usc5-552-doj:u0051:s00	7	unilateral	unilateral	ADJ	JJ	Degree=Pos	8	amod	20	30
usc5-552-doj:u0051:s00	8	change	change	NOUN	NN	Number=Sing	5	conj	31	37
usc5-552-doj:u0051:s00	9	in	in	ADP	IN	_	10	case	38	40
usc5-552-doj:u0051:s00	10	position	position	NOUN	NN	Number=Sing	5	nmod	41	49
usc5-552-doj:u0051:s00	11	by	by	ADP	IN	_	13	case	50	52
usc5-552-doj:u0051:s00	12	the	the	DET	DT	Definite=Def|PronType=Art	13	det	53	56
usc5-552-doj:u0051:s00	13	agency	agency	NOUN	NN	Number=Sing	5	nmod	57	63
usc5-552-doj:u0051:s00	14	,	,	PUNCT	,	_	5	punct	63	64
usc5-552-doj:u0051:s00	15	if	if	SCONJ	IN	_	22	mark	65	67
usc5-552-doj:u0051:s00	16	the	the	DET	DT	Definite=Def|PronType=Art	17	det	68	71
usc5-552-doj:u0051:s00	17	complainant	complainant	NOUN	NN	Number=Sing	19	nmod:poss	72	83
usc5-552-doj:u0051:s00	18	’s	's	PART	POS	_	17	case	83	85
usc5-552-doj:u0051:s00	19	claim	claim	NOUN	NN	Number=Sing	22	nsubj	86	91
usc5-552-doj:u0051:s00	20	is	be	AUX	VBZ	Mood=Ind|Number=Sing|Person=3|Tense=Pres|VerbForm=Fin	22	cop	92	94
usc5-552-doj:u0051:s00	21	not	not	PART	RB	_	22	advmod	95	98
usc5-552-doj:u0051:s00	22	insubstantial	insubstantial	ADJ	JJ	Degree=Pos	5	advcl	99	112
usc5-552-doj:u0051:s00	23	.	.	PUNCT	.	_	5	punct	112	113
usc5-552-doj:u0052:s00	1	(	(	PUNCT	-LRB-	_	2	punct	0	1
usc5-552-doj:u0052:s00	2	F	f	PROPN	NNP	Number=Sing	0	root	1	2
usc5-552-doj:u0052:s00	3	)	)	PUNCT	-RRB-	_	2	punct	2	3
usc5-552-doj:u0052:s00	4	(	(	PUNCT	-LRB-	_	2	punct	3	4
usc5-552-doj:u0052:s00	5	i	i	PRON	PRP	Case=Nom|Number=Sing|Person=1|PronType=Prs	2	parataxis	4	5
usc5-552-doj:u0052:s00	6	)	)	PUNCT	-RRB-	_	2	punct	5	6
usc5-552-doj:u0052:s01	1	Whenever	whenever	ADV	WRB	PronType=Int	4	advmod	0	8
usc5-552-doj:u0052:s01	2	the	the	DET	DT	Definite=Def|PronType=Art	3	det	9	12
usc5-552-doj:u0052:s01	3	court	court	NOUN	NN	Number=Sing	4	nsubj	13	18
usc5-552-doj:u0052:s01	4	orders	order	VERB	VBZ	Mood=Ind|Number=Sing|Person=3|Tense=Pres|VerbForm=Fin	64	advcl	19	25
usc5-552-doj:u0052:s01	5	the	the	DET	DT	Definite=Def|PronType=Art	6	det	26	29
usc5-552-doj:u0052:s01	6	production	production	NOUN	NN	Number=Sing	4	obj	30	40
usc5-552-doj:u0052:s01	7	of	of	ADP	IN	_	10	case	41	43
usc5-552-doj:u0052:s01	8	any	any	DET	DT	_	10	det	44	47
usc5-552-doj:u0052:s01	9	agency	agency	NOUN	NN	Number=Sing	10	compound	48	54
usc5-552-doj:u0052:s01	10	records	record	NOUN	NNS	Number=Plur	6	nmod	55	62
usc5-552-doj:u0052:s01	11	improperly	improperly	ADV	RB	_	4	advmod	63	73
usc5-552-doj:u0052:s01	12	withheld	withheld	AUX	MD	VerbForm=Fin	64	aux	74	82
usc5-552-doj:u0052:s01	13	from	from	ADP	IN	_	15	case	83	87
usc5-552-doj:u0052:s01	14	the	the	DET	DT	Definite=Def|PronType=Art	15	det	88	91
usc5-552-doj:u0052:s01	15	complainant	complainant	NOUN	NN	Number=Sing	64	obl	92	103
usc5-552-doj:u0052:s01	16	and	and	CCONJ	CC	_	17	cc	104	107
usc5-552-doj:u0052:s01	17	assesses	assess	NOUN	NNS	Number=Plur	15	conj	108	116
usc5-552-doj:u0052:s01	18	against	against	ADP	IN	_	24	case	117	124
usc5-552-doj:u0052:s01	19	the	the	DET	DT	Definite=Def|PronType=Art	24	det	125	128
usc5-552-doj:u0052:s01	20	United	United	PROPN	NNP	Number=Sing	21	compound	129	135
usc5-552-doj:u0052:s01	21	States	States	PROPN	NNP	Number=Sing	24	compound	136	142
usc5-552-doj:u0052:s01	22	reasonable	reasonable	ADJ	JJ	Degree=Pos	24	amod	143	153
usc5-552-doj:u0052:s01	23	attorney	attorney	NOUN	NN	Number=Sing	24	compound	154	162
usc5-552-doj:u0052:s01	24	fees	fee	NOUN	NNS	Number=Plur	15	nmod	163	167
usc5-552-doj:u0052:s01	25	and	and	CCONJ	CC	_	28	cc	168	171
usc5-552-doj:u0052:s01	26	other	other	ADJ	JJ	Degree=Pos	28	amod	172	177
usc5-552-doj:u0052:s01	27	litigation	litigation	NOUN	NN	Number=Sing	28	compound	178	188
usc5-552-doj:u0052:s01	28	costs	cost	NOUN	NNS	Number=Plur	24	conj	189	194
usc5-552-doj:u0052:s01	29	,	,	PUNCT	,	_	34	punct	194	195
usc5-552-doj:u0052:s01	30	and	and	CCONJ	CC	_	34	cc	196	199
usc5-552-doj:u0052:s01	31	the	the	DET	DT	Definite=Def|PronType=Art	32	det	200	203
usc5-552-doj:u0052:s01	32	court	court	NOUN	NN	Number=Sing	34	nsubj	204	209
usc5-552-doj:u0052:s01	33	additionally	additionally	ADV	RB	_	34	advmod	210	222
usc5-552-doj:u0052:s01	34	issues	issue	VERB	VBZ	Mood=Ind|Number=Sing|Person=3|Tense=Pres|VerbForm=Fin	15	conj	223	229
usc5-552-doj:u0052:s01	35	a	a	DET	DT	Definite=Ind|PronType=Art	37	det	230	231
usc5-552-doj:u0052:s01	36	written	write	VERB	VBN	Tense=Past|VerbForm=Part	37	amod	232	239
usc5-552-doj:u0052:s01	37	finding	finding	NOUN	NN	Number=Sing	34	obj	240	247
usc5-552-doj:u0052:s01	38	that	that	SCONJ	IN	_	49	mark	248	252
usc5-552-doj:u0052:s01	39	the	the	DET	DT	Definite=Def|PronType=Art	40	det	253	256
usc5-552-doj:u0052:s01	40	circumstances	circumstance	NOUN	NNS	Number=Plur	49	nsubj	257	270
usc5-552-doj:u0052:s01	41	surrounding	surround	VERB	VBG	VerbForm=Ger	40	acl	271	282
usc5-552-doj:u0052:s01	42	the	the	DET	DT	Definite=Def|PronType=Art	45	det	283	286
usc5-552-doj:u0052:s01	43	withholding	withholding	NOUN	NN	Number=Sing	45	compound	287	298
usc5-552-doj:u0052:s01	44	raise	raise	NOUN	NN	Number=Sing	45	compound	299	304
usc5-552-doj:u0052:s01	45	questions	question	NOUN	NNS	Number=Plur	41	obj	305	314
usc5-552-doj:u0052:s01	46	whether	whether	SCONJ	IN	_	49	mark	315	322
usc5-552-doj:u0052:s01	47	agency	agency	NOUN	NN	Number=Sing	48	compound	323	329
usc5-552-doj:u0052:s01	48	personnel	personnel	NOUN	NN	Number=Sing	49	nsubj	330	339
usc5-552-doj:u0052:s01	49	acted	act	VERB	VBD	Mood=Ind|Tense=Past|VerbForm=Fin	37	acl	340	345
usc5-552-doj:u0052:s01	50	arbitrarily	arbitrarily	ADV	RB	_	49	advmod	346	357
usc5-552-doj:u0052:s01	51	or	or	CCONJ	CC	_	54	cc	358	360
usc5-552-doj:u0052:s01	52	capriciously	capriciously	ADV	RB	_	54	advmod	361	373
usc5-552-doj:u0052:s01	53	with	with	ADP	IN	_	54	case	374	378
usc5-552-doj:u0052:s01	54	respect	respect	NOUN	NN	Number=Sing	49	conj	379	386
usc5-552-doj:u0052:s01	55	to	to	ADP	IN	_	57	case	387	389
usc5-552-doj:u0052:s01	56	the	the	DET	DT	Definite=Def|PronType=Art	57	det	390	393
usc5-552-doj:u0052:s01	57	withholding	withholding	NOUN	NN	Number=Sing	54	nmod	394	405
usc5-552-doj:u0052:s01	58	,	,	PUNCT	,	_	64	punct	405	406
usc5-552-doj:u0052:s01	59	the	the	DET	DT	Definite=Def|PronType=Art	61	det	407	410
usc5-552-doj:u0052:s01	60	Special	special	ADJ	JJ	Degree=Pos	61	amod	411	418
usc5-552-doj:u0052:s01	61	Counsel	counsel	NOUN	NN	Number=Sing	64	nsubj	419	426
usc5-552-doj:u0052:s01	62	shall	shall	AUX	MD	VerbForm=Fin	64	aux	427	432
usc5-552-doj:u0052:s01	63	promptly	promptly	ADV	RB	_	64	advmod	433	441
usc5-552-doj:u0052:s01	64	initiate	initiate	VERB	VB	VerbForm=Inf	0	root	442	450
usc5-552-doj:u0052:s01	65	a	a	DET	DT	Definite=Ind|PronType=Art	66	det	451	452
usc5-552-doj:u0052:s01	66	proceeding	proceeding	NOUN	NN	Number=Sing	64	obj	453	463
usc5-552-doj:u0052:s01	67	to	to	PART	TO	_	68	mark	464	466
usc5-552-doj:u0052:s01	68	determine	determine	VERB	VB	VerbForm=Inf	64	xcomp	467	476
usc5-552-doj:u0052:s01	69	whether	whether	SCONJ	IN	_	73	mark	477	484
usc5-552-doj:u0052:s01	70	disciplinary	disciplinary	NOUN	NN	Number=Sing	71	compound	485	497
usc5-552-doj:u0052:s01	71	action	action	NOUN	NN	Number=Sing	73	nsubj:pass	498	504
usc5-552-doj:u0052:s01	72	is	be	AUX	VBZ	Mood=Ind|Number=Sing|Person=3|Tense=Pres|VerbForm=Fin	73	aux:pass	505	507
usc5-552-doj:u0052:s01	73	warranted	warrant	VERB	VBN	Tense=Past|VerbForm=Part|Voice=Pass	68	ccomp	508	517
usc5-552-doj:u0052:s01	74	against	against	ADP	IN	_	76	case	518	525
usc5-552-doj:u0052:s01	75	the	the	DET	DT	Definite=Def|PronType=Art	76	det	526	529
usc5-552-doj:u0052:s01	76	officer	officer	NOUN	NN	Number=Sing	73	obl	530	537
usc5-552-doj:u0052:s01	77	or	or	CCONJ	CC	_	78	cc	538	540
usc5-552-doj:u0052:s01	78	employee	employee	NOUN	NN	Number=Sing	76	conj	541	549
usc5-552-doj:u0052:s01	79	who	who	PRON	WP	PronType=Rel	82	nsubj	550	553
usc5-552-doj:u0052:s01	80	was	be	AUX	VBD	Mood=Ind|Number=Sing|Person=3|Tense=Past|VerbForm=Fin	82	cop	554	557
usc5-552-doj:u0052:s01	81	primarily	primarily	ADV	RB	_	82	advmod	558	567
usc5-552-doj:u0052:s01	82	responsible	responsible	ADJ	JJ	Degree=Pos	76	acl:relcl	568	579
usc5-552-doj:u0052:s01	83	for	for	ADP	IN	_	85	case	580	583
usc5-552-doj:u0052:s01	84	the	the	DET	DT	Definite=Def|PronType=Art	85	det	584	587
usc5-552-doj:u0052:s01	85	withholding	withholding	NOUN	NN	Number=Sing	82	obl	588	599
usc5-552-doj:u0052:s01	86	.	.	PUNCT	.	_	64	punct	599	600
usc5-552-doj:u0052:s02	1	The	the	DET	DT	Definite=Def|PronType=Art	3	det	0	3
usc5-552-doj:u0052:s02	2	Special	special	ADJ	JJ	Degree=Pos	3	amod	4	11
usc5-552-doj:u0052:s02	3	Counsel	counsel	NOUN	NN	Number=Sing	15	nsubj	12	19
usc5-552-doj:u0052:s02	4	,	,	PUNCT	,	_	3	punct	19	20
usc5-552-doj:u0052:s02	5	after	after	ADP	IN	_	6	case	21	26
usc5-552-doj:u0052:s02	6	investigation	investigation	NOUN	NN	Number=Sing	3	nmod	27	40
usc5-552-doj:u0052:s02	7	and	and	CCONJ	CC	_	8	cc	41	44
usc5-552-doj:u0052:s02	8	consideration	consideration	NOUN	NN	Number=Sing	6	conj	45	58
usc5-552-doj:u0052:s02	9	of	of	ADP	IN	_	11	case	59	61
usc5-552-doj:u0052:s02	10	the	the	DET	DT	Definite=Def|PronType=Art	11	det	62	65
usc5-552-doj:u0052:s02	11	evidence	evidence	NOUN	NN	Number=Sing	6	nmod	66	74
usc5-552-doj:u0052:s02	12	submitted	submit	VERB	VBN	Tense=Past|VerbForm=Part	11	acl	75	84
usc5-552-doj:u0052:s02	13	,	,	PUNCT	,	_	15	punct	84	85
usc5-552-doj:u0052:s02	14	shall	shall	AUX	MD	VerbForm=Fin	15	aux	86	91
usc5-552-doj:u0052:s02	15	submit	submit	VERB	VB	VerbForm=Inf	0	root	92	98
usc5-552-doj:u0052:s02	16	his	he	PRON	PRP$	Gender=Masc|Number=Sing|Person=3|Poss=Yes|PronType=Prs	17	nmod:poss	99	102
usc5-552-doj:u0052:s02	17	findings	finding	NOUN	NNS	Number=Plur	15	obj	103	111
usc5-552-doj:u0052:s02	18	and	and	CCONJ	CC	_	19	cc	112	115
usc5-552-doj:u0052:s02	19	recommendations	recommendation	NOUN	NNS	Number=Plur	17	conj	116	131
usc5-552-doj:u0052:s02	20	to	to	ADP	IN	_	23	case	132	134
usc5-552-doj:u0052:s02	21	the	the	DET	DT	Definite=Def|PronType=Art	23	det	135	138
usc5-552-doj:u0052:s02	22	administrative	administrative	ADJ	JJ	Degree=Pos	23	amod	139	153
usc5-552-doj:u0052:s02	23	authority	authority	NOUN	NN	Number=Sing	15	obl	154	163
usc5-552-doj:u0052:s02	24	of	of	ADP	IN	_	26	case	164	166
usc5-552-doj:u0052:s02	25	the	the	DET	DT	Definite=Def|PronType=Art	26	det	167	170
usc5-552-doj:u0052:s02	26	agency	agency	NOUN	NN	Number=Sing	23	nmod	171	177
usc5-552-doj:u0052:s02	27	concerned	concerned	ADJ	JJ	Degree=Pos	26	amod	178	187
usc5-552-doj:u0052:s02	28	and	and	CCONJ	CC	_	30	cc	188	191
usc5-552-doj:u0052:s02	29	shall	shall	AUX	MD	VerbForm=Fin	30	aux	192	197
usc5-552-doj:u0052:s02	30	send	send	VERB	VB	VerbForm=Inf	27	conj	198	202
usc5-552-doj:u0052:s02	31	copies	copy	NOUN	NNS	Number=Plur	30	obj	203	209
usc5-552-doj:u0052:s02	32	of	of	ADP	IN	_	34	case	210	212
usc5-552-doj:u0052:s02	33	the	the	DET	DT	Definite=Def|PronType=Art	34	det	213	216
usc5-552-doj:u0052:s02	34	findings	finding	NOUN	NNS	Number=Plur	31	nmod	217	225
usc5-552-doj:u0052:s02	35	and	and	CCONJ	CC	_	36	cc	226	229
usc5-552-doj:u0052:s02	36	recommendations	recommendation	NOUN	NNS	Number=Plur	34	conj	230	245
usc5-552-doj:u0052:s02	37	to	to	ADP	IN	_	39	case	246	248
usc5-552-doj:u0052:s02	38	the	the	DET	DT	Definite=Def|PronType=Art	39	det	249	252
usc5-552-doj:u0052:s02	39	officer	officer	NOUN	NN	Number=Sing	34	nmod	253	260
usc5-552-doj:u0052:s02	40	or	or	CCONJ	CC	_	41	cc	261	263
usc5-552-doj:u0052:s02	41	employee	employee	NOUN	NN	Number=Sing	39	conj	264	272
usc5-552-doj:u0052:s02	42	or	or	CCONJ	CC	_	44	cc	273	275
usc5-552-doj:u0052:s02	43	his	he	PRON	PRP$	Gender=Masc|Number=Sing|Person=3|Poss=Yes|PronType=Prs	44	nmod:poss	276	279
usc5-552-doj:u0052:s02	44	representative	representative	NOUN	NN	Number=Sing	31	conj	280	294
usc5-552-doj:u0052:s02	45	.	.	PUNCT	.	_	15	punct	294	295
usc5-552-doj:u0052:s03	1	The	the	DET	DT	Definite=Def|PronType=Art	3	det	0	3
usc5-552-doj:u0052:s03	2	administrative	administrative	ADJ	JJ	Degree=Pos	3	amod	4	18
usc5-552-doj:u0052:s03	3	authority	authority	NOUN	NN	Number=Sing	5	nsubj	19	28
usc5-552-doj:u0052:s03	4	shall	shall	AUX	MD	VerbForm=Fin	5	aux	29	34
usc5-552-doj:u0052:s03	5	take	take	VERB	VB	VerbForm=Inf	0	root	35	39
usc5-552-doj:u0052:s03	6	the	the	DET	DT	Definite=Def|PronType=Art	8	det	40	43
usc5-552-doj:u0052:s03	7	corrective	corrective	ADJ	JJ	Degree=Pos	8	amod	44	54
usc5-552-doj:u0052:s03	8	action	action	NOUN	NN	Number=Sing	5	obj	55	61
usc5-552-doj:u0052:s03	9	that	that	SCONJ	IN	_	13	advmod	62	66
usc5-552-doj:u0052:s03	10	the	the	DET	DT	Definite=Def|PronType=Art	13	det	67	70
usc5-552-doj:u0052:s03	11	Special	special	ADJ	JJ	Degree=Pos	13	amod	71	78
usc5-552-doj:u0052:s03	12	Counsel	counsel	NOUN	NN	Number=Sing	13	compound	79	86
usc5-552-doj:u0052:s03	13	recommends	recommend	NOUN	NNS	Number=Plur	5	appos	87	97
usc5-552-doj:u0052:s03	14	.	.	PUNCT	.	_	5	punct	97	98
usc5-552-doj:u0053:s00	1	(	(	PUNCT	-LRB-	_	2	punct	0	1
usc5-552-doj:u0053:s00	2	ii	ii	X	LS	_	7	nummod	1	3
usc5-552-doj:u0053:s00	3	)	)	PUNCT	-RRB-	_	2	punct	3	4
usc5-552-doj:u0053:s00	4	The	the	DET	DT	Definite=Def|PronType=Art	5	det	5	8
usc5-552-doj:u0053:s00	5	Attorney	Attorney	PROPN	NNP	Number=Sing	7	nsubj	9	17
usc5-552-doj:u0053:s00	6	General	General	PROPN	NNP	Number=Sing	5	flat	18	25
usc5-552-doj:u0053:s00	7	shall	shall	AUX	MD	VerbForm=Fin	0	root	26	31
usc5-552-doj:u0053:s00	8	—	-	PUNCT	.	_	7	punct	31	32
usc5-552-doj:u0054:s00	1	(	(	PUNCT	-LRB-	_	4	punct	0	1
usc5-552-doj:u0054:s00	2	I	I	PRON	PRP	Case=Nom|Number=Sing|Person=1|PronType=Prs	4	nsubj	1	2
usc5-552-doj:u0054:s00	3	)	)	PUNCT	-RRB-	_	4	punct	2	3
usc5-552-doj:u0054:s00	4	notify	notify	VERB	VB	Mood=Imp|VerbForm=Fin	0	root	4	10
usc5-552-doj:u0054:s00	5	the	the	DET	DT	Definite=Def|PronType=Art	7	det	11	14
usc5-552-doj:u0054:s00	6	Special	special	ADJ	JJ	Degree=Pos	7	amod	15	22
usc5-552-doj:u0054:s00	7	Counsel	counsel	NOUN	NN	Number=Sing	4	obj	23	30
usc5-552-doj:u0054:s00	8	of	of	ADP	IN	_	11	case	31	33
usc5-552-doj:u0054:s00	9	each	each	DET	DT	_	11	det	34	38
usc5-552-doj:u0054:s00	10	civil	civil	ADJ	JJ	Degree=Pos	11	amod	39	44
usc5-552-doj:u0054:s00	11	action	action	NOUN	NN	Number=Sing	7	nmod	45	51
usc5-552-doj:u0054:s00	12	described	describe	VERB	VBN	Tense=Past|VerbForm=Part	11	acl	52	61
usc5-552-doj:u0054:s00	13	under	under	ADP	IN	_	16	case	62	67
usc5-552-doj:u0054:s00	14	the	the	DET	DT	Definite=Def|PronType=Art	16	det	68	71
usc5-552-doj:u0054:s00	15	first	first	ADJ	JJ	Degree=Pos|NumType=Ord	16	amod	72	77
usc5-552-doj:u0054:s00	16	sentence	sentence	NOUN	NN	Number=Sing	12	obl	78	86
usc5-552-doj:u0054:s00	17	of	of	ADP	IN	_	18	case	87	89
usc5-552-doj:u0054:s00	18	clause	clause	NOUN	NN	Number=Sing	16	nmod	90	96
usc5-552-doj:u0054:s00	19	(	(	PUNCT	-LRB-	_	20	punct	97	98
usc5-552-doj:u0054:s00	20	i	I	PRON	PRP	Case=Nom|Number=Sing|Person=1|PronType=Prs	21	nsubj	98	99
usc5-552-doj:u0054:s00	21	)	)	PUNCT	-RRB-	_	11	punct	99	100
usc5-552-doj:u0054:s00	22	;	;	PUNCT	,	_	4	punct	100	101
usc5-552-doj:u0054:s00	23	and	and	CCONJ	CC	_	4	cc	102	105
usc5-552-doj:u0055:s00	1	(	(	PUNCT	-LRB-	_	2	punct	0	1
usc5-552-doj:u0055:s00	2	II	ii	X	LS	_	5	nummod	1	3
usc5-552-doj:u0055:s00	3	)	)	PUNCT	-RRB-	_	2	punct	3	4
usc5-552-doj:u0055:s00	4	annually	annually	ADV	RB	_	5	advmod	5	13
usc5-552-doj:u0055:s00	5	submit	submit	VERB	VB	Mood=Imp|VerbForm=Fin	0	root	14	20
usc5-552-doj:u0055:s00	6	a	a	DET	DT	Definite=Ind|PronType=Art	7	det	21	22
usc5-552-doj:u0055:s00	7	report	report	NOUN	NN	Number=Sing	5	obj	23	29
usc5-552-doj:u0055:s00	8	to	to	ADP	IN	_	9	case	30	32
usc5-552-doj:u0055:s00	9	Congress	Congress	PROPN	NNP	Number=Sing	7	nmod	33	41
usc5-552-doj:u0055:s00	10	on	on	ADP	IN	_	12	case	42	44
usc5-552-doj:u0055:s00	11	the	the	DET	DT	Definite=Def|PronType=Art	12	det	45	48
usc5-552-doj:u0055:s00	12	number	number	NOUN	NN	Number=Sing	5	obl	49	55
usc5-552-doj:u0055:s00	13	of	of	ADP	IN	_	16	case	56	58
usc5-552-doj:u0055:s00	14	such	such	ADJ	JJ	Degree=Pos	16	amod	59	63
usc5-552-doj:u0055:s00	15	civil	civil	ADJ	JJ	Degree=Pos	16	amod	64	69
usc5-552-doj:u0055:s00	16	actions	action	NOUN	NNS	Number=Plur	12	nmod	70	77
usc5-552-doj:u0055:s00	17	in	in	ADP	IN	_	20	case	78	80
usc5-552-doj:u0055:s00	18	the	the	DET	DT	Definite=Def|PronType=Art	20	det	81	84
usc5-552-doj:u0055:s00	19	preceding	preceding	ADJ	JJ	Degree=Pos	20	amod	85	94
usc5-552-doj:u0055:s00	20	year	year	NOUN	NN	Number=Sing	16	nmod	95	99
usc5-552-doj:u0055:s00	21	.	.	PUNCT	.	_	5	punct	99	100
usc5-552-doj:u0056:s00	1	(	(	PUNCT	-LRB-	_	2	punct	0	1
usc5-552-doj:u0056:s00	2	iii	iii	X	LS	_	0	root	1	4
usc5-552-doj:u0056:s00	3	)	)	PUNCT	-RRB-	_	2	punct	4	5
usc5-552-doj:u0056:s01	1	The	the	DET	DT	Definite=Def|PronType=Art	3	det	0	3
usc5-552-doj:u0056:s01	2	Special	special	ADJ	JJ	Degree=Pos	3	amod	4	11
usc5-552-doj:u0056:s01	3	Counsel	counsel	NOUN	NN	Number=Sing	6	nsubj	12	19
usc5-552-doj:u0056:s01	4	shall	shall	AUX	MD	VerbForm=Fin	6	aux	20	25
usc5-552-doj:u0056:s01	5	annually	annually	ADV	RB	_	6	advmod	26	34
usc5-552-doj:u0056:s01	6	submit	submit	VERB	VB	VerbForm=Inf	0	root	35	41
usc5-552-doj:u0056:s01	7	a	a	DET	DT	Definite=Ind|PronType=Art	8	det	42	43
usc5-552-doj:u0056:s01	8	report	report	NOUN	NN	Number=Sing	6	obj	44	50
usc5-552-doj:u0056:s01	9	to	to	ADP	IN	_	10	case	51	53
usc5-552-doj:u0056:s01	10	Congress	Congress	PROPN	NNP	Number=Sing	8	nmod	54	62
usc5-552-doj:u0056:s01	11	on	on	ADP	IN	_	13	case	63	65
usc5-552-doj:u0056:s01	12	the	the	DET	DT	Definite=Def|PronType=Art	13	det	66	69
usc5-552-doj:u0056:s01	13	actions	action	NOUN	NNS	Number=Plur	6	obl	70	77
usc5-552-doj:u0056:s01	14	taken	take	VERB	VBN	Tense=Past|VerbForm=Part	13	acl	78	83
usc5-552-doj:u0056:s01	15	by	by	ADP	IN	_	18	case	84	86
usc5-552-doj:u0056:s01	16	the	the	DET	DT	Definite=Def|PronType=Art	18	det	87	90
usc5-552-doj:u0056:s01	17	Special	special	ADJ	JJ	Degree=Pos	18	amod	91	98
usc5-552-doj:u0056:s01	18	Counsel	counsel	NOUN	NN	Number=Sing	14	obl	99	106
usc5-552-doj:u0056:s01	19	under	under	ADP	IN	_	20	case	107	112
usc5-552-doj:u0056:s01	20	clause	clause	NOUN	NN	Number=Sing	14	obl	113	119
usc5-552-doj:u0056:s01	21	(	(	PUNCT	-LRB-	_	22	punct	120	121
usc5-552-doj:u0056:s01	22	i	i	PRON	PRP	Case=Nom|Number=Sing|Person=1|PronType=Prs	6	parataxis	121	122
usc5-552-doj:u0056:s01	23	)	)	PUNCT	-RRB-	_	22	punct	122	123
usc5-552-doj:u0056:s01	24	.	.	PUNCT	.	_	6	punct	123	124
usc5-552-doj:u0057:s00	1	(	(	PUNCT	-LRB-	_	2	punct	0	1
usc5-552-doj:u0057:s00	2	G	g	NOUN	NN	Number=Sing	0	root	1	2
usc5-552-doj:u0057:s00	3	)	)	PUNCT	-RRB-	_	2	punct	2	3
usc5-552-doj:u0057:s01	1	In	in	ADP	IN	_	3	case	0	2
usc5-552-doj:u0057:s01	2	the	the	DET	DT	Definite=Def|PronType=Art	3	det	3	6
usc5-552-doj:u0057:s01	3	event	event	NOUN	NN	Number=Sing	17	obl	7	12
usc5-552-doj:u0057:s01	4	of	of	ADP	IN	_	5	case	13	15
usc5-552-doj:u0057:s01	5	noncompliance	noncompliance	NOUN	NN	Number=Sing	3	nmod	16	29
usc5-552-doj:u0057:s01	6	with	with	ADP	IN	_	8	case	30	34
usc5-552-doj:u0057:s01	7	the	the	DET	DT	Definite=Def|PronType=Art	8	det	35	38
usc5-552-doj:u0057:s01	8	order	order	NOUN	NN	Number=Sing	3	nmod	39	44
usc5-552-doj:u0057:s01	9	of	of	ADP	IN	_	11	case	45	47
usc5-552-doj:u0057:s01	10	the	the	DET	DT	Definite=Def|PronType=Art	11	det	48	51
usc5-552-doj:u0057:s01	11	court	court	NOUN	NN	Number=Sing	8	nmod	52	57
usc5-552-doj:u0057:s01	12	,	,	PUNCT	,	_	17	punct	57	58
usc5-552-doj:u0057:s01	13	the	the	DET	DT	Definite=Def|PronType=Art	15	det	59	62
usc5-552-doj:u0057:s01	14	district	district	ADJ	JJ	Degree=Pos	15	amod	63	71
usc5-552-doj:u0057:s01	15	court	court	NOUN	NN	Number=Sing	17	nsubj	72	77
usc5-552-doj:u0057:s01	16	may	may	AUX	MD	VerbForm=Fin	17	aux	78	81
usc5-552-doj:u0057:s01	17	punish	punish	VERB	VB	VerbForm=Inf	0	root	82	88
usc5-552-doj:u0057:s01	18	for	for	ADP	IN	_	19	case	89	92
usc5-552-doj:u0057:s01	19	contempt	contempt	NOUN	NN	Number=Sing	17	obl	93	101
usc5-552-doj:u0057:s01	20	the	the	DET	DT	Definite=Def|PronType=Art	22	det	102	105
usc5-552-doj:u0057:s01	21	responsible	responsible	ADJ	JJ	Degree=Pos	22	amod	106	117
usc5-552-doj:u0057:s01	22	employee	employee	NOUN	NN	Number=Sing	17	obj	118	126
usc5-552-doj:u0057:s01	23	,	,	PUNCT	,	_	27	punct	126	127
usc5-552-doj:u0057:s01	24	and	and	CCONJ	CC	_	27	cc	128	131
usc5-552-doj:u0057:s01	25	in	in	ADP	IN	_	27	case	132	134
usc5-552-doj:u0057:s01	26	the	the	DET	DT	Definite=Def|PronType=Art	27	det	135	138
usc5-552-doj:u0057:s01	27	case	case	NOUN	NN	Number=Sing	22	conj	139	143
usc5-552-doj:u0057:s01	28	of	of	ADP	IN	_	31	case	144	146
usc5-552-doj:u0057:s01	29	a	a	DET	DT	Definite=Ind|PronType=Art	31	det	147	148
usc5-552-doj:u0057:s01	30	uniformed	uniformed	ADJ	JJ	Degree=Pos	31	amod	149	158
usc5-552-doj:u0057:s01	31	service	service	NOUN	NN	Number=Sing	27	nmod	159	166
usc5-552-doj:u0057:s01	32	,	,	PUNCT	,	_	35	punct	166	167
usc5-552-doj:u0057:s01	33	the	the	DET	DT	Definite=Def|PronType=Art	35	det	168	171
usc5-552-doj:u0057:s01	34	responsible	responsible	ADJ	JJ	Degree=Pos	35	amod	172	183
usc5-552-doj:u0057:s01	35	member	member	NOUN	NN	Number=Sing	22	conj	184	190
usc5-552-doj:u0057:s01	36	.	.	PUNCT	.	_	17	punct	190	191
usc5-552-doj:u0058:s00	1	(	(	PUNCT	-LRB-	_	2	punct	0	1
usc5-552-doj:u0058:s00	2	5	5	X	LS	_	0	root	1	2
usc5-552-doj:u0058:s00	3	)	)	PUNCT	-RRB-	_	2	punct	2	3
usc5-552-doj:u0058:s01	1	Each	each	DET	DT	_	2	det	0	4
usc5-552-doj:u0058:s01	2	agency	agency	NOUN	NN	Number=Sing	9	nsubj	5	11
usc5-552-doj:u0058:s01	3	having	have	VERB	VBG	VerbForm=Ger	9	aux	12	18
usc5-552-doj:u0058:s01	4	more	more	ADJ	JJR	Degree=Cmp	3	obj	19	23
usc5-552-doj:u0058:s01	5	than	than	ADP	IN	_	7	case	24	28
usc5-552-doj:u0058:s01	6	one	one	NUM	CD	NumType=Card	7	nummod	29	32
usc5-552-doj:u0058:s01	7	member	member	NOUN	NN	Number=Sing	4	obl	33	39
usc5-552-doj:u0058:s01	8	shall	shall	AUX	MD	VerbForm=Fin	9	aux	40	45
usc5-552-doj:u0058:s01	9	maintain	maintain	VERB	VB	VerbForm=Inf	0	root	46	54
usc5-552-doj:u0058:s01	10	and	and	CCONJ	CC	_	11	cc	55	58
usc5-552-doj:u0058:s01	11	make	make	VERB	VB	VerbForm=Inf	9	conj	59	63
usc5-552-doj:u0058:s01	12	available	available	ADJ	JJ	Degree=Pos	11	xcomp	64	73
usc5-552-doj:u0058:s01	13	for	for	ADP	IN	_	15	case	74	77
usc5-552-doj:u0058:s01	14	public	public	ADJ	JJ	Degree=Pos	15	amod	78	84
usc5-552-doj:u0058:s01	15	inspection	inspection	NOUN	NN	Number=Sing	17	nmod	85	95
usc5-552-doj:u0058:s01	16	a	a	DET	DT	Definite=Ind|PronType=Art	17	det	96	97
usc5-552-doj:u0058:s01	17	record	record	NOUN	NN	Number=Sing	11	obj	98	104
usc5-552-doj:u0058:s01	18	of	of	ADP	IN	_	21	case	105	107
usc5-552-doj:u0058:s01	19	the	the	DET	DT	Definite=Def|PronType=Art	21	det	108	111
usc5-552-doj:u0058:s01	20	final	final	ADJ	JJ	Degree=Pos	21	amod	112	117
usc5-552-doj:u0058:s01	21	votes	vote	NOUN	NNS	Number=Plur	17	nmod	118	123
usc5-552-doj:u0058:s01	22	of	of	ADP	IN	_	24	case	124	126
usc5-552-doj:u0058:s01	23	each	each	DET	DT	_	24	det	127	131
usc5-552-doj:u0058:s01	24	member	member	NOUN	NN	Number=Sing	21	nmod	132	138
usc5-552-doj:u0058:s01	25	in	in	ADP	IN	_	28	case	139	141
usc5-552-doj:u0058:s01	26	every	every	DET	DT	_	28	det	142	147
usc5-552-doj:u0058:s01	27	agency	agency	NOUN	NN	Number=Sing	28	compound	148	154
usc5-552-doj:u0058:s01	28	proceeding	proceed	NOUN	NN	Number=Sing	11	obl	155	165
usc5-552-doj:u0058:s01	29	.	.	PUNCT	.	_	9	punct	165	166
usc5-552-doj:u0059:s00	1	(	(	PUNCT	-LRB-	_	2	punct	0	1
usc5-552-doj:u0059:s00	2	6	6	X	LS	_	5	nummod	1	2
usc5-552-doj:u0059:s00	3	)	)	PUNCT	-RRB-	_	2	punct	2	3
usc5-552-doj:u0059:s00	4	(	(	PUNCT	-LRB-	_	2	punct	3	4
usc5-552-doj:u0059:s00	5	A	a	PROPN	NNP	Number=Sing	0	root	4	5
usc5-552-doj:u0059:s00	6	)	)	PUNCT	-RRB-	_	5	punct	5	6
usc5-552-doj:u0059:s00	7	Each	Each	DET	DT	_	8	det	7	11
usc5-552-doj:u0059:s00	8	agency	agency	NOUN	NN	Number=Sing	5	appos	12	18
usc5-552-doj:u0059:s00	9	,	,	PUNCT	,	_	8	punct	18	19
usc5-552-doj:u0059:s00	10	upon	upon	ADP	IN	_	12	case	20	24
usc5-552-doj:u0059:s00	11	any	any	DET	DT	_	12	det	25	28
usc5-552-doj:u0059:s00	12	request	request	NOUN	NN	Number=Sing	8	nmod	29	36
usc5-552-doj:u0059:s00	13	for	for	ADP	IN	_	14	case	37	40
usc5-552-doj:u0059:s00	14	records	record	NOUN	NNS	Number=Plur	12	nmod	41	48
usc5-552-doj:u0059:s00	15	made	make	VERB	VBN	Tense=Past|VerbForm=Part	12	acl	49	53
usc5-552-doj:u0059:s00	16	under	under	ADP	IN	_	17	case	54	59
usc5-552-doj:u0059:s00	17	paragraph	paragraph	NOUN	NN	Number=Sing	15	obl	60	69
usc5-552-doj:u0059:s00	18	(	(	PUNCT	-LRB-	_	19	punct	70	71
usc5-552-doj:u0059:s00	19	1	1	NUM	CD	NumType=Card	15	nummod	71	72
usc5-552-doj:u0059:s00	20	)	)	PUNCT	-RRB-	_	19	punct	72	73
usc5-552-doj:u0059:s00	21	,	,	PUNCT	,	_	12	punct	73	74
usc5-552-doj:u0059:s00	22	(	(	PUNCT	-LRB-	_	23	punct	75	76
usc5-552-doj:u0059:s00	23	2	2	NUM	CD	NumType=Card	12	appos	76	77
usc5-552-doj:u0059:s00	24	)	)	PUNCT	-RRB-	_	23	punct	77	78
usc5-552-doj:u0059:s00	25	,	,	PUNCT	,	_	32	punct	78	79
usc5-552-doj:u0059:s00	26	or	or	CCONJ	CC	_	32	cc	80	82
usc5-552-doj:u0059:s00	27	(	(	PUNCT	-LRB-	_	28	punct	83	84
usc5-552-doj:u0059:s00	28	3	3	X	LS	_	32	conj	84	85
usc5-552-doj:u0059:s00	29	)	)	PUNCT	-RRB-	_	28	punct	85	86
usc5-552-doj:u0059:s00	30	of	of	ADP	IN	_	32	case	87	89
usc5-552-doj:u0059:s00	31	this	this	DET	DT	Number=Sing|PronType=Dem	32	det	90	94
usc5-552-doj:u0059:s00	32	subsection	subsection	NOUN	NN	Number=Sing	12	conj	95	105
usc5-552-doj:u0059:s00	33	,	,	PUNCT	,	_	34	punct	105	106
usc5-552-doj:u0059:s00	34	shall	shall	NOUN	NN	Number=Sing	32	conj	107	112
usc5-552-doj:u0059:s00	35	—	-	PUNCT	,	_	5	punct	112	113
usc5-552-doj:u0060:s00	1	(	(	PUNCT	-LRB-	_	2	punct	0	1
usc5-552-doj:u0060:s00	2	i	I	X	LS	_	4	nummod	1	2
usc5-552-doj:u0060:s00	3	)	)	PUNCT	-RRB-	_	2	punct	2	3
usc5-552-doj:u0060:s00	4	determine	determine	VERB	VB	VerbForm=Inf	0	root	4	13
usc5-552-doj:u0060:s00	5	within	within	ADP	IN	_	7	case	14	20
usc5-552-doj:u0060:s00	6	20	20	NUM	CD	NumType=Card	7	nummod	21	23
usc5-552-doj:u0060:s00	7	days	day	NOUN	NNS	Number=Plur	4	obl	24	28
usc5-552-doj:u0060:s00	8	(	(	PUNCT	-LRB-	_	9	punct	29	30
usc5-552-doj:u0060:s00	9	excepting	except	VERB	VBG	VerbForm=Ger	4	xcomp	30	39
usc5-552-doj:u0060:s00	10	Saturdays	Saturdays	PROPN	NNP	Number=Sing	9	obj	40	49
usc5-552-doj:u0060:s00	11	,	,	PUNCT	,	_	12	punct	49	50
usc5-552-doj:u0060:s00	12	Sundays	Sunday	PROPN	NNP	Number=Sing	10	conj	51	58
usc5-552-doj:u0060:s00	13	,	,	PUNCT	,	_	17	punct	58	59
usc5-552-doj:u0060:s00	14	and	and	CCONJ	CC	_	17	cc	60	63
usc5-552-doj:u0060:s00	15	legal	legal	ADJ	JJ	Degree=Pos	17	amod	64	69
usc5-552-doj:u0060:s00	16	public	public	ADJ	JJ	Degree=Pos	17	amod	70	76
usc5-552-doj:u0060:s00	17	holidays	holiday	NOUN	NNS	Number=Plur	10	conj	77	85
usc5-552-doj:u0060:s00	18	)	)	PUNCT	-RRB-	_	17	punct	85	86
usc5-552-doj:u0060:s00	19	after	after	ADP	IN	_	21	case	87	92
usc5-552-doj:u0060:s00	20	the	the	DET	DT	Definite=Def|PronType=Art	21	det	93	96
usc5-552-doj:u0060:s00	21	receipt	receipt	NOUN	NN	Number=Sing	9	obl	97	104
usc5-552-doj:u0060:s00	22	of	of	ADP	IN	_	25	case	105	107
usc5-552-doj:u0060:s00	23	any	any	DET	DT	_	25	det	108	111
usc5-552-doj:u0060:s00	24	such	such	ADJ	JJ	Degree=Pos	25	amod	112	116
usc5-552-doj:u0060:s00	25	request	request	NOUN	NN	Number=Sing	21	nmod	117	124
usc5-552-doj:u0060:s00	26	whether	whether	SCONJ	IN	_	28	mark	125	132
usc5-552-doj:u0060:s00	27	to	to	PART	TO	_	28	mark	133	135
usc5-552-doj:u0060:s00	28	comply	comply	VERB	VB	VerbForm=Inf	25	acl	136	142
usc5-552-doj:u0060:s00	29	with	with	ADP	IN	_	31	case	143	147
usc5-552-doj:u0060:s00	30	such	such	ADJ	JJ	Degree=Pos	31	amod	148	152
usc5-552-doj:u0060:s00	31	request	request	NOUN	NN	Number=Sing	28	obl	153	160
usc5-552-doj:u0060:s00	32	and	and	CCONJ	CC	_	35	cc	161	164
usc5-552-doj:u0060:s00	33	shall	shall	AUX	MD	VerbForm=Fin	35	aux	165	170
usc5-552-doj:u0060:s00	34	immediately	immediately	ADV	RB	_	35	advmod	171	182
usc5-552-doj:u0060:s00	35	notify	notify	VERB	VB	VerbForm=Inf	31	conj	183	189
usc5-552-doj:u0060:s00	36	the	the	DET	DT	Definite=Def|PronType=Art	37	det	190	193
usc5-552-doj:u0060:s00	37	person	person	NOUN	NN	Number=Sing	35	obj	194	200
usc5-552-doj:u0060:s00	38	making	make	VERB	VBG	VerbForm=Ger	37	acl	201	207
usc5-552-doj:u0060:s00	39	such	such	DET	PDT	_	41	det:predet	208	212
usc5-552-doj:u0060:s00	40	a	a	DET	DT	Definite=Ind|PronType=Art	41	det	213	214
usc5-552-doj:u0060:s00	41	request	request	NOUN	NN	Number=Sing	38	obj	215	222
usc5-552-doj:u0060:s00	42	of	of	ADP	IN	_	41	nmod	223	225
usc5-552-doj:u0060:s00	43	–	-	PUNCT	NFP	_	4	punct	226	227
usc5-552-doj:u0061:s00	1	(	(	PUNCT	-LRB-	_	2	punct	0	1
usc5-552-doj:u0061:s00	2	I	I	PRON	PRP	Case=Nom|Number=Sing|Person=1|PronType=Prs	0	root	1	2
usc5-552-doj:u0061:s00	3	)	)	PUNCT	-RRB-	_	2	punct	2	3
usc5-552-doj:u0061:s00	4	such	such	ADJ	JJ	Degree=Pos	5	amod	4	8
usc5-552-doj:u0061:s00	5	determination	determination	NOUN	NN	Number=Sing	2	appos	9	22
usc5-552-doj:u0061:s00	6	and	and	CCONJ	CC	_	8	cc	23	26
usc5-552-doj:u0061:s00	7	the	the	DET	DT	Definite=Def|PronType=Art	8	det	27	30
usc5-552-doj:u0061:s00	8	reasons	reason	NOUN	NNS	Number=Plur	5	conj	31	38
usc5-552-doj:u0061:s00	9	therefor	therefor	ADV	RB	_	8	advmod	39	47
usc5-552-doj:u0061:s00	10	;	;	PUNCT	,	_	2	punct	47	48
usc5-552-doj:u0062:s00	1	(	(	PUNCT	-LRB-	_	2	punct	0	1
usc5-552-doj:u0062:s00	2	II	ii	X	LS	_	5	nummod	1	3
usc5-552-doj:u0062:s00	3	)	)	PUNCT	-RRB-	_	2	punct	3	4
usc5-552-doj:u0062:s00	4	the	the	DET	DT	Definite=Def|PronType=Art	5	det	5	8
usc5-552-doj:u0062:s00	5	right	right	NOUN	NN	Number=Sing	0	root	9	14
usc5-552-doj:u0062:s00	6	of	of	ADP	IN	_	8	case	15	17
usc5-552-doj:u0062:s00	7	such	such	ADJ	JJ	Degree=Pos	8	amod	18	22
usc5-552-doj:u0062:s00	8	person	person	NOUN	NN	Number=Sing	5	nmod	23	29
usc5-552-doj:u0062:s00	9	to	to	PART	TO	_	10	mark	30	32
usc5-552-doj:u0062:s00	10	seek	seek	VERB	VB	VerbForm=Inf	8	acl	33	37
usc5-552-doj:u0062:s00	11	assistance	assistance	NOUN	NN	Number=Sing	10	obj	38	48
usc5-552-doj:u0062:s00	12	from	from	ADP	IN	_	16	case	49	53
usc5-552-doj:u0062:s00	13	the	the	DET	DT	Definite=Def|PronType=Art	16	det	54	57
usc5-552-doj:u0062:s00	14	FOIA	FOIA	PROPN	NNP	Number=Sing	16	compound	58	62
usc5-552-doj:u0062:s00	15	Public	Public	PROPN	NNP	Number=Sing	16	compound	63	69
usc5-552-doj:u0062:s00	16	Liaison	Liaison	PROPN	NNP	Number=Sing	11	nmod	70	77
usc5-552-doj:u0062:s00	17	of	of	ADP	IN	_	19	case	78	80
usc5-552-doj:u0062:s00	18	the	the	DET	DT	Definite=Def|PronType=Art	19	det	81	84
usc5-552-doj:u0062:s00	19	agency	agency	NOUN	NN	Number=Sing	16	nmod	85	91
usc5-552-doj:u0062:s00	20	;	;	PUNCT	,	_	5	punct	91	92
usc5-552-doj:u0062:s00	21	and	and	CCONJ	CC	_	5	cc	93	96
usc5-552-doj:u0063:s00	1	(	(	PUNCT	-LRB-	_	2	punct	0	1
usc5-552-doj:u0063:s00	2	III	iii	X	LS	_	0	root	1	4
usc5-552-doj:u0063:s00	3	)	)	PUNCT	-RRB-	_	2	punct	4	5
usc5-552-doj:u0063:s00	4	in	in	ADP	IN	_	6	case	6	8
usc5-552-doj:u0063:s00	5	the	the	DET	DT	Definite=Def|PronType=Art	6	det	9	12
usc5-552-doj:u0063:s00	6	case	case	NOUN	NN	Number=Sing	2	nmod	13	17
usc5-552-doj:u0063:s00	7	of	of	ADP	IN	_	10	case	18	20
usc5-552-doj:u0063:s00	8	an	a	DET	DT	Definite=Ind|PronType=Art	10	det	21	23
usc5-552-doj:u0063:s00	9	adverse	adverse	ADJ	JJ	Degree=Pos	10	amod	24	31
usc5-552-doj:u0063:s00	10	determination	determination	NOUN	NN	Number=Sing	6	nmod	32	45
usc5-552-doj:u0063:s00	11	–	-	PUNCT	,	_	2	punct	46	47
usc5-552-doj:u0064:s00	1	(	(	PUNCT	-LRB-	_	2	punct	0	1
usc5-552-doj:u0064:s00	2	aa	aa	DET	DT	Typo=Yes	0	root	1	3
usc5-552-doj:u0064:s00	3	)	)	PUNCT	-RRB-	_	2	punct	3	4
usc5-552-doj:u0064:s00	4	the	the	DET	DT	Definite=Def|PronType=Art	5	det	5	8
usc5-552-doj:u0064:s00	5	right	right	NOUN	NN	Number=Sing	2	appos	9	14
usc5-552-doj:u0064:s00	6	of	of	ADP	IN	_	8	case	15	17
usc5-552-doj:u0064:s00	7	such	such	ADJ	JJ	Degree=Pos	8	amod	18	22
usc5-552-doj:u0064:s00	8	person	person	NOUN	NN	Number=Sing	5	nmod	23	29
usc5-552-doj:u0064:s00	9	to	to	PART	TO	_	10	mark	30	32
usc5-552-doj:u0064:s00	10	appeal	appeal	VERB	VB	VerbForm=Inf	5	acl	33	39
usc5-552-doj:u0064:s00	11	to	to	ADP	IN	_	13	case	40	42
usc5-552-doj:u0064:s00	12	the	the	DET	DT	Definite=Def|PronType=Art	13	det	43	46
usc5-552-doj:u0064:s00	13	head	head	NOUN	NN	Number=Sing	10	obl	47	51
usc5-552-doj:u0064:s00	14	of	of	ADP	IN	_	16	case	52	54
usc5-552-doj:u0064:s00	15	the	the	DET	DT	Definite=Def|PronType=Art	16	det	55	58
usc5-552-doj:u0064:s00	16	agency	agency	NOUN	NN	Number=Sing	13	nmod	59	65
usc5-552-doj:u0064:s00	17	,	,	PUNCT	,	_	5	punct	65	66
usc5-552-doj:u0064:s00	18	within	within	ADP	IN	_	20	case	67	73
usc5-552-doj:u0064:s00	19	a	a	DET	DT	Definite=Ind|PronType=Art	20	det	74	75
usc5-552-doj:u0064:s00	20	period	period	NOUN	NN	Number=Sing	5	nmod	76	82
usc5-552-doj:u0064:s00	21	determined	determine	VERB	VBN	Tense=Past|VerbForm=Part	20	acl	83	93
usc5-552-doj:u0064:s00	22	by	by	ADP	IN	_	24	case	94	96
usc5-552-doj:u0064:s00	23	the	the	DET	DT	Definite=Def|PronType=Art	24	det	97	100
usc5-552-doj:u0064:s00	24	head	head	NOUN	NN	Number=Sing	21	obl	101	105
usc5-552-doj:u0064:s00	25	of	of	ADP	IN	_	27	case	106	108
usc5-552-doj:u0064:s00	26	the	the	DET	DT	Definite=Def|PronType=Art	27	det	109	112
usc5-552-doj:u0064:s00	27	agency	agency	NOUN	NN	Number=Sing	24	nmod	113	119
usc5-552-doj:u0064:s00	28	that	that	PRON	WDT	PronType=Rel	37	nsubj	120	124
usc5-552-doj:u0064:s00	29	is	be	AUX	VBZ	Mood=Ind|Number=Sing|Person=3|Tense=Pres|VerbForm=Fin	37	cop	125	127
usc5-552-doj:u0064:s00	30	not	not	PART	RB	_	37	advmod	128	131
usc5-552-doj:u0064:s00	31	less	less	ADJ	JJR	Degree=Cmp	33	advmod	132	136
usc5-552-doj:u0064:s00	32	than	than	ADP	IN	_	31	fixed	137	141
usc5-552-doj:u0064:s00	33	90	90	NUM	CD	NumType=Card	34	nummod	142	144
usc5-552-doj:u0064:s00	34	days	day	NOUN	NNS	Number=Plur	37	nmod:npmod	145	149
usc5-552-doj:u0064:s00	35	after	after	ADP	IN	_	37	case	150	155
usc5-552-doj:u0064:s00	36	the	the	DET	DT	Definite=Def|PronType=Art	37	det	156	159
usc5-552-doj:u0064:s00	37	date	date	NOUN	NN	Number=Sing	27	acl:relcl	160	164
usc5-552-doj:u0064:s00	38	of	of	ADP	IN	_	41	case	165	167
usc5-552-doj:u0064:s00	39	such	such	ADJ	JJ	Degree=Pos	41	amod	168	172
usc5-552-doj:u0064:s00	40	adverse	adverse	NOUN	NN	Number=Sing	41	compound	173	180
usc5-552-doj:u0064:s00	41	determination	determination	NOUN	NN	Number=Sing	37	nmod	181	194
usc5-552-doj:u0064:s00	42	;	;	PUNCT	,	_	2	punct	194	195
usc5-552-doj:u0064:s00	43	and	and	CCONJ	CC	_	2	cc	196	199
usc5-552-doj:u0065:s00	1	(	(	PUNCT	-LRB-	_	2	punct	0	1
usc5-552-doj:u0065:s00	2	bb	bb	X	LS	_	5	nummod	1	3
usc5-552-doj:u0065:s00	3	)	)	PUNCT	-RRB-	_	2	punct	3	4
usc5-552-doj:u0065:s00	4	the	the	DET	DT	Definite=Def|PronType=Art	5	det	5	8
usc5-552-doj:u0065:s00	5	right	right	NOUN	NN	Number=Sing	0	root	9	14
usc5-552-doj:u0065:s00	6	of	of	ADP	IN	_	8	case	15	17
usc5-552-doj:u0065:s00	7	such	such	ADJ	JJ	Degree=Pos	8	amod	18	22
usc5-552-doj:u0065:s00	8	person	person	NOUN	NN	Number=Sing	5	nmod	23	29
usc5-552-doj:u0065:s00	9	to	to	PART	TO	_	10	mark	30	32
usc5-552-doj:u0065:s00	10	seek	seek	VERB	VB	VerbForm=Inf	8	acl	33	37
usc5-552-doj:u0065:s00	11	dispute	dispute	NOUN	NN	Number=Sing	13	compound	38	45
usc5-552-doj:u0065:s00	12	resolution	resolution	NOUN	NN	Number=Sing	13	compound	46	56
usc5-552-doj:u0065:s00	13	services	service	NOUN	NNS	Number=Plur	10	obj	57	65
usc5-552-doj:u0065:s00	14	from	from	ADP	IN	_	18	case	66	70
usc5-552-doj:u0065:s00	15	the	the	DET	DT	Definite=Def|PronType=Art	18	det	71	74
usc5-552-doj:u0065:s00	16	FOIA	FOIA	PROPN	NNP	Number=Sing	18	compound	75	79
usc5-552-doj:u0065:s00	17	Public	Public	PROPN	NNP	Number=Sing	18	compound	80	86
usc5-552-doj:u0065:s00	18	Liaison	Liaison	PROPN	NNP	Number=Sing	10	obl	87	94
usc5-552-doj:u0065:s00	19	of	of	ADP	IN	_	21	case	95	97
usc5-552-doj:u0065:s00	20	the	the	DET	DT	Definite=Def|PronType=Art	21	det	98	101
usc5-552-doj:u0065:s00	21	agency	agency	NOUN	NN	Number=Sing	18	nmod	102	108
usc5-552-doj:u0065:s00	22	or	or	CCONJ	CC	_	24	cc	109	111
usc5-552-doj:u0065:s00	23	the	the	DET	DT	Definite=Def|PronType=Art	24	det	112	115
usc5-552-doj:u0065:s00	24	Office	Office	NOUN	NN	Number=Sing	21	conj	116	122
usc5-552-doj:u0065:s00	25	of	of	ADP	IN	_	28	case	123	125
usc5-552-doj:u0065:s00	26	Government	government	NOUN	NN	Number=Sing	28	compound	126	136
usc5-552-doj:u0065:s00	27	Information	Information	NOUN	NN	Number=Sing	28	compound	137	148
usc5-552-doj:u0065:s00	28	Services	service	NOUN	NNS	Number=Plur	24	nmod	149	157
usc5-552-doj:u0065:s00	29	;	;	PUNCT	,	_	5	punct	157	158
usc5-552-doj:u0065:s00	30	and	and	CCONJ	CC	_	5	cc	159	162
usc5-552-doj:u0066:s00	1	(	(	PUNCT	-LRB-	_	2	punct	0	1
usc5-552-doj:u0066:s00	2	ii	ii	X	LS	_	4	nummod	1	3
usc5-552-doj:u0066:s00	3	)	)	PUNCT	-RRB-	_	2	punct	3	4
usc5-552-doj:u0066:s00	4	make	make	VERB	VB	VerbForm=Inf	0	root	5	9
usc5-552-doj:u0066:s00	5	a	a	DET	DT	Definite=Ind|PronType=Art	6	det	10	11
usc5-552-doj:u0066:s00	6	determination	determination	NOUN	NN	Number=Sing	4	obj	12	25
usc5-552-doj:u0066:s00	7	with	with	ADP	IN	_	8	case	26	30
usc5-552-doj:u0066:s00	8	respect	respect	NOUN	NN	Number=Sing	4	obl	31	38
usc5-552-doj:u0066:s00	9	to	to	ADP	IN	_	11	case	39	41
usc5-552-doj:u0066:s00	10	any	any	DET	DT	_	11	det	42	45
usc5-552-doj:u0066:s00	11	appeal	appeal	NOUN	NN	Number=Sing	8	nmod	46	52
usc5-552-doj:u0066:s00	12	within	within	ADP	IN	_	14	case	53	59
usc5-552-doj:u0066:s00	13	twenty	twenty	NUM	CD	NumType=Card	14	nummod	60	66
usc5-552-doj:u0066:s00	14	days	day	NOUN	NNS	Number=Plur	4	obl	67	71
usc5-552-doj:u0066:s00	15	(	(	PUNCT	-LRB-	_	16	punct	72	73
usc5-552-doj:u0066:s00	16	excepting	except	VERB	VBG	VerbForm=Ger	4	advcl	73	82
usc5-552-doj:u0066:s00	17	Saturdays	Saturdays	PROPN	NNP	Number=Sing	16	obj	83	92
usc5-552-doj:u0066:s00	18	,	,	PUNCT	,	_	19	punct	92	93
usc5-552-doj:u0066:s00	19	Sundays	Sunday	PROPN	NNP	Number=Sing	17	conj	94	101
usc5-552-doj:u0066:s00	20	,	,	PUNCT	,	_	24	punct	101	102
usc5-552-doj:u0066:s00	21	and	and	CCONJ	CC	_	24	cc	103	106
usc5-552-doj:u0066:s00	22	legal	legal	ADJ	JJ	Degree=Pos	24	amod	107	112
usc5-552-doj:u0066:s00	23	public	public	ADJ	JJ	Degree=Pos	24	amod	113	119
usc5-552-doj:u0066:s00	24	holidays	holiday	NOUN	NNS	Number=Plur	17	conj	120	128
usc5-552-doj:u0066:s00	25	)	)	PUNCT	-RRB-	_	24	punct	128	129
usc5-552-doj:u0066:s00	26	after	after	ADP	IN	_	28	case	130	135
usc5-552-doj:u0066:s00	27	the	the	DET	DT	Definite=Def|PronType=Art	28	det	136	139
usc5-552-doj:u0066:s00	28	receipt	receipt	NOUN	NN	Number=Sing	16	obl	140	147
usc5-552-doj:u0066:s00	29	of	of	ADP	IN	_	31	case	148	150
usc5-552-doj:u0066:s00	30	such	such	ADJ	JJ	Degree=Pos	31	amod	151	155
usc5-552-doj:u0066:s00	31	appeal	appeal	NOUN	NN	Number=Sing	28	nmod	156	162
usc5-552-doj:u0066:s00	32	.	.	PUNCT	.	_	4	punct	162	163
usc5-552-doj:u0066:s01	1	If	if	SCONJ	IN	_	3	mark	0	2
usc5-552-doj:u0066:s01	2	on	on	ADV	RB	_	3	advmod	3	5
usc5-552-doj:u0066:s01	3	appeal	appeal	VERB	VB	VerbForm=Inf	22	advcl	6	12
usc5-552-doj:u0066:s01	4	the	the	DET	DT	Definite=Def|PronType=Art	5	det	13	16
usc5-552-doj:u0066:s01	5	denial	denial	NOUN	NN	Number=Sing	13	nsubj	17	23
usc5-552-doj:u0066:s01	6	of	of	ADP	IN	_	8	case	24	26
usc5-552-doj:u0066:s01	7	the	the	DET	DT	Definite=Def|PronType=Art	8	det	27	30
usc5-552-doj:u0066:s01	8	request	request	NOUN	NN	Number=Sing	5	nmod	31	38
usc5-552-doj:u0066:s01	9	for	for	ADP	IN	_	10	case	39	42
usc5-552-doj:u0066:s01	10	records	record	NOUN	NNS	Number=Plur	8	nmod	43	50
usc5-552-doj:u0066:s01	11	is	be	AUX	VBZ	Mood=Ind|Number=Sing|Person=3|Tense=Pres|VerbForm=Fin	13	cop	51	53
usc5-552-doj:u0066:s01	12	in	in	ADP	IN	_	13	case	54	56
usc5-552-doj:u0066:s01	13	whole	whole	ADJ	JJ	Degree=Pos	3	ccomp	57	62
usc5-552-doj:u0066:s01	14	or	or	CCONJ	CC	_	17	cc	63	65
usc5-552-doj:u0066:s01	15	in	in	ADP	IN	_	17	case	66	68
usc5-552-doj:u0066:s01	16	part	part	ADJ	JJ	Degree=Pos	17	amod	69	73
usc5-552-doj:u0066:s01	17	upheld	upheld	NOUN	NN	Number=Sing	13	conj	74	80
usc5-552-doj:u0066:s01	18	,	,	PUNCT	,	_	22	punct	80	81
usc5-552-doj:u0066:s01	19	the	the	DET	DT	Definite=Def|PronType=Art	20	det	82	85
usc5-552-doj:u0066:s01	20	agency	agency	NOUN	NN	Number=Sing	22	nsubj	86	92
usc5-552-doj:u0066:s01	21	shall	shall	AUX	MD	VerbForm=Fin	22	aux	93	98
usc5-552-doj:u0066:s01	22	notify	notify	VERB	VB	VerbForm=Inf	0	root	99	105
usc5-552-doj:u0066:s01	23	the	the	DET	DT	Definite=Def|PronType=Art	24	det	106	109
usc5-552-doj:u0066:s01	24	person	person	NOUN	NN	Number=Sing	22	obj	110	116
usc5-552-doj:u0066:s01	25	making	make	VERB	VBG	VerbForm=Ger	24	acl	117	123
usc5-552-doj:u0066:s01	26	such	such	ADJ	JJ	Degree=Pos	27	amod	124	128
usc5-552-doj:u0066:s01	27	request	request	NOUN	NN	Number=Sing	25	obj	129	136
usc5-552-doj:u0066:s01	28	of	of	ADP	IN	_	30	case	137	139
usc5-552-doj:u0066:s01	29	the	the	DET	DT	Definite=Def|PronType=Art	30	det	140	143
usc5-552-doj:u0066:s01	30	provisions	provision	NOUN	NNS	Number=Plur	27	nmod	144	154
usc5-552-doj:u0066:s01	31	for	for	ADP	IN	_	33	case	155	158
usc5-552-doj:u0066:s01	32	judicial	judicial	ADJ	JJ	Degree=Pos	33	amod	159	167
usc5-552-doj:u0066:s01	33	review	review	NOUN	NN	Number=Sing	30	nmod	168	174
usc5-552-doj:u0066:s01	34	of	of	ADP	IN	_	36	case	175	177
usc5-552-doj:u0066:s01	35	that	that	DET	DT	Number=Sing|PronType=Dem	36	det	178	182
usc5-552-doj:u0066:s01	36	determination	determination	NOUN	NN	Number=Sing	33	nmod	183	196
usc5-552-doj:u0066:s01	37	under	under	ADP	IN	_	38	case	197	202
usc5-552-doj:u0066:s01	38	paragraph	paragraph	NOUN	NN	Number=Sing	25	obl	203	212
usc5-552-doj:u0066:s01	39	(	(	PUNCT	-LRB-	_	40	punct	213	214
usc5-552-doj:u0066:s01	40	4	4	NUM	CD	NumType=Card	22	appos	214	215
usc5-552-doj:u0066:s01	41	)	)	PUNCT	-RRB-	_	40	punct	215	216
usc5-552-doj:u0066:s01	42	of	of	ADP	IN	_	44	case	217	219
usc5-552-doj:u0066:s01	43	this	this	DET	DT	Number=Sing|PronType=Dem	44	det	220	224
usc5-552-doj:u0066:s01	44	subsection	subsection	NOUN	NN	Number=Sing	22	obl	225	235
usc5-552-doj:u0066:s01	45	.	.	PUNCT	.	_	22	punct	235	236
usc5-552-doj:u0067:s00	1	The	the	DET	DT	Definite=Def|PronType=Art	5	det	0	3
usc5-552-doj:u0067:s00	2	20	20	NUM	CD	NumType=Card	4	nummod	4	6
usc5-552-doj:u0067:s00	3	-	-	PUNCT	HYPH	_	4	punct	6	7
usc5-552-doj:u0067:s00	4	day	day	NOUN	NN	Number=Sing	5	compound	7	10
usc5-552-doj:u0067:s00	5	period	period	NOUN	NN	Number=Sing	12	nsubj	11	17
usc5-552-doj:u0067:s00	6	under	under	ADP	IN	_	7	case	18	23
usc5-552-doj:u0067:s00	7	clause	clause	NOUN	NN	Number=Sing	5	nmod	24	30
usc5-552-doj:u0067:s00	8	(	(	PUNCT	-LRB-	_	7	punct	31	32
usc5-552-doj:u0067:s00	9	i	i	PRON	PRP	Case=Nom|Number=Sing|Person=1|PronType=Prs	7	nsubj	32	33
usc5-552-doj:u0067:s00	10	)	)	PUNCT	-RRB-	_	7	punct	33	34
usc5-552-doj:u0067:s00	11	shall	shall	AUX	MD	VerbForm=Fin	12	aux	35	40
usc5-552-doj:u0067:s00	12	commence	commence	VERB	VB	VerbForm=Inf	0	root	41	49
usc5-552-doj:u0067:s00	13	on	on	ADP	IN	_	15	case	50	52
usc5-552-doj:u0067:s00	14	the	the	DET	DT	Definite=Def|PronType=Art	15	det	53	56
usc5-552-doj:u0067:s00	15	date	date	NOUN	NN	Number=Sing	12	obl	57	61
usc5-552-doj:u0067:s00	16	on	on	ADP	IN	_	17	case	62	64
usc5-552-doj:u0067:s00	17	which	which	PRON	WDT	PronType=Rel	22	obl	65	70
usc5-552-doj:u0067:s00	18	the	the	DET	DT	Definite=Def|PronType=Art	19	det	71	74
usc5-552-doj:u0067:s00	19	request	request	NOUN	NN	Number=Sing	22	nsubj:pass	75	82
usc5-552-doj:u0067:s00	20	is	be	AUX	VBZ	Mood=Ind|Number=Sing|Person=3|Tense=Pres|VerbForm=Fin	22	aux:pass	83	85
usc5-552-doj:u0067:s00	21	first	first	ADV	RB	_	22	advmod	86	91
usc5-552-doj:u0067:s00	22	received	receive	VERB	VBN	Tense=Past|VerbForm=Part|Voice=Pass	15	acl:relcl	92	100
usc5-552-doj:u0067:s00	23	by	by	ADP	IN	_	26	case	101	103
usc5-552-doj:u0067:s00	24	the	the	DET	DT	Definite=Def|PronType=Art	26	det	104	107
usc5-552-doj:u0067:s00	25	appropriate	appropriate	ADJ	JJ	Degree=Pos	26	amod	108	119
usc5-552-doj:u0067:s00	26	component	component	NOUN	NN	Number=Sing	22	obl	120	129
usc5-552-doj:u0067:s00	27	of	of	ADP	IN	_	29	case	130	132
usc5-552-doj:u0067:s00	28	the	the	DET	DT	Definite=Def|PronType=Art	29	det	133	136
usc5-552-doj:u0067:s00	29	agency	agency	NOUN	NN	Number=Sing	26	nmod	137	143
usc5-552-doj:u0067:s00	30	,	,	PUNCT	,	_	36	punct	143	144
usc5-552-doj:u0067:s00	31	but	but	CCONJ	CC	_	36	cc	145	148
usc5-552-doj:u0067:s00	32	in	in	ADP	IN	_	34	case	149	151
usc5-552-doj:u0067:s00	33	any	any	DET	DT	_	34	det	152	155
usc5-552-doj:u0067:s00	34	event	event	NOUN	NN	Number=Sing	36	obl	156	161
usc5-552-doj:u0067:s00	35	not	not	ADV	RB	_	36	advmod	162	165
usc5-552-doj:u0067:s00	36	later	later	ADV	RBR	Degree=Cmp	45	advmod	166	171
usc5-552-doj:u0067:s00	37	than	than	ADP	IN	_	36	fixed	172	176
usc5-552-doj:u0067:s00	38	ten	ten	NUM	CD	NumType=Card	39	nummod	177	180
usc5-552-doj:u0067:s00	39	days	day	NOUN	NNS	Number=Plur	42	nmod:npmod	181	185
usc5-552-doj:u0067:s00	40	after	after	ADP	IN	_	42	case	186	191
usc5-552-doj:u0067:s00	41	the	the	DET	DT	Definite=Def|PronType=Art	42	det	192	195
usc5-552-doj:u0067:s00	42	request	request	NOUN	NN	Number=Sing	36	obl	196	203
usc5-552-doj:u0067:s00	43	is	be	AUX	VBZ	Mood=Ind|Number=Sing|Person=3|Tense=Pres|VerbForm=Fin	45	aux:pass	204	206
usc5-552-doj:u0067:s00	44	first	first	ADV	RB	_	45	advmod	207	212
usc5-552-doj:u0067:s00	45	received	receive	VERB	VBN	Tense=Past|VerbForm=Part|Voice=Pass	12	conj	213	221
usc5-552-doj:u0067:s00	46	by	by	ADP	IN	_	48	case	222	224
usc5-552-doj:u0067:s00	47	any	any	DET	DT	_	48	det	225	228
usc5-552-doj:u0067:s00	48	component	component	NOUN	NN	Number=Sing	45	obl	229	238
usc5-552-doj:u0067:s00	49	of	of	ADP	IN	_	51	case	239	241
usc5-552-doj:u0067:s00	50	the	the	DET	DT	Definite=Def|PronType=Art	51	det	242	245
usc5-552-doj:u0067:s00	51	agency	agency	NOUN	NN	Number=Sing	48	nmod	246	252
usc5-552-doj:u0067:s00	52	that	that	PRON	WDT	PronType=Rel	54	nsubj:pass	253	257
usc5-552-doj:u0067:s00	53	is	be	AUX	VBZ	Mood=Ind|Number=Sing|Person=3|Tense=Pres|VerbForm=Fin	54	aux:pass	258	260
usc5-552-doj:u0067:s00	54	designated	designate	VERB	VBN	Tense=Past|VerbForm=Part|Voice=Pass	51	acl:relcl	261	271
usc5-552-doj:u0067:s00	55	in	in	ADP	IN	_	59	case	272	274
usc5-552-doj:u0067:s00	56	the	the	DET	DT	Definite=Def|PronType=Art	57	det	275	278
usc5-552-doj:u0067:s00	57	agency	agency	NOUN	NN	Number=Sing	59	nmod:poss	279	285
usc5-552-doj:u0067:s00	58	’s	's	PART	POS	_	57	case	285	287
usc5-552-doj:u0067:s00	59	regulations	regulation	NOUN	NNS	Number=Plur	54	obl	288	299
usc5-552-doj:u0067:s00	60	under	under	ADP	IN	_	62	case	300	305
usc5-552-doj:u0067:s00	61	this	this	DET	DT	Number=Sing|PronType=Dem	62	det	306	310
usc5-552-doj:u0067:s00	62	section	section	NOUN	NN	Number=Sing	54	obl	311	318
usc5-552-doj:u0067:s00	63	to	to	PART	TO	_	64	mark	319	321
usc5-552-doj:u0067:s00	64	receive	receive	VERB	VB	VerbForm=Inf	54	advcl	322	329
usc5-552-doj:u0067:s00	65	requests	request	NOUN	NNS	Number=Plur	64	obj	330	338
usc5-552-doj:u0067:s00	66	under	under	ADP	IN	_	68	case	339	344
usc5-552-doj:u0067:s00	67	this	this	DET	DT	Number=Sing|PronType=Dem	68	det	345	349
usc5-552-doj:u0067:s00	68	section	section	NOUN	NN	Number=Sing	65	nmod	350	357
usc5-552-doj:u0067:s00	69	.	.	PUNCT	.	_	12	punct	357	358
usc5-552-doj:u0067:s01	1	The	the	DET	DT	Definite=Def|PronType=Art	5	det	0	3
usc5-552-doj:u0067:s01	2	20	20	NUM	CD	NumType=Card	4	nummod	4	6
usc5-552-doj:u0067:s01	3	-	-	PUNCT	HYPH	_	4	punct	6	7
usc5-552-doj:u0067:s01	4	day	day	NOUN	NN	Number=Sing	5	compound	7	10
usc5-552-doj:u0067:s01	5	period	period	NOUN	NN	Number=Sing	9	nsubj:pass	11	17
usc5-552-doj:u0067:s01	6	shall	shall	AUX	MD	VerbForm=Fin	9	aux	18	23
usc5-552-doj:u0067:s01	7	not	not	PART	RB	_	9	advmod	24	27
usc5-552-doj:u0067:s01	8	be	be	AUX	VB	VerbForm=Inf	9	aux:pass	28	30
usc5-552-doj:u0067:s01	9	tolled	toll	VERB	VBN	Tense=Past|VerbForm=Part|Voice=Pass	0	root	31	37
usc5-552-doj:u0067:s01	10	by	by	ADP	IN	_	12	case	38	40
usc5-552-doj:u0067:s01	11	the	the	DET	DT	Definite=Def|PronType=Art	12	det	41	44
usc5-552-doj:u0067:s01	12	agency	agency	NOUN	NN	Number=Sing	9	obl	45	51
usc5-552-doj:u0067:s01	13	except	except	ADP	IN	_	12	case	52	58
usc5-552-doj:u0067:s01	14	—	-	PUNCT	.	_	9	punct	58	59
usc5-552-doj:u0068:s00	1	(	(	PUNCT	-LRB-	_	2	punct	0	1
usc5-552-doj:u0068:s00	2	I	I	PRON	PRP	Case=Nom|Number=Sing|Person=1|PronType=Prs	0	root	1	2
usc5-552-doj:u0068:s00	3	)	)	PUNCT	-RRB-	_	2	punct	2	3
usc5-552-doj:u0068:s00	4	that	that	SCONJ	IN	_	8	mark	4	8
usc5-552-doj:u0068:s00	5	the	the	DET	DT	Definite=Def|PronType=Art	6	det	9	12
usc5-552-doj:u0068:s00	6	agency	agency	NOUN	NN	Number=Sing	8	nsubj	13	19
usc5-552-doj:u0068:s00	7	may	may	AUX	MD	VerbForm=Fin	8	aux	20	23
usc5-552-doj:u0068:s00	8	make	make	VERB	VB	VerbForm=Inf	2	parataxis	24	28
usc5-552-doj:u0068:s00	9	one	one	NUM	CD	NumType=Card	10	nummod	29	32
usc5-552-doj:u0068:s00	10	request	request	NOUN	NN	Number=Sing	8	obj	33	40
usc5-552-doj:u0068:s00	11	to	to	ADP	IN	_	13	case	41	43
usc5-552-doj:u0068:s00	12	the	the	DET	DT	Definite=Def|PronType=Art	13	det	44	47
usc5-552-doj:u0068:s00	13	requester	requester	NOUN	NN	Number=Sing	10	nmod	48	57
usc5-552-doj:u0068:s00	14	for	for	ADP	IN	_	15	case	58	61
usc5-552-doj:u0068:s00	15	information	information	NOUN	NN	Number=Sing	13	nmod	62	73
usc5-552-doj:u0068:s00	16	and	and	CCONJ	CC	_	17	cc	74	77
usc5-552-doj:u0068:s00	17	toll	toll	VERB	VB	VerbForm=Inf	8	conj	78	82
usc5-552-doj:u0068:s00	18	the	the	DET	DT	Definite=Def|PronType=Art	22	det	83	86
usc5-552-doj:u0068:s00	19	20	20	NUM	CD	NumType=Card	21	nummod	87	89
usc5-552-doj:u0068:s00	20	-	-	PUNCT	HYPH	_	21	punct	89	90
usc5-552-doj:u0068:s00	21	day	day	NOUN	NN	Number=Sing	22	compound	90	93
usc5-552-doj:u0068:s00	22	period	period	NOUN	NN	Number=Sing	17	obj	94	100
usc5-552-doj:u0068:s00	23	while	while	SCONJ	IN	_	26	mark	101	106
usc5-552-doj:u0068:s00	24	it	it	PRON	PRP	Case=Nom|Gender=Neut|Number=Sing|Person=3|PronType=Prs	26	nsubj	107	109
usc5-552-doj:u0068:s00	25	is	be	AUX	VBZ	Mood=Ind|Number=Sing|Person=3|Tense=Pres|VerbForm=Fin	26	cop	110	112
usc5-552-doj:u0068:s00	26	awaiting	await	VERB	VBG	VerbForm=Ger	17	advcl	113	121
usc5-552-doj:u0068:s00	27	such	such	ADJ	JJ	Degree=Pos	28	amod	122	126
usc5-552-doj:u0068:s00	28	information	information	NOUN	NN	Number=Sing	26	obj	127	138
usc5-552-doj:u0068:s00	29	that	that	SCONJ	IN	_	33	mark	139	143
usc5-552-doj:u0068:s00	30	it	it	PRON	PRP	Case=Nom|Gender=Neut|Number=Sing|Person=3|PronType=Prs	33	nsubj	144	146
usc5-552-doj:u0068:s00	31	has	have	AUX	VBZ	Mood=Ind|Number=Sing|Person=3|Tense=Pres|VerbForm=Fin	33	aux	147	150
usc5-552-doj:u0068:s00	32	reasonably	reasonably	ADV	RB	_	33	advmod	151	161
usc5-552-doj:u0068:s00	33	requested	request	VERB	VBN	Tense=Past|VerbForm=Part	28	acl	162	171
usc5-552-doj:u0068:s00	34	from	from	ADP	IN	_	36	case	172	176
usc5-552-doj:u0068:s00	35	the	the	DET	DT	Definite=Def|PronType=Art	36	det	177	180
usc5-552-doj:u0068:s00	36	requester	requester	NOUN	NN	Number=Sing	33	obl	181	190
usc5-552-doj:u0068:s00	37	under	under	ADP	IN	_	39	case	191	196
usc5-552-doj:u0068:s00	38	this	this	DET	DT	Number=Sing|PronType=Dem	39	det	197	201
usc5-552-doj:u0068:s00	39	section	section	NOUN	NN	Number=Sing	33	obl	202	209
usc5-552-doj:u0068:s00	40	;	;	PUNCT	,	_	26	punct	209	210
usc5-552-doj:u0068:s00	41	or	or	CCONJ	CC	_	26	cc	211	213
usc5-552-doj:u0069:s00	1	(	(	PUNCT	-LRB-	_	2	punct	0	1
usc5-552-doj:u0069:s00	2	II	ii	X	LS	_	5	nummod	1	3
usc5-552-doj:u0069:s00	3	)	)	PUNCT	-RRB-	_	2	punct	3	4
usc5-552-doj:u0069:s00	4	if	if	SCONJ	IN	_	5	mark	5	7
usc5-552-doj:u0069:s00	5	necessary	necessary	ADJ	JJ	Degree=Pos	0	root	8	17
usc5-552-doj:u0069:s00	6	to	to	PART	TO	_	7	mark	18	20
usc5-552-doj:u0069:s00	7	clarify	clarify	VERB	VB	VerbForm=Inf	5	advcl	21	28
usc5-552-doj:u0069:s00	8	with	with	ADP	IN	_	11	case	29	33
usc5-552-doj:u0069:s00	9	the	the	DET	DT	Definite=Def|PronType=Art	11	det	34	37
usc5-552-doj:u0069:s00	10	requester	requester	NOUN	NN	Number=Sing	11	compound	38	47
usc5-552-doj:u0069:s00	11	issues	issue	NOUN	NNS	Number=Plur	7	obl	48	54
usc5-552-doj:u0069:s00	12	regarding	regard	VERB	VBG	VerbForm=Ger	14	case	55	64
usc5-552-doj:u0069:s00	13	fee	fee	NOUN	NN	Number=Sing	14	compound	65	68
usc5-552-doj:u0069:s00	14	assessment	assessament	NOUN	NN	Number=Sing	11	nmod	69	79
usc5-552-doj:u0069:s00	15	.	.	PUNCT	.	_	5	punct	79	80
usc5-552-doj:u0069:s01	1	In	in	ADP	IN	_	3	case	0	2
usc5-552-doj:u0069:s01	2	either	either	DET	DT	_	3	det	3	9
usc5-552-doj:u0069:s01	3	case	case	NOUN	NN	Number=Sing	23	obl	10	14
usc5-552-doj:u0069:s01	4	,	,	PUNCT	,	_	23	punct	14	15
usc5-552-doj:u0069:s01	5	the	the	DET	DT	Definite=Def|PronType=Art	6	det	16	19
usc5-552-doj:u0069:s01	6	agency	agency	NOUN	NN	Number=Sing	8	nmod:poss	20	26
usc5-552-doj:u0069:s01	7	’s	's	PART	POS	_	6	case	26	28
usc5-552-doj:u0069:s01	8	receipt	receipt	NOUN	NN	Number=Sing	23	nsubj	29	36
usc5-552-doj:u0069:s01	9	of	of	ADP	IN	_	13	case	37	39
usc5-552-doj:u0069:s01	10	the	the	DET	DT	Definite=Def|PronType=Art	11	det	40	43
usc5-552-doj:u0069:s01	11	requester	requester	NOUN	NN	Number=Sing	13	nmod:poss	44	53
usc5-552-doj:u0069:s01	12	’s	's	PART	POS	_	11	case	53	55
usc5-552-doj:u0069:s01	13	response	response	NOUN	NN	Number=Sing	8	nmod	56	64
usc5-552-doj:u0069:s01	14	to	to	ADP	IN	_	18	case	65	67
usc5-552-doj:u0069:s01	15	the	the	DET	DT	Definite=Def|PronType=Art	16	det	68	71
usc5-552-doj:u0069:s01	16	agency	agency	NOUN	NN	Number=Sing	18	nmod:poss	72	78
usc5-552-doj:u0069:s01	17	’s	's	PART	POS	_	16	case	78	80
usc5-552-doj:u0069:s01	18	request	request	NOUN	NN	Number=Sing	13	nmod	81	88
usc5-552-doj:u0069:s01	19	for	for	ADP	IN	_	20	case	89	92
usc5-552-doj:u0069:s01	20	information	information	NOUN	NN	Number=Sing	18	nmod	93	104
usc5-552-doj:u0069:s01	21	or	or	CCONJ	CC	_	22	cc	105	107
usc5-552-doj:u0069:s01	22	clarification	clarification	NOUN	NN	Number=Sing	20	conj	108	121
usc5-552-doj:u0069:s01	23	ends	end	VERB	VBZ	Mood=Ind|Number=Sing|Person=3|Tense=Pres|VerbForm=Fin	0	root	122	126
usc5-552-doj:u0069:s01	24	the	the	DET	DT	Definite=Def|PronType=Art	26	det	127	130
usc5-552-doj:u0069:s01	25	tolling	tolling	NOUN	NN	Number=Sing	26	compound	131	138
usc5-552-doj:u0069:s01	26	period	period	NOUN	NN	Number=Sing	23	obj	139	145
usc5-552-doj:u0069:s01	27	.	.	PUNCT	.	_	23	punct	145	146
usc5-552-doj:u0070:s00	1	(	(	PUNCT	-LRB-	_	2	punct	0	1
usc5-552-doj:u0070:s00	2	B	b	X	LS	_	0	root	1	2
usc5-552-doj:u0070:s00	3	)	)	PUNCT	-RRB-	_	2	punct	2	3
usc5-552-doj:u0070:s00	4	(	(	PUNCT	-LRB-	_	2	punct	3	4
usc5-552-doj:u0070:s00	5	i	i	PRON	PRP	Case=Nom|Number=Sing|Person=1|PronType=Prs	2	nsubj	4	5
usc5-552-doj:u0070:s00	6	)	)	PUNCT	-RRB-	_	2	punct	5	6
usc5-552-doj:u0070:s01	1	In	in	ADP	IN	_	3	case	0	2
usc5-552-doj:u0070:s01	2	unusual	unusual	ADJ	JJ	Degree=Pos	3	amod	3	10
usc5-552-doj:u0070:s01	3	circumstances	circumstance	NOUN	NNS	Number=Plur	32	obl	11	24
usc5-552-doj:u0070:s01	4	as	as	SCONJ	IN	_	5	mark	25	27
usc5-552-doj:u0070:s01	5	specified	specify	VERB	VBN	Tense=Past|VerbForm=Part	32	advcl	28	37
usc5-552-doj:u0070:s01	6	in	in	ADP	IN	_	8	case	38	40
usc5-552-doj:u0070:s01	7	this	this	DET	DT	Number=Sing|PronType=Dem	8	det	41	45
usc5-552-doj:u0070:s01	8	subparagraph	subparagraph	NOUN	NN	Number=Sing	5	obl	46	58
usc5-552-doj:u0070:s01	9	,	,	PUNCT	,	_	32	punct	58	59
usc5-552-doj:u0070:s01	10	the	the	DET	DT	Definite=Def|PronType=Art	12	det	60	63
usc5-552-doj:u0070:s01	11	time	time	NOUN	NN	Number=Sing	12	compound	64	68
usc5-552-doj:u0070:s01	12	limits	limit	NOUN	NNS	Number=Plur	32	nsubj:pass	69	75
usc5-552-doj:u0070:s01	13	prescribed	prescribe	VERB	VBN	Tense=Past|VerbForm=Part	12	acl	76	86
usc5-552-doj:u0070:s01	14	in	in	ADP	IN	_	16	case	87	89
usc5-552-doj:u0070:s01	15	either	either	DET	DT	_	16	det	90	96
usc5-552-doj:u0070:s01	16	clause	clause	NOUN	NN	Number=Sing	13	obl	97	103
usc5-552-doj:u0070:s01	17	(	(	PUNCT	-LRB-	_	18	punct	104	105
usc5-552-doj:u0070:s01	18	i	I	PRON	PRP	Case=Nom|Number=Sing|Person=1|PronType=Prs	12	appos	105	106
usc5-552-doj:u0070:s01	19	)	)	PUNCT	-RRB-	_	18	punct	106	107
usc5-552-doj:u0070:s01	20	or	or	CCONJ	CC	_	21	cc	108	110
usc5-552-doj:u0070:s01	21	clause	clause	NOUN	NN	Number=Sing	18	conj	111	117
usc5-552-doj:u0070:s01	22	(	(	PUNCT	-LRB-	_	23	punct	118	119
usc5-552-doj:u0070:s01	23	ii	ii	X	LS	_	21	appos	119	121
usc5-552-doj:u0070:s01	24	)	)	PUNCT	-RRB-	_	23	punct	121	122
usc5-552-doj:u0070:s01	25	of	of	ADP	IN	_	26	case	123	125
usc5-552-doj:u0070:s01	26	subparagraph	subparagraph	NOUN	NN	Number=Sing	21	nmod	126	138
usc5-552-doj:u0070:s01	27	(	(	PUNCT	-LRB-	_	28	punct	139	140
usc5-552-doj:u0070:s01	28	A	a	NOUN	NN	Number=Sing	26	appos	140	141
usc5-552-doj:u0070:s01	29	)	)	PUNCT	-RRB-	_	28	punct	141	142
usc5-552-doj:u0070:s01	30	may	may	AUX	MD	VerbForm=Fin	32	aux	143	146
usc5-552-doj:u0070:s01	31	be	be	AUX	VB	VerbForm=Inf	32	aux:pass	147	149
usc5-552-doj:u0070:s01	32	extended	extend	VERB	VBN	Tense=Past|VerbForm=Part|Voice=Pass	0	root	150	158
usc5-552-doj:u0070:s01	33	by	by	ADP	IN	_	35	case	159	161
usc5-552-doj:u0070:s01	34	written	write	VERB	VBN	Tense=Past|VerbForm=Part	35	amod	162	169
usc5-552-doj:u0070:s01	35	notice	notice	NOUN	NN	Number=Sing	32	obl	170	176
usc5-552-doj:u0070:s01	36	to	to	ADP	IN	_	38	case	177	179
usc5-552-doj:u0070:s01	37	the	the	DET	DT	Definite=Def|PronType=Art	38	det	180	183
usc5-552-doj:u0070:s01	38	person	person	NOUN	NN	Number=Sing	35	nmod	184	190
usc5-552-doj:u0070:s01	39	making	make	VERB	VBG	VerbForm=Ger	38	acl	191	197
usc5-552-doj:u0070:s01	40	such	such	ADJ	JJ	Degree=Pos	41	amod	198	202
usc5-552-doj:u0070:s01	41	request	request	NOUN	NN	Number=Sing	39	obj	203	210
usc5-552-doj:u0070:s01	42	setting	set	VERB	VBG	VerbForm=Ger	41	acl	211	218
usc5-552-doj:u0070:s01	43	forth	forth	ADV	RB	_	42	advmod	219	224
usc5-552-doj:u0070:s01	44	the	the	DET	DT	Definite=Def|PronType=Art	46	det	225	228
usc5-552-doj:u0070:s01	45	unusual	unusual	ADJ	JJ	Degree=Pos	46	amod	229	236
usc5-552-doj:u0070:s01	46	circumstances	circumstance	NOUN	NNS	Number=Plur	42	obj	237	250
usc5-552-doj:u0070:s01	47	for	for	ADP	IN	_	49	case	251	254
usc5-552-doj:u0070:s01	48	such	such	ADJ	JJ	Degree=Pos	49	amod	255	259
usc5-552-doj:u0070:s01	49	extension	extension	NOUN	NN	Number=Sing	46	nmod	260	269
usc5-552-doj:u0070:s01	50	and	and	CCONJ	CC	_	52	cc	270	273
usc5-552-doj:u0070:s01	51	the	the	DET	DT	Definite=Def|PronType=Art	52	det	274	277
usc5-552-doj:u0070:s01	52	date	date	NOUN	NN	Number=Sing	49	conj	278	282
usc5-552-doj:u0070:s01	53	on	on	ADP	IN	_	54	case	283	285
usc5-552-doj:u0070:s01	54	which	which	PRON	WDT	PronType=Rel	58	obl	286	291
usc5-552-doj:u0070:s01	55	a	a	DET	DT	Definite=Ind|PronType=Art	56	det	292	293
usc5-552-doj:u0070:s01	56	determination	determination	NOUN	NN	Number=Sing	58	nsubj:pass	294	307
usc5-552-doj:u0070:s01	57	is	be	AUX	VBZ	Mood=Ind|Number=Sing|Person=3|Tense=Pres|VerbForm=Fin	58	aux:pass	308	310
usc5-552-doj:u0070:s01	58	expected	expect	VERB	VBN	Tense=Past|VerbForm=Part|Voice=Pass	52	acl:relcl	311	319
usc5-552-doj:u0070:s01	59	to	to	PART	TO	_	61	mark	320	322
usc5-552-doj:u0070:s01	60	be	be	AUX	VB	VerbForm=Inf	61	aux:pass	323	325
usc5-552-doj:u0070:s01	61	dispatched	dispatch	VERB	VBN	Tense=Past|VerbForm=Part|Voice=Pass	58	xcomp	326	336
usc5-552-doj:u0070:s01	62	.	.	PUNCT	.	_	32	punct	336	337
usc5-552-doj:u0070:s02	1	No	no	DET	DT	_	3	det	0	2
usc5-552-doj:u0070:s02	2	such	such	ADJ	JJ	Degree=Pos	3	amod	3	7
usc5-552-doj:u0070:s02	3	notice	notice	NOUN	NN	Number=Sing	5	nsubj	8	14
usc5-552-doj:u0070:s02	4	shall	shall	AUX	MD	VerbForm=Fin	5	aux	15	20
usc5-552-doj:u0070:s02	5	specify	specify	VERB	VB	VerbForm=Inf	0	root	21	28
usc5-552-doj:u0070:s02	6	a	a	DET	DT	Definite=Ind|PronType=Art	7	det	29	30
usc5-552-doj:u0070:s02	7	date	date	NOUN	NN	Number=Sing	5	obj	31	35
usc5-552-doj:u0070:s02	8	that	that	PRON	WDT	PronType=Rel	10	nsubj	36	40
usc5-552-doj:u0070:s02	9	would	would	AUX	MD	VerbForm=Fin	10	aux	41	46
usc5-552-doj:u0070:s02	10	result	result	VERB	VB	VerbForm=Inf	7	acl:relcl	47	53
usc5-552-doj:u0070:s02	11	in	in	ADP	IN	_	13	case	54	56
usc5-552-doj:u0070:s02	12	an	a	DET	DT	Definite=Ind|PronType=Art	13	det	57	59
usc5-552-doj:u0070:s02	13	extension	extension	NOUN	NN	Number=Sing	19	nmod	60	69
usc5-552-doj:u0070:s02	14	for	for	ADP	IN	_	19	case	70	73
usc5-552-doj:u0070:s02	15	more	more	ADJ	JJR	Degree=Cmp	17	advmod	74	78
usc5-552-doj:u0070:s02	16	than	than	ADP	IN	_	15	fixed	79	83
usc5-552-doj:u0070:s02	17	ten	ten	NUM	CD	NumType=Card	19	nummod	84	87
usc5-552-doj:u0070:s02	18	working	work	VERB	VBG	VerbForm=Ger	19	amod	88	95
usc5-552-doj:u0070:s02	19	days	day	NOUN	NNS	Number=Plur	10	obl	96	100
usc5-552-doj:u0070:s02	20	,	,	PUNCT	,	_	19	punct	100	101
usc5-552-doj:u0070:s02	21	except	except	ADP	IN	_	23	mark	102	108
usc5-552-doj:u0070:s02	22	as	as	SCONJ	IN	_	23	mark	109	111
usc5-552-doj:u0070:s02	23	provided	provide	VERB	VBN	Tense=Past|VerbForm=Part	19	advcl	112	120
usc5-552-doj:u0070:s02	24	in	in	ADP	IN	_	25	case	121	123
usc5-552-doj:u0070:s02	25	clause	clause	NOUN	NN	Number=Sing	23	obl	124	130
usc5-552-doj:u0070:s02	26	(	(	PUNCT	-LRB-	_	19	punct	131	132
usc5-552-doj:u0070:s02	27	ii	ii	X	LS	_	19	parataxis	132	134
usc5-552-doj:u0070:s02	28	)	)	PUNCT	-RRB-	_	19	punct	134	135
usc5-552-doj:u0070:s02	29	of	of	ADP	IN	_	31	case	136	138
usc5-552-doj:u0070:s02	30	this	this	DET	DT	Number=Sing|PronType=Dem	31	det	139	143
usc5-552-doj:u0070:s02	31	subparagraph	subparagraph	NOUN	NN	Number=Sing	19	nmod	144	156
usc5-552-doj:u0070:s02	32	.	.	PUNCT	.	_	5	punct	156	157
usc5-552-doj:u0071:s00	1	(	(	PUNCT	-LRB-	_	2	punct	0	1
usc5-552-doj:u0071:s00	2	ii	ii	X	LS	_	38	nummod	1	3
usc5-552-doj:u0071:s00	3	)	)	PUNCT	-RRB-	_	2	punct	3	4
usc5-552-doj:u0071:s00	4	With	with	ADP	IN	_	5	case	5	9
usc5-552-doj:u0071:s00	5	respect	respect	NOUN	NN	Number=Sing	38	obl	10	17
usc5-552-doj:u0071:s00	6	to	to	ADP	IN	_	8	case	18	20
usc5-552-doj:u0071:s00	7	a	a	DET	DT	Definite=Ind|PronType=Art	8	det	21	22
usc5-552-doj:u0071:s00	8	request	request	NOUN	NN	Number=Sing	5	nmod	23	30
usc5-552-doj:u0071:s00	9	for	for	ADP	IN	_	10	case	31	34
usc5-552-doj:u0071:s00	10	which	which	PRON	WDT	PronType=Rel	19	obl	35	40
usc5-552-doj:u0071:s00	11	a	a	DET	DT	Definite=Ind|PronType=Art	13	det	41	42
usc5-552-doj:u0071:s00	12	written	write	VERB	VBN	Tense=Past|VerbForm=Part	13	amod	43	50
usc5-552-doj:u0071:s00	13	notice	notice	NOUN	NN	Number=Sing	19	nsubj	51	57
usc5-552-doj:u0071:s00	14	under	under	ADP	IN	_	15	case	58	63
usc5-552-doj:u0071:s00	15	clause	clause	NOUN	NN	Number=Sing	13	nmod	64	70
usc5-552-doj:u0071:s00	16	(	(	PUNCT	-LRB-	_	15	punct	71	72
usc5-552-doj:u0071:s00	17	i	I	PRON	PRP	Case=Nom|Number=Sing|Person=1|PronType=Prs	15	nsubj	72	73
usc5-552-doj:u0071:s00	18	)	)	PUNCT	-RRB-	_	15	punct	73	74
usc5-552-doj:u0071:s00	19	extends	extend	VERB	VBZ	Mood=Ind|Number=Sing|Person=3|Tense=Pres|VerbForm=Fin	8	acl:relcl	75	82
usc5-552-doj:u0071:s00	20	the	the	DET	DT	Definite=Def|PronType=Art	22	det	83	86
usc5-552-doj:u0071:s00	21	time	time	NOUN	NN	Number=Sing	22	compound	87	91
usc5-552-doj:u0071:s00	22	limits	limit	NOUN	NNS	Number=Plur	19	obj	92	98
usc5-552-doj:u0071:s00	23	prescribed	prescribe	VERB	VBN	Tense=Past|VerbForm=Part	22	acl	99	109
usc5-552-doj:u0071:s00	24	under	under	ADP	IN	_	25	case	110	115
usc5-552-doj:u0071:s00	25	clause	clause	NOUN	NN	Number=Sing	23	obl	116	122
usc5-552-doj:u0071:s00	26	(	(	PUNCT	-LRB-	_	27	punct	123	124
usc5-552-doj:u0071:s00	27	i	I	PRON	PRP	Case=Nom|Number=Sing|Person=1|PronType=Prs	32	nsubj	124	125
usc5-552-doj:u0071:s00	28	)	)	PUNCT	-RRB-	_	27	punct	125	126
usc5-552-doj:u0071:s00	29	of	of	ADP	IN	_	30	case	127	129
usc5-552-doj:u0071:s00	30	subparagraph	subparagraph	NOUN	NN	Number=Sing	27	nmod	130	142
usc5-552-doj:u0071:s00	31	(	(	PUNCT	-LRB-	_	27	punct	143	144
usc5-552-doj:u0071:s00	32	A	a	NOUN	NN	Number=Sing	5	appos	144	145
usc5-552-doj:u0071:s00	33	)	)	PUNCT	-RRB-	_	32	punct	145	146
usc5-552-doj:u0071:s00	34	,	,	PUNCT	,	_	38	punct	146	147
usc5-552-doj:u0071:s00	35	the	the	DET	DT	Definite=Def|PronType=Art	36	det	148	151
usc5-552-doj:u0071:s00	36	agency	agency	NOUN	NN	Number=Sing	38	nsubj	152	158
usc5-552-doj:u0071:s00	37	shall	shall	AUX	MD	VerbForm=Fin	38	aux	159	164
usc5-552-doj:u0071:s00	38	notify	notify	VERB	VB	VerbForm=Inf	0	root	165	171
usc5-552-doj:u0071:s00	39	the	the	DET	DT	Definite=Def|PronType=Art	40	det	172	175
usc5-552-doj:u0071:s00	40	person	person	NOUN	NN	Number=Sing	38	obj	176	182
usc5-552-doj:u0071:s00	41	making	make	VERB	VBG	VerbForm=Ger	40	acl	183	189
usc5-552-doj:u0071:s00	42	the	the	DET	DT	Definite=Def|PronType=Art	43	det	190	193
usc5-552-doj:u0071:s00	43	request	request	NOUN	NN	Number=Sing	41	obj	194	201
usc5-552-doj:u0071:s00	44	if	if	SCONJ	IN	_	50	mark	202	204
usc5-552-doj:u0071:s00	45	the	the	DET	DT	Definite=Def|PronType=Art	46	det	205	208
usc5-552-doj:u0071:s00	46	request	request	NOUN	NN	Number=Sing	50	nsubj:pass	209	216
usc5-552-doj:u0071:s00	47	can	can	AUX	MD	VerbForm=Fin	50	aux	217	220
usc5-552-doj:u0071:s00	48	not	not	PART	RB	_	50	advmod	220	223
usc5-552-doj:u0071:s00	49	be	be	AUX	VB	VerbForm=Inf	50	aux:pass	224	226
usc5-552-doj:u0071:s00	50	processed	process	VERB	VBN	Tense=Past|VerbForm=Part|Voice=Pass	38	advcl	227	236
usc5-552-doj:u0071:s00	51	within	within	ADP	IN	_	54	case	237	243
usc5-552-doj:u0071:s00	52	the	the	DET	DT	Definite=Def|PronType=Art	54	det	244	247
usc5-552-doj:u0071:s00	53	time	time	NOUN	NN	Number=Sing	54	compound	248	252
usc5-552-doj:u0071:s00	54	limit	limit	NOUN	NN	Number=Sing	50	obl	253	258
usc5-552-doj:u0071:s00	55	specified	specify	VERB	VBN	Tense=Past|VerbForm=Part	54	acl	259	268
usc5-552-doj:u0071:s00	56	in	in	ADP	IN	_	58	case	269	271
usc5-552-doj:u0071:s00	57	that	that	DET	DT	Number=Sing|PronType=Dem	58	det	272	276
usc5-552-doj:u0071:s00	58	clause	clause	NOUN	NN	Number=Sing	55	obl	277	283
usc5-552-doj:u0071:s00	59	and	and	CCONJ	CC	_	61	cc	284	287
usc5-552-doj:u0071:s00	60	shall	shall	AUX	MD	VerbForm=Fin	61	aux	288	293
usc5-552-doj:u0071:s00	61	provide	provide	VERB	VB	VerbForm=Inf	50	conj	294	301
usc5-552-doj:u0071:s00	62	the	the	DET	DT	Definite=Def|PronType=Art	63	det	302	305
usc5-552-doj:u0071:s00	63	person	person	NOUN	NN	Number=Sing	61	obj	306	312
usc5-552-doj:u0071:s00	64	an	a	DET	DT	Definite=Ind|PronType=Art	65	det	313	315
usc5-552-doj:u0071:s00	65	opportunity	opportunity	NOUN	NN	Number=Sing	63	obj	316	327
usc5-552-doj:u0071:s00	66	to	to	PART	TO	_	67	mark	328	330
usc5-552-doj:u0071:s00	67	limit	limit	VERB	VB	VerbForm=Inf	65	acl	331	336
usc5-552-doj:u0071:s00	68	the	the	DET	DT	Definite=Def|PronType=Art	69	det	337	340
usc5-552-doj:u0071:s00	69	scope	scope	NOUN	NN	Number=Sing	67	obj	341	346
usc5-552-doj:u0071:s00	70	of	of	ADP	IN	_	72	case	347	349
usc5-552-doj:u0071:s00	71	the	the	DET	DT	Definite=Def|PronType=Art	72	det	350	353
usc5-552-doj:u0071:s00	72	request	request	NOUN	NN	Number=Sing	69	nmod	354	361
usc5-552-doj:u0071:s00	73	so	so	SCONJ	IN	_	78	mark	362	364
usc5-552-doj:u0071:s00	74	that	that	SCONJ	IN	_	73	fixed	365	369
usc5-552-doj:u0071:s00	75	it	it	PRON	PRP	Case=Nom|Gender=Neut|Number=Sing|Person=3|PronType=Prs	78	nsubj:pass	370	372
usc5-552-doj:u0071:s00	76	may	may	AUX	MD	VerbForm=Fin	78	aux	373	376
usc5-552-doj:u0071:s00	77	be	be	AUX	VB	VerbForm=Inf	78	aux:pass	377	379
usc5-552-doj:u0071:s00	78	processed	process	VERB	VBN	Tense=Past|VerbForm=Part|Voice=Pass	67	advcl	380	389
usc5-552-doj:u0071:s00	79	within	within	ADP	IN	_	82	case	390	396
usc5-552-doj:u0071:s00	80	that	that	DET	DT	Number=Sing|PronType=Dem	82	det	397	401
usc5-552-doj:u0071:s00	81	time	time	NOUN	NN	Number=Sing	82	compound	402	406
usc5-552-doj:u0071:s00	82	limit	limit	NOUN	NN	Number=Sing	78	obl	407	412
usc5-552-doj:u0071:s00	83	or	or	CCONJ	CC	_	85	cc	413	415
usc5-552-doj:u0071:s00	84	an	a	DET	DT	Definite=Ind|PronType=Art	85	det	416	418
usc5-552-doj:u0071:s00	85	opportunity	opportunity	NOUN	NN	Number=Sing	82	conj	419	430
usc5-552-doj:u0071:s00	86	to	to	PART	TO	_	87	mark	431	433
usc5-552-doj:u0071:s00	87	arrange	arrange	VERB	VB	VerbForm=Inf	85	acl	434	441
usc5-552-doj:u0071:s00	88	with	with	ADP	IN	_	90	case	442	446
usc5-552-doj:u0071:s00	89	the	the	DET	DT	Definite=Def|PronType=Art	90	det	447	450
usc5-552-doj:u0071:s00	90	agency	agency	NOUN	NN	Number=Sing	87	obl	451	457
usc5-552-doj:u0071:s00	91	an	a	DET	DT	Definite=Ind|PronType=Art	94	det	458	460
usc5-552-doj:u0071:s00	92	alternative	alternative	ADJ	JJ	Degree=Pos	94	amod	461	472
usc5-552-doj:u0071:s00	93	time	time	NOUN	NN	Number=Sing	94	compound	473	477
usc5-552-doj:u0071:s00	94	frame	frame	NOUN	NN	Number=Sing	87	obj	478	483
usc5-552-doj:u0071:s00	95	for	for	SCONJ	IN	_	96	mark	484	487
usc5-552-doj:u0071:s00	96	processing	process	VERB	VBG	VerbForm=Ger	94	acl	488	498
usc5-552-doj:u0071:s00	97	the	the	DET	DT	Definite=Def|PronType=Art	98	det	499	502
usc5-552-doj:u0071:s00	98	request	request	NOUN	NN	Number=Sing	96	obj	503	510
usc5-552-doj:u0071:s00	99	or	or	CCONJ	CC	_	102	cc	511	513
usc5-552-doj:u0071:s00	100	a	a	DET	DT	Definite=Ind|PronType=Art	102	det	514	515
usc5-552-doj:u0071:s00	101	modified	modified	VERB	VBN	Tense=Past|VerbForm=Part	102	amod	516	524
usc5-552-doj:u0071:s00	102	request	request	NOUN	NN	Number=Sing	98	conj	525	532
usc5-552-doj:u0071:s00	103	.	.	PUNCT	.	_	38	punct	532	533
usc5-552-doj:u0071:s01	1	To	to	PART	TO	_	2	mark	0	2
usc5-552-doj:u0071:s01	2	aid	aid	VERB	VB	VerbForm=Inf	9	advcl	3	6
usc5-552-doj:u0071:s01	3	the	the	DET	DT	Definite=Def|PronType=Art	4	det	7	10
usc5-552-doj:u0071:s01	4	requester	requester	NOUN	NN	Number=Sing	2	obj	11	20
usc5-552-doj:u0071:s01	5	,	,	PUNCT	,	_	9	punct	20	21
usc5-552-doj:u0071:s01	6	each	each	DET	DT	_	7	det	22	26
usc5-552-doj:u0071:s01	7	agency	agency	NOUN	NN	Number=Sing	9	nsubj	27	33
usc5-552-doj:u0071:s01	8	shall	shall	AUX	MD	VerbForm=Fin	9	aux	34	39
usc5-552-doj:u0071:s01	9	make	make	VERB	VB	VerbForm=Inf	0	root	40	44
usc5-552-doj:u0071:s01	10	available	available	ADJ	JJ	Degree=Pos	9	xcomp	45	54
usc5-552-doj:u0071:s01	11	its	its	PRON	PRP$	Gender=Neut|Number=Sing|Person=3|Poss=Yes|PronType=Prs	14	nmod:poss	55	58
usc5-552-doj:u0071:s01	12	FOIA	FOIA	PROPN	NNP	Number=Sing	14	compound	59	63
usc5-552-doj:u0071:s01	13	Public	Public	PROPN	NNP	Number=Sing	12	flat	64	70
usc5-552-doj:u0071:s01	14	Liaison	Liaison	PROPN	NNP	Number=Sing	10	obj	71	78
usc5-552-doj:u0071:s01	15	,	,	PUNCT	,	_	14	punct	78	79
usc5-552-doj:u0071:s01	16	who	who	PRON	WP	PronType=Rel	18	nsubj	80	83
usc5-552-doj:u0071:s01	17	shall	shall	AUX	MD	VerbForm=Fin	18	aux	84	89
usc5-552-doj:u0071:s01	18	assist	assist	VERB	VB	VerbForm=Inf	14	acl:relcl	90	96
usc5-552-doj:u0071:s01	19	in	in	ADP	IN	_	21	case	97	99
usc5-552-doj:u0071:s01	20	the	the	DET	DT	Definite=Def|PronType=Art	21	det	100	103
usc5-552-doj:u0071:s01	21	resolution	resolution	NOUN	NN	Number=Sing	18	obl	104	114
usc5-552-doj:u0071:s01	22	of	of	ADP	IN	_	24	case	115	117
usc5-552-doj:u0071:s01	23	any	any	DET	DT	_	24	det	118	121
usc5-552-doj:u0071:s01	24	disputes	dispute	NOUN	NNS	Number=Plur	21	nmod	122	130
usc5-552-doj:u0071:s01	25	between	between	ADP	IN	_	27	case	131	138
usc5-552-doj:u0071:s01	26	the	the	DET	DT	Definite=Def|PronType=Art	27	det	139	142
usc5-552-doj:u0071:s01	27	requester	requester	NOUN	NN	Number=Sing	24	nmod	143	152
usc5-552-doj:u0071:s01	28	and	and	CCONJ	CC	_	30	cc	153	156
usc5-552-doj:u0071:s01	29	the	the	DET	DT	Definite=Def|PronType=Art	30	det	157	160
usc5-552-doj:u0071:s01	30	agency	agency	NOUN	NN	Number=Sing	21	conj	161	167
usc5-552-doj:u0071:s01	31	,	,	PUNCT	,	_	33	punct	167	168
usc5-552-doj:u0071:s01	32	and	and	CCONJ	CC	_	33	cc	169	172
usc5-552-doj:u0071:s01	33	notify	notify	VERB	VB	Mood=Imp|VerbForm=Fin	9	conj	173	179
usc5-552-doj:u0071:s01	34	the	the	DET	DT	Definite=Def|PronType=Art	35	det	180	183
usc5-552-doj:u0071:s01	35	requester	requester	NOUN	NN	Number=Sing	33	obj	184	193
usc5-552-doj:u0071:s01	36	of	of	ADP	IN	_	38	case	194	196
usc5-552-doj:u0071:s01	37	the	the	DET	DT	Definite=Def|PronType=Art	38	det	197	200
usc5-552-doj:u0071:s01	38	right	right	NOUN	NN	Number=Sing	35	nmod	201	206
usc5-552-doj:u0071:s01	39	of	of	ADP	IN	_	41	case	207	209
usc5-552-doj:u0071:s01	40	the	the	DET	DT	Definite=Def|PronType=Art	41	det	210	213
usc5-552-doj:u0071:s01	41	requester	requester	NOUN	NN	Number=Sing	38	nmod	214	223
usc5-552-doj:u0071:s01	42	to	to	PART	TO	_	43	mark	224	226
usc5-552-doj:u0071:s01	43	seek	seek	VERB	VB	VerbForm=Inf	33	advcl	227	231
usc5-552-doj:u0071:s01	44	dispute	dispute	NOUN	NN	Number=Sing	46	compound	232	239
usc5-552-doj:u0071:s01	45	resolution	resolution	NOUN	NN	Number=Sing	46	compound	240	250
usc5-552-doj:u0071:s01	46	services	service	NOUN	NNS	Number=Plur	43	obj	251	259
usc5-552-doj:u0071:s01	47	from	from	ADP	IN	_	49	case	260	264
usc5-552-doj:u0071:s01	48	the	the	DET	DT	Definite=Def|PronType=Art	49	det	265	268
usc5-552-doj:u0071:s01	49	Office	Office	NOUN	NN	Number=Sing	43	obl	269	275
usc5-552-doj:u0071:s01	50	of	of	ADP	IN	_	53	case	276	278
usc5-552-doj:u0071:s01	51	Government	government	NOUN	NN	Number=Sing	53	compound	279	289
usc5-552-doj:u0071:s01	52	Information	Information	NOUN	NN	Number=Sing	53	compound	290	301
usc5-552-doj:u0071:s01	53	Services	service	NOUN	NNS	Number=Plur	49	nmod	302	310
usc5-552-doj:u0071:s01	54	.	.	PUNCT	.	_	9	punct	310	311
usc5-552-doj:u0071:s02	1	Refusal	Refusal	VERB	VB	Mood=Imp|VerbForm=Fin	0	root	0	7
usc5-552-doj:u0071:s02	2	by	by	ADP	IN	_	4	case	8	10
usc5-552-doj:u0071:s02	3	the	the	DET	DT	Definite=Def|PronType=Art	4	det	11	14
usc5-552-doj:u0071:s02	4	person	person	NOUN	NN	Number=Sing	1	obl	15	21
usc5-552-doj:u0071:s02	5	to	to	PART	TO	_	7	mark	22	24
usc5-552-doj:u0071:s02	6	reasonably	reasonably	ADV	RB	_	7	advmod	25	35
usc5-552-doj:u0071:s02	7	modify	modify	VERB	VB	VerbForm=Inf	1	advcl	36	42
usc5-552-doj:u0071:s02	8	the	the	DET	DT	Definite=Def|PronType=Art	9	det	43	46
usc5-552-doj:u0071:s02	9	request	request	NOUN	NN	Number=Sing	7	obj	47	54
usc5-552-doj:u0071:s02	10	or	or	CCONJ	CC	_	11	cc	55	57
usc5-552-doj:u0071:s02	11	arrange	arrange	VERB	VB	VerbForm=Inf	9	conj	58	65
usc5-552-doj:u0071:s02	12	such	such	DET	PDT	_	16	det	66	70
usc5-552-doj:u0071:s02	13	an	a	DET	DT	Definite=Ind|PronType=Art	16	det	71	73
usc5-552-doj:u0071:s02	14	alternative	alternative	ADJ	JJ	Degree=Pos	16	amod	74	85
usc5-552-doj:u0071:s02	15	time	time	NOUN	NN	Number=Sing	16	compound	86	90
usc5-552-doj:u0071:s02	16	frame	frame	NOUN	NN	Number=Sing	19	nsubj:pass	91	96
usc5-552-doj:u0071:s02	17	shall	shall	AUX	MD	VerbForm=Fin	19	aux	97	102
usc5-552-doj:u0071:s02	18	be	be	AUX	VB	VerbForm=Inf	19	aux:pass	103	105
usc5-552-doj:u0071:s02	19	considered	consider	VERB	VBN	Tense=Past|VerbForm=Part|Voice=Pass	9	acl:relcl	106	116
usc5-552-doj:u0071:s02	20	as	as	ADP	IN	_	22	case	117	119
usc5-552-doj:u0071:s02	21	a	a	DET	DT	Definite=Ind|PronType=Art	22	det	120	121
usc5-552-doj:u0071:s02	22	factor	factor	NOUN	NN	Number=Sing	19	obl	122	128
usc5-552-doj:u0071:s02	23	in	in	SCONJ	IN	_	24	mark	129	131
usc5-552-doj:u0071:s02	24	determining	determining	VERB	VBG	VerbForm=Ger	22	acl	132	143
usc5-552-doj:u0071:s02	25	whether	whether	SCONJ	IN	_	28	mark	144	151
usc5-552-doj:u0071:s02	26	exceptional	exceptional	ADJ	JJ	Degree=Pos	27	amod	152	163
usc5-552-doj:u0071:s02	27	circumstances	circumstance	NOUN	NNS	Number=Plur	28	nsubj	164	177
usc5-552-doj:u0071:s02	28	exist	exist	VERB	VBP	Mood=Ind|Tense=Pres|VerbForm=Fin	24	ccomp	178	183
usc5-552-doj:u0071:s02	29	for	for	ADP	IN	_	30	case	184	187
usc5-552-doj:u0071:s02	30	purposes	purpose	NOUN	NNS	Number=Plur	28	obl	188	196
usc5-552-doj:u0071:s02	31	of	of	ADP	IN	_	32	case	197	199
usc5-552-doj:u0071:s02	32	subparagraph	subparagraph	NOUN	NN	Number=Sing	30	nmod	200	212
usc5-552-doj:u0071:s02	33	(	(	PUNCT	-LRB-	_	34	punct	213	214
usc5-552-doj:u0071:s02	34	C	c	PROPN	NNP	Number=Sing	32	appos	214	215
usc5-552-doj:u0071:s02	35	)	)	PUNCT	-RRB-	_	34	punct	215	216
usc5-552-doj:u0071:s02	36	.	.	PUNCT	.	_	1	punct	216	217
usc5-552-doj:u0072:s00	1	(	(	PUNCT	-LRB-	_	2	punct	0	1
usc5-552-doj:u0072:s00	2	iii	iii	X	LS	_	0	root	1	4
usc5-552-doj:u0072:s00	3	)	)	PUNCT	-RRB-	_	2	punct	4	5
usc5-552-doj:u0072:s01	1	As	as	SCONJ	IN	_	2	mark	0	2
usc5-552-doj:u0072:s01	2	used	use	VERB	VBN	Tense=Past|VerbForm=Part	9	advcl	3	7
usc5-552-doj:u0072:s01	3	in	in	ADP	IN	_	5	case	8	10
usc5-552-doj:u0072:s01	4	this	this	DET	DT	Number=Sing|PronType=Dem	5	det	11	15
usc5-552-doj:u0072:s01	5	subparagraph	subparagraph	NOUN	NN	Number=Sing	2	obl	16	28
usc5-552-doj:u0072:s01	6	,	,	PUNCT	,	_	9	punct	28	29
usc5-552-doj:u0072:s01	7	"	"	PUNCT	``	_	9	punct	30	31
usc5-552-doj:u0072:s01	8	unusual	unusual	ADJ	JJ	Degree=Pos	9	amod	31	38
usc5-552-doj:u0072:s01	9	circumstances	circumstance	NOUN	NNS	Number=Plur	0	root	39	52
usc5-552-doj:u0072:s01	10	"	"	PUNCT	''	_	9	punct	52	53
usc5-552-doj:u0072:s01	11	means	mean	NOUN	NNS	Number=Plur	9	appos	54	59
usc5-552-doj:u0072:s01	12	,	,	PUNCT	,	_	17	punct	59	60
usc5-552-doj:u0072:s01	13	but	but	CCONJ	CC	_	17	cc	61	64
usc5-552-doj:u0072:s01	14	only	only	ADV	RB	_	17	advmod	65	69
usc5-552-doj:u0072:s01	15	to	to	ADP	IN	_	17	case	70	72
usc5-552-doj:u0072:s01	16	the	the	DET	DT	Definite=Def|PronType=Art	17	det	73	76
usc5-552-doj:u0072:s01	17	extent	extent	NOUN	NN	Number=Sing	11	conj	77	83
usc5-552-doj:u0072:s01	18	reasonably	reasonably	ADV	RB	_	19	advmod	84	94
usc5-552-doj:u0072:s01	19	necessary	necessary	ADJ	JJ	Degree=Pos	17	amod	95	104
usc5-552-doj:u0072:s01	20	to	to	ADP	IN	_	23	case	105	107
usc5-552-doj:u0072:s01	21	the	the	DET	DT	Definite=Def|PronType=Art	23	det	108	111
usc5-552-doj:u0072:s01	22	proper	proper	ADJ	JJ	Degree=Pos	23	amod	112	118
usc5-552-doj:u0072:s01	23	processing	processing	NOUN	NN	Number=Sing	19	obl	119	129
usc5-552-doj:u0072:s01	24	of	of	ADP	IN	_	27	case	130	132
usc5-552-doj:u0072:s01	25	the	the	DET	DT	Definite=Def|PronType=Art	27	det	133	136
usc5-552-doj:u0072:s01	26	particular	particular	ADJ	JJ	Degree=Pos	27	amod	137	147
usc5-552-doj:u0072:s01	27	requests	request	NOUN	NNS	Number=Plur	23	nmod	148	156
usc5-552-doj:u0072:s01	28	—	-	PUNCT	,	_	11	punct	156	157
usc5-552-doj:u0073:s00	1	(	(	PUNCT	-LRB-	_	5	punct	0	1
usc5-552-doj:u0073:s00	2	I	I	PRON	PRP	Case=Nom|Number=Sing|Person=1|PronType=Prs	5	nsubj	1	2
usc5-552-doj:u0073:s00	3	)	)	PUNCT	-RRB-	_	5	punct	2	3
usc5-552-doj:u0073:s00	4	the	the	DET	DT	Definite=Def|PronType=Art	5	det	4	7
usc5-552-doj:u0073:s00	5	need	need	NOUN	NN	Number=Sing	0	root	8	12
usc5-552-doj:u0073:s00	6	to	to	PART	TO	_	7	mark	13	15
usc5-552-doj:u0073:s00	7	search	search	VERB	VB	VerbForm=Inf	5	acl	16	22
usc5-552-doj:u0073:s00	8	for	for	ADP	IN	_	7	obl	23	26
usc5-552-doj:u0073:s00	9	and	and	CCONJ	CC	_	10	cc	27	30
usc5-552-doj:u0073:s00	10	collect	collect	VERB	VB	VerbForm=Inf	7	conj	31	38
usc5-552-doj:u0073:s00	11	the	the	DET	DT	Definite=Def|PronType=Art	13	det	39	42
usc5-552-doj:u0073:s00	12	requested	request	VERB	VBN	Tense=Past|VerbForm=Part	13	amod	43	52
usc5-552-doj:u0073:s00	13	records	record	NOUN	NNS	Number=Plur	10	obj	53	60
usc5-552-doj:u0073:s00	14	from	from	ADP	IN	_	16	case	61	65
usc5-552-doj:u0073:s00	15	field	field	NOUN	NN	Number=Sing	16	compound	66	71
usc5-552-doj:u0073:s00	16	facilities	facility	NOUN	NNS	Number=Plur	10	obl	72	82
usc5-552-doj:u0073:s00	17	or	or	CCONJ	CC	_	19	cc	83	85
usc5-552-doj:u0073:s00	18	other	other	ADJ	JJ	Degree=Pos	19	amod	86	91
usc5-552-doj:u0073:s00	19	establishments	establishment	NOUN	NNS	Number=Plur	16	conj	92	106
usc5-552-doj:u0073:s00	20	that	that	PRON	WDT	PronType=Rel	22	nsubj	107	111
usc5-552-doj:u0073:s00	21	are	be	AUX	VBP	Mood=Ind|Tense=Pres|VerbForm=Fin	22	cop	112	115
usc5-552-doj:u0073:s00	22	separate	separate	ADJ	JJ	Degree=Pos	16	acl:relcl	116	124
usc5-552-doj:u0073:s00	23	from	from	ADP	IN	_	25	case	125	129
usc5-552-doj:u0073:s00	24	the	the	DET	DT	Definite=Def|PronType=Art	25	det	130	133
usc5-552-doj:u0073:s00	25	office	office	NOUN	NN	Number=Sing	22	obl	134	140
usc5-552-doj:u0073:s00	26	processing	process	VERB	VBG	VerbForm=Ger	22	advcl	141	151
usc5-552-doj:u0073:s00	27	the	the	DET	DT	Definite=Def|PronType=Art	28	det	152	155
usc5-552-doj:u0073:s00	28	request	request	NOUN	NN	Number=Sing	26	obj	156	163
usc5-552-doj:u0073:s00	29	;	;	PUNCT	,	_	5	punct	163	164
usc5-552-doj:u0074:s00	1	(	(	PUNCT	-LRB-	_	2	punct	0	1
usc5-552-doj:u0074:s00	2	II	ii	X	LS	_	5	nummod	1	3
usc5-552-doj:u0074:s00	3	)	)	PUNCT	-RRB-	_	2	punct	3	4
usc5-552-doj:u0074:s00	4	the	the	DET	DT	Definite=Def|PronType=Art	5	det	5	8
usc5-552-doj:u0074:s00	5	need	need	NOUN	NN	Number=Sing	0	root	9	13
usc5-552-doj:u0074:s00	6	to	to	PART	TO	_	7	mark	14	16
usc5-552-doj:u0074:s00	7	search	search	VERB	VB	VerbForm=Inf	5	acl	17	23
usc5-552-doj:u0074:s00	8	for	for	ADP	IN	_	10	case	24	27
usc5-552-doj:u0074:s00	9	,	,	PUNCT	,	_	10	punct	27	28
usc5-552-doj:u0074:s00	10	collect	collect	NOUN	NN	Number=Sing	7	obl	29	36
usc5-552-doj:u0074:s00	11	,	,	PUNCT	,	_	14	punct	36	37
usc5-552-doj:u0074:s00	12	and	and	CCONJ	CC	_	14	cc	38	41
usc5-552-doj:u0074:s00	13	appropriately	appropriately	ADV	RB	_	14	advmod	42	55
usc5-552-doj:u0074:s00	14	examine	examine	VERB	VB	VerbForm=Inf	5	conj	56	63
usc5-552-doj:u0074:s00	15	a	a	DET	DT	Definite=Ind|PronType=Art	17	det	64	65
usc5-552-doj:u0074:s00	16	voluminous	voluminous	ADJ	JJ	Degree=Pos	17	amod	66	76
usc5-552-doj:u0074:s00	17	amount	amount	NOUN	NN	Number=Sing	14	obj	77	83
usc5-552-doj:u0074:s00	18	of	of	ADP	IN	_	22	case	84	86
usc5-552-doj:u0074:s00	19	separate	separate	ADJ	JJ	Degree=Pos	22	amod	87	95
usc5-552-doj:u0074:s00	20	and	and	CCONJ	CC	_	21	cc	96	99
usc5-552-doj:u0074:s00	21	distinct	distinct	ADJ	JJ	Degree=Pos	19	conj	100	108
usc5-552-doj:u0074:s00	22	records	record	NOUN	NNS	Number=Plur	17	nmod	109	116
usc5-552-doj:u0074:s00	23	which	which	PRON	WDT	PronType=Rel	25	nsubj:pass	117	122
usc5-552-doj:u0074:s00	24	are	be	AUX	VBP	Mood=Ind|Tense=Pres|VerbForm=Fin	25	aux:pass	123	126
usc5-552-doj:u0074:s00	25	demanded	demand	VERB	VBN	Tense=Past|VerbForm=Part|Voice=Pass	17	acl:relcl	127	135
usc5-552-doj:u0074:s00	26	in	in	ADP	IN	_	29	case	136	138
usc5-552-doj:u0074:s00	27	a	a	DET	DT	Definite=Ind|PronType=Art	29	det	139	140
usc5-552-doj:u0074:s00	28	single	single	ADJ	JJ	Degree=Pos	29	amod	141	147
usc5-552-doj:u0074:s00	29	request	request	NOUN	NN	Number=Sing	25	obl	148	155
usc5-552-doj:u0074:s00	30	;	;	PUNCT	,	_	5	punct	155	156
usc5-552-doj:u0074:s00	31	or	or	CCONJ	CC	_	5	appos	157	159
usc5-552-doj:u0075:s00	1	(	(	PUNCT	-LRB-	_	2	punct	0	1
usc5-552-doj:u0075:s00	2	III	iii	X	LS	_	0	root	1	4
usc5-552-doj:u0075:s00	3	)	)	PUNCT	-RRB-	_	2	punct	4	5
usc5-552-doj:u0075:s00	4	the	the	DET	DT	Definite=Def|PronType=Art	5	det	6	9
usc5-552-doj:u0075:s00	5	need	need	NOUN	NN	Number=Sing	2	nsubj	10	14
usc5-552-doj:u0075:s00	6	for	for	ADP	IN	_	7	case	15	18
usc5-552-doj:u0075:s00	7	consultation	consultation	NOUN	NN	Number=Sing	5	nmod	19	31
usc5-552-doj:u0075:s00	8	,	,	PUNCT	,	_	5	punct	31	32
usc5-552-doj:u0075:s00	9	which	which	PRON	WDT	PronType=Rel	12	nsubj:pass	33	38
usc5-552-doj:u0075:s00	10	shall	shall	AUX	MD	VerbForm=Fin	12	aux	39	44
usc5-552-doj:u0075:s00	11	be	be	AUX	VB	VerbForm=Inf	12	aux:pass	45	47
usc5-552-doj:u0075:s00	12	conducted	conduct	VERB	VBN	Tense=Past|VerbForm=Part|Voice=Pass	5	acl:relcl	48	57
usc5-552-doj:u0075:s00	13	with	with	ADP	IN	_	16	case	58	62
usc5-552-doj:u0075:s00	14	all	all	DET	DT	_	16	det	63	66
usc5-552-doj:u0075:s00	15	practicable	practicable	ADJ	JJ	Degree=Pos	16	amod	67	78
usc5-552-doj:u0075:s00	16	speed	speed	NOUN	NN	Number=Sing	12	obl	79	84
usc5-552-doj:u0075:s00	17	,	,	PUNCT	,	_	5	punct	84	85
usc5-552-doj:u0075:s00	18	with	with	ADP	IN	_	20	case	86	90
usc5-552-doj:u0075:s00	19	another	another	DET	DT	_	20	det	91	98
usc5-552-doj:u0075:s00	20	agency	agency	NOUN	NN	Number=Sing	5	nmod	99	105
usc5-552-doj:u0075:s00	21	having	have	VERB	VBG	VerbForm=Ger	5	acl	106	112
usc5-552-doj:u0075:s00	22	a	a	DET	DT	Definite=Ind|PronType=Art	24	det	113	114
usc5-552-doj:u0075:s00	23	substantial	substantial	ADJ	JJ	Degree=Pos	24	amod	115	126
usc5-552-doj:u0075:s00	24	interest	interest	NOUN	NN	Number=Sing	21	obj	127	135
usc5-552-doj:u0075:s00	25	in	in	ADP	IN	_	27	case	136	138
usc5-552-doj:u0075:s00	26	the	the	DET	DT	Definite=Def|PronType=Art	27	det	139	142
usc5-552-doj:u0075:s00	27	determination	determination	NOUN	NN	Number=Sing	24	nmod	143	156
usc5-552-doj:u0075:s00	28	of	of	ADP	IN	_	30	case	157	159
usc5-552-doj:u0075:s00	29	the	the	DET	DT	Definite=Def|PronType=Art	30	det	160	163
usc5-552-doj:u0075:s00	30	request	request	NOUN	NN	Number=Sing	27	nmod	164	171
usc5-552-doj:u0075:s00	31	or	or	CCONJ	CC	_	36	cc	172	174
usc5-552-doj:u0075:s00	32	among	among	ADP	IN	_	36	case	175	180
usc5-552-doj:u0075:s00	33	two	two	NUM	CD	NumType=Card	36	nummod	181	184
usc5-552-doj:u0075:s00	34	or	or	CCONJ	CC	_	35	cc	185	187
usc5-552-doj:u0075:s00	35	more	more	ADJ	JJR	Degree=Cmp	33	conj	188	192
usc5-552-doj:u0075:s00	36	components	component	NOUN	NNS	Number=Plur	30	conj	193	203
usc5-552-doj:u0075:s00	37	of	of	ADP	IN	_	39	case	204	206
usc5-552-doj:u0075:s00	38	the	the	DET	DT	Definite=Def|PronType=Art	39	det	207	210
usc5-552-doj:u0075:s00	39	agency	agency	NOUN	NN	Number=Sing	30	nmod	211	217
usc5-552-doj:u0075:s00	40	having	have	VERB	VBG	VerbForm=Ger	5	acl	218	224
usc5-552-doj:u0075:s00	41	substantial	substantial	ADJ	JJ	Degree=Pos	45	amod	225	236
usc5-552-doj:u0075:s00	42	subject	subject	NOUN	NN	Number=Sing	44	compound	237	244
usc5-552-doj:u0075:s00	43	-	-	PUNCT	HYPH	_	44	punct	244	245
usc5-552-doj:u0075:s00	44	matter	matter	NOUN	NN	Number=Sing	45	compound	245	251
usc5-552-doj:u0075:s00	45	interest	interest	NOUN	NN	Number=Sing	40	obj	252	260
usc5-552-doj:u0075:s00	46	therein	therein	ADV	WRB	PronType=Rel	45	advmod	261	268
usc5-552-doj:u0075:s00	47	.	.	PUNCT	.	_	2	punct	268	269
usc5-552-doj:u0076:s00	1	(	(	PUNCT	-LRB-	_	2	punct	0	1
usc5-552-doj:u0076:s00	2	iv	iv	X	ADD	_	0	root	1	3
usc5-552-doj:u0076:s00	3	)	)	PUNCT	-RRB-	_	2	punct	3	4
usc5-552-doj:u0076:s01	1	Each	each	DET	DT	_	2	det	0	4
usc5-552-doj:u0076:s01	2	agency	agency	NOUN	NN	Number=Sing	4	nsubj	5	11
usc5-552-doj:u0076:s01	3	may	may	AUX	MD	VerbForm=Fin	4	aux	12	15
usc5-552-doj:u0076:s01	4	promulgate	promulgate	VERB	VB	VerbForm=Inf	0	root	16	26
usc5-552-doj:u0076:s01	5	regulations	regulation	NOUN	NNS	Number=Plur	4	obj	27	38
usc5-552-doj:u0076:s01	6	,	,	PUNCT	,	_	4	punct	38	39
usc5-552-doj:u0076:s01	7	pursuant	pursuant	ADV	RB	_	9	advmod	40	48
usc5-552-doj:u0076:s01	8	to	to	PART	TO	_	9	mark	49	51
usc5-552-doj:u0076:s01	9	notice	notice	VERB	VB	VerbForm=Inf	4	advcl	52	58
usc5-552-doj:u0076:s01	10	and	and	CCONJ	CC	_	11	cc	59	62
usc5-552-doj:u0076:s01	11	receipt	receipt	NOUN	NN	Number=Sing	9	conj	63	70
usc5-552-doj:u0076:s01	12	of	of	ADP	IN	_	14	case	71	73
usc5-552-doj:u0076:s01	13	public	public	ADJ	JJ	Degree=Pos	14	amod	74	80
usc5-552-doj:u0076:s01	14	comment	comment	NOUN	NN	Number=Sing	11	nmod	81	88
usc5-552-doj:u0076:s01	15	,	,	PUNCT	,	_	9	punct	88	89
usc5-552-doj:u0076:s01	16	providing	provide	VERB	VBG	VerbForm=Ger	9	conj	90	99
usc5-552-doj:u0076:s01	17	for	for	ADP	IN	_	19	case	100	103
usc5-552-doj:u0076:s01	18	the	the	DET	DT	Definite=Def|PronType=Art	19	det	104	107
usc5-552-doj:u0076:s01	19	aggregation	aggregation	NOUN	NN	Number=Sing	16	obl	108	119
usc5-552-doj:u0076:s01	20	of	of	ADP	IN	_	22	case	120	122
usc5-552-doj:u0076:s01	21	certain	certain	ADJ	JJ	Degree=Pos	22	amod	123	130
usc5-552-doj:u0076:s01	22	requests	request	NOUN	NNS	Number=Plur	19	nmod	131	139
usc5-552-doj:u0076:s01	23	by	by	ADP	IN	_	26	case	140	142
usc5-552-doj:u0076:s01	24	the	the	DET	DT	Definite=Def|PronType=Art	26	det	143	146
usc5-552-doj:u0076:s01	25	same	same	ADJ	JJ	Degree=Pos	26	amod	147	151
usc5-552-doj:u0076:s01	26	requestor	requestor	NOUN	NN	Number=Sing	16	nmod	152	161
usc5-552-doj:u0076:s01	27	,	,	PUNCT	,	_	31	punct	161	162
usc5-552-doj:u0076:s01	28	or	or	CCONJ	CC	_	31	cc	163	165
usc5-552-doj:u0076:s01	29	by	by	ADP	IN	_	31	case	166	168
usc5-552-doj:u0076:s01	30	a	a	DET	DT	Definite=Ind|PronType=Art	31	det	169	170
usc5-552-doj:u0076:s01	31	group	group	NOUN	NN	Number=Sing	9	conj	171	176
usc5-552-doj:u0076:s01	32	of	of	ADP	IN	_	33	case	177	179
usc5-552-doj:u0076:s01	33	requestors	requestor	NOUN	NNS	Number=Plur	31	nmod	180	190
usc5-552-doj:u0076:s01	34	acting	acting	VERB	VBG	VerbForm=Ger	33	acl	191	197
usc5-552-doj:u0076:s01	35	in	in	ADP	IN	_	36	case	198	200
usc5-552-doj:u0076:s01	36	concert	concert	NOUN	NN	Number=Sing	34	obl	201	208
usc5-552-doj:u0076:s01	37	,	,	PUNCT	,	_	4	punct	208	209
usc5-552-doj:u0076:s01	38	if	if	SCONJ	IN	_	42	mark	210	212
usc5-552-doj:u0076:s01	39	the	the	DET	DT	Definite=Def|PronType=Art	40	det	213	216
usc5-552-doj:u0076:s01	40	agency	agency	NOUN	NN	Number=Sing	42	nsubj	217	223
usc5-552-doj:u0076:s01	41	reasonably	reasonably	ADV	RB	_	42	advmod	224	234
usc5-552-doj:u0076:s01	42	believes	believe	VERB	VBZ	Mood=Ind|Number=Sing|Person=3|Tense=Pres|VerbForm=Fin	4	advcl	235	243
usc5-552-doj:u0076:s01	43	that	that	SCONJ	IN	_	47	mark	244	248
usc5-552-doj:u0076:s01	44	such	such	ADJ	JJ	Degree=Pos	45	amod	249	253
usc5-552-doj:u0076:s01	45	requests	request	NOUN	NNS	Number=Plur	47	nsubj	254	262
usc5-552-doj:u0076:s01	46	actually	actually	ADV	RB	_	47	advmod	263	271
usc5-552-doj:u0076:s01	47	constitute	constitute	VERB	VB	VerbForm=Inf	42	ccomp	272	282
usc5-552-doj:u0076:s01	48	a	a	DET	DT	Definite=Ind|PronType=Art	50	det	283	284
usc5-552-doj:u0076:s01	49	single	single	ADJ	JJ	Degree=Pos	50	amod	285	291
usc5-552-doj:u0076:s01	50	request	request	NOUN	NN	Number=Sing	47	obj	292	299
usc5-552-doj:u0076:s01	51	,	,	PUNCT	,	_	50	punct	299	300
usc5-552-doj:u0076:s01	52	which	which	PRON	WDT	PronType=Rel	55	nsubj	301	306
usc5-552-doj:u0076:s01	53	would	would	AUX	MD	VerbForm=Fin	55	aux	307	312
usc5-552-doj:u0076:s01	54	otherwise	otherwise	ADV	RB	_	55	advmod	313	322
usc5-552-doj:u0076:s01	55	satisfy	satisfy	VERB	VB	VerbForm=Inf	50	acl:relcl	323	330
usc5-552-doj:u0076:s01	56	the	the	DET	DT	Definite=Def|PronType=Art	58	det	331	334
usc5-552-doj:u0076:s01	57	unusual	unusual	ADJ	JJ	Degree=Pos	58	amod	335	342
usc5-552-doj:u0076:s01	58	circumstances	circumstance	NOUN	NNS	Number=Plur	55	obj	343	356
usc5-552-doj:u0076:s01	59	specified	specify	VERB	VBN	Tense=Past|VerbForm=Part	58	acl	357	366
usc5-552-doj:u0076:s01	60	in	in	ADP	IN	_	62	case	367	369
usc5-552-doj:u0076:s01	61	this	this	DET	DT	Number=Sing|PronType=Dem	62	det	370	374
usc5-552-doj:u0076:s01	62	subparagraph	subparagraph	NOUN	NN	Number=Sing	59	obl	375	387
usc5-552-doj:u0076:s01	63	,	,	PUNCT	,	_	67	punct	387	388
usc5-552-doj:u0076:s01	64	and	and	CCONJ	CC	_	67	cc	389	392
usc5-552-doj:u0076:s01	65	the	the	DET	DT	Definite=Def|PronType=Art	66	det	393	396
usc5-552-doj:u0076:s01	66	requests	request	NOUN	NNS	Number=Plur	67	nsubj	397	405
usc5-552-doj:u0076:s01	67	involve	involve	VERB	VBP	Mood=Ind|Tense=Pres|VerbForm=Fin	4	conj	406	413
usc5-552-doj:u0076:s01	68	clearly	clearly	ADV	RB	_	69	advmod	414	421
usc5-552-doj:u0076:s01	69	related	related	ADJ	JJ	Degree=Pos	70	amod	422	429
usc5-552-doj:u0076:s01	70	matters	matters	NOUN	NNS	Number=Plur	67	obj	430	437
usc5-552-doj:u0076:s01	71	.	.	PUNCT	.	_	4	punct	437	438
usc5-552-doj:u0076:s02	1	Multiple	multiple	ADJ	JJ	Degree=Pos	2	amod	0	8
usc5-552-doj:u0076:s02	2	requests	request	NOUN	NNS	Number=Plur	9	nsubj:pass	9	17
usc5-552-doj:u0076:s02	3	involving	involve	VERB	VBG	VerbForm=Ger	2	acl	18	27
usc5-552-doj:u0076:s02	4	unrelated	unrelated	ADJ	JJ	Degree=Pos	5	amod	28	37
usc5-552-doj:u0076:s02	5	matters	matter	NOUN	NNS	Number=Plur	3	obj	38	45
usc5-552-doj:u0076:s02	6	shall	shall	AUX	MD	VerbForm=Fin	9	aux	46	51
usc5-552-doj:u0076:s02	7	not	not	PART	RB	_	9	advmod	52	55
usc5-552-doj:u0076:s02	8	be	be	AUX	VB	VerbForm=Inf	9	aux:pass	56	58
usc5-552-doj:u0076:s02	9	aggregated	aggregate	VERB	VBN	Tense=Past|VerbForm=Part|Voice=Pass	0	root	59	69
usc5-552-doj:u0076:s02	10	.	.	PUNCT	.	_	9	punct	69	70
usc5-552-doj:u0077:s00	1	(	(	PUNCT	-LRB-	_	2	punct	0	1
usc5-552-doj:u0077:s00	2	C	c	X	LS	_	0	root	1	2
usc5-552-doj:u0077:s00	3	)	)	PUNCT	-RRB-	_	2	punct	2	3
usc5-552-doj:u0077:s00	4	(	(	PUNCT	-LRB-	_	2	punct	3	4
usc5-552-doj:u0077:s00	5	i	i	PRON	PRP	Case=Nom|Number=Sing|Person=1|PronType=Prs	2	nsubj	4	5
usc5-552-doj:u0077:s00	6	)	)	PUNCT	-RRB-	_	2	punct	5	6
usc5-552-doj:u0077:s01	1	Any	any	DET	DT	_	2	det	0	3
usc5-552-doj:u0077:s01	2	person	person	NOUN	NN	Number=Sing	30	nsubj:pass	4	10
usc5-552-doj:u0077:s01	3	making	make	VERB	VBG	VerbForm=Ger	2	acl	11	17
usc5-552-doj:u0077:s01	4	a	a	DET	DT	Definite=Ind|PronType=Art	5	det	18	19
usc5-552-doj:u0077:s01	5	request	request	NOUN	NN	Number=Sing	3	obj	20	27
usc5-552-doj:u0077:s01	6	to	to	ADP	IN	_	8	case	28	30
usc5-552-doj:u0077:s01	7	any	any	DET	DT	_	8	det	31	34
usc5-552-doj:u0077:s01	8	agency	agency	NOUN	NN	Number=Sing	3	obl	35	41
usc5-552-doj:u0077:s01	9	for	for	ADP	IN	_	10	case	42	45
usc5-552-doj:u0077:s01	10	records	record	NOUN	NNS	Number=Plur	8	nmod	46	53
usc5-552-doj:u0077:s01	11	under	under	ADP	IN	_	12	case	54	59
usc5-552-doj:u0077:s01	12	paragraph	paragraph	NOUN	NN	Number=Sing	3	obl	60	69
usc5-552-doj:u0077:s01	13	(	(	PUNCT	-LRB-	_	12	punct	70	71
usc5-552-doj:u0077:s01	14	1	1	NUM	CD	NumType=Card	12	nummod	71	72
usc5-552-doj:u0077:s01	15	)	)	PUNCT	-RRB-	_	12	punct	72	73
usc5-552-doj:u0077:s01	16	,	,	PUNCT	,	_	2	punct	73	74
usc5-552-doj:u0077:s01	17	(	(	PUNCT	-LRB-	_	18	punct	75	76
usc5-552-doj:u0077:s01	18	2	2	NUM	CD	NumType=Card	2	appos	76	77
usc5-552-doj:u0077:s01	19	)	)	PUNCT	-RRB-	_	18	punct	77	78
usc5-552-doj:u0077:s01	20	,	,	PUNCT	,	_	23	punct	78	79
usc5-552-doj:u0077:s01	21	or	or	CCONJ	CC	_	23	cc	80	82
usc5-552-doj:u0077:s01	22	(	(	PUNCT	-LRB-	_	23	punct	83	84
usc5-552-doj:u0077:s01	23	3	3	X	LS	_	2	conj	84	85
usc5-552-doj:u0077:s01	24	)	)	PUNCT	-RRB-	_	23	punct	85	86
usc5-552-doj:u0077:s01	25	of	of	ADP	IN	_	27	case	87	89
usc5-552-doj:u0077:s01	26	this	this	DET	DT	Number=Sing|PronType=Dem	27	det	90	94
usc5-552-doj:u0077:s01	27	subsection	subsection	NOUN	NN	Number=Sing	23	nmod	95	105
usc5-552-doj:u0077:s01	28	shall	shall	AUX	MD	VerbForm=Fin	30	aux	106	111
usc5-552-doj:u0077:s01	29	be	be	AUX	VB	VerbForm=Inf	30	aux:pass	112	114
usc5-552-doj:u0077:s01	30	deemed	deem	VERB	VBN	Tense=Past|VerbForm=Part|Voice=Pass	0	root	115	121
usc5-552-doj:u0077:s01	31	to	to	PART	TO	_	33	mark	122	124
usc5-552-doj:u0077:s01	32	have	have	AUX	VB	VerbForm=Inf	33	aux	125	129
usc5-552-doj:u0077:s01	33	exhausted	exhaust	VERB	VBN	Tense=Past|VerbForm=Part	30	xcomp	130	139
usc5-552-doj:u0077:s01	34	his	he	PRON	PRP$	Gender=Masc|Number=Sing|Person=3|Poss=Yes|PronType=Prs	36	nmod:poss	140	143
usc5-552-doj:u0077:s01	35	administrative	administrative	ADJ	JJ	Degree=Pos	36	amod	144	158
usc5-552-doj:u0077:s01	36	remedies	remedy	NOUN	NNS	Number=Plur	33	obj	159	167
usc5-552-doj:u0077:s01	37	with	with	ADP	IN	_	38	case	168	172
usc5-552-doj:u0077:s01	38	respect	respect	NOUN	NN	Number=Sing	33	obl	173	180
usc5-552-doj:u0077:s01	39	to	to	ADP	IN	_	41	case	181	183
usc5-552-doj:u0077:s01	40	such	such	ADJ	JJ	Degree=Pos	41	amod	184	188
usc5-552-doj:u0077:s01	41	request	request	NOUN	NN	Number=Sing	33	obl	189	196
usc5-552-doj:u0077:s01	42	if	if	SCONJ	IN	_	45	mark	197	199
usc5-552-doj:u0077:s01	43	the	the	DET	DT	Definite=Def|PronType=Art	44	det	200	203
usc5-552-doj:u0077:s01	44	agency	agency	NOUN	NN	Number=Sing	45	nsubj	204	210
usc5-552-doj:u0077:s01	45	fails	fail	VERB	VBZ	Mood=Ind|Number=Sing|Person=3|Tense=Pres|VerbForm=Fin	41	acl	211	216
usc5-552-doj:u0077:s01	46	to	to	PART	TO	_	47	mark	217	219
usc5-552-doj:u0077:s01	47	comply	comply	VERB	VB	VerbForm=Inf	45	xcomp	220	226
usc5-552-doj:u0077:s01	48	with	with	ADP	IN	_	53	case	227	231
usc5-552-doj:u0077:s01	49	the	the	DET	DT	Definite=Def|PronType=Art	53	det	232	235
usc5-552-doj:u0077:s01	50	applicable	applicable	ADJ	JJ	Degree=Pos	51	amod	236	246
usc5-552-doj:u0077:s01	51	time	time	NOUN	NN	Number=Sing	53	compound	247	251
usc5-552-doj:u0077:s01	52	limit	limit	NOUN	NN	Number=Sing	53	compound	252	257
usc5-552-doj:u0077:s01	53	provisions	provision	NOUN	NNS	Number=Plur	47	obl	258	268
usc5-552-doj:u0077:s01	54	of	of	ADP	IN	_	56	case	269	271
usc5-552-doj:u0077:s01	55	this	this	DET	DT	Number=Sing|PronType=Dem	56	det	272	276
usc5-552-doj:u0077:s01	56	paragraph	paragraph	NOUN	NN	Number=Sing	53	nmod	277	286
usc5-552-doj:u0077:s01	57	.	.	PUNCT	.	_	30	punct	286	287
usc5-552-doj:u0077:s02	1	If	if	SCONJ	IN	_	5	mark	0	2
usc5-552-doj:u0077:s02	2	the	the	DET	DT	Definite=Def|PronType=Art	3	det	3	6
usc5-552-doj:u0077:s02	3	Government	government	NOUN	NN	Number=Sing	5	nsubj	7	17
usc5-552-doj:u0077:s02	4	can	can	AUX	MD	VerbForm=Fin	5	aux	18	21
usc5-552-doj:u0077:s02	5	show	show	VERB	VB	VerbForm=Inf	8	advcl	22	26
usc5-552-doj:u0077:s02	6	exceptional	exceptional	ADJ	JJ	Degree=Pos	7	amod	27	38
usc5-552-doj:u0077:s02	7	circumstances	circumstance	NOUN	NNS	Number=Plur	8	nsubj	39	52
usc5-552-doj:u0077:s02	8	exist	exist	VERB	VBP	Mood=Ind|Tense=Pres|VerbForm=Fin	0	root	53	58
usc5-552-doj:u0077:s02	9	and	and	CCONJ	CC	_	14	cc	59	62
usc5-552-doj:u0077:s02	10	that	that	SCONJ	IN	_	14	mark	63	67
usc5-552-doj:u0077:s02	11	the	the	DET	DT	Definite=Def|PronType=Art	12	det	68	71
usc5-552-doj:u0077:s02	12	agency	agency	NOUN	NN	Number=Sing	14	nsubj	72	78
usc5-552-doj:u0077:s02	13	is	be	AUX	VBZ	Mood=Ind|Number=Sing|Person=3|Tense=Pres|VerbForm=Fin	14	aux	79	81
usc5-552-doj:u0077:s02	14	exercising	exercise	VERB	VBG	Tense=Pres|VerbForm=Part	8	conj	82	92
usc5-552-doj:u0077:s02	15	due	due	ADP	IN	_	16	case	93	96
usc5-552-doj:u0077:s02	16	diligence	diligence	NOUN	NN	Number=Sing	14	obl	97	106
usc5-552-doj:u0077:s02	17	in	in	SCONJ	IN	_	18	mark	107	109
usc5-552-doj:u0077:s02	18	responding	respond	VERB	VBG	VerbForm=Ger	14	advcl	110	120
usc5-552-doj:u0077:s02	19	to	to	ADP	IN	_	21	case	121	123
usc5-552-doj:u0077:s02	20	the	the	DET	DT	Definite=Def|PronType=Art	21	det	124	127
usc5-552-doj:u0077:s02	21	request	request	NOUN	NN	Number=Sing	18	obl	128	135
usc5-552-doj:u0077:s02	22	,	,	PUNCT	,	_	21	punct	135	136
usc5-552-doj:u0077:s02	23	the	the	DET	DT	Definite=Def|PronType=Art	24	det	137	140
usc5-552-doj:u0077:s02	24	court	court	NOUN	NN	Number=Sing	26	nsubj	141	146
usc5-552-doj:u0077:s02	25	may	may	AUX	MD	VerbForm=Fin	26	aux	147	150
usc5-552-doj:u0077:s02	26	retain	retain	VERB	VB	VerbForm=Inf	21	acl:relcl	151	157
usc5-552-doj:u0077:s02	27	jurisdiction	jurisdiction	NOUN	NN	Number=Sing	26	obj	158	170
usc5-552-doj:u0077:s02	28	and	and	CCONJ	CC	_	29	cc	171	174
usc5-552-doj:u0077:s02	29	allow	allow	VERB	VB	VerbForm=Inf	14	conj	175	180
usc5-552-doj:u0077:s02	30	the	the	DET	DT	Definite=Def|PronType=Art	31	det	181	184
usc5-552-doj:u0077:s02	31	agency	agency	NOUN	NN	Number=Sing	33	compound	185	191
usc5-552-doj:u0077:s02	32	additional	additional	ADJ	JJ	Degree=Pos	33	amod	192	202
usc5-552-doj:u0077:s02	33	time	time	NOUN	NN	Number=Sing	29	obj	203	207
usc5-552-doj:u0077:s02	34	to	to	PART	TO	_	35	mark	208	210
usc5-552-doj:u0077:s02	35	complete	complete	VERB	VB	VerbForm=Inf	29	acl	211	219
usc5-552-doj:u0077:s02	36	its	its	PRON	PRP$	Gender=Neut|Number=Sing|Person=3|Poss=Yes|PronType=Prs	37	nmod:poss	220	223
usc5-552-doj:u0077:s02	37	review	review	NOUN	NN	Number=Sing	35	obj	224	230
usc5-552-doj:u0077:s02	38	of	of	ADP	IN	_	40	case	231	233
usc5-552-doj:u0077:s02	39	the	the	DET	DT	Definite=Def|PronType=Art	40	det	234	237
usc5-552-doj:u0077:s02	40	records	record	NOUN	NNS	Number=Plur	37	nmod	238	245
usc5-552-doj:u0077:s02	41	.	.	PUNCT	.	_	8	punct	245	246
usc5-552-doj:u0077:s03	1	Upon	upon	ADP	IN	_	3	case	0	4
usc5-552-doj:u0077:s03	2	any	any	DET	DT	_	3	det	5	8
usc5-552-doj:u0077:s03	3	determination	determination	NOUN	NN	Number=Sing	19	obl	9	22
usc5-552-doj:u0077:s03	4	by	by	ADP	IN	_	6	case	23	25
usc5-552-doj:u0077:s03	5	an	a	DET	DT	Definite=Ind|PronType=Art	6	det	26	28
usc5-552-doj:u0077:s03	6	agency	agency	NOUN	NN	Number=Sing	3	nmod	29	35
usc5-552-doj:u0077:s03	7	to	to	PART	TO	_	8	mark	36	38
usc5-552-doj:u0077:s03	8	comply	comply	VERB	VB	VerbForm=Inf	6	acl	39	45
usc5-552-doj:u0077:s03	9	with	with	ADP	IN	_	11	case	46	50
usc5-552-doj:u0077:s03	10	a	a	DET	DT	Definite=Ind|PronType=Art	11	det	51	52
usc5-552-doj:u0077:s03	11	request	request	NOUN	NN	Number=Sing	8	obl	53	60
usc5-552-doj:u0077:s03	12	for	for	ADP	IN	_	13	case	61	64
usc5-552-doj:u0077:s03	13	records	record	NOUN	NNS	Number=Plur	11	nmod	65	72
usc5-552-doj:u0077:s03	14	,	,	PUNCT	,	_	19	punct	72	73
usc5-552-doj:u0077:s03	15	the	the	DET	DT	Definite=Def|PronType=Art	16	det	74	77
usc5-552-doj:u0077:s03	16	records	record	NOUN	NNS	Number=Plur	19	nsubj:pass	78	85
usc5-552-doj:u0077:s03	17	shall	shall	AUX	MD	VerbForm=Fin	19	aux	86	91
usc5-552-doj:u0077:s03	18	be	be	AUX	VB	VerbForm=Inf	19	aux:pass	92	94
usc5-552-doj:u0077:s03	19	made	make	VERB	VBN	Tense=Past|VerbForm=Part|Voice=Pass	0	root	95	99
usc5-552-doj:u0077:s03	20	promptly	promptly	ADV	RB	_	21	advmod	100	108
usc5-552-doj:u0077:s03	21	available	available	ADJ	JJ	Degree=Pos	19	xcomp	109	118
usc5-552-doj:u0077:s03	22	to	to	ADP	IN	_	24	case	119	121
usc5-552-doj:u0077:s03	23	such	such	ADJ	JJ	Degree=Pos	24	amod	122	126
usc5-552-doj:u0077:s03	24	person	person	NOUN	NN	Number=Sing	21	obl	127	133
usc5-552-doj:u0077:s03	25	making	make	VERB	VBG	VerbForm=Ger	24	acl	134	140
usc5-552-doj:u0077:s03	26	such	such	ADJ	JJ	Degree=Pos	27	amod	141	145
usc5-552-doj:u0077:s03	27	request	request	NOUN	NN	Number=Sing	25	obj	146	153
usc5-552-doj:u0077:s03	28	.	.	PUNCT	.	_	19	punct	153	154
usc5-552-doj:u0077:s04	1	Any	any	DET	DT	_	2	det	0	3
usc5-552-doj:u0077:s04	2	notification	notification	NOUN	NN	Number=Sing	14	nsubj	4	16
usc5-552-doj:u0077:s04	3	of	of	ADP	IN	_	4	case	17	19
usc5-552-doj:u0077:s04	4	denial	denial	NOUN	NN	Number=Sing	2	nmod	20	26
usc5-552-doj:u0077:s04	5	of	of	ADP	IN	_	7	case	27	29
usc5-552-doj:u0077:s04	6	any	any	DET	DT	_	7	det	30	33
usc5-552-doj:u0077:s04	7	request	request	NOUN	NN	Number=Sing	4	nmod	34	41
usc5-552-doj:u0077:s04	8	for	for	ADP	IN	_	9	case	42	45
usc5-552-doj:u0077:s04	9	records	record	NOUN	NNS	Number=Plur	7	nmod	46	53
usc5-552-doj:u0077:s04	10	under	under	ADP	IN	_	12	case	54	59
usc5-552-doj:u0077:s04	11	this	this	DET	DT	Number=Sing|PronType=Dem	12	det	60	64
usc5-552-doj:u0077:s04	12	subsection	subsection	NOUN	NN	Number=Sing	7	nmod	65	75
usc5-552-doj:u0077:s04	13	shall	shall	AUX	MD	VerbForm=Fin	14	aux	76	81
usc5-552-doj:u0077:s04	14	set	set	VERB	VB	VerbForm=Inf	0	root	82	85
usc5-552-doj:u0077:s04	15	forth	forth	ADV	RB	_	14	advmod	86	91
usc5-552-doj:u0077:s04	16	the	the	DET	DT	Definite=Def|PronType=Art	17	det	92	95
usc5-552-doj:u0077:s04	17	names	name	NOUN	NNS	Number=Plur	14	obj	96	101
usc5-552-doj:u0077:s04	18	and	and	CCONJ	CC	_	19	cc	102	105
usc5-552-doj:u0077:s04	19	titles	title	NOUN	NNS	Number=Plur	17	conj	106	112
usc5-552-doj:u0077:s04	20	or	or	CCONJ	CC	_	21	cc	113	115
usc5-552-doj:u0077:s04	21	positions	position	NOUN	NNS	Number=Plur	17	conj	116	125
usc5-552-doj:u0077:s04	22	of	of	ADP	IN	_	24	case	126	128
usc5-552-doj:u0077:s04	23	each	each	DET	DT	_	24	det	129	133
usc5-552-doj:u0077:s04	24	person	person	NOUN	NN	Number=Sing	17	nmod	134	140
usc5-552-doj:u0077:s04	25	responsible	responsible	ADJ	JJ	Degree=Pos	24	amod	141	152
usc5-552-doj:u0077:s04	26	for	for	ADP	IN	_	28	case	153	156
usc5-552-doj:u0077:s04	27	the	the	DET	DT	Definite=Def|PronType=Art	28	det	157	160
usc5-552-doj:u0077:s04	28	denial	denial	NOUN	NN	Number=Sing	25	obl	161	167
usc5-552-doj:u0077:s04	29	of	of	ADP	IN	_	31	case	168	170
usc5-552-doj:u0077:s04	30	such	such	ADJ	JJ	Degree=Pos	31	amod	171	175
usc5-552-doj:u0077:s04	31	request	request	NOUN	NN	Number=Sing	28	nmod	176	183
usc5-552-doj:u0077:s04	32	.	.	PUNCT	.	_	14	punct	183	184
usc5-552-doj:u0078:s00	1	(	(	PUNCT	-LRB-	_	2	punct	0	1
usc5-552-doj:u0078:s00	2	ii	ii	X	LS	_	0	root	1	3
usc5-552-doj:u0078:s00	3	)	)	PUNCT	-RRB-	_	2	punct	3	4
usc5-552-doj:u0078:s01	1	For	for	ADP	IN	_	2	case	0	3
usc5-552-doj:u0078:s01	2	purposes	purpose	NOUN	NNS	Number=Plur	15	obl	4	12
usc5-552-doj:u0078:s01	3	of	of	ADP	IN	_	5	case	13	15
usc5-552-doj:u0078:s01	4	this	this	DET	DT	Number=Sing|PronType=Dem	5	det	16	20
usc5-552-doj:u0078:s01	5	subparagraph	subparagraph	NOUN	NN	Number=Sing	2	nmod	21	33
usc5-552-doj:u0078:s01	6	,	,	PUNCT	,	_	15	punct	33	34
usc5-552-doj:u0078:s01	7	the	the	DET	DT	Definite=Def|PronType=Art	11	det	35	38
usc5-552-doj:u0078:s01	8	term	term	NOUN	NN	Number=Sing	11	compound	39	43
usc5-552-doj:u0078:s01	9	"	"	PUNCT	``	_	11	punct	44	45
usc5-552-doj:u0078:s01	10	exceptional	exceptional	ADJ	JJ	Degree=Pos	11	amod	45	56
usc5-552-doj:u0078:s01	11	circumstances	circumstance	NOUN	NNS	Number=Plur	15	nsubj	57	70
usc5-552-doj:u0078:s01	12	"	"	PUNCT	''	_	11	punct	70	71
usc5-552-doj:u0078:s01	13	does	do	AUX	VBZ	Mood=Ind|Number=Sing|Person=3|Tense=Pres|VerbForm=Fin	15	aux	72	76
usc5-552-doj:u0078:s01	14	not	not	PART	RB	_	15	advmod	77	80
usc5-552-doj:u0078:s01	15	include	include	VERB	VB	VerbForm=Inf	0	root	81	88
usc5-552-doj:u0078:s01	16	a	a	DET	DT	Definite=Ind|PronType=Art	17	det	89	90
usc5-552-doj:u0078:s01	17	delay	delay	NOUN	NN	Number=Sing	15	obj	91	96
usc5-552-doj:u0078:s01	18	that	that	SCONJ	IN	_	34	mark	97	101
usc5-552-doj:u0078:s01	19	results	result	NOUN	NNS	Number=Plur	34	nsubj	102	109
usc5-552-doj:u0078:s01	20	from	from	ADP	IN	_	24	case	110	114
usc5-552-doj:u0078:s01	21	a	a	DET	DT	Definite=Ind|PronType=Art	24	det	115	116
usc5-552-doj:u0078:s01	22	predictable	predictable	ADJ	JJ	Degree=Pos	24	amod	117	128
usc5-552-doj:u0078:s01	23	agency	agency	NOUN	NN	Number=Sing	24	compound	129	135
usc5-552-doj:u0078:s01	24	workload	workload	NOUN	NN	Number=Sing	19	nmod	136	144
usc5-552-doj:u0078:s01	25	of	of	ADP	IN	_	26	case	145	147
usc5-552-doj:u0078:s01	26	requests	request	NOUN	NNS	Number=Plur	24	nmod	148	156
usc5-552-doj:u0078:s01	27	under	under	ADP	IN	_	29	case	157	162
usc5-552-doj:u0078:s01	28	this	this	DET	DT	Number=Sing|PronType=Dem	29	det	163	167
usc5-552-doj:u0078:s01	29	section	section	NOUN	NN	Number=Sing	26	nmod	168	175
usc5-552-doj:u0078:s01	30	,	,	PUNCT	,	_	19	punct	175	176
usc5-552-doj:u0078:s01	31	unless	unless	SCONJ	IN	_	34	mark	177	183
usc5-552-doj:u0078:s01	32	the	the	DET	DT	Definite=Def|PronType=Art	33	det	184	187
usc5-552-doj:u0078:s01	33	agency	agency	NOUN	NN	Number=Sing	34	nsubj	188	194
usc5-552-doj:u0078:s01	34	demonstrates	demonstrate	VERB	VBZ	Mood=Ind|Number=Sing|Person=3|Tense=Pres|VerbForm=Fin	17	acl	195	207
usc5-552-doj:u0078:s01	35	reasonable	reasonable	ADJ	JJ	Degree=Pos	36	amod	208	218
usc5-552-doj:u0078:s01	36	progress	progress	NOUN	NN	Number=Sing	34	obj	219	227
usc5-552-doj:u0078:s01	37	in	in	SCONJ	IN	_	38	mark	228	230
usc5-552-doj:u0078:s01	38	reducing	reduce	VERB	VBG	VerbForm=Ger	34	advcl	231	239
usc5-552-doj:u0078:s01	39	its	its	PRON	PRP$	Gender=Neut|Number=Sing|Person=3|Poss=Yes|PronType=Prs	40	nmod:poss	240	243
usc5-552-doj:u0078:s01	40	backlog	backlog	NOUN	NN	Number=Sing	38	obj	244	251
usc5-552-doj:u0078:s01	41	of	of	ADP	IN	_	43	case	252	254
usc5-552-doj:u0078:s01	42	pending	pending	ADJ	JJ	Degree=Pos	43	amod	255	262
usc5-552-doj:u0078:s01	43	requests	request	NOUN	NNS	Number=Plur	40	nmod	263	271
usc5-552-doj:u0078:s01	44	.	.	PUNCT	.	_	15	punct	271	272
usc5-552-doj:u0079:s00	1	(	(	PUNCT	-LRB-	_	2	punct	0	1
usc5-552-doj:u0079:s00	2	iii	iii	X	LS	_	0	root	1	4
usc5-552-doj:u0079:s00	3	)	)	PUNCT	-RRB-	_	2	punct	4	5
usc5-552-doj:u0079:s01	1	Refusal	Refusal	VERB	VB	Mood=Imp|VerbForm=Fin	0	root	0	7
usc5-552-doj:u0079:s01	2	by	by	ADP	IN	_	4	case	8	10
usc5-552-doj:u0079:s01	3	a	a	DET	DT	Definite=Ind|PronType=Art	4	det	11	12
usc5-552-doj:u0079:s01	4	person	person	NOUN	NN	Number=Sing	1	obl	13	19
usc5-552-doj:u0079:s01	5	to	to	PART	TO	_	7	mark	20	22
usc5-552-doj:u0079:s01	6	reasonably	reasonably	ADV	RB	_	7	advmod	23	33
usc5-552-doj:u0079:s01	7	modify	modify	VERB	VB	VerbForm=Inf	1	advcl	34	40
usc5-552-doj:u0079:s01	8	the	the	DET	DT	Definite=Def|PronType=Art	9	det	41	44
usc5-552-doj:u0079:s01	9	scope	scope	NOUN	NN	Number=Sing	7	obj	45	50
usc5-552-doj:u0079:s01	10	of	of	ADP	IN	_	12	case	51	53
usc5-552-doj:u0079:s01	11	a	a	DET	DT	Definite=Ind|PronType=Art	12	det	54	55
usc5-552-doj:u0079:s01	12	request	request	NOUN	NN	Number=Sing	9	nmod	56	63
usc5-552-doj:u0079:s01	13	or	or	CCONJ	CC	_	14	cc	64	66
usc5-552-doj:u0079:s01	14	arrange	arrange	VERB	VB	VerbForm=Inf	7	conj	67	74
usc5-552-doj:u0079:s01	15	an	a	DET	DT	Definite=Ind|PronType=Art	18	det	75	77
usc5-552-doj:u0079:s01	16	alternative	alternative	ADJ	JJ	Degree=Pos	18	amod	78	89
usc5-552-doj:u0079:s01	17	time	time	NOUN	NN	Number=Sing	18	compound	90	94
usc5-552-doj:u0079:s01	18	frame	frame	NOUN	NN	Number=Sing	14	obj	95	100
usc5-552-doj:u0079:s01	19	for	for	SCONJ	IN	_	20	mark	101	104
usc5-552-doj:u0079:s01	20	processing	process	VERB	VBG	VerbForm=Ger	18	acl	105	115
usc5-552-doj:u0079:s01	21	a	a	DET	DT	Definite=Ind|PronType=Art	22	det	116	117
usc5-552-doj:u0079:s01	22	request	request	NOUN	NN	Number=Sing	20	obj	118	125
usc5-552-doj:u0079:s01	23	(	(	PUNCT	-LRB-	_	22	punct	126	127
usc5-552-doj:u0079:s01	24	or	or	CCONJ	CC	_	27	cc	127	129
usc5-552-doj:u0079:s01	25	a	a	DET	DT	Definite=Ind|PronType=Art	27	det	130	131
usc5-552-doj:u0079:s01	26	modified	modified	VERB	VBN	Tense=Past|VerbForm=Part	27	amod	132	140
usc5-552-doj:u0079:s01	27	request	request	NOUN	NN	Number=Sing	18	conj	141	148
usc5-552-doj:u0079:s01	28	)	)	PUNCT	-RRB-	_	18	punct	148	149
usc5-552-doj:u0079:s01	29	under	under	ADP	IN	_	30	case	150	155
usc5-552-doj:u0079:s01	30	clause	clause	NOUN	NN	Number=Sing	14	obl	156	162
usc5-552-doj:u0079:s01	31	(	(	PUNCT	-LRB-	_	30	punct	163	164
usc5-552-doj:u0079:s01	32	ii	ii	X	LS	_	30	advmod	164	166
usc5-552-doj:u0079:s01	33	)	)	PUNCT	-RRB-	_	30	punct	166	167
usc5-552-doj:u0079:s01	34	after	after	SCONJ	IN	_	36	mark	168	173
usc5-552-doj:u0079:s01	35	being	be	AUX	VBG	VerbForm=Ger	36	aux:pass	174	179
usc5-552-doj:u0079:s01	36	given	give	VERB	VBN	Tense=Past|VerbForm=Part|Voice=Pass	14	advcl	180	185
usc5-552-doj:u0079:s01	37	an	a	DET	DT	Definite=Ind|PronType=Art	38	det	186	188
usc5-552-doj:u0079:s01	38	opportunity	opportunity	NOUN	NN	Number=Sing	36	obj	189	200
usc5-552-doj:u0079:s01	39	to	to	PART	TO	_	40	mark	201	203
usc5-552-doj:u0079:s01	40	do	do	VERB	VB	VerbForm=Inf	38	acl	204	206
usc5-552-doj:u0079:s01	41	so	so	ADV	RB	_	40	advmod	207	209
usc5-552-doj:u0079:s01	42	by	by	ADP	IN	_	44	case	210	212
usc5-552-doj:u0079:s01	43	the	the	DET	DT	Definite=Def|PronType=Art	44	det	213	216
usc5-552-doj:u0079:s01	44	agency	agency	NOUN	NN	Number=Sing	40	obl	217	223
usc5-552-doj:u0079:s01	45	to	to	PART	TO	_	46	mark	224	226
usc5-552-doj:u0079:s01	46	whom	whom	VERB	VB	VerbForm=Inf	40	advcl	227	231
usc5-552-doj:u0079:s01	47	the	the	DET	DT	Definite=Def|PronType=Art	48	det	232	235
usc5-552-doj:u0079:s01	48	person	person	NOUN	NN	Number=Sing	49	nsubj	236	242
usc5-552-doj:u0079:s01	49	made	make	VERB	VBD	Mood=Ind|Tense=Past|VerbForm=Fin	46	ccomp	243	247
usc5-552-doj:u0079:s01	50	the	the	DET	DT	Definite=Def|PronType=Art	51	det	248	251
usc5-552-doj:u0079:s01	51	request	request	NOUN	NN	Number=Sing	54	nsubj:pass	252	259
usc5-552-doj:u0079:s01	52	shall	shall	AUX	MD	VerbForm=Fin	54	aux	260	265
usc5-552-doj:u0079:s01	53	be	be	AUX	VB	VerbForm=Inf	54	aux:pass	266	268
usc5-552-doj:u0079:s01	54	considered	consider	VERB	VBN	Tense=Past|VerbForm=Part|Voice=Pass	49	ccomp	269	279
usc5-552-doj:u0079:s01	55	as	as	ADP	IN	_	57	case	280	282
usc5-552-doj:u0079:s01	56	a	a	DET	DT	Definite=Ind|PronType=Art	57	det	283	284
usc5-552-doj:u0079:s01	57	factor	factor	NOUN	NN	Number=Sing	54	obl	285	291
usc5-552-doj:u0079:s01	58	in	in	SCONJ	IN	_	59	mark	292	294
usc5-552-doj:u0079:s01	59	determining	determining	VERB	VBG	VerbForm=Ger	57	acl	295	306
usc5-552-doj:u0079:s01	60	whether	whether	SCONJ	IN	_	63	mark	307	314
usc5-552-doj:u0079:s01	61	exceptional	exceptional	ADJ	JJ	Degree=Pos	62	amod	315	326
usc5-552-doj:u0079:s01	62	circumstances	circumstance	NOUN	NNS	Number=Plur	63	nsubj	327	340
usc5-552-doj:u0079:s01	63	exist	exist	VERB	VBP	Mood=Ind|Tense=Pres|VerbForm=Fin	59	ccomp	341	346
usc5-552-doj:u0079:s01	64	for	for	ADP	IN	_	65	case	347	350
usc5-552-doj:u0079:s01	65	purposes	purpose	NOUN	NNS	Number=Plur	63	obl	351	359
usc5-552-doj:u0079:s01	66	of	of	ADP	IN	_	68	case	360	362
usc5-552-doj:u0079:s01	67	this	this	DET	DT	Number=Sing|PronType=Dem	68	det	363	367
usc5-552-doj:u0079:s01	68	subparagraph	subparagraph	NOUN	NN	Number=Sing	65	nmod	368	380
usc5-552-doj:u0079:s01	69	.	.	PUNCT	.	_	1	punct	380	381
usc5-552-doj:u0080:s00	1	(	(	PUNCT	-LRB-	_	2	punct	0	1
usc5-552-doj:u0080:s00	2	D	d	NOUN	NN	Number=Sing	0	root	1	2
usc5-552-doj:u0080:s00	3	)	)	PUNCT	-RRB-	_	2	punct	2	3
usc5-552-doj:u0080:s00	4	(	(	PUNCT	-LRB-	_	2	punct	3	4
usc5-552-doj:u0080:s00	5	i	i	PRON	PRP	Case=Nom|Number=Sing|Person=1|PronType=Prs	2	nsubj	4	5
usc5-552-doj:u0080:s00	6	)	)	PUNCT	-RRB-	_	2	punct	5	6
usc5-552-doj:u0080:s01	1	Each	each	DET	DT	_	2	det	0	4
usc5-552-doj:u0080:s01	2	agency	agency	NOUN	NN	Number=Sing	4	nsubj	5	11
usc5-552-doj:u0080:s01	3	may	may	AUX	MD	VerbForm=Fin	4	aux	12	15
usc5-552-doj:u0080:s01	4	promulgate	promulgate	VERB	VB	VerbForm=Inf	0	root	16	26
usc5-552-doj:u0080:s01	5	regulations	regulation	NOUN	NNS	Number=Plur	4	obj	27	38
usc5-552-doj:u0080:s01	6	,	,	PUNCT	,	_	4	punct	38	39
usc5-552-doj:u0080:s01	7	pursuant	pursuant	ADV	RB	_	9	advmod	40	48
usc5-552-doj:u0080:s01	8	to	to	PART	TO	_	9	mark	49	51
usc5-552-doj:u0080:s01	9	notice	notice	VERB	VB	VerbForm=Inf	4	advcl	52	58
usc5-552-doj:u0080:s01	10	and	and	CCONJ	CC	_	11	cc	59	62
usc5-552-doj:u0080:s01	11	receipt	receipt	NOUN	NN	Number=Sing	9	conj	63	70
usc5-552-doj:u0080:s01	12	of	of	ADP	IN	_	14	case	71	73
usc5-552-doj:u0080:s01	13	public	public	ADJ	JJ	Degree=Pos	14	amod	74	80
usc5-552-doj:u0080:s01	14	comment	comment	NOUN	NN	Number=Sing	11	nmod	81	88
usc5-552-doj:u0080:s01	15	,	,	PUNCT	,	_	9	punct	88	89
usc5-552-doj:u0080:s01	16	providing	provide	VERB	VBG	VerbForm=Ger	9	acl	90	99
usc5-552-doj:u0080:s01	17	for	for	ADP	IN	_	19	case	100	103
usc5-552-doj:u0080:s01	18	multitrack	multitrack	ADJ	JJ	Degree=Pos	19	amod	104	114
usc5-552-doj:u0080:s01	19	processing	processing	NOUN	NN	Number=Sing	16	obl	115	125
usc5-552-doj:u0080:s01	20	of	of	ADP	IN	_	21	case	126	128
usc5-552-doj:u0080:s01	21	requests	request	NOUN	NNS	Number=Plur	19	nmod	129	137
usc5-552-doj:u0080:s01	22	for	for	ADP	IN	_	23	case	138	141
usc5-552-doj:u0080:s01	23	records	record	NOUN	NNS	Number=Plur	21	nmod	142	149
usc5-552-doj:u0080:s01	24	based	base	VERB	VBN	Tense=Past|VerbForm=Part	27	case	150	155
usc5-552-doj:u0080:s01	25	on	on	ADP	IN	_	27	case	156	158
usc5-552-doj:u0080:s01	26	the	the	DET	DT	Definite=Def|PronType=Art	27	det	159	162
usc5-552-doj:u0080:s01	27	amount	amount	NOUN	NN	Number=Sing	19	nmod	163	169
usc5-552-doj:u0080:s01	28	of	of	ADP	IN	_	29	case	170	172
usc5-552-doj:u0080:s01	29	work	work	NOUN	NN	Number=Sing	27	nmod	173	177
usc5-552-doj:u0080:s01	30	or	or	CCONJ	CC	_	31	cc	178	180
usc5-552-doj:u0080:s01	31	time	time	NOUN	NN	Number=Sing	29	conj	181	185
usc5-552-doj:u0080:s01	32	(	(	PUNCT	-LRB-	_	27	punct	186	187
usc5-552-doj:u0080:s01	33	or	or	CCONJ	CC	_	34	cc	187	189
usc5-552-doj:u0080:s01	34	both	both	CCONJ	CC	_	27	conj	190	194
usc5-552-doj:u0080:s01	35	)	)	PUNCT	-RRB-	_	27	punct	194	195
usc5-552-doj:u0080:s01	36	involved	involved	ADJ	JJ	Degree=Pos	19	acl	196	204
usc5-552-doj:u0080:s01	37	in	in	ADP	IN	_	39	case	205	207
usc5-552-doj:u0080:s01	38	processing	processing	ADJ	JJ	Degree=Pos	39	amod	208	218
usc5-552-doj:u0080:s01	39	requests	request	NOUN	NNS	Number=Plur	36	obl	219	227
usc5-552-doj:u0080:s01	40	.	.	PUNCT	.	_	4	punct	227	228
usc5-552-doj:u0081:s00	1	(	(	PUNCT	-LRB-	_	2	punct	0	1
usc5-552-doj:u0081:s00	2	ii	ii	X	LS	_	4	nummod	1	3
usc5-552-doj:u0081:s00	3	)	)	PUNCT	-RRB-	_	2	punct	3	4
usc5-552-doj:u0081:s00	4	Regulations	regulation	NOUN	NNS	Number=Plur	9	nsubj	5	16
usc5-552-doj:u0081:s00	5	under	under	ADP	IN	_	7	case	17	22
usc5-552-doj:u0081:s00	6	this	this	DET	DT	Number=Sing|PronType=Dem	7	det	23	27
usc5-552-doj:u0081:s00	7	subparagraph	subparagraph	NOUN	NN	Number=Sing	4	nmod	28	40
usc5-552-doj:u0081:s00	8	may	may	AUX	MD	VerbForm=Fin	9	aux	41	44
usc5-552-doj:u0081:s00	9	provide	provide	VERB	VB	VerbForm=Inf	0	root	45	52
usc5-552-doj:u0081:s00	10	a	a	DET	DT	Definite=Ind|PronType=Art	11	det	53	54
usc5-552-doj:u0081:s00	11	person	person	NOUN	NN	Number=Sing	9	obj	55	61
usc5-552-doj:u0081:s00	12	making	make	VERB	VBG	VerbForm=Ger	11	acl	62	68
usc5-552-doj:u0081:s00	13	a	a	DET	DT	Definite=Ind|PronType=Art	14	det	69	70
usc5-552-doj:u0081:s00	14	request	request	NOUN	NN	Number=Sing	12	obj	71	78
usc5-552-doj:u0081:s00	15	that	that	PRON	WDT	PronType=Rel	18	nsubj	79	83
usc5-552-doj:u0081:s00	16	does	do	AUX	VBZ	Mood=Ind|Number=Sing|Person=3|Tense=Pres|VerbForm=Fin	18	aux	84	88
usc5-552-doj:u0081:s00	17	not	not	PART	RB	_	18	advmod	89	92
usc5-552-doj:u0081:s00	18	qualify	qualify	VERB	VB	VerbForm=Inf	14	acl:relcl	93	100
usc5-552-doj:u0081:s00	19	for	for	ADP	IN	_	22	case	101	104
usc5-552-doj:u0081:s00	20	the	the	DET	DT	Definite=Def|PronType=Art	22	det	105	108
usc5-552-doj:u0081:s00	21	fastest	fastest	ADJ	JJS	Degree=Sup	22	amod	109	116
usc5-552-doj:u0081:s00	22	multitrack	multitrack	NOUN	NN	Number=Sing	18	obl	117	127
usc5-552-doj:u0081:s00	23	processing	process	VERB	VBG	VerbForm=Ger	18	advcl	128	138
usc5-552-doj:u0081:s00	24	an	a	DET	DT	Definite=Ind|PronType=Art	25	det	139	141
usc5-552-doj:u0081:s00	25	opportunity	opportunity	NOUN	NN	Number=Sing	23	obj	142	153
usc5-552-doj:u0081:s00	26	to	to	PART	TO	_	27	mark	154	156
usc5-552-doj:u0081:s00	27	limit	limit	VERB	VB	VerbForm=Inf	25	acl	157	162
usc5-552-doj:u0081:s00	28	the	the	DET	DT	Definite=Def|PronType=Art	29	det	163	166
usc5-552-doj:u0081:s00	29	scope	scope	NOUN	NN	Number=Sing	27	obj	167	172
usc5-552-doj:u0081:s00	30	of	of	ADP	IN	_	32	case	173	175
usc5-552-doj:u0081:s00	31	the	the	DET	DT	Definite=Def|PronType=Art	32	det	176	179
usc5-552-doj:u0081:s00	32	request	request	NOUN	NN	Number=Sing	29	nmod	180	187
usc5-552-doj:u0081:s00	33	in	in	ADP	IN	_	36	mark	188	190
usc5-552-doj:u0081:s00	34	order	order	NOUN	NN	Number=Sing	33	fixed	191	196
usc5-552-doj:u0081:s00	35	to	to	PART	TO	_	36	mark	197	199
usc5-552-doj:u0081:s00	36	qualify	qualify	VERB	VB	VerbForm=Inf	32	acl	200	207
usc5-552-doj:u0081:s00	37	for	for	ADP	IN	_	39	case	208	211
usc5-552-doj:u0081:s00	38	faster	faster	ADJ	JJR	Degree=Cmp	39	amod	212	218
usc5-552-doj:u0081:s00	39	processing	processing	NOUN	NN	Number=Sing	36	obl	219	229
usc5-552-doj:u0081:s00	40	.	.	PUNCT	.	_	9	punct	229	230
usc5-552-doj:u0082:s00	1	(	(	PUNCT	-LRB-	_	2	punct	0	1
usc5-552-doj:u0082:s00	2	iii	iii	X	LS	_	0	root	1	4
usc5-552-doj:u0082:s00	3	)	)	PUNCT	-RRB-	_	2	punct	4	5
usc5-552-doj:u0082:s01	1	This	this	DET	DT	Number=Sing|PronType=Dem	2	det	0	4
usc5-552-doj:u0082:s01	2	subparagraph	subparagraph	NOUN	NN	Number=Sing	6	nsubj:pass	5	17
usc5-552-doj:u0082:s01	3	shall	shall	AUX	MD	VerbForm=Fin	6	aux	18	23
usc5-552-doj:u0082:s01	4	not	not	PART	RB	_	6	advmod	24	27
usc5-552-doj:u0082:s01	5	be	be	AUX	VB	VerbForm=Inf	6	aux:pass	28	30
usc5-552-doj:u0082:s01	6	considered	consider	VERB	VBN	Tense=Past|VerbForm=Part|Voice=Pass	0	root	31	41
usc5-552-doj:u0082:s01	7	to	to	PART	TO	_	8	mark	42	44
usc5-552-doj:u0082:s01	8	affect	affect	VERB	VB	VerbForm=Inf	6	xcomp	45	51
usc5-552-doj:u0082:s01	9	the	the	DET	DT	Definite=Def|PronType=Art	10	det	52	55
usc5-552-doj:u0082:s01	10	requirement	requirement	NOUN	NN	Number=Sing	8	obj	56	67
usc5-552-doj:u0082:s01	11	under	under	ADP	IN	_	12	case	68	73
usc5-552-doj:u0082:s01	12	subparagraph	subparagraph	NOUN	NN	Number=Sing	8	obl	74	86
usc5-552-doj:u0082:s01	13	(	(	PUNCT	-LRB-	_	14	punct	87	88
usc5-552-doj:u0082:s01	14	C	c	PROPN	NNP	Number=Sing	12	appos	88	89
usc5-552-doj:u0082:s01	15	)	)	PUNCT	-RRB-	_	14	punct	89	90
usc5-552-doj:u0082:s01	16	to	to	PART	TO	_	17	mark	91	93
usc5-552-doj:u0082:s01	17	exercise	exercise	VERB	VB	VerbForm=Inf	8	advcl	94	102
usc5-552-doj:u0082:s01	18	due	due	ADP	IN	_	19	case	103	106
usc5-552-doj:u0082:s01	19	diligence	diligence	NOUN	NN	Number=Sing	17	obl	107	116
usc5-552-doj:u0082:s01	20	.	.	PUNCT	.	_	6	punct	116	117
usc5-552-doj:u0083:s00	1	(	(	PUNCT	-LRB-	_	2	punct	0	1
usc5-552-doj:u0083:s00	2	E	e	PROPN	NNP	Number=Sing	0	root	1	2
usc5-552-doj:u0083:s00	3	)	)	PUNCT	-RRB-	_	2	punct	2	3
usc5-552-doj:u0083:s00	4	(	(	PUNCT	-LRB-	_	2	punct	3	4
usc5-552-doj:u0083:s00	5	i	i	PRON	PRP	Case=Nom|Number=Sing|Person=1|PronType=Prs	2	parataxis	4	5
usc5-552-doj:u0083:s00	6	)	)	PUNCT	-RRB-	_	2	punct	5	6
usc5-552-doj:u0083:s01	1	Each	each	DET	DT	_	2	det	0	4
usc5-552-doj:u0083:s01	2	agency	agency	NOUN	NN	Number=Sing	4	nsubj	5	11
usc5-552-doj:u0083:s01	3	shall	shall	AUX	MD	VerbForm=Fin	4	aux	12	17
usc5-552-doj:u0083:s01	4	promulgate	promulgate	VERB	VB	VerbForm=Inf	0	root	18	28
usc5-552-doj:u0083:s01	5	regulations	regulation	NOUN	NNS	Number=Plur	4	obj	29	40
usc5-552-doj:u0083:s01	6	,	,	PUNCT	,	_	4	punct	40	41
usc5-552-doj:u0083:s01	7	pursuant	pursuant	ADV	RB	_	9	advmod	42	50
usc5-552-doj:u0083:s01	8	to	to	PART	TO	_	9	mark	51	53
usc5-552-doj:u0083:s01	9	notice	notice	VERB	VB	VerbForm=Inf	4	advcl	54	60
usc5-552-doj:u0083:s01	10	and	and	CCONJ	CC	_	11	cc	61	64
usc5-552-doj:u0083:s01	11	receipt	receipt	NOUN	NN	Number=Sing	9	conj	65	72
usc5-552-doj:u0083:s01	12	of	of	ADP	IN	_	14	case	73	75
usc5-552-doj:u0083:s01	13	public	public	ADJ	JJ	Degree=Pos	14	amod	76	82
usc5-552-doj:u0083:s01	14	comment	comment	NOUN	NN	Number=Sing	11	nmod	83	90
usc5-552-doj:u0083:s01	15	,	,	PUNCT	,	_	9	punct	90	91
usc5-552-doj:u0083:s01	16	providing	provide	VERB	VBG	VerbForm=Ger	9	acl	92	101
usc5-552-doj:u0083:s01	17	for	for	ADP	IN	_	19	case	102	105
usc5-552-doj:u0083:s01	18	expedited	expedited	VERB	VBN	Tense=Past|VerbForm=Part	19	amod	106	115
usc5-552-doj:u0083:s01	19	processing	processing	NOUN	NN	Number=Sing	16	obl	116	126
usc5-552-doj:u0083:s01	20	of	of	ADP	IN	_	21	case	127	129
usc5-552-doj:u0083:s01	21	requests	request	NOUN	NNS	Number=Plur	19	nmod	130	138
usc5-552-doj:u0083:s01	22	for	for	ADP	IN	_	23	case	139	142
usc5-552-doj:u0083:s01	23	records	record	NOUN	NNS	Number=Plur	21	nmod	143	150
usc5-552-doj:u0083:s01	24	—	-	PUNCT	,	_	4	punct	150	151
usc5-552-doj:u0084:s00	1	(	(	PUNCT	-LRB-	_	5	punct	0	1
usc5-552-doj:u0084:s00	2	I	I	PRON	PRP	Case=Nom|Number=Sing|Person=1|PronType=Prs	5	nsubj	1	2
usc5-552-doj:u0084:s00	3	)	)	PUNCT	-RRB-	_	5	punct	2	3
usc5-552-doj:u0084:s00	4	in	in	ADP	IN	_	5	case	4	6
usc5-552-doj:u0084:s00	5	cases	case	NOUN	NNS	Number=Plur	0	root	7	12
usc5-552-doj:u0084:s00	6	in	in	ADP	IN	_	7	case	13	15
usc5-552-doj:u0084:s00	7	which	which	PRON	WDT	PronType=Rel	13	obl	16	21
usc5-552-doj:u0084:s00	8	the	the	DET	DT	Definite=Def|PronType=Art	9	det	22	25
usc5-552-doj:u0084:s00	9	person	person	NOUN	NN	Number=Sing	13	nsubj	26	32
usc5-552-doj:u0084:s00	10	requesting	request	VERB	VBG	VerbForm=Ger	9	acl	33	43
usc5-552-doj:u0084:s00	11	the	the	DET	DT	Definite=Def|PronType=Art	12	det	44	47
usc5-552-doj:u0084:s00	12	records	record	NOUN	NNS	Number=Plur	10	obj	48	55
usc5-552-doj:u0084:s00	13	demonstrates	demonstrate	VERB	VBZ	Mood=Ind|Number=Sing|Person=3|Tense=Pres|VerbForm=Fin	5	acl:relcl	56	68
usc5-552-doj:u0084:s00	14	a	a	DET	DT	Definite=Ind|PronType=Art	16	det	69	70
usc5-552-doj:u0084:s00	15	compelling	compelling	ADJ	JJ	Degree=Pos	16	amod	71	81
usc5-552-doj:u0084:s00	16	need	need	NOUN	NN	Number=Sing	13	obj	82	86
usc5-552-doj:u0084:s00	17	;	;	PUNCT	,	_	5	punct	86	87
usc5-552-doj:u0084:s00	18	and	and	CCONJ	CC	_	5	cc	88	91
usc5-552-doj:u0085:s00	1	(	(	PUNCT	-LRB-	_	2	punct	0	1
usc5-552-doj:u0085:s00	2	II	ii	X	LS	_	6	nummod	1	3
usc5-552-doj:u0085:s00	3	)	)	PUNCT	-RRB-	_	2	punct	3	4
usc5-552-doj:u0085:s00	4	in	in	ADP	IN	_	6	case	5	7
usc5-552-doj:u0085:s00	5	other	other	ADJ	JJ	Degree=Pos	6	amod	8	13
usc5-552-doj:u0085:s00	6	cases	case	NOUN	NNS	Number=Plur	0	root	14	19
usc5-552-doj:u0085:s00	7	determined	determine	VERB	VBN	Tense=Past|VerbForm=Part	6	acl	20	30
usc5-552-doj:u0085:s00	8	by	by	ADP	IN	_	10	case	31	33
usc5-552-doj:u0085:s00	9	the	the	DET	DT	Definite=Def|PronType=Art	10	det	34	37
usc5-552-doj:u0085:s00	10	agency	agency	NOUN	NN	Number=Sing	7	obl	38	44
usc5-552-doj:u0085:s00	11	.	.	PUNCT	.	_	6	punct	44	45
usc5-552-doj:u0086:s00	1	(	(	PUNCT	-LRB-	_	2	punct	0	1
usc5-552-doj:u0086:s00	2	ii	ii	X	LS	_	10	nummod	1	3
usc5-552-doj:u0086:s00	3	)	)	PUNCT	-RRB-	_	2	punct	3	4
usc5-552-doj:u0086:s00	4	Notwithstanding	Notwithstanding	NOUN	NN	Number=Sing	5	compound	5	20
usc5-552-doj:u0086:s00	5	clause	clause	NOUN	NN	Number=Sing	10	compound	21	27
usc5-552-doj:u0086:s00	6	(	(	PUNCT	-LRB-	_	7	punct	28	29
usc5-552-doj:u0086:s00	7	i	i	PRON	PRP	Case=Nom|Number=Sing|Person=1|PronType=Prs	5	appos	29	30
usc5-552-doj:u0086:s00	8	)	)	PUNCT	-RRB-	_	7	punct	30	31
usc5-552-doj:u0086:s00	9	,	,	PUNCT	,	_	5	punct	31	32
usc5-552-doj:u0086:s00	10	regulations	regulation	NOUN	NNS	Number=Plur	15	nsubj	33	44
usc5-552-doj:u0086:s00	11	under	under	ADP	IN	_	13	case	45	50
usc5-552-doj:u0086:s00	12	this	this	DET	DT	Number=Sing|PronType=Dem	13	det	51	55
usc5-552-doj:u0086:s00	13	subparagraph	subparagraph	NOUN	NN	Number=Sing	10	nmod	56	68
usc5-552-doj:u0086:s00	14	must	must	AUX	MD	VerbForm=Fin	15	aux	69	73
usc5-552-doj:u0086:s00	15	ensure	ensure	VERB	VB	VerbForm=Inf	0	root	74	80
usc5-552-doj:u0086:s00	16	—	-	PUNCT	.	_	15	punct	80	81
usc5-552-doj:u0087:s00	1	(	(	PUNCT	-LRB-	_	2	punct	0	1
usc5-552-doj:u0087:s00	2	I	I	PRON	PRP	Case=Nom|Number=Sing|Person=1|PronType=Prs	42	nsubj	1	2
usc5-552-doj:u0087:s00	3	)	)	PUNCT	-RRB-	_	2	punct	2	3
usc5-552-doj:u0087:s00	4	that	that	PRON	WDT	PronType=Rel	15	nsubj:pass	4	8
usc5-552-doj:u0087:s00	5	a	a	DET	DT	Definite=Ind|PronType=Art	6	det	9	10
usc5-552-doj:u0087:s00	6	determination	determination	NOUN	NN	Number=Sing	15	nsubj:pass	11	24
usc5-552-doj:u0087:s00	7	of	of	SCONJ	IN	_	10	mark	25	27
usc5-552-doj:u0087:s00	8	whether	whether	SCONJ	IN	_	10	mark	28	35
usc5-552-doj:u0087:s00	9	to	to	PART	TO	_	8	fixed	36	38
usc5-552-doj:u0087:s00	10	provide	provide	VERB	VB	VerbForm=Inf	6	acl	39	46
usc5-552-doj:u0087:s00	11	expedited	expedite	VERB	VBN	Tense=Past|VerbForm=Part	12	amod	47	56
usc5-552-doj:u0087:s00	12	processing	processing	NOUN	NN	Number=Sing	10	obj	57	67
usc5-552-doj:u0087:s00	13	shall	shall	AUX	MD	VerbForm=Fin	15	aux	68	73
usc5-552-doj:u0087:s00	14	be	be	AUX	VB	VerbForm=Inf	15	aux:pass	74	76
usc5-552-doj:u0087:s00	15	made	make	VERB	VBN	Tense=Past|VerbForm=Part|Voice=Pass	2	acl:relcl	77	81
usc5-552-doj:u0087:s00	16	,	,	PUNCT	,	_	24	punct	81	82
usc5-552-doj:u0087:s00	17	and	and	CCONJ	CC	_	24	cc	83	86
usc5-552-doj:u0087:s00	18	notice	notice	NOUN	NN	Number=Sing	24	nsubj:pass	87	93
usc5-552-doj:u0087:s00	19	of	of	ADP	IN	_	21	case	94	96
usc5-552-doj:u0087:s00	20	the	the	DET	DT	Definite=Def|PronType=Art	21	det	97	100
usc5-552-doj:u0087:s00	21	determination	determination	NOUN	NN	Number=Sing	18	nmod	101	114
usc5-552-doj:u0087:s00	22	shall	shall	AUX	MD	VerbForm=Fin	24	aux	115	120
usc5-552-doj:u0087:s00	23	be	be	AUX	VB	VerbForm=Inf	24	aux:pass	121	123
usc5-552-doj:u0087:s00	24	provided	provide	VERB	VBN	Tense=Past|VerbForm=Part|Voice=Pass	15	conj	124	132
usc5-552-doj:u0087:s00	25	to	to	ADP	IN	_	27	case	133	135
usc5-552-doj:u0087:s00	26	the	the	DET	DT	Definite=Def|PronType=Art	27	det	136	139
usc5-552-doj:u0087:s00	27	person	person	NOUN	NN	Number=Sing	24	obl	140	146
usc5-552-doj:u0087:s00	28	making	make	VERB	VBG	VerbForm=Ger	27	acl	147	153
usc5-552-doj:u0087:s00	29	the	the	DET	DT	Definite=Def|PronType=Art	30	det	154	157
usc5-552-doj:u0087:s00	30	request	request	NOUN	NN	Number=Sing	28	obj	158	165
usc5-552-doj:u0087:s00	31	,	,	PUNCT	,	_	15	punct	165	166
usc5-552-doj:u0087:s00	32	within	within	ADP	IN	_	34	case	167	173
usc5-552-doj:u0087:s00	33	10	10	NUM	CD	NumType=Card	34	nummod	174	176
usc5-552-doj:u0087:s00	34	days	day	NOUN	NNS	Number=Plur	15	obl	177	181
usc5-552-doj:u0087:s00	35	after	after	ADP	IN	_	37	case	182	187
usc5-552-doj:u0087:s00	36	the	the	DET	DT	Definite=Def|PronType=Art	37	det	188	191
usc5-552-doj:u0087:s00	37	date	date	NOUN	NN	Number=Sing	34	nmod	192	196
usc5-552-doj:u0087:s00	38	of	of	ADP	IN	_	40	case	197	199
usc5-552-doj:u0087:s00	39	the	the	DET	DT	Definite=Def|PronType=Art	40	det	200	203
usc5-552-doj:u0087:s00	40	request	request	NOUN	NN	Number=Sing	37	nmod	204	211
usc5-552-doj:u0087:s00	41	;	;	PUNCT	,	_	2	punct	211	212
usc5-552-doj:u0087:s00	42	and	and	CCONJ	CC	_	0	root	213	216
usc5-552-doj:u0088:s00	1	(	(	PUNCT	-LRB-	_	2	punct	0	1
usc5-552-doj:u0088:s00	2	II	ii	X	LS	_	5	nummod	1	3
usc5-552-doj:u0088:s00	3	)	)	PUNCT	-RRB-	_	2	punct	3	4
usc5-552-doj:u0088:s00	4	expeditious	expeditious	ADJ	JJ	Degree=Pos	5	amod	5	16
usc5-552-doj:u0088:s00	5	consideration	consideration	NOUN	NN	Number=Sing	0	root	17	30
usc5-552-doj:u0088:s00	6	of	of	ADP	IN	_	8	case	31	33
usc5-552-doj:u0088:s00	7	administrative	administrative	ADJ	JJ	Degree=Pos	8	amod	34	48
usc5-552-doj:u0088:s00	8	appeals	appeal	NOUN	NNS	Number=Plur	5	nmod	49	56
usc5-552-doj:u0088:s00	9	of	of	ADP	IN	_	11	case	57	59
usc5-552-doj:u0088:s00	10	such	such	ADJ	JJ	Degree=Pos	11	amod	60	64
usc5-552-doj:u0088:s00	11	determinations	determination	NOUN	NNS	Number=Plur	8	nmod	65	79
usc5-552-doj:u0088:s00	12	of	of	SCONJ	IN	_	15	mark	80	82
usc5-552-doj:u0088:s00	13	whether	whether	SCONJ	IN	_	15	mark	83	90
usc5-552-doj:u0088:s00	14	to	to	PART	TO	_	13	fixed	91	93
usc5-552-doj:u0088:s00	15	provide	provide	VERB	VB	VerbForm=Inf	11	acl	94	101
usc5-552-doj:u0088:s00	16	expedited	expedite	VERB	VBN	Tense=Past|VerbForm=Part	17	amod	102	111
usc5-552-doj:u0088:s00	17	processing	processing	NOUN	NN	Number=Sing	15	obj	112	122
usc5-552-doj:u0088:s00	18	.	.	PUNCT	.	_	5	punct	122	123
usc5-552-doj:u0089:s00	1	(	(	PUNCT	-LRB-	_	2	punct	0	1
usc5-552-doj:u0089:s00	2	iii	iii	X	LS	_	0	root	1	4
usc5-552-doj:u0089:s00	3	)	)	PUNCT	-RRB-	_	2	punct	4	5
usc5-552-doj:u0089:s01	1	An	a	DET	DT	Definite=Ind|PronType=Art	2	det	0	2
usc5-552-doj:u0089:s01	2	agency	agency	NOUN	NN	Number=Sing	4	nsubj	3	9
usc5-552-doj:u0089:s01	3	shall	shall	AUX	MD	VerbForm=Fin	4	aux	10	15
usc5-552-doj:u0089:s01	4	process	process	VERB	VB	VerbForm=Inf	0	root	16	23
usc5-552-doj:u0089:s01	5	as	as	ADV	RB	_	6	advmod	24	26
usc5-552-doj:u0089:s01	6	soon	soon	ADV	RB	Degree=Pos	4	advmod	27	31
usc5-552-doj:u0089:s01	7	as	as	SCONJ	IN	_	10	mark	32	34
usc5-552-doj:u0089:s01	8	practicable	practicable	ADJ	JJ	Degree=Pos	10	xcomp	35	46
usc5-552-doj:u0089:s01	9	any	any	DET	DT	_	10	det	47	50
usc5-552-doj:u0089:s01	10	request	request	NOUN	NN	Number=Sing	4	advcl	51	58
usc5-552-doj:u0089:s01	11	for	for	ADP	IN	_	12	case	59	62
usc5-552-doj:u0089:s01	12	records	record	NOUN	NNS	Number=Plur	10	nmod	63	70
usc5-552-doj:u0089:s01	13	to	to	ADP	IN	_	14	case	71	73
usc5-552-doj:u0089:s01	14	which	which	PRON	WDT	PronType=Rel	18	obl	74	79
usc5-552-doj:u0089:s01	15	the	the	DET	DT	Definite=Def|PronType=Art	16	det	80	83
usc5-552-doj:u0089:s01	16	agency	agency	NOUN	NN	Number=Sing	18	nsubj	84	90
usc5-552-doj:u0089:s01	17	has	have	AUX	VBZ	Mood=Ind|Number=Sing|Person=3|Tense=Pres|VerbForm=Fin	18	aux	91	94
usc5-552-doj:u0089:s01	18	granted	grant	VERB	VBN	Tense=Past|VerbForm=Part	10	acl:relcl	95	102
usc5-552-doj:u0089:s01	19	expedited	expedite	VERB	VBN	Tense=Past|VerbForm=Part	18	xcomp	103	112
usc5-552-doj:u0089:s01	20	processing	process	VERB	VBG	VerbForm=Ger	19	advcl	113	123
usc5-552-doj:u0089:s01	21	under	under	ADP	IN	_	23	case	124	129
usc5-552-doj:u0089:s01	22	this	this	DET	DT	Number=Sing|PronType=Dem	23	det	130	134
usc5-552-doj:u0089:s01	23	subparagraph	subparagraph	NOUN	NN	Number=Sing	20	obl	135	147
usc5-552-doj:u0089:s01	24	.	.	PUNCT	.	_	4	punct	147	148
usc5-552-doj:u0089:s02	1	Agency	Agency	PROPN	NNP	Number=Sing	2	compound	0	6
usc5-552-doj:u0089:s02	2	action	action	NOUN	NN	Number=Sing	36	nsubj	7	13
usc5-552-doj:u0089:s02	3	to	to	PART	TO	_	4	mark	14	16
usc5-552-doj:u0089:s02	4	deny	deny	VERB	VB	VerbForm=Inf	2	acl	17	21
usc5-552-doj:u0089:s02	5	or	or	CCONJ	CC	_	6	cc	22	24
usc5-552-doj:u0089:s02	6	affirm	affirm	VERB	VB	VerbForm=Inf	2	conj	25	31
usc5-552-doj:u0089:s02	7	denial	denial	NOUN	NN	Number=Sing	6	obj	32	38
usc5-552-doj:u0089:s02	8	of	of	ADP	IN	_	10	case	39	41
usc5-552-doj:u0089:s02	9	a	a	DET	DT	Definite=Ind|PronType=Art	10	det	42	43
usc5-552-doj:u0089:s02	10	request	request	NOUN	NN	Number=Sing	7	nmod	44	51
usc5-552-doj:u0089:s02	11	for	for	ADP	IN	_	13	case	52	55
usc5-552-doj:u0089:s02	12	expedited	expedite	VERB	VBN	Tense=Past|VerbForm=Part	13	amod	56	65
usc5-552-doj:u0089:s02	13	processing	processing	NOUN	NN	Number=Sing	10	nmod	66	76
usc5-552-doj:u0089:s02	14	pursuant	pursuant	ADV	RB	_	13	advmod	77	85
usc5-552-doj:u0089:s02	15	to	to	ADP	IN	_	17	case	86	88
usc5-552-doj:u0089:s02	16	this	this	DET	DT	Number=Sing|PronType=Dem	17	det	89	93
usc5-552-doj:u0089:s02	17	subparagraph	subparagraph	NOUN	NN	Number=Sing	14	obl	94	106
usc5-552-doj:u0089:s02	18	,	,	PUNCT	,	_	20	punct	106	107
usc5-552-doj:u0089:s02	19	and	and	CCONJ	CC	_	20	cc	108	111
usc5-552-doj:u0089:s02	20	failure	failure	NOUN	NN	Number=Sing	10	conj	112	119
usc5-552-doj:u0089:s02	21	by	by	ADP	IN	_	23	case	120	122
usc5-552-doj:u0089:s02	22	an	a	DET	DT	Definite=Ind|PronType=Art	23	det	123	125
usc5-552-doj:u0089:s02	23	agency	agency	NOUN	NN	Number=Sing	20	nmod	126	132
usc5-552-doj:u0089:s02	24	to	to	PART	TO	_	25	mark	133	135
usc5-552-doj:u0089:s02	25	respond	respond	VERB	VB	VerbForm=Inf	23	acl	136	143
usc5-552-doj:u0089:s02	26	in	in	ADP	IN	_	29	case	144	146
usc5-552-doj:u0089:s02	27	a	a	DET	DT	Definite=Ind|PronType=Art	29	det	147	148
usc5-552-doj:u0089:s02	28	timely	timely	ADJ	JJ	Degree=Pos	29	amod	149	155
usc5-552-doj:u0089:s02	29	manner	manner	NOUN	NN	Number=Sing	25	obl	156	162
usc5-552-doj:u0089:s02	30	to	to	ADP	IN	_	33	case	163	165
usc5-552-doj:u0089:s02	31	such	such	DET	PDT	_	33	det:predet	166	170
usc5-552-doj:u0089:s02	32	a	a	DET	DT	Definite=Ind|PronType=Art	33	det	171	172
usc5-552-doj:u0089:s02	33	request	request	NOUN	NN	Number=Sing	25	obl	173	180
usc5-552-doj:u0089:s02	34	shall	shall	AUX	MD	VerbForm=Fin	36	aux	181	186
usc5-552-doj:u0089:s02	35	be	be	AUX	VB	VerbForm=Inf	36	cop	187	189
usc5-552-doj:u0089:s02	36	subject	subject	ADJ	JJ	Degree=Pos	0	root	190	197
usc5-552-doj:u0089:s02	37	to	to	ADP	IN	_	39	case	198	200
usc5-552-doj:u0089:s02	38	judicial	judicial	ADJ	JJ	Degree=Pos	39	amod	201	209
usc5-552-doj:u0089:s02	39	review	review	NOUN	NN	Number=Sing	36	obl	210	216
usc5-552-doj:u0089:s02	40	under	under	ADP	IN	_	41	case	217	222
usc5-552-doj:u0089:s02	41	paragraph	paragraph	NOUN	NN	Number=Sing	39	nmod	223	232
usc5-552-doj:u0089:s02	42	(	(	PUNCT	-LRB-	_	43	punct	233	234
usc5-552-doj:u0089:s02	43	4	4	NUM	CD	NumType=Card	39	appos	234	235
usc5-552-doj:u0089:s02	44	)	)	PUNCT	-RRB-	_	43	punct	235	236
usc5-552-doj:u0089:s02	45	,	,	PUNCT	,	_	36	punct	236	237
usc5-552-doj:u0089:s02	46	except	except	ADP	IN	_	53	mark	238	244
usc5-552-doj:u0089:s02	47	that	that	SCONJ	IN	_	53	mark	245	249
usc5-552-doj:u0089:s02	48	the	the	DET	DT	Definite=Def|PronType=Art	50	det	250	253
usc5-552-doj:u0089:s02	49	judicial	judicial	ADJ	JJ	Degree=Pos	50	amod	254	262
usc5-552-doj:u0089:s02	50	review	review	NOUN	NN	Number=Sing	53	nsubj:pass	263	269
usc5-552-doj:u0089:s02	51	shall	shall	AUX	MD	VerbForm=Fin	53	aux	270	275
usc5-552-doj:u0089:s02	52	be	be	AUX	VB	VerbForm=Inf	53	aux:pass	276	278
usc5-552-doj:u0089:s02	53	based	base	VERB	VBN	Tense=Past|VerbForm=Part	36	advcl	279	284
usc5-552-doj:u0089:s02	54	on	on	ADP	IN	_	56	case	285	287
usc5-552-doj:u0089:s02	55	the	the	DET	DT	Definite=Def|PronType=Art	56	det	288	291
usc5-552-doj:u0089:s02	56	record	record	NOUN	NN	Number=Sing	53	obl	292	298
usc5-552-doj:u0089:s02	57	before	before	ADP	IN	_	59	case	299	305
usc5-552-doj:u0089:s02	58	the	the	DET	DT	Definite=Def|PronType=Art	59	det	306	309
usc5-552-doj:u0089:s02	59	agency	agency	NOUN	NN	Number=Sing	53	obl	310	316
usc5-552-doj:u0089:s02	60	at	at	ADP	IN	_	62	case	317	319
usc5-552-doj:u0089:s02	61	the	the	DET	DT	Definite=Def|PronType=Art	62	det	320	323
usc5-552-doj:u0089:s02	62	time	time	NOUN	NN	Number=Sing	53	obl	324	328
usc5-552-doj:u0089:s02	63	of	of	ADP	IN	_	65	case	329	331
usc5-552-doj:u0089:s02	64	the	the	DET	DT	Definite=Def|PronType=Art	65	det	332	335
usc5-552-doj:u0089:s02	65	determination	determination	NOUN	NN	Number=Sing	62	nmod	336	349
usc5-552-doj:u0089:s02	66	.	.	PUNCT	.	_	36	punct	349	350
usc5-552-doj:u0090:s00	1	(	(	PUNCT	-LRB-	_	2	punct	0	1
usc5-552-doj:u0090:s00	2	iv	iv	X	ADD	_	0	root	1	3
usc5-552-doj:u0090:s00	3	)	)	PUNCT	-RRB-	_	2	punct	3	4
usc5-552-doj:u0090:s01	1	A	a	DET	DT	Definite=Ind|PronType=Art	3	det	0	1
usc5-552-doj:u0090:s01	2	district	district	ADJ	JJ	Degree=Pos	3	amod	2	10
usc5-552-doj:u0090:s01	3	court	court	NOUN	NN	Number=Sing	10	nsubj	11	16
usc5-552-doj:u0090:s01	4	of	of	ADP	IN	_	7	case	17	19
usc5-552-doj:u0090:s01	5	the	the	DET	DT	Definite=Def|PronType=Art	7	det	20	23
usc5-552-doj:u0090:s01	6	United	United	PROPN	NNP	Number=Sing	7	compound	24	30
usc5-552-doj:u0090:s01	7	States	States	PROPN	NNP	Number=Sing	3	nmod	31	37
usc5-552-doj:u0090:s01	8	shall	shall	AUX	MD	VerbForm=Fin	10	aux	38	43
usc5-552-doj:u0090:s01	9	not	not	PART	RB	_	10	advmod	44	47
usc5-552-doj:u0090:s01	10	have	have	VERB	VB	VerbForm=Inf	0	root	48	52
usc5-552-doj:u0090:s01	11	jurisdiction	jurisdiction	NOUN	NN	Number=Sing	29	nsubj	53	65
usc5-552-doj:u0090:s01	12	to	to	PART	TO	_	13	mark	66	68
usc5-552-doj:u0090:s01	13	review	review	VERB	VB	VerbForm=Inf	11	acl	69	75
usc5-552-doj:u0090:s01	14	an	a	DET	DT	Definite=Ind|PronType=Art	16	det	76	78
usc5-552-doj:u0090:s01	15	agency	agency	NOUN	NN	Number=Sing	16	compound	79	85
usc5-552-doj:u0090:s01	16	denial	denial	NOUN	NN	Number=Sing	13	obj	86	92
usc5-552-doj:u0090:s01	17	of	of	ADP	IN	_	19	case	93	95
usc5-552-doj:u0090:s01	18	expedited	expedite	VERB	VBN	Tense=Past|VerbForm=Part	19	amod	96	105
usc5-552-doj:u0090:s01	19	processing	processing	NOUN	NN	Number=Sing	16	nmod	106	116
usc5-552-doj:u0090:s01	20	of	of	ADP	IN	_	22	case	117	119
usc5-552-doj:u0090:s01	21	a	a	DET	DT	Definite=Ind|PronType=Art	22	det	120	121
usc5-552-doj:u0090:s01	22	request	request	NOUN	NN	Number=Sing	19	nmod	122	129
usc5-552-doj:u0090:s01	23	for	for	ADP	IN	_	24	case	130	133
usc5-552-doj:u0090:s01	24	records	record	NOUN	NNS	Number=Plur	22	nmod	134	141
usc5-552-doj:u0090:s01	25	after	after	ADP	IN	_	27	case	142	147
usc5-552-doj:u0090:s01	26	the	the	DET	DT	Definite=Def|PronType=Art	27	det	148	151
usc5-552-doj:u0090:s01	27	agency	agency	NOUN	NN	Number=Sing	22	nmod	152	158
usc5-552-doj:u0090:s01	28	has	have	AUX	VBZ	Mood=Ind|Number=Sing|Person=3|Tense=Pres|VerbForm=Fin	29	aux	159	162
usc5-552-doj:u0090:s01	29	provided	provide	VERB	VBN	Tense=Past|VerbForm=Part	10	ccomp	163	171
usc5-552-doj:u0090:s01	30	a	a	DET	DT	Definite=Ind|PronType=Art	32	det	172	173
usc5-552-doj:u0090:s01	31	complete	complete	ADJ	JJ	Degree=Pos	32	amod	174	182
usc5-552-doj:u0090:s01	32	response	response	NOUN	NN	Number=Sing	29	obj	183	191
usc5-552-doj:u0090:s01	33	to	to	ADP	IN	_	35	case	192	194
usc5-552-doj:u0090:s01	34	the	the	DET	DT	Definite=Def|PronType=Art	35	det	195	198
usc5-552-doj:u0090:s01	35	request	request	NOUN	NN	Number=Sing	29	obl	199	206
usc5-552-doj:u0090:s01	36	.	.	PUNCT	.	_	10	punct	206	207
usc5-552-doj:u0091:s00	1	(	(	PUNCT	-LRB-	_	2	punct	0	1
usc5-552-doj:u0091:s00	2	v	v	X	ADD	_	0	root	1	2
usc5-552-doj:u0091:s00	3	)	)	PUNCT	-RRB-	_	2	punct	2	3
usc5-552-doj:u0091:s01	1	For	for	ADP	IN	_	2	case	0	3
usc5-552-doj:u0091:s01	2	purposes	purpose	NOUN	NNS	Number=Plur	13	obl	4	12
usc5-552-doj:u0091:s01	3	of	of	ADP	IN	_	5	case	13	15
usc5-552-doj:u0091:s01	4	this	this	DET	DT	Number=Sing|PronType=Dem	5	det	16	20
usc5-552-doj:u0091:s01	5	subparagraph	subparagraph	NOUN	NN	Number=Sing	2	nmod	21	33
usc5-552-doj:u0091:s01	6	,	,	PUNCT	,	_	13	punct	33	34
usc5-552-doj:u0091:s01	7	the	the	DET	DT	Definite=Def|PronType=Art	8	det	35	38
usc5-552-doj:u0091:s01	8	term	term	NOUN	NN	Number=Sing	13	compound	39	43
usc5-552-doj:u0091:s01	9	"	"	PUNCT	``	_	11	punct	44	45
usc5-552-doj:u0091:s01	10	compelling	compelling	ADJ	JJ	Degree=Pos	11	amod	45	55
usc5-552-doj:u0091:s01	11	need	need	NOUN	NN	Number=Sing	13	compound	56	60
usc5-552-doj:u0091:s01	12	"	"	PUNCT	''	_	11	punct	60	61
usc5-552-doj:u0091:s01	13	means	mean	NOUN	NNS	Number=Plur	0	root	62	67
usc5-552-doj:u0091:s01	14	—	-	PUNCT	,	_	13	punct	67	68
usc5-552-doj:u0092:s00	1	(	(	PUNCT	-LRB-	_	2	punct	0	1
usc5-552-doj:u0092:s00	2	I	I	PRON	PRP	Case=Nom|Number=Sing|Person=1|PronType=Prs	37	nsubj	1	2
usc5-552-doj:u0092:s00	3	)	)	PUNCT	-RRB-	_	2	punct	2	3
usc5-552-doj:u0092:s00	4	that	that	PRON	WDT	PronType=Rel	21	obl	4	8
usc5-552-doj:u0092:s00	5	a	a	DET	DT	Definite=Ind|PronType=Art	6	det	9	10
usc5-552-doj:u0092:s00	6	failure	failure	NOUN	NN	Number=Sing	21	nsubj:pass	11	18
usc5-552-doj:u0092:s00	7	to	to	PART	TO	_	8	mark	19	21
usc5-552-doj:u0092:s00	8	obtain	obtain	VERB	VB	VerbForm=Inf	6	acl	22	28
usc5-552-doj:u0092:s00	9	requested	request	VERB	VBN	Tense=Past|VerbForm=Part	10	amod	29	38
usc5-552-doj:u0092:s00	10	records	record	NOUN	NNS	Number=Plur	8	obj	39	46
usc5-552-doj:u0092:s00	11	on	on	ADP	IN	_	14	case	47	49
usc5-552-doj:u0092:s00	12	an	a	DET	DT	Definite=Ind|PronType=Art	14	det	50	52
usc5-552-doj:u0092:s00	13	expedited	expedite	VERB	VBN	Tense=Past|VerbForm=Part	14	amod	53	62
usc5-552-doj:u0092:s00	14	basis	basis	NOUN	NN	Number=Sing	8	obl	63	68
usc5-552-doj:u0092:s00	15	under	under	ADP	IN	_	17	case	69	74
usc5-552-doj:u0092:s00	16	this	this	DET	DT	Number=Sing|PronType=Dem	17	det	75	79
usc5-552-doj:u0092:s00	17	paragraph	paragraph	NOUN	NN	Number=Sing	6	nmod	80	89
usc5-552-doj:u0092:s00	18	could	could	AUX	MD	VerbForm=Fin	21	aux	90	95
usc5-552-doj:u0092:s00	19	reasonably	reasonably	ADV	RB	_	21	advmod	96	106
usc5-552-doj:u0092:s00	20	be	be	AUX	VB	VerbForm=Inf	21	aux:pass	107	109
usc5-552-doj:u0092:s00	21	expected	expect	VERB	VBN	Tense=Past|VerbForm=Part|Voice=Pass	2	acl:relcl	110	118
usc5-552-doj:u0092:s00	22	to	to	PART	TO	_	23	mark	119	121
usc5-552-doj:u0092:s00	23	pose	pose	VERB	VB	VerbForm=Inf	21	xcomp	122	126
usc5-552-doj:u0092:s00	24	an	a	DET	DT	Definite=Ind|PronType=Art	26	det	127	129
usc5-552-doj:u0092:s00	25	imminent	imminent	ADJ	JJ	Degree=Pos	26	amod	130	138
usc5-552-doj:u0092:s00	26	threat	threat	NOUN	NN	Number=Sing	23	obj	139	145
usc5-552-doj:u0092:s00	27	to	to	ADP	IN	_	29	case	146	148
usc5-552-doj:u0092:s00	28	the	the	DET	DT	Definite=Def|PronType=Art	29	det	149	152
usc5-552-doj:u0092:s00	29	life	life	NOUN	NN	Number=Sing	26	nmod	153	157
usc5-552-doj:u0092:s00	30	or	or	CCONJ	CC	_	32	cc	158	160
usc5-552-doj:u0092:s00	31	physical	physical	ADJ	JJ	Degree=Pos	32	amod	161	169
usc5-552-doj:u0092:s00	32	safety	safety	NOUN	NN	Number=Sing	29	conj	170	176
usc5-552-doj:u0092:s00	33	of	of	ADP	IN	_	35	case	177	179
usc5-552-doj:u0092:s00	34	an	a	DET	DT	Definite=Ind|PronType=Art	35	det	180	182
usc5-552-doj:u0092:s00	35	individual	individual	NOUN	NN	Number=Sing	29	nmod	183	193
usc5-552-doj:u0092:s00	36	;	;	PUNCT	,	_	2	punct	193	194
usc5-552-doj:u0092:s00	37	or	or	CCONJ	CC	_	0	root	195	197
usc5-552-doj:u0093:s00	1	(	(	PUNCT	-LRB-	_	2	punct	0	1
usc5-552-doj:u0093:s00	2	II	ii	X	LS	_	0	root	1	3
usc5-552-doj:u0093:s00	3	)	)	PUNCT	-RRB-	_	2	punct	3	4
usc5-552-doj:u0093:s00	4	with	with	ADP	IN	_	5	case	5	9
usc5-552-doj:u0093:s00	5	respect	respect	NOUN	NN	Number=Sing	2	nmod	10	17
usc5-552-doj:u0093:s00	6	to	to	ADP	IN	_	8	case	18	20
usc5-552-doj:u0093:s00	7	a	a	DET	DT	Definite=Ind|PronType=Art	8	det	21	22
usc5-552-doj:u0093:s00	8	request	request	NOUN	NN	Number=Sing	5	nmod	23	30
usc5-552-doj:u0093:s00	9	made	make	VERB	VBN	Tense=Past|VerbForm=Part	8	acl	31	35
usc5-552-doj:u0093:s00	10	by	by	ADP	IN	_	12	case	36	38
usc5-552-doj:u0093:s00	11	a	a	DET	DT	Definite=Ind|PronType=Art	12	det	39	40
usc5-552-doj:u0093:s00	12	person	person	NOUN	NN	Number=Sing	14	obl	41	47
usc5-552-doj:u0093:s00	13	primarily	primarily	ADV	RB	_	14	advmod	48	57
usc5-552-doj:u0093:s00	14	engaged	engage	VERB	VBD	Mood=Ind|Tense=Past|VerbForm=Fin	9	xcomp	58	65
usc5-552-doj:u0093:s00	15	in	in	SCONJ	IN	_	16	mark	66	68
usc5-552-doj:u0093:s00	16	disseminating	disseminating	VERB	VBG	VerbForm=Ger	14	advcl	69	82
usc5-552-doj:u0093:s00	17	information	information	NOUN	NN	Number=Sing	16	obj	83	94
usc5-552-doj:u0093:s00	18	,	,	PUNCT	,	_	17	punct	94	95
usc5-552-doj:u0093:s00	19	urgency	urgency	NOUN	NN	Number=Sing	17	appos	96	103
usc5-552-doj:u0093:s00	20	to	to	PART	TO	_	21	mark	104	106
usc5-552-doj:u0093:s00	21	inform	inform	VERB	VB	VerbForm=Inf	17	acl	107	113
usc5-552-doj:u0093:s00	22	the	the	DET	DT	Definite=Def|PronType=Art	23	det	114	117
usc5-552-doj:u0093:s00	23	public	public	NOUN	NN	Number=Sing	21	obj	118	124
usc5-552-doj:u0093:s00	24	concerning	concern	VERB	VBG	VerbForm=Ger	30	case	125	135
usc5-552-doj:u0093:s00	25	actual	actual	ADJ	JJ	Degree=Pos	30	amod	136	142
usc5-552-doj:u0093:s00	26	or	or	CCONJ	CC	_	27	cc	143	145
usc5-552-doj:u0093:s00	27	alleged	allege	ADJ	JJ	Degree=Pos	25	conj	146	153
usc5-552-doj:u0093:s00	28	Federal	federal	ADJ	JJ	Degree=Pos	30	amod	154	161
usc5-552-doj:u0093:s00	29	Government	government	NOUN	NN	Number=Sing	30	compound	162	172
usc5-552-doj:u0093:s00	30	activity	activity	NOUN	NN	Number=Sing	23	nmod	173	181
usc5-552-doj:u0093:s00	31	.	.	PUNCT	.	_	2	punct	181	182
usc5-552-doj:u0094:s00	1	(	(	PUNCT	-LRB-	_	2	punct	0	1
usc5-552-doj:u0094:s00	2	vi	vi	X	LS	_	21	nummod	1	3
usc5-552-doj:u0094:s00	3	)	)	PUNCT	-RRB-	_	2	punct	3	4
usc5-552-doj:u0094:s00	4	A	a	DET	DT	Definite=Ind|PronType=Art	5	det	5	6
usc5-552-doj:u0094:s00	5	demonstration	demonstration	NOUN	NN	Number=Sing	21	nsubj:pass	7	20
usc5-552-doj:u0094:s00	6	of	of	ADP	IN	_	9	case	21	23
usc5-552-doj:u0094:s00	7	a	a	DET	DT	Definite=Ind|PronType=Art	9	det	24	25
usc5-552-doj:u0094:s00	8	compelling	compelling	ADJ	JJ	Degree=Pos	9	amod	26	36
usc5-552-doj:u0094:s00	9	need	need	NOUN	NN	Number=Sing	5	nmod	37	41
usc5-552-doj:u0094:s00	10	by	by	ADP	IN	_	12	case	42	44
usc5-552-doj:u0094:s00	11	a	a	DET	DT	Definite=Ind|PronType=Art	12	det	45	46
usc5-552-doj:u0094:s00	12	person	person	NOUN	NN	Number=Sing	9	nmod	47	53
usc5-552-doj:u0094:s00	13	making	make	VERB	VBG	VerbForm=Ger	9	acl	54	60
usc5-552-doj:u0094:s00	14	a	a	DET	DT	Definite=Ind|PronType=Art	15	det	61	62
usc5-552-doj:u0094:s00	15	request	request	NOUN	NN	Number=Sing	13	obj	63	70
usc5-552-doj:u0094:s00	16	for	for	ADP	IN	_	18	case	71	74
usc5-552-doj:u0094:s00	17	expedited	expedite	VERB	VBN	Tense=Past|VerbForm=Part	18	amod	75	84
usc5-552-doj:u0094:s00	18	processing	processing	NOUN	NN	Number=Sing	15	nmod	85	95
usc5-552-doj:u0094:s00	19	shall	shall	AUX	MD	VerbForm=Fin	21	aux	96	101
usc5-552-doj:u0094:s00	20	be	be	AUX	VB	VerbForm=Inf	21	aux:pass	102	104
usc5-552-doj:u0094:s00	21	made	make	VERB	VBN	Tense=Past|VerbForm=Part|Voice=Pass	0	root	105	109
usc5-552-doj:u0094:s00	22	by	by	ADP	IN	_	24	case	110	112
usc5-552-doj:u0094:s00	23	a	a	DET	DT	Definite=Ind|PronType=Art	24	det	113	114
usc5-552-doj:u0094:s00	24	statement	statement	NOUN	NN	Number=Sing	21	obl	115	124
usc5-552-doj:u0094:s00	25	certified	certify	VERB	VBN	Tense=Past|VerbForm=Part	24	acl	125	134
usc5-552-doj:u0094:s00	26	by	by	ADP	IN	_	28	case	135	137
usc5-552-doj:u0094:s00	27	such	such	ADJ	JJ	Degree=Pos	28	amod	138	142
usc5-552-doj:u0094:s00	28	person	person	NOUN	NN	Number=Sing	25	obl	143	149
usc5-552-doj:u0094:s00	29	to	to	PART	TO	_	31	mark	150	152
usc5-552-doj:u0094:s00	30	be	be	AUX	VB	VerbForm=Inf	31	cop	153	155
usc5-552-doj:u0094:s00	31	true	true	ADJ	JJ	Degree=Pos	25	xcomp	156	160
usc5-552-doj:u0094:s00	32	and	and	CCONJ	CC	_	33	cc	161	164
usc5-552-doj:u0094:s00	33	correct	correct	ADJ	JJ	Degree=Pos	31	conj	165	172
usc5-552-doj:u0094:s00	34	to	to	ADP	IN	_	36	case	173	175
usc5-552-doj:u0094:s00	35	the	the	DET	DT	Definite=Def|PronType=Art	36	det	176	179
usc5-552-doj:u0094:s00	36	best	best	ADJ	JJS	Degree=Sup	33	obl	180	184
usc5-552-doj:u0094:s00	37	of	of	ADP	IN	_	41	case	185	187
usc5-552-doj:u0094:s00	38	such	such	ADJ	JJ	Degree=Pos	39	amod	188	192
usc5-552-doj:u0094:s00	39	person	person	NOUN	NN	Number=Sing	41	nmod:poss	193	199
usc5-552-doj:u0094:s00	40	's	's	PART	POS	_	39	case	199	201
usc5-552-doj:u0094:s00	41	knowledge	knowledge	NOUN	NN	Number=Sing	36	obl	202	211
usc5-552-doj:u0094:s00	42	and	and	CCONJ	CC	_	43	cc	212	215
usc5-552-doj:u0094:s00	43	belief	belief	NOUN	NN	Number=Sing	41	conj	216	222
usc5-552-doj:u0094:s00	44	.	.	PUNCT	.	_	21	punct	222	223
usc5-552-doj:u0095:s00	1	(	(	PUNCT	-LRB-	_	2	punct	0	1
usc5-552-doj:u0095:s00	2	F	f	PROPN	NNP	Number=Sing	0	root	1	2
usc5-552-doj:u0095:s00	3	)	)	PUNCT	-RRB-	_	2	punct	2	3
usc5-552-doj:u0095:s01	1	In	in	SCONJ	IN	_	2	mark	0	2
usc5-552-doj:u0095:s01	2	denying	deny	VERB	VBG	VerbForm=Ger	17	advcl	3	10
usc5-552-doj:u0095:s01	3	a	a	DET	DT	Definite=Ind|PronType=Art	4	det	11	12
usc5-552-doj:u0095:s01	4	request	request	NOUN	NN	Number=Sing	2	obj	13	20
usc5-552-doj:u0095:s01	5	for	for	ADP	IN	_	6	case	21	24
usc5-552-doj:u0095:s01	6	records	record	NOUN	NNS	Number=Plur	4	nmod	25	32
usc5-552-doj:u0095:s01	7	,	,	PUNCT	,	_	17	punct	32	33
usc5-552-doj:u0095:s01	8	in	in	ADP	IN	_	9	case	34	36
usc5-552-doj:u0095:s01	9	whole	whole	ADJ	JJ	Degree=Pos	17	obl	37	42
usc5-552-doj:u0095:s01	10	or	or	CCONJ	CC	_	12	cc	43	45
usc5-552-doj:u0095:s01	11	in	in	ADP	IN	_	12	case	46	48
usc5-552-doj:u0095:s01	12	part	part	NOUN	NN	Number=Sing	9	conj	49	53
usc5-552-doj:u0095:s01	13	,	,	PUNCT	,	_	17	punct	53	54
usc5-552-doj:u0095:s01	14	an	a	DET	DT	Definite=Ind|PronType=Art	15	det	55	57
usc5-552-doj:u0095:s01	15	agency	agency	NOUN	NN	Number=Sing	17	nsubj	58	64
usc5-552-doj:u0095:s01	16	shall	shall	AUX	MD	VerbForm=Fin	17	aux	65	70
usc5-552-doj:u0095:s01	17	make	make	VERB	VB	VerbForm=Inf	0	root	71	75
usc5-552-doj:u0095:s01	18	a	a	DET	DT	Definite=Ind|PronType=Art	20	det	76	77
usc5-552-doj:u0095:s01	19	reasonable	reasonable	ADJ	JJ	Degree=Pos	20	amod	78	88
usc5-552-doj:u0095:s01	20	effort	effort	NOUN	NN	Number=Sing	17	obj	89	95
usc5-552-doj:u0095:s01	21	to	to	PART	TO	_	22	mark	96	98
usc5-552-doj:u0095:s01	22	estimate	estimate	VERB	VB	VerbForm=Inf	17	xcomp	99	107
usc5-552-doj:u0095:s01	23	the	the	DET	DT	Definite=Def|PronType=Art	24	det	108	111
usc5-552-doj:u0095:s01	24	volume	volume	NOUN	NN	Number=Sing	22	obj	112	118
usc5-552-doj:u0095:s01	25	of	of	ADP	IN	_	28	case	119	121
usc5-552-doj:u0095:s01	26	any	any	DET	DT	_	28	det	122	125
usc5-552-doj:u0095:s01	27	requested	request	VERB	VBN	Tense=Past|VerbForm=Part	28	amod	126	135
usc5-552-doj:u0095:s01	28	matter	matter	NOUN	NN	Number=Sing	24	nmod	136	142
usc5-552-doj:u0095:s01	29	the	the	DET	DT	Definite=Def|PronType=Art	30	det	143	146
usc5-552-doj:u0095:s01	30	provision	provision	NOUN	NN	Number=Sing	22	obl	147	156
usc5-552-doj:u0095:s01	31	of	of	ADP	IN	_	32	case	157	159
usc5-552-doj:u0095:s01	32	which	which	PRON	WDT	PronType=Rel	34	nsubj:pass	160	165
usc5-552-doj:u0095:s01	33	is	be	AUX	VBZ	Mood=Ind|Number=Sing|Person=3|Tense=Pres|VerbForm=Fin	34	aux:pass	166	168
usc5-552-doj:u0095:s01	34	denied	deny	VERB	VBN	Tense=Past|VerbForm=Part|Voice=Pass	30	acl:relcl	169	175
usc5-552-doj:u0095:s01	35	,	,	PUNCT	,	_	38	punct	175	176
usc5-552-doj:u0095:s01	36	and	and	CCONJ	CC	_	38	cc	177	180
usc5-552-doj:u0095:s01	37	shall	shall	AUX	MD	VerbForm=Fin	38	aux	181	186
usc5-552-doj:u0095:s01	38	provide	provide	VERB	VB	VerbForm=Inf	17	conj	187	194
usc5-552-doj:u0095:s01	39	any	any	DET	DT	_	41	det	195	198
usc5-552-doj:u0095:s01	40	such	such	ADJ	JJ	Degree=Pos	41	amod	199	203
usc5-552-doj:u0095:s01	41	estimate	estimate	NOUN	NN	Number=Sing	38	obj	204	212
usc5-552-doj:u0095:s01	42	to	to	ADP	IN	_	44	case	213	215
usc5-552-doj:u0095:s01	43	the	the	DET	DT	Definite=Def|PronType=Art	44	det	216	219
usc5-552-doj:u0095:s01	44	person	person	NOUN	NN	Number=Sing	41	nmod	220	226
usc5-552-doj:u0095:s01	45	making	make	VERB	VBG	VerbForm=Ger	38	xcomp	227	233
usc5-552-doj:u0095:s01	46	the	the	DET	DT	Definite=Def|PronType=Art	47	det	234	237
usc5-552-doj:u0095:s01	47	request	request	NOUN	NN	Number=Sing	45	obj	238	245
usc5-552-doj:u0095:s01	48	,	,	PUNCT	,	_	17	punct	245	246
usc5-552-doj:u0095:s01	49	unless	unless	SCONJ	IN	_	50	mark	247	253
usc5-552-doj:u0095:s01	50	providing	provide	VERB	VBG	VerbForm=Ger	17	advcl	254	263
usc5-552-doj:u0095:s01	51	such	such	ADJ	JJ	Degree=Pos	52	amod	264	268
usc5-552-doj:u0095:s01	52	estimate	estimate	NOUN	NN	Number=Sing	50	obj	269	277
usc5-552-doj:u0095:s01	53	would	would	AUX	MD	VerbForm=Fin	54	aux	278	283
usc5-552-doj:u0095:s01	54	harm	harm	VERB	VB	VerbForm=Inf	17	ccomp	284	288
usc5-552-doj:u0095:s01	55	an	a	DET	DT	Definite=Ind|PronType=Art	56	det	289	291
usc5-552-doj:u0095:s01	56	interest	interest	NOUN	NN	Number=Sing	54	obj	292	300
usc5-552-doj:u0095:s01	57	protected	protect	VERB	VBN	Tense=Past|VerbForm=Part	56	acl	301	310
usc5-552-doj:u0095:s01	58	by	by	ADP	IN	_	60	case	311	313
usc5-552-doj:u0095:s01	59	the	the	DET	DT	Definite=Def|PronType=Art	60	det	314	317
usc5-552-doj:u0095:s01	60	exemption	exemption	NOUN	NN	Number=Sing	57	obl	318	327
usc5-552-doj:u0095:s01	61	in	in	ADP	IN	_	62	case	328	330
usc5-552-doj:u0095:s01	62	subsection	subsection	NOUN	NN	Number=Sing	60	nmod	331	341
usc5-552-doj:u0095:s01	63	(	(	PUNCT	-LRB-	_	62	punct	342	343
usc5-552-doj:u0095:s01	64	b	b	X	LS	_	65	nummod	343	344
usc5-552-doj:u0095:s01	65	)	)	PUNCT	-RRB-	_	60	punct	344	345
usc5-552-doj:u0095:s01	66	pursuant	pursuant	ADV	RB	_	72	advmod	346	354
usc5-552-doj:u0095:s01	67	to	to	ADP	IN	_	68	case	355	357
usc5-552-doj:u0095:s01	68	which	which	PRON	WDT	PronType=Rel	72	obl	358	363
usc5-552-doj:u0095:s01	69	the	the	DET	DT	Definite=Def|PronType=Art	70	det	364	367
usc5-552-doj:u0095:s01	70	denial	denial	NOUN	NN	Number=Sing	72	nsubj:pass	368	374
usc5-552-doj:u0095:s01	71	is	be	AUX	VBZ	Mood=Ind|Number=Sing|Person=3|Tense=Pres|VerbForm=Fin	72	aux:pass	375	377
usc5-552-doj:u0095:s01	72	made	make	VERB	VBN	Tense=Past|VerbForm=Part|Voice=Pass	56	acl:relcl	378	382
usc5-552-doj:u0095:s01	73	.	.	PUNCT	.	_	17	punct	382	383
usc5-552-doj:u0096:s00	1	(	(	PUNCT	-LRB-	_	2	punct	0	1
usc5-552-doj:u0096:s00	2	7	7	X	LS	_	6	nummod	1	2
usc5-552-doj:u0096:s00	3	)	)	PUNCT	-RRB-	_	2	punct	2	3
usc5-552-doj:u0096:s00	4	Each	Each	DET	DT	_	6	det	4	8
usc5-552-doj:u0096:s00	5	agency	agency	NOUN	NN	Number=Sing	6	compound	9	15
usc5-552-doj:u0096:s00	6	shall	shall	NOUN	NN	Number=Sing	0	root	16	21
usc5-552-doj:u0096:s00	7	—	-	PUNCT	.	_	6	punct	21	22
usc5-552-doj:u0097:s00	1	(	(	PUNCT	-LRB-	_	2	punct	0	1
usc5-552-doj:u0097:s00	2	A	a	X	LS	_	4	nummod	1	2
usc5-552-doj:u0097:s00	3	)	)	PUNCT	-RRB-	_	2	punct	2	3
usc5-552-doj:u0097:s00	4	establish	establish	VERB	VB	VerbForm=Inf	0	root	4	13
usc5-552-doj:u0097:s00	5	a	a	DET	DT	Definite=Ind|PronType=Art	6	det	14	15
usc5-552-doj:u0097:s00	6	system	system	NOUN	NN	Number=Sing	4	obj	16	22
usc5-552-doj:u0097:s00	7	to	to	PART	TO	_	8	mark	23	25
usc5-552-doj:u0097:s00	8	assign	assign	VERB	VB	VerbForm=Inf	6	acl	26	32
usc5-552-doj:u0097:s00	9	an	a	DET	DT	Definite=Ind|PronType=Art	12	det	33	35
usc5-552-doj:u0097:s00	10	individualized	individualize	VERB	VBN	Tense=Past|VerbForm=Part	12	amod	36	50
usc5-552-doj:u0097:s00	11	tracking	tracking	NOUN	NN	Number=Sing	12	compound	51	59
usc5-552-doj:u0097:s00	12	number	number	NOUN	NN	Number=Sing	8	obj	60	66
usc5-552-doj:u0097:s00	13	for	for	ADP	IN	_	15	case	67	70
usc5-552-doj:u0097:s00	14	each	each	DET	DT	_	15	det	71	75
usc5-552-doj:u0097:s00	15	request	request	NOUN	NN	Number=Sing	12	nmod	76	83
usc5-552-doj:u0097:s00	16	received	receive	VERB	VBD	Mood=Ind|Tense=Past|VerbForm=Fin	42	conj	84	92
usc5-552-doj:u0097:s00	17	that	that	PRON	DT	Number=Sing|PronType=Dem	19	nsubj	93	97
usc5-552-doj:u0097:s00	18	will	will	AUX	MD	VerbForm=Fin	19	aux	98	102
usc5-552-doj:u0097:s00	19	take	take	VERB	VB	VerbForm=Inf	16	ccomp	103	107
usc5-552-doj:u0097:s00	20	longer	longer	ADV	RBR	Degree=Cmp	19	advmod	108	114
usc5-552-doj:u0097:s00	21	than	than	ADP	IN	_	23	case	115	119
usc5-552-doj:u0097:s00	22	ten	ten	NUM	CD	NumType=Card	23	nummod	120	123
usc5-552-doj:u0097:s00	23	days	day	NOUN	NNS	Number=Plur	19	obl	124	128
usc5-552-doj:u0097:s00	24	to	to	PART	TO	_	25	mark	129	131
usc5-552-doj:u0097:s00	25	process	process	VERB	VB	VerbForm=Inf	19	advcl	132	139
usc5-552-doj:u0097:s00	26	and	and	CCONJ	CC	_	27	cc	140	143
usc5-552-doj:u0097:s00	27	provide	provide	VERB	VB	VerbForm=Inf	25	conj	144	151
usc5-552-doj:u0097:s00	28	to	to	ADP	IN	_	30	case	152	154
usc5-552-doj:u0097:s00	29	each	each	DET	DT	_	30	det	155	159
usc5-552-doj:u0097:s00	30	person	person	NOUN	NN	Number=Sing	27	obl	160	166
usc5-552-doj:u0097:s00	31	making	make	VERB	VBG	VerbForm=Ger	30	acl	167	173
usc5-552-doj:u0097:s00	32	a	a	DET	DT	Definite=Ind|PronType=Art	33	det	174	175
usc5-552-doj:u0097:s00	33	request	request	NOUN	NN	Number=Sing	31	obj	176	183
usc5-552-doj:u0097:s00	34	the	the	DET	DT	Definite=Def|PronType=Art	36	det	184	187
usc5-552-doj:u0097:s00	35	tracking	track	VERB	VBG	VerbForm=Ger	36	amod	188	196
usc5-552-doj:u0097:s00	36	number	number	NOUN	NN	Number=Sing	33	obj	197	203
usc5-552-doj:u0097:s00	37	assigned	assign	VERB	VBN	Tense=Past|VerbForm=Part	36	acl	204	212
usc5-552-doj:u0097:s00	38	to	to	ADP	IN	_	40	case	213	215
usc5-552-doj:u0097:s00	39	the	the	DET	DT	Definite=Def|PronType=Art	40	det	216	219
usc5-552-doj:u0097:s00	40	request	request	NOUN	NN	Number=Sing	37	obl	220	227
usc5-552-doj:u0097:s00	41	;	;	PUNCT	,	_	16	punct	227	228
usc5-552-doj:u0097:s00	42	and	and	CCONJ	CC	_	6	cc	229	232
usc5-552-doj:u0098:s00	1	(	(	PUNCT	-LRB-	_	2	punct	0	1
usc5-552-doj:u0098:s00	2	B	b	X	LS	_	4	nummod	1	2
usc5-552-doj:u0098:s00	3	)	)	PUNCT	-RRB-	_	2	punct	2	3
usc5-552-doj:u0098:s00	4	establish	establish	VERB	VB	VerbForm=Inf	0	root	4	13
usc5-552-doj:u0098:s00	5	a	a	DET	DT	Definite=Ind|PronType=Art	7	det	14	15
usc5-552-doj:u0098:s00	6	telephone	telephone	NOUN	NN	Number=Sing	7	compound	16	25
usc5-552-doj:u0098:s00	7	line	line	NOUN	NN	Number=Sing	4	obj	26	30
usc5-552-doj:u0098:s00	8	or	or	CCONJ	CC	_	10	cc	31	33
usc5-552-doj:u0098:s00	9	Internet	internet	NOUN	NN	Number=Sing	10	compound	34	42
usc5-552-doj:u0098:s00	10	service	service	NOUN	NN	Number=Sing	7	conj	43	50
usc5-552-doj:u0098:s00	11	that	that	PRON	WDT	PronType=Rel	12	nsubj	51	55
usc5-552-doj:u0098:s00	12	provides	provide	VERB	VBZ	Mood=Ind|Number=Sing|Person=3|Tense=Pres|VerbForm=Fin	7	acl:relcl	56	64
usc5-552-doj:u0098:s00	13	information	information	NOUN	NN	Number=Sing	12	obj	65	76
usc5-552-doj:u0098:s00	14	about	about	ADP	IN	_	16	case	77	82
usc5-552-doj:u0098:s00	15	the	the	DET	DT	Definite=Def|PronType=Art	16	det	83	86
usc5-552-doj:u0098:s00	16	status	status	NOUN	NN	Number=Sing	13	nmod	87	93
usc5-552-doj:u0098:s00	17	of	of	ADP	IN	_	19	case	94	96
usc5-552-doj:u0098:s00	18	a	a	DET	DT	Definite=Ind|PronType=Art	19	det	97	98
usc5-552-doj:u0098:s00	19	request	request	NOUN	NN	Number=Sing	16	nmod	99	106
usc5-552-doj:u0098:s00	20	to	to	ADP	IN	_	22	case	107	109
usc5-552-doj:u0098:s00	21	the	the	DET	DT	Definite=Def|PronType=Art	22	det	110	113
usc5-552-doj:u0098:s00	22	person	person	NOUN	NN	Number=Sing	19	nmod	114	120
usc5-552-doj:u0098:s00	23	making	make	VERB	VBG	VerbForm=Ger	22	acl	121	127
usc5-552-doj:u0098:s00	24	the	the	DET	DT	Definite=Def|PronType=Art	25	det	128	131
usc5-552-doj:u0098:s00	25	request	request	NOUN	NN	Number=Sing	23	obj	132	139
usc5-552-doj:u0098:s00	26	using	use	VERB	VBG	VerbForm=Ger	4	acl	140	145
usc5-552-doj:u0098:s00	27	the	the	DET	DT	Definite=Def|PronType=Art	30	det	146	149
usc5-552-doj:u0098:s00	28	assigned	assign	VERB	VBN	Tense=Past|VerbForm=Part	30	amod	150	158
usc5-552-doj:u0098:s00	29	tracking	tracking	NOUN	NN	Number=Sing	30	compound	159	167
usc5-552-doj:u0098:s00	30	number	number	NOUN	NN	Number=Sing	26	obj	168	174
usc5-552-doj:u0098:s00	31	,	,	PUNCT	,	_	30	punct	174	175
usc5-552-doj:u0098:s00	32	including	include	VERB	VBG	VerbForm=Ger	4	acl	176	185
usc5-552-doj:u0098:s00	33	—	-	PUNCT	,	_	4	punct	185	186
usc5-552-doj:u0099:s00	1	(	(	PUNCT	-LRB-	_	2	punct	0	1
usc5-552-doj:u0099:s00	2	i	i	X	LS	_	5	nummod	1	2
usc5-552-doj:u0099:s00	3	)	)	PUNCT	-RRB-	_	2	punct	2	3
usc5-552-doj:u0099:s00	4	the	the	DET	DT	Definite=Def|PronType=Art	5	det	4	7
usc5-552-doj:u0099:s00	5	date	date	NOUN	NN	Number=Sing	0	root	8	12
usc5-552-doj:u0099:s00	6	on	on	ADP	IN	_	7	case	13	15
usc5-552-doj:u0099:s00	7	which	which	PRON	WDT	PronType=Rel	11	obl	16	21
usc5-552-doj:u0099:s00	8	the	the	DET	DT	Definite=Def|PronType=Art	9	det	22	25
usc5-552-doj:u0099:s00	9	agency	agency	NOUN	NN	Number=Sing	11	nsubj	26	32
usc5-552-doj:u0099:s00	10	originally	originally	ADV	RB	_	11	advmod	33	43
usc5-552-doj:u0099:s00	11	received	receive	VERB	VBD	Mood=Ind|Tense=Past|VerbForm=Fin	5	acl:relcl	44	52
usc5-552-doj:u0099:s00	12	the	the	DET	DT	Definite=Def|PronType=Art	13	det	53	56
usc5-552-doj:u0099:s00	13	request	request	NOUN	NN	Number=Sing	11	obj	57	64
usc5-552-doj:u0099:s00	14	;	;	PUNCT	,	_	5	punct	64	65
usc5-552-doj:u0099:s00	15	and	and	CCONJ	CC	_	5	cc	66	69
usc5-552-doj:u0100:s00	1	(	(	PUNCT	-LRB-	_	2	punct	0	1
usc5-552-doj:u0100:s00	2	ii	ii	X	LS	_	6	nummod	1	3
usc5-552-doj:u0100:s00	3	)	)	PUNCT	-RRB-	_	2	punct	3	4
usc5-552-doj:u0100:s00	4	an	a	DET	DT	Definite=Ind|PronType=Art	6	det	5	7
usc5-552-doj:u0100:s00	5	estimated	estimate	VERB	VBN	Tense=Past|VerbForm=Part	6	amod	8	17
usc5-552-doj:u0100:s00	6	date	date	NOUN	NN	Number=Sing	0	root	18	22
usc5-552-doj:u0100:s00	7	on	on	ADP	IN	_	8	case	23	25
usc5-552-doj:u0100:s00	8	which	which	PRON	WDT	PronType=Rel	12	obl	26	31
usc5-552-doj:u0100:s00	9	the	the	DET	DT	Definite=Def|PronType=Art	10	det	32	35
usc5-552-doj:u0100:s00	10	agency	agency	NOUN	NN	Number=Sing	12	nsubj	36	42
usc5-552-doj:u0100:s00	11	will	will	AUX	MD	VerbForm=Fin	12	aux	43	47
usc5-552-doj:u0100:s00	12	complete	complete	VERB	VB	VerbForm=Inf	6	acl:relcl	48	56
usc5-552-doj:u0100:s00	13	action	action	NOUN	NN	Number=Sing	12	obj	57	63
usc5-552-doj:u0100:s00	14	on	on	ADP	IN	_	16	case	64	66
usc5-552-doj:u0100:s00	15	the	the	DET	DT	Definite=Def|PronType=Art	16	det	67	70
usc5-552-doj:u0100:s00	16	request	request	NOUN	NN	Number=Sing	12	obl	71	78
usc5-552-doj:u0100:s00	17	.	.	PUNCT	.	_	6	punct	78	79
usc5-552-doj:u0101:s00	1	(	(	PUNCT	-LRB-	_	2	punct	0	1
usc5-552-doj:u0101:s00	2	8	8	X	LS	_	5	nummod	1	2
usc5-552-doj:u0101:s00	3	)	)	PUNCT	-RRB-	_	2	punct	2	3
usc5-552-doj:u0101:s00	4	(	(	PUNCT	-LRB-	_	2	punct	3	4
usc5-552-doj:u0101:s00	5	A	a	PROPN	NNP	Number=Sing	0	root	4	5
usc5-552-doj:u0101:s00	6	)	)	PUNCT	-RRB-	_	5	punct	5	6
usc5-552-doj:u0101:s00	7	An	a	DET	DT	Definite=Ind|PronType=Art	9	det	7	9
usc5-552-doj:u0101:s00	8	agency	agency	NOUN	NN	Number=Sing	9	compound	10	16
usc5-552-doj:u0101:s00	9	shall	shall	NOUN	NN	Number=Sing	5	appos	17	22
usc5-552-doj:u0101:s00	10	–	-	PUNCT	:	_	5	punct	23	24
usc5-552-doj:u0102:s00	1	(	(	PUNCT	-LRB-	_	2	punct	0	1
usc5-552-doj:u0102:s00	2	i	I	X	LS	_	5	nummod	1	2
usc5-552-doj:u0102:s00	3	)	)	PUNCT	-RRB-	_	2	punct	2	3
usc5-552-doj:u0102:s00	4	withhold	withhold	ADJ	JJ	Degree=Pos	5	amod	4	12
usc5-552-doj:u0102:s00	5	information	information	NOUN	NN	Number=Sing	0	root	13	24
usc5-552-doj:u0102:s00	6	under	under	ADP	IN	_	8	case	25	30
usc5-552-doj:u0102:s00	7	this	this	DET	DT	Number=Sing|PronType=Dem	8	det	31	35
usc5-552-doj:u0102:s00	8	section	section	NOUN	NN	Number=Sing	5	nmod	36	43
usc5-552-doj:u0102:s00	9	only	only	ADV	RB	_	10	advmod	44	48
usc5-552-doj:u0102:s00	10	if	if	SCONJ	IN	_	5	parataxis	49	51
usc5-552-doj:u0102:s00	11	–	-	PUNCT	NFP	_	10	punct	52	53
usc5-552-doj:u0103:s00	1	(	(	PUNCT	-LRB-	_	7	punct	0	1
usc5-552-doj:u0103:s00	2	I	I	PRON	PRP	Case=Nom|Number=Sing|Person=1|PronType=Prs	7	nsubj	1	2
usc5-552-doj:u0103:s00	3	)	)	PUNCT	-RRB-	_	7	punct	2	3
usc5-552-doj:u0103:s00	4	the	the	DET	DT	Definite=Def|PronType=Art	5	det	4	7
usc5-552-doj:u0103:s00	5	agency	agency	NOUN	NN	Number=Sing	7	nsubj	8	14
usc5-552-doj:u0103:s00	6	reasonably	reasonably	ADV	RB	_	7	advmod	15	25
usc5-552-doj:u0103:s00	7	foresees	foresee	VERB	VBZ	Mood=Ind|Number=Sing|Person=3|Tense=Pres|VerbForm=Fin	0	root	26	34
usc5-552-doj:u0103:s00	8	that	that	DET	DT	Number=Sing|PronType=Dem	9	det	35	39
usc5-552-doj:u0103:s00	9	disclosure	disclosure	NOUN	NN	Number=Sing	11	nsubj	40	50
usc5-552-doj:u0103:s00	10	would	would	AUX	MD	VerbForm=Fin	11	aux	51	56
usc5-552-doj:u0103:s00	11	harm	harm	VERB	VB	VerbForm=Inf	7	ccomp	57	61
usc5-552-doj:u0103:s00	12	an	a	DET	DT	Definite=Ind|PronType=Art	13	det	62	64
usc5-552-doj:u0103:s00	13	interest	interest	NOUN	NN	Number=Sing	11	obj	65	73
usc5-552-doj:u0103:s00	14	protected	protect	VERB	VBN	Tense=Past|VerbForm=Part	13	acl	74	83
usc5-552-doj:u0103:s00	15	by	by	ADP	IN	_	17	case	84	86
usc5-552-doj:u0103:s00	16	an	a	DET	DT	Definite=Ind|PronType=Art	17	det	87	89
usc5-552-doj:u0103:s00	17	exemption	exemption	NOUN	NN	Number=Sing	14	obl	90	99
usc5-552-doj:u0103:s00	18	described	describe	VERB	VBN	Tense=Past|VerbForm=Part	17	acl	100	109
usc5-552-doj:u0103:s00	19	in	in	ADP	IN	_	20	case	110	112
usc5-552-doj:u0103:s00	20	subsection	subsection	NOUN	NN	Number=Sing	18	obl	113	123
usc5-552-doj:u0103:s00	21	(	(	PUNCT	-LRB-	_	22	punct	124	125
usc5-552-doj:u0103:s00	22	b	b	NOUN	NN	Number=Sing	20	appos	125	126
usc5-552-doj:u0103:s00	23	)	)	PUNCT	-RRB-	_	22	punct	126	127
usc5-552-doj:u0103:s00	24	;	;	PUNCT	,	_	7	punct	127	128
usc5-552-doj:u0103:s00	25	or	or	CCONJ	CC	_	7	cc	129	131
usc5-552-doj:u0104:s00	1	(	(	PUNCT	-LRB-	_	2	punct	0	1
usc5-552-doj:u0104:s00	2	II	ii	X	LS	_	4	nummod	1	3
usc5-552-doj:u0104:s00	3	)	)	PUNCT	-RRB-	_	2	punct	3	4
usc5-552-doj:u0104:s00	4	disclosure	disclosure	NOUN	NN	Number=Sing	6	nsubj:pass	5	15
usc5-552-doj:u0104:s00	5	is	be	AUX	VBZ	Mood=Ind|Number=Sing|Person=3|Tense=Pres|VerbForm=Fin	6	aux:pass	16	18
usc5-552-doj:u0104:s00	6	prohibited	prohibit	VERB	VBN	Tense=Past|VerbForm=Part|Voice=Pass	0	root	19	29
usc5-552-doj:u0104:s00	7	by	by	ADP	IN	_	8	case	30	32
usc5-552-doj:u0104:s00	8	law	law	NOUN	NN	Number=Sing	6	obl	33	36
usc5-552-doj:u0104:s00	9	;	;	PUNCT	,	_	6	punct	36	37
usc5-552-doj:u0104:s00	10	and	and	CCONJ	CC	_	6	cc	38	41
usc5-552-doj:u0105:s00	1	(	(	PUNCT	-LRB-	_	2	punct	0	1
usc5-552-doj:u0105:s00	2	ii	ii	X	LS	_	5	nummod	1	3
usc5-552-doj:u0105:s00	3	)	)	PUNCT	-RRB-	_	2	punct	3	4
usc5-552-doj:u0105:s00	4	(	(	PUNCT	-LRB-	_	2	punct	4	5
usc5-552-doj:u0105:s00	5	I	I	PRON	PRP	Case=Nom|Number=Sing|Person=1|PronType=Prs	7	nsubj	5	6
usc5-552-doj:u0105:s00	6	)	)	PUNCT	-RRB-	_	5	punct	6	7
usc5-552-doj:u0105:s00	7	consider	consider	VERB	VBP	Mood=Ind|Tense=Pres|VerbForm=Fin	0	root	8	16
usc5-552-doj:u0105:s00	8	whether	whether	SCONJ	IN	_	14	mark	17	24
usc5-552-doj:u0105:s00	9	partial	partial	ADJ	JJ	Degree=Pos	10	amod	25	32
usc5-552-doj:u0105:s00	10	disclosure	disclosure	NOUN	NN	Number=Sing	14	nsubj	33	43
usc5-552-doj:u0105:s00	11	of	of	ADP	IN	_	12	case	44	46
usc5-552-doj:u0105:s00	12	information	information	NOUN	NN	Number=Sing	10	nmod	47	58
usc5-552-doj:u0105:s00	13	is	be	AUX	VBZ	Mood=Ind|Number=Sing|Person=3|Tense=Pres|VerbForm=Fin	14	cop	59	61
usc5-552-doj:u0105:s00	14	possible	possible	ADJ	JJ	Degree=Pos	18	advcl	62	70
usc5-552-doj:u0105:s00	15	whenever	whenever	ADV	WRB	PronType=Int	18	advmod	71	79
usc5-552-doj:u0105:s00	16	the	the	DET	DT	Definite=Def|PronType=Art	17	det	80	83
usc5-552-doj:u0105:s00	17	agency	agency	NOUN	NN	Number=Sing	18	nsubj	84	90
usc5-552-doj:u0105:s00	18	determines	determines	VERB	VBZ	Mood=Ind|Number=Sing|Person=3|Tense=Pres|VerbForm=Fin	7	conj	91	101
usc5-552-doj:u0105:s00	19	that	that	SCONJ	IN	_	29	mark	102	106
usc5-552-doj:u0105:s00	20	a	a	DET	DT	Definite=Ind|PronType=Art	22	det	107	108
usc5-552-doj:u0105:s00	21	full	full	ADJ	JJ	Degree=Pos	22	amod	109	113
usc5-552-doj:u0105:s00	22	disclosure	disclosure	NOUN	NN	Number=Sing	29	nsubj	114	124
usc5-552-doj:u0105:s00	23	of	of	ADP	IN	_	26	case	125	127
usc5-552-doj:u0105:s00	24	a	a	DET	DT	Definite=Ind|PronType=Art	26	det	128	129
usc5-552-doj:u0105:s00	25	requested	request	VERB	VBN	Tense=Past|VerbForm=Part	26	amod	130	139
usc5-552-doj:u0105:s00	26	record	record	NOUN	NN	Number=Sing	22	nmod	140	146
usc5-552-doj:u0105:s00	27	is	be	AUX	VBZ	Mood=Ind|Number=Sing|Person=3|Tense=Pres|VerbForm=Fin	29	cop	147	149
usc5-552-doj:u0105:s00	28	not	not	PART	RB	_	29	advmod	150	153
usc5-552-doj:u0105:s00	29	possible	possible	ADJ	JJ	Degree=Pos	18	ccomp	154	162
usc5-552-doj:u0105:s00	30	;	;	PUNCT	,	_	7	punct	162	163
usc5-552-doj:u0105:s00	31	and	and	CCONJ	CC	_	7	cc	164	167
usc5-552-doj:u0106:s00	1	(	(	PUNCT	-LRB-	_	2	punct	0	1
usc5-552-doj:u0106:s00	2	II	ii	X	LS	_	4	nummod	1	3
usc5-552-doj:u0106:s00	3	)	)	PUNCT	-RRB-	_	2	punct	3	4
usc5-552-doj:u0106:s00	4	take	take	VERB	VB	VerbForm=Inf	0	root	5	9
usc5-552-doj:u0106:s00	5	reasonable	reasonable	ADJ	JJ	Degree=Pos	6	amod	10	20
usc5-552-doj:u0106:s00	6	steps	step	NOUN	NNS	Number=Plur	4	obj	21	26
usc5-552-doj:u0106:s00	7	necessary	necessary	ADJ	JJ	Degree=Pos	6	amod	27	36
usc5-552-doj:u0106:s00	8	to	to	PART	TO	_	9	mark	37	39
usc5-552-doj:u0106:s00	9	segregate	segregate	VERB	VB	VerbForm=Inf	7	advcl	40	49
usc5-552-doj:u0106:s00	10	and	and	CCONJ	CC	_	11	cc	50	53
usc5-552-doj:u0106:s00	11	release	release	VERB	VB	VerbForm=Inf	9	conj	54	61
usc5-552-doj:u0106:s00	12	nonexempt	nonexempt	ADJ	JJ	Degree=Pos	13	amod	62	71
usc5-552-doj:u0106:s00	13	information	information	NOUN	NN	Number=Sing	9	obj	72	83
usc5-552-doj:u0106:s00	14	;	;	PUNCT	,	_	4	punct	83	84
usc5-552-doj:u0106:s00	15	and	and	CCONJ	CC	_	4	cc	85	88
usc5-552-doj:u0107:s00	1	(	(	PUNCT	-LRB-	_	2	punct	0	1
usc5-552-doj:u0107:s00	2	B	b	X	LS	_	0	root	1	2
usc5-552-doj:u0107:s00	3	)	)	PUNCT	-RRB-	_	2	punct	2	3
usc5-552-doj:u0107:s01	1	Nothing	nothing	PRON	NN	Number=Sing	5	nsubj	0	7
usc5-552-doj:u0107:s01	2	in	in	ADP	IN	_	4	case	8	10
usc5-552-doj:u0107:s01	3	this	this	DET	DT	Number=Sing|PronType=Dem	4	det	11	15
usc5-552-doj:u0107:s01	4	paragraph	paragraph	NOUN	NN	Number=Sing	1	nmod	16	25
usc5-552-doj:u0107:s01	5	requires	require	VERB	VBZ	Mood=Ind|Number=Sing|Person=3|Tense=Pres|VerbForm=Fin	0	root	26	34
usc5-552-doj:u0107:s01	6	disclosure	disclosure	NOUN	NN	Number=Sing	5	obj	35	45
usc5-552-doj:u0107:s01	7	of	of	ADP	IN	_	8	case	46	48
usc5-552-doj:u0107:s01	8	information	information	NOUN	NN	Number=Sing	6	nmod	49	60
usc5-552-doj:u0107:s01	9	that	that	PRON	WDT	PronType=Rel	12	nsubj:pass	61	65
usc5-552-doj:u0107:s01	10	is	be	AUX	VBZ	Mood=Ind|Number=Sing|Person=3|Tense=Pres|VerbForm=Fin	12	aux:pass	66	68
usc5-552-doj:u0107:s01	11	otherwise	otherwise	ADV	RB	_	12	advmod	69	78
usc5-552-doj:u0107:s01	12	prohibited	prohibit	VERB	VBN	Tense=Past|VerbForm=Part|Voice=Pass	6	acl:relcl	79	89
usc5-552-doj:u0107:s01	13	from	from	ADP	IN	_	14	case	90	94
usc5-552-doj:u0107:s01	14	disclosure	disclosure	NOUN	NN	Number=Sing	12	obl	95	105
usc5-552-doj:u0107:s01	15	by	by	ADP	IN	_	16	case	106	108
usc5-552-doj:u0107:s01	16	law	law	NOUN	NN	Number=Sing	12	obl	109	112
usc5-552-doj:u0107:s01	17	,	,	PUNCT	,	_	20	punct	112	113
usc5-552-doj:u0107:s01	18	or	or	CCONJ	CC	_	20	cc	114	116
usc5-552-doj:u0107:s01	19	otherwise	otherwise	ADV	RB	_	20	advmod	117	126
usc5-552-doj:u0107:s01	20	exempted	exempt	VERB	VBN	Tense=Past|VerbForm=Part	6	conj	127	135
usc5-552-doj:u0107:s01	21	from	from	ADP	IN	_	22	case	136	140
usc5-552-doj:u0107:s01	22	disclosure	disclosure	NOUN	NN	Number=Sing	20	obl	141	151
usc5-552-doj:u0107:s01	23	under	under	ADP	IN	_	24	case	152	157
usc5-552-doj:u0107:s01	24	subsection	subsection	NOUN	NN	Number=Sing	20	obl	158	168
usc5-552-doj:u0107:s01	25	(	(	PUNCT	-LRB-	_	26	punct	169	170
usc5-552-doj:u0107:s01	26	b	b	NOUN	NN	Number=Sing	24	appos	170	171
usc5-552-doj:u0107:s01	27	)	)	PUNCT	-RRB-	_	26	punct	171	172
usc5-552-doj:u0107:s01	28	(	(	PUNCT	-LRB-	_	26	punct	172	173
usc5-552-doj:u0107:s01	29	3	3	NUM	CD	NumType=Card	26	nummod	173	174
usc5-552-doj:u0107:s01	30	)	)	PUNCT	-RRB-	_	26	punct	174	175
usc5-552-doj:u0107:s01	31	.	.	PUNCT	.	_	5	punct	175	176
usc5-552-doj:u0108:s00	1	(	(	PUNCT	-LRB-	_	2	punct	0	1
usc5-552-doj:u0108:s00	2	b	b	X	LS	_	8	nummod	1	2
usc5-552-doj:u0108:s00	3	)	)	PUNCT	-RRB-	_	2	punct	2	3
usc5-552-doj:u0108:s00	4	This	this	DET	DT	Number=Sing|PronType=Dem	5	det	4	8
usc5-552-doj:u0108:s00	5	section	section	NOUN	NN	Number=Sing	8	nsubj	9	16
usc5-552-doj:u0108:s00	6	does	do	AUX	VBZ	Mood=Ind|Number=Sing|Person=3|Tense=Pres|VerbForm=Fin	8	aux	17	21
usc5-552-doj:u0108:s00	7	not	not	PART	RB	_	8	advmod	22	25
usc5-552-doj:u0108:s00	8	apply	apply	VERB	VB	VerbForm=Inf	0	root	26	31
usc5-552-doj:u0108:s00	9	to	to	ADP	IN	_	10	case	32	34
usc5-552-doj:u0108:s00	10	matters	matter	NOUN	NNS	Number=Plur	8	obl	35	42
usc5-552-doj:u0108:s00	11	that	that	PRON	WDT	PronType=Rel	12	nsubj	43	47
usc5-552-doj:u0108:s00	12	are	be	VERB	VBP	Mood=Ind|Tense=Pres|VerbForm=Fin	10	acl:relcl	48	51
usc5-552-doj:u0108:s00	13	—	-	PUNCT	.	_	8	punct	51	52
usc5-552-doj:u0109:s00	1	(	(	PUNCT	-LRB-	_	2	punct	0	1
usc5-552-doj:u0109:s00	2	1	1	X	LS	_	5	nummod	1	2
usc5-552-doj:u0109:s00	3	)	)	PUNCT	-RRB-	_	2	punct	2	3
usc5-552-doj:u0109:s00	4	(	(	PUNCT	-LRB-	_	2	punct	3	4
usc5-552-doj:u0109:s00	5	A	a	PROPN	NNP	Number=Sing	0	root	4	5
usc5-552-doj:u0109:s00	6	)	)	PUNCT	-RRB-	_	5	punct	5	6
usc5-552-doj:u0109:s00	7	specifically	specifically	ADV	RB	_	8	advmod	7	19
usc5-552-doj:u0109:s00	8	authorized	authorize	VERB	VBN	Tense=Past|VerbForm=Part	5	acl	20	30
usc5-552-doj:u0109:s00	9	under	under	ADP	IN	_	10	case	31	36
usc5-552-doj:u0109:s00	10	criteria	criterion	NOUN	NN	Number=Sing	8	obl	37	45
usc5-552-doj:u0109:s00	11	established	establish	VERB	VBN	Tense=Past|VerbForm=Part	18	acl	46	57
usc5-552-doj:u0109:s00	12	by	by	ADP	IN	_	15	case	58	60
usc5-552-doj:u0109:s00	13	an	a	DET	DT	Definite=Ind|PronType=Art	15	det	61	63
usc5-552-doj:u0109:s00	14	Executive	executive	ADJ	JJ	Degree=Pos	15	amod	64	73
usc5-552-doj:u0109:s00	15	order	order	NOUN	NN	Number=Sing	11	obl	74	79
usc5-552-doj:u0109:s00	16	to	to	PART	TO	_	18	mark	80	82
usc5-552-doj:u0109:s00	17	be	be	AUX	VB	VerbForm=Inf	18	aux:pass	83	85
usc5-552-doj:u0109:s00	18	kept	keep	VERB	VBN	Tense=Past|VerbForm=Part|Voice=Pass	10	acl	86	90
usc5-552-doj:u0109:s00	19	secret	secret	ADJ	JJ	Degree=Pos	18	xcomp	91	97
usc5-552-doj:u0109:s00	20	in	in	ADP	IN	_	22	case	98	100
usc5-552-doj:u0109:s00	21	the	the	DET	DT	Definite=Def|PronType=Art	22	det	101	104
usc5-552-doj:u0109:s00	22	interest	interest	NOUN	NN	Number=Sing	18	obl	105	113
usc5-552-doj:u0109:s00	23	of	of	ADP	IN	_	25	case	114	116
usc5-552-doj:u0109:s00	24	national	national	ADJ	JJ	Degree=Pos	25	amod	117	125
usc5-552-doj:u0109:s00	25	defense	defense	NOUN	NN	Number=Sing	22	nmod	126	133
usc5-552-doj:u0109:s00	26	or	or	CCONJ	CC	_	28	cc	134	136
usc5-552-doj:u0109:s00	27	foreign	foreign	ADJ	JJ	Degree=Pos	28	amod	137	144
usc5-552-doj:u0109:s00	28	policy	policy	NOUN	NN	Number=Sing	25	conj	145	151
usc5-552-doj:u0109:s00	29	and	and	CCONJ	CC	_	35	cc	152	155
usc5-552-doj:u0109:s00	30	(	(	PUNCT	-LRB-	_	31	punct	156	157
usc5-552-doj:u0109:s00	31	B	b	X	LS	_	35	nummod	157	158
usc5-552-doj:u0109:s00	32	)	)	PUNCT	-RRB-	_	31	punct	158	159
usc5-552-doj:u0109:s00	33	are	be	AUX	VBP	Mood=Ind|Tense=Pres|VerbForm=Fin	35	cop	160	163
usc5-552-doj:u0109:s00	34	in	in	ADP	IN	_	35	case	164	166
usc5-552-doj:u0109:s00	35	fact	fact	NOUN	NN	Number=Sing	5	conj	167	171
usc5-552-doj:u0109:s00	36	properly	properly	ADV	RB	_	37	advmod	172	180
usc5-552-doj:u0109:s00	37	classified	classify	VERB	VBN	Tense=Past|VerbForm=Part	35	acl	181	191
usc5-552-doj:u0109:s00	38	pursuant	pursuant	ADV	RB	_	37	advmod	192	200
usc5-552-doj:u0109:s00	39	to	to	ADP	IN	_	42	case	201	203
usc5-552-doj:u0109:s00	40	such	such	ADJ	JJ	Degree=Pos	42	amod	204	208
usc5-552-doj:u0109:s00	41	Executive	executive	ADJ	JJ	Degree=Pos	42	amod	209	218
usc5-552-doj:u0109:s00	42	order	order	NOUN	NN	Number=Sing	37	obl	219	224
usc5-552-doj:u0109:s00	43	;	;	PUNCT	,	_	5	punct	224	225
usc5-552-doj:u0110:s00	1	(	(	PUNCT	-LRB-	_	2	punct	0	1
usc5-552-doj:u0110:s00	2	2	2	X	LS	_	4	nummod	1	2
usc5-552-doj:u0110:s00	3	)	)	PUNCT	-RRB-	_	2	punct	2	3
usc5-552-doj:u0110:s00	4	related	relate	VERB	VBN	Tense=Past|VerbForm=Part	0	root	4	11
usc5-552-doj:u0110:s00	5	solely	solely	ADV	RB	_	4	advmod	12	18
usc5-552-doj:u0110:s00	6	to	to	ADP	IN	_	10	case	19	21
usc5-552-doj:u0110:s00	7	the	the	DET	DT	Definite=Def|PronType=Art	10	det	22	25
usc5-552-doj:u0110:s00	8	internal	internal	ADJ	JJ	Degree=Pos	10	amod	26	34
usc5-552-doj:u0110:s00	9	personnel	personnel	NOUN	NN	Number=Sing	10	compound	35	44
usc5-552-doj:u0110:s00	10	rules	rule	NOUN	NNS	Number=Plur	5	obl	45	50
usc5-552-doj:u0110:s00	11	and	and	CCONJ	CC	_	12	cc	51	54
usc5-552-doj:u0110:s00	12	practices	practice	NOUN	NNS	Number=Plur	10	conj	55	64
usc5-552-doj:u0110:s00	13	of	of	ADP	IN	_	15	case	65	67
usc5-552-doj:u0110:s00	14	an	a	DET	DT	Definite=Ind|PronType=Art	15	det	68	70
usc5-552-doj:u0110:s00	15	agency	agency	NOUN	NN	Number=Sing	10	nmod	71	77
usc5-552-doj:u0110:s00	16	;	;	PUNCT	,	_	4	punct	77	78
usc5-552-doj:u0111:s00	1	(	(	PUNCT	-LRB-	_	2	punct	0	1
usc5-552-doj:u0111:s00	2	3	3	X	LS	_	5	nummod	1	2
usc5-552-doj:u0111:s00	3	)	)	PUNCT	-RRB-	_	2	punct	2	3
usc5-552-doj:u0111:s00	4	specifically	specifically	ADV	RB	_	5	advmod	4	16
usc5-552-doj:u0111:s00	5	exempted	exempt	VERB	VBN	Tense=Past|VerbForm=Part	0	root	17	25
usc5-552-doj:u0111:s00	6	from	from	ADP	IN	_	7	case	26	30
usc5-552-doj:u0111:s00	7	disclosure	disclosure	NOUN	NN	Number=Sing	5	obl	31	41
usc5-552-doj:u0111:s00	8	by	by	ADP	IN	_	9	case	42	44
usc5-552-doj:u0111:s00	9	statute	statute	NOUN	NN	Number=Sing	5	obl	45	52
usc5-552-doj:u0111:s00	10	(	(	PUNCT	-LRB-	_	11	punct	53	54
usc5-552-doj:u0111:s00	11	other	other	ADJ	JJ	Degree=Pos	5	amod	54	59
usc5-552-doj:u0111:s00	12	than	than	ADP	IN	_	13	case	60	64
usc5-552-doj:u0111:s00	13	section	section	NOUN	NN	Number=Sing	11	obl	65	72
usc5-552-doj:u0111:s00	14	552	552	NUM	CD	NumType=Card	15	nummod	73	76
usc5-552-doj:u0111:s00	15	b	b	NOUN	NN	Number=Sing	13	nmod	76	77
usc5-552-doj:u0111:s00	16	of	of	ADP	IN	_	18	case	78	80
usc5-552-doj:u0111:s00	17	this	this	DET	DT	Number=Sing|PronType=Dem	18	det	81	85
usc5-552-doj:u0111:s00	18	title	title	NOUN	NN	Number=Sing	15	nmod	86	91
usc5-552-doj:u0111:s00	19	)	)	PUNCT	-RRB-	_	11	punct	91	92
usc5-552-doj:u0111:s00	20	,	,	PUNCT	,	_	5	punct	92	93
usc5-552-doj:u0111:s00	21	if	if	SCONJ	IN	_	23	mark	94	96
usc5-552-doj:u0111:s00	22	that	that	DET	DT	Number=Sing|PronType=Dem	23	det	97	101
usc5-552-doj:u0111:s00	23	statute	statute	NOUN	NN	Number=Sing	5	advcl	102	109
usc5-552-doj:u0111:s00	24	--	--	PUNCT	,	_	5	punct	109	111
usc5-552-doj:u0112:s00	1	(	(	PUNCT	-LRB-	_	2	punct	0	1
usc5-552-doj:u0112:s00	2	A	a	NOUN	NN	Number=Sing	7	nsubj	1	2
usc5-552-doj:u0112:s00	3	)	)	PUNCT	-RRB-	_	2	punct	2	3
usc5-552-doj:u0112:s00	4	(	(	PUNCT	-LRB-	_	2	punct	3	4
usc5-552-doj:u0112:s00	5	i	I	PRON	PRP	Case=Nom|Number=Sing|Person=1|PronType=Prs	2	nsubj	4	5
usc5-552-doj:u0112:s00	6	)	)	PUNCT	-RRB-	_	2	punct	5	6
usc5-552-doj:u0112:s00	7	requires	require	VERB	VBZ	Mood=Ind|Number=Sing|Person=3|Tense=Pres|VerbForm=Fin	29	conj	7	15
usc5-552-doj:u0112:s00	8	that	that	SCONJ	IN	_	12	mark	16	20
usc5-552-doj:u0112:s00	9	the	the	DET	DT	Definite=Def|PronType=Art	10	det	21	24
usc5-552-doj:u0112:s00	10	matters	matters	NOUN	NNS	Number=Plur	12	nsubj:pass	25	32
usc5-552-doj:u0112:s00	11	be	be	AUX	VB	VerbForm=Inf	12	aux:pass	33	35
usc5-552-doj:u0112:s00	12	withheld	withheld	VERB	VBN	Tense=Past|VerbForm=Part|Voice=Pass	7	ccomp	36	44
usc5-552-doj:u0112:s00	13	from	from	ADP	IN	_	15	case	45	49
usc5-552-doj:u0112:s00	14	the	the	DET	DT	Definite=Def|PronType=Art	15	det	50	53
usc5-552-doj:u0112:s00	15	public	public	NOUN	NN	Number=Sing	12	obl	54	60
usc5-552-doj:u0112:s00	16	in	in	ADP	IN	_	19	case	61	63
usc5-552-doj:u0112:s00	17	such	such	DET	PDT	_	19	det:predet	64	68
usc5-552-doj:u0112:s00	18	a	a	DET	DT	Definite=Ind|PronType=Art	19	det	69	70
usc5-552-doj:u0112:s00	19	manner	manner	NOUN	NN	Number=Sing	12	obl	71	77
usc5-552-doj:u0112:s00	20	as	as	SCONJ	IN	_	22	mark	78	80
usc5-552-doj:u0112:s00	21	to	to	PART	TO	_	22	mark	81	83
usc5-552-doj:u0112:s00	22	leave	leave	VERB	VB	VerbForm=Inf	12	advcl	84	89
usc5-552-doj:u0112:s00	23	no	no	DET	DT	_	24	det	90	92
usc5-552-doj:u0112:s00	24	discretion	discretion	NOUN	NN	Number=Sing	22	obj	93	103
usc5-552-doj:u0112:s00	25	on	on	ADP	IN	_	27	case	104	106
usc5-552-doj:u0112:s00	26	the	the	DET	DT	Definite=Def|PronType=Art	27	det	107	110
usc5-552-doj:u0112:s00	27	issue	issue	NOUN	NN	Number=Sing	24	nmod	111	116
usc5-552-doj:u0112:s00	28	;	;	PUNCT	,	_	7	punct	116	117
usc5-552-doj:u0112:s00	29	or	or	CCONJ	CC	_	0	root	118	120
usc5-552-doj:u0113:s00	1	(	(	PUNCT	-LRB-	_	2	punct	0	1
usc5-552-doj:u0113:s00	2	ii	ii	X	LS	_	4	nummod	1	3
usc5-552-doj:u0113:s00	3	)	)	PUNCT	-RRB-	_	2	punct	3	4
usc5-552-doj:u0113:s00	4	establishes	establish	VERB	VBZ	Mood=Ind|Number=Sing|Person=3|Tense=Pres|VerbForm=Fin	0	root	5	16
usc5-552-doj:u0113:s00	5	particular	particular	ADJ	JJ	Degree=Pos	6	amod	17	27
usc5-552-doj:u0113:s00	6	criteria	criteria	NOUN	NN	Number=Sing	4	obj	28	36
usc5-552-doj:u0113:s00	7	for	for	ADP	IN	_	8	case	37	40
usc5-552-doj:u0113:s00	8	withholding	withholding	NOUN	NN	Number=Sing	6	nmod	41	52
usc5-552-doj:u0113:s00	9	or	or	CCONJ	CC	_	10	cc	53	55
usc5-552-doj:u0113:s00	10	refers	refer	VERB	VBZ	Mood=Ind|Number=Sing|Person=3|Tense=Pres|VerbForm=Fin	4	conj	56	62
usc5-552-doj:u0113:s00	11	to	to	ADP	IN	_	13	case	63	65
usc5-552-doj:u0113:s00	12	particular	particular	ADJ	JJ	Degree=Pos	13	amod	66	76
usc5-552-doj:u0113:s00	13	types	type	NOUN	NNS	Number=Plur	10	obl	77	82
usc5-552-doj:u0113:s00	14	of	of	ADP	IN	_	15	case	83	85
usc5-552-doj:u0113:s00	15	matters	matter	NOUN	NNS	Number=Plur	13	nmod	86	93
usc5-552-doj:u0113:s00	16	to	to	PART	TO	_	18	mark	94	96
usc5-552-doj:u0113:s00	17	be	be	AUX	VB	VerbForm=Inf	18	aux:pass	97	99
usc5-552-doj:u0113:s00	18	withheld	withheld	VERB	VBN	Tense=Past|VerbForm=Part|Voice=Pass	10	xcomp	100	108
usc5-552-doj:u0113:s00	19	;	;	PUNCT	,	_	4	punct	108	109
usc5-552-doj:u0113:s00	20	and	and	CCONJ	CC	_	4	cc	110	113
usc5-552-doj:u0114:s00	1	(	(	PUNCT	-LRB-	_	2	punct	0	1
usc5-552-doj:u0114:s00	2	B	b	X	LS	_	20	nummod	1	2
usc5-552-doj:u0114:s00	3	)	)	PUNCT	-RRB-	_	2	punct	2	3
usc5-552-doj:u0114:s00	4	if	if	SCONJ	IN	_	5	mark	4	6
usc5-552-doj:u0114:s00	5	enacted	enact	VERB	VBN	Tense=Past|VerbForm=Part	20	advcl	7	14
usc5-552-doj:u0114:s00	6	after	after	ADP	IN	_	8	case	15	20
usc5-552-doj:u0114:s00	7	the	the	DET	DT	Definite=Def|PronType=Art	8	det	21	24
usc5-552-doj:u0114:s00	8	date	date	NOUN	NN	Number=Sing	5	obl	25	29
usc5-552-doj:u0114:s00	9	of	of	ADP	IN	_	10	case	30	32
usc5-552-doj:u0114:s00	10	enactment	enactment	NOUN	NN	Number=Sing	8	nmod	33	42
usc5-552-doj:u0114:s00	11	of	of	ADP	IN	_	15	case	43	45
usc5-552-doj:u0114:s00	12	the	the	DET	DT	Definite=Def|PronType=Art	15	det	46	49
usc5-552-doj:u0114:s00	13	OPEN	open	PROPN	NNP	Number=Sing	14	compound	50	54
usc5-552-doj:u0114:s00	14	FOIA	FOIA	PROPN	NNP	Number=Sing	15	compound	55	59
usc5-552-doj:u0114:s00	15	Act	Act	PROPN	NNP	Number=Sing	10	nmod	60	63
usc5-552-doj:u0114:s00	16	of	of	ADP	IN	_	17	case	64	66
usc5-552-doj:u0114:s00	17	2009	2009	NUM	CD	NumType=Card	15	nmod	67	71
usc5-552-doj:u0114:s00	18	,	,	PUNCT	,	_	20	punct	71	72
usc5-552-doj:u0114:s00	19	specifically	specifically	ADV	RB	_	20	advmod	73	85
usc5-552-doj:u0114:s00	20	cites	cite	VERB	VBZ	Mood=Ind|Number=Sing|Person=3|Tense=Pres|VerbForm=Fin	0	root	86	91
usc5-552-doj:u0114:s00	21	to	to	ADP	IN	_	23	case	92	94
usc5-552-doj:u0114:s00	22	this	this	DET	DT	Number=Sing|PronType=Dem	23	det	95	99
usc5-552-doj:u0114:s00	23	paragraph	paragraph	NOUN	NN	Number=Sing	20	obl	100	109
usc5-552-doj:u0114:s00	24	.	.	PUNCT	.	_	20	punct	109	110
usc5-552-doj:u0115:s00	1	(	(	PUNCT	-LRB-	_	2	punct	0	1
usc5-552-doj:u0115:s00	2	4	4	X	LS	_	5	nummod	1	2
usc5-552-doj:u0115:s00	3	)	)	PUNCT	-RRB-	_	2	punct	2	3
usc5-552-doj:u0115:s00	4	trade	trade	NOUN	NN	Number=Sing	5	compound	4	9
usc5-552-doj:u0115:s00	5	secrets	secret	NOUN	NNS	Number=Plur	0	root	10	17
usc5-552-doj:u0115:s00	6	and	and	CCONJ	CC	_	10	cc	18	21
usc5-552-doj:u0115:s00	7	commercial	commercial	ADJ	JJ	Degree=Pos	10	amod	22	32
usc5-552-doj:u0115:s00	8	or	or	CCONJ	CC	_	9	cc	33	35
usc5-552-doj:u0115:s00	9	financial	financial	ADJ	JJ	Degree=Pos	7	conj	36	45
usc5-552-doj:u0115:s00	10	information	information	NOUN	NN	Number=Sing	5	conj	46	57
usc5-552-doj:u0115:s00	11	obtained	obtain	VERB	VBN	Tense=Past|VerbForm=Part	5	acl	58	66
usc5-552-doj:u0115:s00	12	from	from	ADP	IN	_	14	case	67	71
usc5-552-doj:u0115:s00	13	a	a	DET	DT	Definite=Ind|PronType=Art	14	det	72	73
usc5-552-doj:u0115:s00	14	person	person	NOUN	NN	Number=Sing	11	obl	74	80
usc5-552-doj:u0115:s00	15	and	and	CCONJ	CC	_	16	cc	81	84
usc5-552-doj:u0115:s00	16	privileged	privileged	ADJ	JJ	Degree=Pos	14	conj	85	95
usc5-552-doj:u0115:s00	17	or	or	CCONJ	CC	_	18	cc	96	98
usc5-552-doj:u0115:s00	18	confidential	confidential	ADJ	JJ	Degree=Pos	14	conj	99	111
usc5-552-doj:u0115:s00	19	;	;	PUNCT	,	_	5	punct	111	112
usc5-552-doj:u0116:s00	1	(	(	PUNCT	-LRB-	_	2	punct	0	1
usc5-552-doj:u0116:s00	2	5	5	X	LS	_	8	nummod	1	2
usc5-552-doj:u0116:s00	3	)	)	PUNCT	-RRB-	_	2	punct	2	3
usc5-552-doj:u0116:s00	4	inter	inter	NOUN	NN	Number=Sing	5	compound	4	9
usc5-552-doj:u0116:s00	5	-agency	-agency	NOUN	NN	Number=Sing	8	compound	9	16
usc5-552-doj:u0116:s00	6	or	or	CCONJ	CC	_	7	cc	17	19
usc5-552-doj:u0116:s00	7	intra-agency	intra-agency	NOUN	NN	Number=Sing	5	conj	20	32
usc5-552-doj:u0116:s00	8	memorandums	memorandum	NOUN	NNS	Number=Plur	31	nsubj	33	44
usc5-552-doj:u0116:s00	9	or	or	CCONJ	CC	_	10	cc	45	47
usc5-552-doj:u0116:s00	10	letters	letter	NOUN	NNS	Number=Plur	8	conj	48	55
usc5-552-doj:u0116:s00	11	that	that	PRON	WDT	PronType=Rel	15	nsubj	56	60
usc5-552-doj:u0116:s00	12	would	would	AUX	MD	VerbForm=Fin	15	aux	61	66
usc5-552-doj:u0116:s00	13	not	not	PART	RB	_	15	advmod	67	70
usc5-552-doj:u0116:s00	14	be	be	AUX	VB	VerbForm=Inf	15	cop	71	73
usc5-552-doj:u0116:s00	15	available	available	ADJ	JJ	Degree=Pos	8	acl:relcl	74	83
usc5-552-doj:u0116:s00	16	by	by	ADP	IN	_	17	case	84	86
usc5-552-doj:u0116:s00	17	law	law	NOUN	NN	Number=Sing	15	obl	87	90
usc5-552-doj:u0116:s00	18	to	to	ADP	IN	_	20	case	91	93
usc5-552-doj:u0116:s00	19	a	a	DET	DT	Definite=Ind|PronType=Art	20	det	94	95
usc5-552-doj:u0116:s00	20	party	party	NOUN	NN	Number=Sing	17	nmod	96	101
usc5-552-doj:u0116:s00	21	other	other	ADJ	JJ	Degree=Pos	20	amod	102	107
usc5-552-doj:u0116:s00	22	than	than	ADP	IN	_	24	case	108	112
usc5-552-doj:u0116:s00	23	an	a	DET	DT	Definite=Ind|PronType=Art	24	det	113	115
usc5-552-doj:u0116:s00	24	agency	agency	NOUN	NN	Number=Sing	21	obl	116	122
usc5-552-doj:u0116:s00	25	in	in	ADP	IN	_	26	case	123	125
usc5-552-doj:u0116:s00	26	litigation	litigation	NOUN	NN	Number=Sing	24	nmod	126	136
usc5-552-doj:u0116:s00	27	with	with	ADP	IN	_	29	case	137	141
usc5-552-doj:u0116:s00	28	the	the	DET	DT	Definite=Def|PronType=Art	29	det	142	145
usc5-552-doj:u0116:s00	29	agency	agency	NOUN	NN	Number=Sing	26	nmod	146	152
usc5-552-doj:u0116:s00	30	,	,	PUNCT	,	_	31	punct	152	153
usc5-552-doj:u0116:s00	31	provided	provide	VERB	VBD	Mood=Ind|Tense=Past|VerbForm=Fin	0	root	154	162
usc5-552-doj:u0116:s00	32	that	that	SCONJ	IN	_	39	mark	163	167
usc5-552-doj:u0116:s00	33	the	the	DET	DT	Definite=Def|PronType=Art	36	det	168	171
usc5-552-doj:u0116:s00	34	deliberative	deliberative	ADJ	JJ	Degree=Pos	36	amod	172	184
usc5-552-doj:u0116:s00	35	process	process	NOUN	NN	Number=Sing	36	compound	185	192
usc5-552-doj:u0116:s00	36	privilege	privilege	NOUN	NN	Number=Sing	39	nsubj	193	202
usc5-552-doj:u0116:s00	37	shall	shall	AUX	MD	VerbForm=Fin	39	aux	203	208
usc5-552-doj:u0116:s00	38	not	not	PART	RB	_	39	advmod	209	212
usc5-552-doj:u0116:s00	39	apply	apply	VERB	VB	VerbForm=Inf	31	ccomp	213	218
usc5-552-doj:u0116:s00	40	to	to	ADP	IN	_	41	case	219	221
usc5-552-doj:u0116:s00	41	records	record	NOUN	NNS	Number=Plur	39	obl	222	229
usc5-552-doj:u0116:s00	42	created	create	VERB	VBN	Tense=Past|VerbForm=Part	44	amod	230	237
usc5-552-doj:u0116:s00	43	25	25	NUM	CD	NumType=Card	44	nummod	238	240
usc5-552-doj:u0116:s00	44	years	year	NOUN	NNS	Number=Plur	39	obl:tmod	241	246
usc5-552-doj:u0116:s00	45	or	or	CCONJ	CC	_	46	cc	247	249
usc5-552-doj:u0116:s00	46	more	more	ADJ	JJR	Degree=Cmp	44	conj	250	254
usc5-552-doj:u0116:s00	47	before	before	ADP	IN	_	49	case	255	261
usc5-552-doj:u0116:s00	48	the	the	DET	DT	Definite=Def|PronType=Art	49	det	262	265
usc5-552-doj:u0116:s00	49	date	date	NOUN	NN	Number=Sing	46	obl	266	270
usc5-552-doj:u0116:s00	50	on	on	ADP	IN	_	51	case	271	273
usc5-552-doj:u0116:s00	51	which	which	PRON	WDT	PronType=Rel	55	obl	274	279
usc5-552-doj:u0116:s00	52	the	the	DET	DT	Definite=Def|PronType=Art	53	det	280	283
usc5-552-doj:u0116:s00	53	records	record	NOUN	NNS	Number=Plur	55	nsubj:pass	284	291
usc5-552-doj:u0116:s00	54	were	be	AUX	VBD	Mood=Ind|Tense=Past|VerbForm=Fin	55	aux:pass	292	296
usc5-552-doj:u0116:s00	55	requested	request	VERB	VBN	Tense=Past|VerbForm=Part|Voice=Pass	49	acl:relcl	297	306
usc5-552-doj:u0116:s00	56	;	;	PUNCT	,	_	31	punct	306	307
usc5-552-doj:u0117:s00	1	(	(	PUNCT	-LRB-	_	2	punct	0	1
usc5-552-doj:u0117:s00	2	6	6	X	LS	_	4	nummod	1	2
usc5-552-doj:u0117:s00	3	)	)	PUNCT	-RRB-	_	2	punct	2	3
usc5-552-doj:u0117:s00	4	personnel	personnel	NOUN	NN	Number=Sing	0	root	4	13
usc5-552-doj:u0117:s00	5	and	and	CCONJ	CC	_	7	cc	14	17
usc5-552-doj:u0117:s00	6	medical	medical	ADJ	JJ	Degree=Pos	7	amod	18	25
usc5-552-doj:u0117:s00	7	files	file	NOUN	NNS	Number=Plur	4	conj	26	31
usc5-552-doj:u0117:s00	8	and	and	CCONJ	CC	_	10	cc	32	35
usc5-552-doj:u0117:s00	9	similar	similar	ADJ	JJ	Degree=Pos	10	amod	36	43
usc5-552-doj:u0117:s00	10	files	file	NOUN	NNS	Number=Plur	16	conj	44	49
usc5-552-doj:u0117:s00	11	the	the	DET	DT	Definite=Def|PronType=Art	12	det	50	53
usc5-552-doj:u0117:s00	12	disclosure	disclosure	NOUN	NN	Number=Sing	16	nsubj	54	64
usc5-552-doj:u0117:s00	13	of	of	ADP	IN	_	14	case	65	67
usc5-552-doj:u0117:s00	14	which	which	PRON	WDT	PronType=Rel	12	nmod	68	73
usc5-552-doj:u0117:s00	15	would	would	AUX	MD	VerbForm=Fin	16	aux	74	79
usc5-552-doj:u0117:s00	16	constitute	constitute	VERB	VB	VerbForm=Inf	4	conj	80	90
usc5-552-doj:u0117:s00	17	a	a	DET	DT	Definite=Ind|PronType=Art	20	det	91	92
usc5-552-doj:u0117:s00	18	clearly	clearly	ADV	RB	_	19	advmod	93	100
usc5-552-doj:u0117:s00	19	unwarranted	unwarranted	ADJ	JJ	Degree=Pos	20	amod	101	112
usc5-552-doj:u0117:s00	20	invasion	invasion	NOUN	NN	Number=Sing	16	obj	113	121
usc5-552-doj:u0117:s00	21	of	of	ADP	IN	_	23	case	122	124
usc5-552-doj:u0117:s00	22	personal	personal	ADJ	JJ	Degree=Pos	23	amod	125	133
usc5-552-doj:u0117:s00	23	privacy	privacy	NOUN	NN	Number=Sing	20	nmod	134	141
usc5-552-doj:u0117:s00	24	;	;	PUNCT	,	_	4	punct	141	142
usc5-552-doj:u0118:s00	1	(	(	PUNCT	-LRB-	_	2	punct	0	1
usc5-552-doj:u0118:s00	2	7	7	X	LS	_	4	nummod	1	2
usc5-552-doj:u0118:s00	3	)	)	PUNCT	-RRB-	_	2	punct	2	3
usc5-552-doj:u0118:s00	4	records	record	NOUN	NNS	Number=Plur	45	nsubj	4	11
usc5-552-doj:u0118:s00	5	or	or	CCONJ	CC	_	6	cc	12	14
usc5-552-doj:u0118:s00	6	information	information	NOUN	NN	Number=Sing	4	conj	15	26
usc5-552-doj:u0118:s00	7	compiled	compile	VERB	VBN	Tense=Past|VerbForm=Part	4	acl	27	35
usc5-552-doj:u0118:s00	8	for	for	ADP	IN	_	11	case	36	39
usc5-552-doj:u0118:s00	9	law	law	NOUN	NN	Number=Sing	11	compound	40	43
usc5-552-doj:u0118:s00	10	enforcement	enforcement	NOUN	NN	Number=Sing	11	compound	44	55
usc5-552-doj:u0118:s00	11	purposes	purpose	NOUN	NNS	Number=Plur	7	obl	56	64
usc5-552-doj:u0118:s00	12	,	,	PUNCT	,	_	17	punct	64	65
usc5-552-doj:u0118:s00	13	but	but	CCONJ	CC	_	17	cc	66	69
usc5-552-doj:u0118:s00	14	only	only	ADV	RB	_	17	advmod	70	74
usc5-552-doj:u0118:s00	15	to	to	ADP	IN	_	17	case	75	77
usc5-552-doj:u0118:s00	16	the	the	DET	DT	Definite=Def|PronType=Art	17	det	78	81
usc5-552-doj:u0118:s00	17	extent	extent	NOUN	NN	Number=Sing	4	conj	82	88
usc5-552-doj:u0118:s00	18	that	that	SCONJ	IN	_	34	mark	89	93
usc5-552-doj:u0118:s00	19	the	the	DET	DT	Definite=Def|PronType=Art	20	det	94	97
usc5-552-doj:u0118:s00	20	production	production	NOUN	NN	Number=Sing	34	nsubj:pass	98	108
usc5-552-doj:u0118:s00	21	of	of	ADP	IN	_	25	case	109	111
usc5-552-doj:u0118:s00	22	such	such	ADJ	JJ	Degree=Pos	25	amod	112	116
usc5-552-doj:u0118:s00	23	law	law	NOUN	NN	Number=Sing	24	compound	117	120
usc5-552-doj:u0118:s00	24	enforcement	enforcement	NOUN	NN	Number=Sing	25	compound	121	132
usc5-552-doj:u0118:s00	25	records	record	NOUN	NNS	Number=Plur	20	nmod	133	140
usc5-552-doj:u0118:s00	26	or	or	CCONJ	CC	_	27	cc	141	143
usc5-552-doj:u0118:s00	27	information	information	NOUN	NN	Number=Sing	25	conj	144	155
usc5-552-doj:u0118:s00	28	(	(	PUNCT	-LRB-	_	20	punct	156	157
usc5-552-doj:u0118:s00	29	A	a	PROPN	NNP	Number=Sing	20	appos	157	158
usc5-552-doj:u0118:s00	30	)	)	PUNCT	-RRB-	_	29	punct	158	159
usc5-552-doj:u0118:s00	31	could	could	AUX	MD	VerbForm=Fin	34	aux	160	165
usc5-552-doj:u0118:s00	32	reasonably	reasonably	ADV	RB	_	34	advmod	166	176
usc5-552-doj:u0118:s00	33	be	be	AUX	VB	VerbForm=Inf	34	aux:pass	177	179
usc5-552-doj:u0118:s00	34	expected	expect	VERB	VBN	Tense=Past|VerbForm=Part|Voice=Pass	17	acl	180	188
usc5-552-doj:u0118:s00	35	to	to	PART	TO	_	36	mark	189	191
usc5-552-doj:u0118:s00	36	interfere	interfere	VERB	VB	VerbForm=Inf	34	xcomp	192	201
usc5-552-doj:u0118:s00	37	with	with	ADP	IN	_	39	case	202	206
usc5-552-doj:u0118:s00	38	enforcement	enforcement	NOUN	NN	Number=Sing	39	compound	207	218
usc5-552-doj:u0118:s00	39	proceedings	proceedings	NOUN	NNS	Number=Plur	36	obl	219	230
usc5-552-doj:u0118:s00	40	,	,	PUNCT	,	_	4	punct	230	231
usc5-552-doj:u0118:s00	41	(	(	PUNCT	-LRB-	_	4	punct	232	233
usc5-552-doj:u0118:s00	42	B	b	X	LS	_	4	appos	233	234
usc5-552-doj:u0118:s00	43	)	)	PUNCT	-RRB-	_	4	punct	234	235
usc5-552-doj:u0118:s00	44	would	would	AUX	MD	VerbForm=Fin	45	aux	236	241
usc5-552-doj:u0118:s00	45	deprive	deprive	VERB	VB	VerbForm=Inf	0	root	242	249
usc5-552-doj:u0118:s00	46	a	a	DET	DT	Definite=Ind|PronType=Art	47	det	250	251
usc5-552-doj:u0118:s00	47	person	person	NOUN	NN	Number=Sing	45	obj	252	258
usc5-552-doj:u0118:s00	48	of	of	ADP	IN	_	50	case	259	261
usc5-552-doj:u0118:s00	49	a	a	DET	DT	Definite=Ind|PronType=Art	50	det	262	263
usc5-552-doj:u0118:s00	50	right	right	NOUN	NN	Number=Sing	47	nmod	264	269
usc5-552-doj:u0118:s00	51	to	to	ADP	IN	_	54	case	270	272
usc5-552-doj:u0118:s00	52	a	a	DET	DT	Definite=Ind|PronType=Art	54	det	273	274
usc5-552-doj:u0118:s00	53	fair	fair	ADJ	JJ	Degree=Pos	54	amod	275	279
usc5-552-doj:u0118:s00	54	trial	trial	NOUN	NN	Number=Sing	45	obl	280	285
usc5-552-doj:u0118:s00	55	or	or	CCONJ	CC	_	58	cc	286	288
usc5-552-doj:u0118:s00	56	an	a	DET	DT	Definite=Ind|PronType=Art	58	det	289	291
usc5-552-doj:u0118:s00	57	impartial	impartial	ADJ	JJ	Degree=Pos	58	amod	292	301
usc5-552-doj:u0118:s00	58	adjudication	adjudication	NOUN	NN	Number=Sing	54	conj	302	314
usc5-552-doj:u0118:s00	59	,	,	PUNCT	,	_	45	punct	314	315
usc5-552-doj:u0118:s00	60	(	(	PUNCT	-LRB-	_	61	punct	316	317
usc5-552-doj:u0118:s00	61	C	c	PROPN	NNP	Number=Sing	45	appos	317	318
usc5-552-doj:u0118:s00	62	)	)	PUNCT	-RRB-	_	61	punct	318	319
usc5-552-doj:u0118:s00	63	could	could	AUX	MD	VerbForm=Fin	66	aux	320	325
usc5-552-doj:u0118:s00	64	reasonably	reasonably	ADV	RB	_	66	advmod	326	336
usc5-552-doj:u0118:s00	65	be	be	AUX	VB	VerbForm=Inf	66	aux:pass	337	339
usc5-552-doj:u0118:s00	66	expected	expect	VERB	VBN	Tense=Past|VerbForm=Part|Voice=Pass	45	conj	340	348
usc5-552-doj:u0118:s00	67	to	to	PART	TO	_	68	mark	349	351
usc5-552-doj:u0118:s00	68	constitute	constitute	VERB	VB	VerbForm=Inf	66	xcomp	352	362
usc5-552-doj:u0118:s00	69	an	a	DET	DT	Definite=Ind|PronType=Art	71	det	363	365
usc5-552-doj:u0118:s00	70	unwarranted	unwarranted	ADJ	JJ	Degree=Pos	71	amod	366	377
usc5-552-doj:u0118:s00	71	invasion	invasion	NOUN	NN	Number=Sing	68	obj	378	386
usc5-552-doj:u0118:s00	72	of	of	ADP	IN	_	74	case	387	389
usc5-552-doj:u0118:s00	73	personal	personal	ADJ	JJ	Degree=Pos	74	amod	390	398
usc5-552-doj:u0118:s00	74	privacy	privacy	NOUN	NN	Number=Sing	71	nmod	399	406
usc5-552-doj:u0118:s00	75	,	,	PUNCT	,	_	45	punct	406	407
usc5-552-doj:u0118:s00	76	(	(	PUNCT	-LRB-	_	77	punct	408	409
usc5-552-doj:u0118:s00	77	D	D	PROPN	NNP	Number=Sing	45	appos	409	410
usc5-552-doj:u0118:s00	78	)	)	PUNCT	-RRB-	_	77	punct	410	411
usc5-552-doj:u0118:s00	79	could	could	AUX	MD	VerbForm=Fin	82	aux	412	417
usc5-552-doj:u0118:s00	80	reasonably	reasonably	ADV	RB	_	82	advmod	418	428
usc5-552-doj:u0118:s00	81	be	be	AUX	VB	VerbForm=Inf	82	aux:pass	429	431
usc5-552-doj:u0118:s00	82	expected	expect	VERB	VBN	Tense=Past|VerbForm=Part|Voice=Pass	45	parataxis	432	440
usc5-552-doj:u0118:s00	83	to	to	PART	TO	_	84	mark	441	443
usc5-552-doj:u0118:s00	84	disclose	disclose	VERB	VB	VerbForm=Inf	82	advcl	444	452
usc5-552-doj:u0118:s00	85	the	the	DET	DT	Definite=Def|PronType=Art	86	det	453	456
usc5-552-doj:u0118:s00	86	identity	identity	NOUN	NN	Number=Sing	84	obj	457	465
usc5-552-doj:u0118:s00	87	of	of	ADP	IN	_	90	case	466	468
usc5-552-doj:u0118:s00	88	a	a	DET	DT	Definite=Ind|PronType=Art	90	det	469	470
usc5-552-doj:u0118:s00	89	confidential	confidential	ADJ	JJ	Degree=Pos	90	amod	471	483
usc5-552-doj:u0118:s00	90	source	source	NOUN	NN	Number=Sing	86	nmod	484	490
usc5-552-doj:u0118:s00	91	,	,	PUNCT	,	_	90	punct	490	491
usc5-552-doj:u0118:s00	92	including	include	VERB	VBG	VerbForm=Ger	94	case	492	501
usc5-552-doj:u0118:s00	93	a	a	DET	DT	Definite=Ind|PronType=Art	94	det	502	503
usc5-552-doj:u0118:s00	94	State	State	NOUN	NN	Number=Sing	90	nmod	504	509
usc5-552-doj:u0118:s00	95	,	,	PUNCT	,	_	96	punct	509	510
usc5-552-doj:u0118:s00	96	local	local	ADJ	JJ	Degree=Pos	94	conj	511	516
usc5-552-doj:u0118:s00	97	,	,	PUNCT	,	_	100	punct	516	517
usc5-552-doj:u0118:s00	98	or	or	CCONJ	CC	_	100	cc	518	520
usc5-552-doj:u0118:s00	99	foreign	foreign	ADJ	JJ	Degree=Pos	100	amod	521	528
usc5-552-doj:u0118:s00	100	agency	agency	NOUN	NN	Number=Sing	94	conj	529	535
usc5-552-doj:u0118:s00	101	or	or	CCONJ	CC	_	102	cc	536	538
usc5-552-doj:u0118:s00	102	authority	authority	NOUN	NN	Number=Sing	100	conj	539	548
usc5-552-doj:u0118:s00	103	or	or	CCONJ	CC	_	106	cc	549	551
usc5-552-doj:u0118:s00	104	any	any	DET	DT	_	106	det	552	555
usc5-552-doj:u0118:s00	105	private	private	ADJ	JJ	Degree=Pos	106	amod	556	563
usc5-552-doj:u0118:s00	106	institution	institution	NOUN	NN	Number=Sing	94	conj	564	575
usc5-552-doj:u0118:s00	107	which	which	PRON	WDT	PronType=Rel	108	nsubj	576	581
usc5-552-doj:u0118:s00	108	furnished	furnish	VERB	VBD	Mood=Ind|Tense=Past|VerbForm=Fin	90	acl:relcl	582	591
usc5-552-doj:u0118:s00	109	information	information	NOUN	NN	Number=Sing	108	obj	592	603
usc5-552-doj:u0118:s00	110	on	on	ADP	IN	_	113	case	604	606
usc5-552-doj:u0118:s00	111	a	a	DET	DT	Definite=Ind|PronType=Art	113	det	607	608
usc5-552-doj:u0118:s00	112	confidential	confidential	ADJ	JJ	Degree=Pos	113	amod	609	621
usc5-552-doj:u0118:s00	113	basis	basis	NOUN	NN	Number=Sing	109	nmod	622	627
usc5-552-doj:u0118:s00	114	,	,	PUNCT	,	_	119	punct	627	628
usc5-552-doj:u0118:s00	115	and	and	CCONJ	CC	_	119	cc	629	632
usc5-552-doj:u0118:s00	116	,	,	PUNCT	,	_	119	punct	632	633
usc5-552-doj:u0118:s00	117	in	in	ADP	IN	_	119	case	634	636
usc5-552-doj:u0118:s00	118	the	the	DET	DT	Definite=Def|PronType=Art	119	det	637	640
usc5-552-doj:u0118:s00	119	case	case	NOUN	NN	Number=Sing	109	conj	641	645
usc5-552-doj:u0118:s00	120	of	of	ADP	IN	_	122	case	646	648
usc5-552-doj:u0118:s00	121	a	a	DET	DT	Definite=Ind|PronType=Art	122	det	649	650
usc5-552-doj:u0118:s00	122	record	record	NOUN	NN	Number=Sing	119	nmod	651	657
usc5-552-doj:u0118:s00	123	or	or	CCONJ	CC	_	124	cc	658	660
usc5-552-doj:u0118:s00	124	information	information	NOUN	NN	Number=Sing	122	conj	661	672
usc5-552-doj:u0118:s00	125	compiled	compile	VERB	VBN	Tense=Past|VerbForm=Part	122	acl	673	681
usc5-552-doj:u0118:s00	126	by	by	ADP	IN	_	131	case	682	684
usc5-552-doj:u0118:s00	127	a	a	DET	DT	Definite=Ind|PronType=Art	131	det	685	686
usc5-552-doj:u0118:s00	128	criminal	criminal	ADJ	JJ	Degree=Pos	131	amod	687	695
usc5-552-doj:u0118:s00	129	law	law	NOUN	NN	Number=Sing	130	compound	696	699
usc5-552-doj:u0118:s00	130	enforcement	enforcement	NOUN	NN	Number=Sing	131	compound	700	711
usc5-552-doj:u0118:s00	131	authority	authority	NOUN	NN	Number=Sing	125	obl	712	721
usc5-552-doj:u0118:s00	132	in	in	ADP	IN	_	134	case	722	724
usc5-552-doj:u0118:s00	133	the	the	DET	DT	Definite=Def|PronType=Art	134	det	725	728
usc5-552-doj:u0118:s00	134	course	course	NOUN	NN	Number=Sing	131	nmod	729	735
usc5-552-doj:u0118:s00	135	of	of	ADP	IN	_	138	case	736	738
usc5-552-doj:u0118:s00	136	a	a	DET	DT	Definite=Ind|PronType=Art	138	det	739	740
usc5-552-doj:u0118:s00	137	criminal	criminal	ADJ	JJ	Degree=Pos	138	amod	741	749
usc5-552-doj:u0118:s00	138	investigation	investigation	NOUN	NN	Number=Sing	134	nmod	750	763
usc5-552-doj:u0118:s00	139	or	or	CCONJ	CC	_	142	cc	764	766
usc5-552-doj:u0118:s00	140	by	by	ADP	IN	_	142	case	767	769
usc5-552-doj:u0118:s00	141	an	a	DET	DT	Definite=Ind|PronType=Art	142	det	770	772
usc5-552-doj:u0118:s00	142	agency	agency	NOUN	NN	Number=Sing	134	conj	773	779
usc5-552-doj:u0118:s00	143	conducting	conducte	VERB	VBG	VerbForm=Ger	142	acl	780	790
usc5-552-doj:u0118:s00	144	a	a	DET	DT	Definite=Ind|PronType=Art	149	det	791	792
usc5-552-doj:u0118:s00	145	lawful	lawful	ADJ	JJ	Degree=Pos	149	amod	793	799
usc5-552-doj:u0118:s00	146	national	national	ADJ	JJ	Degree=Pos	147	amod	800	808
usc5-552-doj:u0118:s00	147	security	security	NOUN	NN	Number=Sing	149	compound	809	817
usc5-552-doj:u0118:s00	148	intelligence	intelligence	NOUN	NN	Number=Sing	149	compound	818	830
usc5-552-doj:u0118:s00	149	investigation	investigation	NOUN	NN	Number=Sing	143	obj	831	844
usc5-552-doj:u0118:s00	150	,	,	PUNCT	,	_	149	punct	844	845
usc5-552-doj:u0118:s00	151	information	information	NOUN	NN	Number=Sing	149	conj	846	857
usc5-552-doj:u0118:s00	152	furnished	furnish	VERB	VBN	Tense=Past|VerbForm=Part	151	acl	858	867
usc5-552-doj:u0118:s00	153	by	by	ADP	IN	_	156	case	868	870
usc5-552-doj:u0118:s00	154	a	a	DET	DT	Definite=Ind|PronType=Art	156	det	871	872
usc5-552-doj:u0118:s00	155	confidential	confidential	ADJ	JJ	Degree=Pos	156	amod	873	885
usc5-552-doj:u0118:s00	156	source	source	NOUN	NN	Number=Sing	152	obl	886	892
usc5-552-doj:u0118:s00	157	,	,	PUNCT	,	_	109	punct	892	893
usc5-552-doj:u0118:s00	158	(	(	PUNCT	-LRB-	_	109	punct	894	895
usc5-552-doj:u0118:s00	159	E	e	PROPN	NNP	Number=Sing	109	appos	895	896
usc5-552-doj:u0118:s00	160	)	)	PUNCT	-RRB-	_	109	punct	896	897
usc5-552-doj:u0118:s00	161	would	would	AUX	MD	VerbForm=Fin	162	aux	898	903
usc5-552-doj:u0118:s00	162	disclose	disclose	VERB	VB	VerbForm=Inf	84	ccomp	904	912
usc5-552-doj:u0118:s00	163	techniques	technique	NOUN	NNS	Number=Plur	162	obj	913	923
usc5-552-doj:u0118:s00	164	and	and	CCONJ	CC	_	165	cc	924	927
usc5-552-doj:u0118:s00	165	procedures	procedure	NOUN	NNS	Number=Plur	163	conj	928	938
usc5-552-doj:u0118:s00	166	for	for	ADP	IN	_	169	case	939	942
usc5-552-doj:u0118:s00	167	law	law	NOUN	NN	Number=Sing	168	compound	943	946
usc5-552-doj:u0118:s00	168	enforcement	enforcement	NOUN	NN	Number=Sing	169	compound	947	958
usc5-552-doj:u0118:s00	169	investigations	investigations	NOUN	NNS	Number=Plur	162	obl	959	973
usc5-552-doj:u0118:s00	170	or	or	CCONJ	CC	_	171	cc	974	976
usc5-552-doj:u0118:s00	171	prosecutions	prosecution	NOUN	NNS	Number=Plur	169	conj	977	989
usc5-552-doj:u0118:s00	172	,	,	PUNCT	,	_	175	punct	989	990
usc5-552-doj:u0118:s00	173	or	or	CCONJ	CC	_	175	cc	991	993
usc5-552-doj:u0118:s00	174	would	would	AUX	MD	VerbForm=Fin	175	aux	994	999
usc5-552-doj:u0118:s00	175	disclose	disclose	VERB	VB	VerbForm=Inf	162	conj	1000	1008
usc5-552-doj:u0118:s00	176	guidelines	guideline	NOUN	NNS	Number=Plur	175	obj	1009	1019
usc5-552-doj:u0118:s00	177	for	for	ADP	IN	_	180	case	1020	1023
usc5-552-doj:u0118:s00	178	law	law	NOUN	NN	Number=Sing	179	compound	1024	1027
usc5-552-doj:u0118:s00	179	enforcement	enforcement	NOUN	NN	Number=Sing	180	compound	1028	1039
usc5-552-doj:u0118:s00	180	investigations	investigations	NOUN	NNS	Number=Plur	176	nmod	1040	1054
usc5-552-doj:u0118:s00	181	or	or	CCONJ	CC	_	182	cc	1055	1057
usc5-552-doj:u0118:s00	182	prosecutions	prosecutions	NOUN	NNS	Number=Plur	180	conj	1058	1070
usc5-552-doj:u0118:s00	183	if	if	SCONJ	IN	_	189	mark	1071	1073
usc5-552-doj:u0118:s00	184	such	such	ADJ	JJ	Degree=Pos	185	amod	1074	1078
usc5-552-doj:u0118:s00	185	disclosure	disclosure	NOUN	NN	Number=Sing	189	nsubj:pass	1079	1089
usc5-552-doj:u0118:s00	186	could	could	AUX	MD	VerbForm=Fin	189	aux	1090	1095
usc5-552-doj:u0118:s00	187	reasonably	reasonably	ADV	RB	_	189	advmod	1096	1106
usc5-552-doj:u0118:s00	188	be	be	AUX	VB	VerbForm=Inf	189	aux:pass	1107	1109
usc5-552-doj:u0118:s00	189	expected	expect	VERB	VBN	Tense=Past|VerbForm=Part|Voice=Pass	180	acl	1110	1118
usc5-552-doj:u0118:s00	190	to	to	PART	TO	_	191	mark	1119	1121
usc5-552-doj:u0118:s00	191	risk	risk	VERB	VB	VerbForm=Inf	189	advcl	1122	1126
usc5-552-doj:u0118:s00	192	circumvention	circumvention	NOUN	NN	Number=Sing	191	obj	1127	1140
usc5-552-doj:u0118:s00	193	of	of	ADP	IN	_	195	case	1141	1143
usc5-552-doj:u0118:s00	194	the	the	DET	DT	Definite=Def|PronType=Art	195	det	1144	1147
usc5-552-doj:u0118:s00	195	law	law	NOUN	NN	Number=Sing	192	nmod	1148	1151
usc5-552-doj:u0118:s00	196	,	,	PUNCT	,	_	199	punct	1151	1152
usc5-552-doj:u0118:s00	197	or	or	CCONJ	CC	_	199	cc	1153	1155
usc5-552-doj:u0118:s00	198	(	(	PUNCT	-LRB-	_	199	punct	1156	1157
usc5-552-doj:u0118:s00	199	F	F	PROPN	NNP	Number=Sing	191	conj	1157	1158
usc5-552-doj:u0118:s00	200	)	)	PUNCT	-RRB-	_	199	punct	1158	1159
usc5-552-doj:u0118:s00	201	could	could	AUX	MD	VerbForm=Fin	204	aux	1160	1165
usc5-552-doj:u0118:s00	202	reasonably	reasonably	ADV	RB	_	204	advmod	1166	1176
usc5-552-doj:u0118:s00	203	be	be	AUX	VB	VerbForm=Inf	204	aux:pass	1177	1179
usc5-552-doj:u0118:s00	204	expected	expect	VERB	VBN	Tense=Past|VerbForm=Part|Voice=Pass	82	conj	1180	1188
usc5-552-doj:u0118:s00	205	to	to	PART	TO	_	206	mark	1189	1191
usc5-552-doj:u0118:s00	206	endanger	endanger	VERB	VB	VerbForm=Inf	204	xcomp	1192	1200
usc5-552-doj:u0118:s00	207	the	the	DET	DT	Definite=Def|PronType=Art	208	det	1201	1204
usc5-552-doj:u0118:s00	208	life	life	NOUN	NN	Number=Sing	206	obj	1205	1209
usc5-552-doj:u0118:s00	209	or	or	CCONJ	CC	_	211	cc	1210	1212
usc5-552-doj:u0118:s00	210	physical	physical	ADJ	JJ	Degree=Pos	211	amod	1213	1221
usc5-552-doj:u0118:s00	211	safety	safety	NOUN	NN	Number=Sing	208	conj	1222	1228
usc5-552-doj:u0118:s00	212	of	of	ADP	IN	_	214	case	1229	1231
usc5-552-doj:u0118:s00	213	any	any	DET	DT	_	214	det	1232	1235
usc5-552-doj:u0118:s00	214	individual	individual	NOUN	NN	Number=Sing	208	nmod	1236	1246
usc5-552-doj:u0118:s00	215	;	;	PUNCT	,	_	45	punct	1246	1247
usc5-552-doj:u0119:s00	1	(	(	PUNCT	-LRB-	_	2	punct	0	1
usc5-552-doj:u0119:s00	2	8	8	X	LS	_	4	nummod	1	2
usc5-552-doj:u0119:s00	3	)	)	PUNCT	-RRB-	_	2	punct	2	3
usc5-552-doj:u0119:s00	4	contained	contain	VERB	VBN	Tense=Past|VerbForm=Part	0	root	4	13
usc5-552-doj:u0119:s00	5	in	in	ADP	IN	_	9	case	14	16
usc5-552-doj:u0119:s00	6	or	or	CCONJ	CC	_	7	cc	17	19
usc5-552-doj:u0119:s00	7	related	related	VERB	VBN	Tense=Past|VerbForm=Part	5	conj	20	27
usc5-552-doj:u0119:s00	8	to	to	ADP	IN	_	5	fixed	28	30
usc5-552-doj:u0119:s00	9	examination	examination	NOUN	NN	Number=Sing	4	obl	31	42
usc5-552-doj:u0119:s00	10	,	,	PUNCT	,	_	11	punct	42	43
usc5-552-doj:u0119:s00	11	operating	operate	NOUN	NN	Number=Sing	9	conj	44	53
usc5-552-doj:u0119:s00	12	,	,	PUNCT	,	_	15	punct	53	54
usc5-552-doj:u0119:s00	13	or	or	CCONJ	CC	_	15	cc	55	57
usc5-552-doj:u0119:s00	14	condition	condition	NOUN	NN	Number=Sing	15	compound	58	67
usc5-552-doj:u0119:s00	15	reports	report	NOUN	NNS	Number=Plur	9	conj	68	75
usc5-552-doj:u0119:s00	16	prepared	prepare	VERB	VBN	Tense=Past|VerbForm=Part	9	acl	76	84
usc5-552-doj:u0119:s00	17	by	by	ADP	IN	_	20	case	85	87
usc5-552-doj:u0119:s00	18	,	,	PUNCT	,	_	20	punct	87	88
usc5-552-doj:u0119:s00	19	on	on	ADP	IN	_	20	case	89	91
usc5-552-doj:u0119:s00	20	behalf	behalf	NOUN	NN	Number=Sing	16	obl	92	98
usc5-552-doj:u0119:s00	21	of	of	ADP	IN	_	26	case	99	101
usc5-552-doj:u0119:s00	22	,	,	PUNCT	,	_	26	punct	101	102
usc5-552-doj:u0119:s00	23	or	or	CCONJ	CC	_	26	cc	103	105
usc5-552-doj:u0119:s00	24	for	for	ADP	IN	_	26	case	106	109
usc5-552-doj:u0119:s00	25	the	the	DET	DT	Definite=Def|PronType=Art	26	det	110	113
usc5-552-doj:u0119:s00	26	use	use	NOUN	NN	Number=Sing	20	nmod	114	117
usc5-552-doj:u0119:s00	27	of	of	ADP	IN	_	29	case	118	120
usc5-552-doj:u0119:s00	28	an	a	DET	DT	Definite=Ind|PronType=Art	29	det	121	123
usc5-552-doj:u0119:s00	29	agency	agency	NOUN	NN	Number=Sing	26	nmod	124	130
usc5-552-doj:u0119:s00	30	responsible	responsible	ADJ	JJ	Degree=Pos	29	amod	131	142
usc5-552-doj:u0119:s00	31	for	for	ADP	IN	_	33	case	143	146
usc5-552-doj:u0119:s00	32	the	the	DET	DT	Definite=Def|PronType=Art	33	det	147	150
usc5-552-doj:u0119:s00	33	regulation	regulation	NOUN	NN	Number=Sing	30	obl	151	161
usc5-552-doj:u0119:s00	34	or	or	CCONJ	CC	_	35	cc	162	164
usc5-552-doj:u0119:s00	35	supervision	supervision	NOUN	NN	Number=Sing	33	conj	165	176
usc5-552-doj:u0119:s00	36	of	of	ADP	IN	_	38	case	177	179
usc5-552-doj:u0119:s00	37	financial	financial	ADJ	JJ	Degree=Pos	38	amod	180	189
usc5-552-doj:u0119:s00	38	institutions	institution	NOUN	NNS	Number=Plur	33	nmod	190	202
usc5-552-doj:u0119:s00	39	;	;	PUNCT	,	_	4	punct	202	203
usc5-552-doj:u0119:s00	40	or	or	CCONJ	CC	_	4	cc	204	206
usc5-552-doj:u0120:s00	1	(	(	PUNCT	-LRB-	_	2	punct	0	1
usc5-552-doj:u0120:s00	2	9	9	X	LS	_	4	nummod	1	2
usc5-552-doj:u0120:s00	3	)	)	PUNCT	-RRB-	_	2	punct	2	3
usc5-552-doj:u0120:s00	4	geological	geological	ADJ	JJ	Degree=Pos	7	amod	4	14
usc5-552-doj:u0120:s00	5	and	and	CCONJ	CC	_	6	cc	15	18
usc5-552-doj:u0120:s00	6	geophysical	geophysical	ADJ	JJ	Degree=Pos	4	conj	19	30
usc5-552-doj:u0120:s00	7	information	information	NOUN	NN	Number=Sing	0	root	31	42
usc5-552-doj:u0120:s00	8	and	and	CCONJ	CC	_	9	cc	43	46
usc5-552-doj:u0120:s00	9	data	data	NOUN	NN	Number=Sing	7	conj	47	51
usc5-552-doj:u0120:s00	10	,	,	PUNCT	,	_	7	punct	51	52
usc5-552-doj:u0120:s00	11	including	include	VERB	VBG	VerbForm=Ger	12	case	53	62
usc5-552-doj:u0120:s00	12	maps	map	NOUN	NNS	Number=Plur	7	nmod	63	67
usc5-552-doj:u0120:s00	13	,	,	PUNCT	,	_	7	punct	67	68
usc5-552-doj:u0120:s00	14	concerning	concern	VERB	VBG	VerbForm=Ger	15	case	69	79
usc5-552-doj:u0120:s00	15	wells	well	NOUN	NNS	Number=Plur	7	nmod	80	85
usc5-552-doj:u0120:s00	16	.	.	PUNCT	.	_	7	punct	85	86
usc5-552-doj:u0121:s00	1	Any	any	DET	DT	_	4	det	0	3
usc5-552-doj:u0121:s00	2	reasonably	reasonably	ADV	RB	_	3	advmod	4	14
usc5-552-doj:u0121:s00	3	segregable	segregable	ADJ	JJ	Degree=Pos	4	amod	15	25
usc5-552-doj:u0121:s00	4	portion	portion	NOUN	NN	Number=Sing	10	nsubj:pass	26	33
usc5-552-doj:u0121:s00	5	of	of	ADP	IN	_	7	case	34	36
usc5-552-doj:u0121:s00	6	a	a	DET	DT	Definite=Ind|PronType=Art	7	det	37	38
usc5-552-doj:u0121:s00	7	record	record	NOUN	NN	Number=Sing	4	nmod	39	45
usc5-552-doj:u0121:s00	8	shall	shall	AUX	MD	VerbForm=Fin	10	aux	46	51
usc5-552-doj:u0121:s00	9	be	be	AUX	VB	VerbForm=Inf	10	aux:pass	52	54
usc5-552-doj:u0121:s00	10	provided	provide	VERB	VBN	Tense=Past|VerbForm=Part|Voice=Pass	0	root	55	63
usc5-552-doj:u0121:s00	11	to	to	ADP	IN	_	13	case	64	66
usc5-552-doj:u0121:s00	12	any	any	DET	DT	_	13	det	67	70
usc5-552-doj:u0121:s00	13	person	person	NOUN	NN	Number=Sing	10	obl	71	77
usc5-552-doj:u0121:s00	14	requesting	request	VERB	VBG	VerbForm=Ger	13	acl	78	88
usc5-552-doj:u0121:s00	15	such	such	ADJ	JJ	Degree=Pos	16	amod	89	93
usc5-552-doj:u0121:s00	16	record	record	NOUN	NN	Number=Sing	14	obj	94	100
usc5-552-doj:u0121:s00	17	after	after	ADP	IN	_	18	case	101	106
usc5-552-doj:u0121:s00	18	deletion	deletion	NOUN	NN	Number=Sing	16	nmod	107	115
usc5-552-doj:u0121:s00	19	of	of	ADP	IN	_	21	case	116	118
usc5-552-doj:u0121:s00	20	the	the	DET	DT	Definite=Def|PronType=Art	21	det	119	122
usc5-552-doj:u0121:s00	21	portions	portion	NOUN	NNS	Number=Plur	18	nmod	123	131
usc5-552-doj:u0121:s00	22	which	which	PRON	WDT	PronType=Rel	24	nsubj:pass	132	137
usc5-552-doj:u0121:s00	23	are	be	AUX	VBP	Mood=Ind|Tense=Pres|VerbForm=Fin	24	aux:pass	138	141
usc5-552-doj:u0121:s00	24	exempt	exempt	VERB	VBN	Tense=Past|VerbForm=Part|Voice=Pass	21	acl:relcl	142	148
usc5-552-doj:u0121:s00	25	under	under	ADP	IN	_	27	case	149	154
usc5-552-doj:u0121:s00	26	this	this	DET	DT	Number=Sing|PronType=Dem	27	det	155	159
usc5-552-doj:u0121:s00	27	subsection	subsection	NOUN	NN	Number=Sing	24	obl	160	170
usc5-552-doj:u0121:s00	28	.	.	PUNCT	.	_	10	punct	170	171
usc5-552-doj:u0121:s01	1	The	the	DET	DT	Definite=Def|PronType=Art	2	det	0	3
usc5-552-doj:u0121:s01	2	amount	amount	NOUN	NN	Number=Sing	0	root	4	10
usc5-552-doj:u0121:s01	3	of	of	ADP	IN	_	4	case	11	13
usc5-552-doj:u0121:s01	4	information	information	NOUN	NN	Number=Sing	2	nmod	14	25
usc5-552-doj:u0121:s01	5	deleted	delete	VERB	VBN	Tense=Past|VerbForm=Part	4	acl	26	33
usc5-552-doj:u0121:s01	6	,	,	PUNCT	,	_	9	punct	33	34
usc5-552-doj:u0121:s01	7	and	and	CCONJ	CC	_	9	cc	35	38
usc5-552-doj:u0121:s01	8	the	the	DET	DT	Definite=Def|PronType=Art	9	det	39	42
usc5-552-doj:u0121:s01	9	exemption	exemption	NOUN	NN	Number=Sing	2	conj	43	52
usc5-552-doj:u0121:s01	10	under	under	ADP	IN	_	11	case	53	58
usc5-552-doj:u0121:s01	11	which	which	PRON	WDT	PronType=Rel	15	obl	59	64
usc5-552-doj:u0121:s01	12	the	the	DET	DT	Definite=Def|PronType=Art	13	det	65	68
usc5-552-doj:u0121:s01	13	deletion	deletion	NOUN	NN	Number=Sing	15	nsubj:pass	69	77
usc5-552-doj:u0121:s01	14	is	be	AUX	VBZ	Mood=Ind|Number=Sing|Person=3|Tense=Pres|VerbForm=Fin	15	aux:pass	78	80
usc5-552-doj:u0121:s01	15	made	make	VERB	VBN	Tense=Past|VerbForm=Part|Voice=Pass	9	acl:relcl	81	85
usc5-552-doj:u0121:s01	16	,	,	PUNCT	,	_	19	punct	85	86
usc5-552-doj:u0121:s01	17	shall	shall	AUX	MD	VerbForm=Fin	19	aux	87	92
usc5-552-doj:u0121:s01	18	be	be	AUX	VB	VerbForm=Inf	19	aux:pass	93	95
usc5-552-doj:u0121:s01	19	indicated	indicate	VERB	VBN	Tense=Past|VerbForm=Part|Voice=Pass	15	conj	96	105
usc5-552-doj:u0121:s01	20	on	on	ADP	IN	_	23	case	106	108
usc5-552-doj:u0121:s01	21	the	the	DET	DT	Definite=Def|PronType=Art	23	det	109	112
usc5-552-doj:u0121:s01	22	released	release	VERB	VBN	Tense=Past|VerbForm=Part	23	amod	113	121
usc5-552-doj:u0121:s01	23	portion	portion	NOUN	NN	Number=Sing	19	obl	122	129
usc5-552-doj:u0121:s01	24	of	of	ADP	IN	_	26	case	130	132
usc5-552-doj:u0121:s01	25	the	the	DET	DT	Definite=Def|PronType=Art	26	det	133	136
usc5-552-doj:u0121:s01	26	record	record	NOUN	NN	Number=Sing	23	nmod	137	143
usc5-552-doj:u0121:s01	27	,	,	PUNCT	,	_	15	punct	143	144
usc5-552-doj:u0121:s01	28	unless	unless	SCONJ	IN	_	33	mark	145	151
usc5-552-doj:u0121:s01	29	including	include	VERB	VBG	VerbForm=Ger	31	case	152	161
usc5-552-doj:u0121:s01	30	that	that	DET	DT	Number=Sing|PronType=Dem	31	det	162	166
usc5-552-doj:u0121:s01	31	indication	indication	NOUN	NN	Number=Sing	33	nsubj	167	177
usc5-552-doj:u0121:s01	32	would	would	AUX	MD	VerbForm=Fin	33	aux	178	183
usc5-552-doj:u0121:s01	33	harm	harm	VERB	VB	VerbForm=Inf	15	advcl	184	188
usc5-552-doj:u0121:s01	34	an	a	DET	DT	Definite=Ind|PronType=Art	35	det	189	191
usc5-552-doj:u0121:s01	35	interest	interest	NOUN	NN	Number=Sing	33	obj	192	200
usc5-552-doj:u0121:s01	36	protected	protect	VERB	VBN	Tense=Past|VerbForm=Part	35	acl	201	210
usc5-552-doj:u0121:s01	37	by	by	ADP	IN	_	39	case	211	213
usc5-552-doj:u0121:s01	38	the	the	DET	DT	Definite=Def|PronType=Art	39	det	214	217
usc5-552-doj:u0121:s01	39	exemption	exemption	NOUN	NN	Number=Sing	36	obl	218	227
usc5-552-doj:u0121:s01	40	in	in	ADP	IN	_	42	case	228	230
usc5-552-doj:u0121:s01	41	this	this	DET	DT	Number=Sing|PronType=Dem	42	det	231	235
usc5-552-doj:u0121:s01	42	subsection	subsection	NOUN	NN	Number=Sing	39	nmod	236	246
usc5-552-doj:u0121:s01	43	under	under	ADP	IN	_	44	case	247	252
usc5-552-doj:u0121:s01	44	which	which	PRON	WDT	PronType=Rel	48	obl	253	258
usc5-552-doj:u0121:s01	45	the	the	DET	DT	Definite=Def|PronType=Art	46	det	259	262
usc5-552-doj:u0121:s01	46	deletion	deletion	NOUN	NN	Number=Sing	48	nsubj:pass	263	271
usc5-552-doj:u0121:s01	47	is	be	AUX	VBZ	Mood=Ind|Number=Sing|Person=3|Tense=Pres|VerbForm=Fin	48	aux:pass	272	274
usc5-552-doj:u0121:s01	48	made	make	VERB	VBN	Tense=Past|VerbForm=Part|Voice=Pass	35	acl:relcl	275	279
usc5-552-doj:u0121:s01	49	.	.	PUNCT	.	_	2	punct	279	280
usc5-552-doj:u0121:s02	1	If	if	SCONJ	IN	_	3	mark	0	2
usc5-552-doj:u0121:s02	2	technically	technically	ADV	RB	_	3	advmod	3	14
usc5-552-doj:u0121:s02	3	feasible	feasible	ADJ	JJ	Degree=Pos	10	advcl	15	23
usc5-552-doj:u0121:s02	4	,	,	PUNCT	,	_	10	punct	23	24
usc5-552-doj:u0121:s02	5	the	the	DET	DT	Definite=Def|PronType=Art	6	det	25	28
usc5-552-doj:u0121:s02	6	amount	amount	NOUN	NN	Number=Sing	10	nsubj	29	35
usc5-552-doj:u0121:s02	7	of	of	ADP	IN	_	9	case	36	38
usc5-552-doj:u0121:s02	8	the	the	DET	DT	Definite=Def|PronType=Art	9	det	39	42
usc5-552-doj:u0121:s02	9	information	information	NOUN	NN	Number=Sing	6	nmod	43	54
usc5-552-doj:u0121:s02	10	deleted	delete	VERB	VBD	Mood=Ind|Tense=Past|VerbForm=Fin	0	root	55	62
usc5-552-doj:u0121:s02	11	,	,	PUNCT	,	_	14	punct	62	63
usc5-552-doj:u0121:s02	12	and	and	CCONJ	CC	_	14	cc	64	67
usc5-552-doj:u0121:s02	13	the	the	DET	DT	Definite=Def|PronType=Art	14	det	68	71
usc5-552-doj:u0121:s02	14	exemption	exemption	NOUN	NN	Number=Sing	10	conj	72	81
usc5-552-doj:u0121:s02	15	under	under	ADP	IN	_	16	case	82	87
usc5-552-doj:u0121:s02	16	which	which	PRON	WDT	PronType=Rel	20	obl	88	93
usc5-552-doj:u0121:s02	17	the	the	DET	DT	Definite=Def|PronType=Art	18	det	94	97
usc5-552-doj:u0121:s02	18	deletion	deletion	NOUN	NN	Number=Sing	20	nsubj:pass	98	106
usc5-552-doj:u0121:s02	19	is	be	AUX	VBZ	Mood=Ind|Number=Sing|Person=3|Tense=Pres|VerbForm=Fin	20	aux:pass	107	109
usc5-552-doj:u0121:s02	20	made	make	VERB	VBN	Tense=Past|VerbForm=Part|Voice=Pass	14	acl:relcl	110	114
usc5-552-doj:u0121:s02	21	,	,	PUNCT	,	_	24	punct	114	115
usc5-552-doj:u0121:s02	22	shall	shall	AUX	MD	VerbForm=Fin	24	aux	116	121
usc5-552-doj:u0121:s02	23	be	be	AUX	VB	VerbForm=Inf	24	aux:pass	122	124
usc5-552-doj:u0121:s02	24	indicated	indicate	VERB	VBN	Tense=Past|VerbForm=Part|Voice=Pass	20	conj	125	134
usc5-552-doj:u0121:s02	25	at	at	ADP	IN	_	27	case	135	137
usc5-552-doj:u0121:s02	26	the	the	DET	DT	Definite=Def|PronType=Art	27	det	138	141
usc5-552-doj:u0121:s02	27	place	place	NOUN	NN	Number=Sing	24	obl	142	147
usc5-552-doj:u0121:s02	28	in	in	ADP	IN	_	30	case	148	150
usc5-552-doj:u0121:s02	29	the	the	DET	DT	Definite=Def|PronType=Art	30	det	151	154
usc5-552-doj:u0121:s02	30	record	record	NOUN	NN	Number=Sing	27	nmod	155	161
usc5-552-doj:u0121:s02	31	where	where	ADV	WRB	PronType=Rel	35	advmod	162	167
usc5-552-doj:u0121:s02	32	such	such	ADJ	JJ	Degree=Pos	33	amod	168	172
usc5-552-doj:u0121:s02	33	deletion	deletion	NOUN	NN	Number=Sing	35	nsubj:pass	173	181
usc5-552-doj:u0121:s02	34	is	be	AUX	VBZ	Mood=Ind|Number=Sing|Person=3|Tense=Pres|VerbForm=Fin	35	aux:pass	182	184
usc5-552-doj:u0121:s02	35	made	make	VERB	VBN	Tense=Past|VerbForm=Part|Voice=Pass	30	acl:relcl	185	189
usc5-552-doj:u0121:s02	36	.	.	PUNCT	.	_	10	punct	189	190
usc5-552-doj:u0122:s00	1	(	(	PUNCT	-LRB-	_	2	punct	0	1
usc5-552-doj:u0122:s00	2	c	c	X	LS	_	0	root	1	2
usc5-552-doj:u0122:s00	3	)	)	PUNCT	-RRB-	_	2	punct	2	3
usc5-552-doj:u0122:s00	4	(	(	PUNCT	-LRB-	_	2	punct	3	4
usc5-552-doj:u0122:s00	5	1	1	X	LS	_	2	goeswith	4	5
usc5-552-doj:u0122:s00	6	)	)	PUNCT	-RRB-	_	2	punct	5	6
usc5-552-doj:u0122:s01	1	Whenever	whenever	ADV	WRB	PronType=Int	5	advmod	0	8
usc5-552-doj:u0122:s01	2	a	a	DET	DT	Definite=Ind|PronType=Art	3	det	9	10
usc5-552-doj:u0122:s01	3	request	request	NOUN	NN	Number=Sing	5	nsubj:pass	11	18
usc5-552-doj:u0122:s01	4	is	be	AUX	VBZ	Mood=Ind|Number=Sing|Person=3|Tense=Pres|VerbForm=Fin	5	aux:pass	19	21
usc5-552-doj:u0122:s01	5	made	make	VERB	VBN	Tense=Past|VerbForm=Part|Voice=Pass	0	root	22	26
usc5-552-doj:u0122:s01	6	which	which	PRON	WDT	PronType=Int	7	nsubj	27	32
usc5-552-doj:u0122:s01	7	involves	involve	VERB	VBZ	Mood=Ind|Number=Sing|Person=3|Tense=Pres|VerbForm=Fin	5	ccomp	33	41
usc5-552-doj:u0122:s01	8	access	access	NOUN	NN	Number=Sing	7	obj	42	48
usc5-552-doj:u0122:s01	9	to	to	ADP	IN	_	10	case	49	51
usc5-552-doj:u0122:s01	10	records	record	NOUN	NNS	Number=Plur	8	nmod	52	59
usc5-552-doj:u0122:s01	11	described	describe	VERB	VBN	Tense=Past|VerbForm=Part	8	acl	60	69
usc5-552-doj:u0122:s01	12	in	in	ADP	IN	_	21	case	70	72
usc5-552-doj:u0122:s01	13	subsection	subsection	NOUN	NN	Number=Sing	15	compound	73	83
usc5-552-doj:u0122:s01	14	(	(	PUNCT	-LRB-	_	15	punct	84	85
usc5-552-doj:u0122:s01	15	b	b	NOUN	NN	Number=Sing	21	compound	85	86
usc5-552-doj:u0122:s01	16	)	)	PUNCT	-RRB-	_	15	punct	86	87
usc5-552-doj:u0122:s01	17	(	(	PUNCT	-LRB-	_	15	punct	87	88
usc5-552-doj:u0122:s01	18	7	7	NUM	CD	NumType=Card	15	appos	88	89
usc5-552-doj:u0122:s01	19	)	)	PUNCT	-RRB-	_	15	punct	89	90
usc5-552-doj:u0122:s01	20	(	(	PUNCT	-LRB-	_	15	punct	90	91
usc5-552-doj:u0122:s01	21	A	a	PROPN	NNP	Number=Sing	11	obl	91	92
usc5-552-doj:u0122:s01	22	)	)	PUNCT	-RRB-	_	21	punct	92	93
usc5-552-doj:u0122:s01	23	and	and	CCONJ	CC	_	24	cc	94	97
usc5-552-doj:u0122:s01	24	—	-	PUNCT	,	_	5	punct	97	98
usc5-552-doj:u0123:s00	1	(	(	PUNCT	-LRB-	_	2	punct	0	1
usc5-552-doj:u0123:s00	2	A	a	X	LS	_	8	nummod	1	2
usc5-552-doj:u0123:s00	3	)	)	PUNCT	-RRB-	_	2	punct	2	3
usc5-552-doj:u0123:s00	4	the	the	DET	DT	Definite=Def|PronType=Art	5	det	4	7
usc5-552-doj:u0123:s00	5	investigation	investigation	NOUN	NN	Number=Sing	8	nsubj	8	21
usc5-552-doj:u0123:s00	6	or	or	CCONJ	CC	_	7	cc	22	24
usc5-552-doj:u0123:s00	7	proceeding	proceed	NOUN	NN	Number=Sing	5	conj	25	35
usc5-552-doj:u0123:s00	8	involves	involves	VERB	VBZ	Mood=Ind|Number=Sing|Person=3|Tense=Pres|VerbForm=Fin	0	root	36	44
usc5-552-doj:u0123:s00	9	a	a	DET	DT	Definite=Ind|PronType=Art	11	det	45	46
usc5-552-doj:u0123:s00	10	possible	possible	ADJ	JJ	Degree=Pos	11	amod	47	55
usc5-552-doj:u0123:s00	11	violation	violation	NOUN	NN	Number=Sing	8	obj	56	65
usc5-552-doj:u0123:s00	12	of	of	ADP	IN	_	14	case	66	68
usc5-552-doj:u0123:s00	13	criminal	criminal	ADJ	JJ	Degree=Pos	14	amod	69	77
usc5-552-doj:u0123:s00	14	law	law	NOUN	NN	Number=Sing	11	nmod	78	81
usc5-552-doj:u0123:s00	15	;	;	PUNCT	,	_	8	punct	81	82
usc5-552-doj:u0123:s00	16	and	and	CCONJ	CC	_	8	cc	83	86
usc5-552-doj:u0124:s00	1	(	(	PUNCT	-LRB-	_	2	punct	0	1
usc5-552-doj:u0124:s00	2	B	b	X	LS	_	5	nummod	1	2
usc5-552-doj:u0124:s00	3	)	)	PUNCT	-RRB-	_	2	punct	2	3
usc5-552-doj:u0124:s00	4	there	there	PRON	EX	_	5	expl	4	9
usc5-552-doj:u0124:s00	5	is	be	VERB	VBZ	Mood=Ind|Number=Sing|Person=3|Tense=Pres|VerbForm=Fin	0	root	10	12
usc5-552-doj:u0124:s00	6	reason	reason	NOUN	NN	Number=Sing	5	nsubj	13	19
usc5-552-doj:u0124:s00	7	to	to	PART	TO	_	8	mark	20	22
usc5-552-doj:u0124:s00	8	believe	believe	VERB	VB	VerbForm=Inf	6	acl	23	30
usc5-552-doj:u0124:s00	9	that	that	SCONJ	IN	_	22	mark	31	35
usc5-552-doj:u0124:s00	10	(	(	PUNCT	-LRB-	_	11	punct	36	37
usc5-552-doj:u0124:s00	11	i	I	X	LS	_	22	nummod	37	38
usc5-552-doj:u0124:s00	12	)	)	PUNCT	-RRB-	_	11	punct	38	39
usc5-552-doj:u0124:s00	13	the	the	DET	DT	Definite=Def|PronType=Art	14	det	40	43
usc5-552-doj:u0124:s00	14	subject	subject	NOUN	NN	Number=Sing	22	nsubj	44	51
usc5-552-doj:u0124:s00	15	of	of	ADP	IN	_	17	case	52	54
usc5-552-doj:u0124:s00	16	the	the	DET	DT	Definite=Def|PronType=Art	17	det	55	58
usc5-552-doj:u0124:s00	17	investigation	investigation	NOUN	NN	Number=Sing	14	nmod	59	72
usc5-552-doj:u0124:s00	18	or	or	CCONJ	CC	_	19	cc	73	75
usc5-552-doj:u0124:s00	19	proceeding	proceeding	NOUN	NN	Number=Sing	17	conj	76	86
usc5-552-doj:u0124:s00	20	is	be	AUX	VBZ	Mood=Ind|Number=Sing|Person=3|Tense=Pres|VerbForm=Fin	22	cop	87	89
usc5-552-doj:u0124:s00	21	not	not	PART	RB	_	22	advmod	90	93
usc5-552-doj:u0124:s00	22	aware	aware	ADJ	JJ	Degree=Pos	8	ccomp	94	99
usc5-552-doj:u0124:s00	23	of	of	ADP	IN	_	25	case	100	102
usc5-552-doj:u0124:s00	24	its	its	PRON	PRP$	Gender=Neut|Number=Sing|Person=3|Poss=Yes|PronType=Prs	25	nmod:poss	103	106
usc5-552-doj:u0124:s00	25	pendency	pendency	NOUN	NN	Number=Sing	22	obl	107	115
usc5-552-doj:u0124:s00	26	,	,	PUNCT	,	_	31	punct	115	116
usc5-552-doj:u0124:s00	27	and	and	CCONJ	CC	_	31	cc	117	120
usc5-552-doj:u0124:s00	28	(	(	PUNCT	-LRB-	_	29	punct	121	122
usc5-552-doj:u0124:s00	29	ii	ii	X	LS	_	31	nummod	122	124
usc5-552-doj:u0124:s00	30	)	)	PUNCT	-RRB-	_	29	punct	124	125
usc5-552-doj:u0124:s00	31	disclosure	disclosure	NOUN	NN	Number=Sing	25	conj	126	136
usc5-552-doj:u0124:s00	32	of	of	ADP	IN	_	34	case	137	139
usc5-552-doj:u0124:s00	33	the	the	DET	DT	Definite=Def|PronType=Art	34	det	140	143
usc5-552-doj:u0124:s00	34	existence	existence	NOUN	NN	Number=Sing	31	nmod	144	153
usc5-552-doj:u0124:s00	35	of	of	ADP	IN	_	37	case	154	156
usc5-552-doj:u0124:s00	36	the	the	DET	DT	Definite=Def|PronType=Art	37	det	157	160
usc5-552-doj:u0124:s00	37	records	record	NOUN	NNS	Number=Plur	34	nmod	161	168
usc5-552-doj:u0124:s00	38	could	could	AUX	MD	VerbForm=Fin	41	aux	169	174
usc5-552-doj:u0124:s00	39	reasonably	reasonably	ADV	RB	_	41	advmod	175	185
usc5-552-doj:u0124:s00	40	be	be	AUX	VB	VerbForm=Inf	41	aux:pass	186	188
usc5-552-doj:u0124:s00	41	expected	expect	VERB	VBN	Tense=Past|VerbForm=Part|Voice=Pass	5	conj	189	197
usc5-552-doj:u0124:s00	42	to	to	PART	TO	_	43	mark	198	200
usc5-552-doj:u0124:s00	43	interfere	interfere	VERB	VB	VerbForm=Inf	41	advcl	201	210
usc5-552-doj:u0124:s00	44	with	with	ADP	IN	_	46	case	211	215
usc5-552-doj:u0124:s00	45	enforcement	enforcement	NOUN	NN	Number=Sing	46	compound	216	227
usc5-552-doj:u0124:s00	46	proceedings	proceedings	NOUN	NNS	Number=Plur	43	obl	228	239
usc5-552-doj:u0124:s00	47	,	,	PUNCT	,	_	5	punct	239	240
usc5-552-doj:u0124:s00	48	the	the	DET	DT	Definite=Def|PronType=Art	49	det	241	244
usc5-552-doj:u0124:s00	49	agency	agency	NOUN	NN	Number=Sing	50	nsubj	245	251
usc5-552-doj:u0124:s00	50	may	may	AUX	MD	VerbForm=Fin	5	parataxis	252	255
usc5-552-doj:u0124:s00	51	,	,	PUNCT	,	_	5	punct	255	256
usc5-552-doj:u0124:s00	52	during	during	ADP	IN	_	55	case	257	263
usc5-552-doj:u0124:s00	53	only	only	ADV	RB	_	55	advmod	264	268
usc5-552-doj:u0124:s00	54	such	such	ADJ	JJ	Degree=Pos	55	amod	269	273
usc5-552-doj:u0124:s00	55	time	time	NOUN	NN	Number=Sing	61	obl	274	278
usc5-552-doj:u0124:s00	56	as	as	SCONJ	IN	_	59	mark	279	281
usc5-552-doj:u0124:s00	57	that	that	DET	DT	Number=Sing|PronType=Dem	58	det	282	286
usc5-552-doj:u0124:s00	58	circumstance	circumstance	NOUN	NN	Number=Sing	59	nsubj	287	299
usc5-552-doj:u0124:s00	59	continues	continue	VERB	VBZ	Mood=Ind|Number=Sing|Person=3|Tense=Pres|VerbForm=Fin	61	advcl	300	309
usc5-552-doj:u0124:s00	60	,	,	PUNCT	,	_	61	punct	309	310
usc5-552-doj:u0124:s00	61	treat	treat	VERB	VB	VerbForm=Inf	5	parataxis	311	316
usc5-552-doj:u0124:s00	62	the	the	DET	DT	Definite=Def|PronType=Art	63	det	317	320
usc5-552-doj:u0124:s00	63	records	record	NOUN	NNS	Number=Plur	61	obj	321	328
usc5-552-doj:u0124:s00	64	as	as	SCONJ	IN	_	66	mark	329	331
usc5-552-doj:u0124:s00	65	not	not	PART	RB	_	66	advmod	332	335
usc5-552-doj:u0124:s00	66	subject	subject	NOUN	NN	Number=Sing	61	advcl	336	343
usc5-552-doj:u0124:s00	67	to	to	ADP	IN	_	69	case	344	346
usc5-552-doj:u0124:s00	68	the	the	DET	DT	Definite=Def|PronType=Art	69	det	347	350
usc5-552-doj:u0124:s00	69	requirements	requirement	NOUN	NNS	Number=Plur	66	nmod	351	363
usc5-552-doj:u0124:s00	70	of	of	ADP	IN	_	72	case	364	366
usc5-552-doj:u0124:s00	71	this	this	DET	DT	Number=Sing|PronType=Dem	72	det	367	371
usc5-552-doj:u0124:s00	72	section	section	NOUN	NN	Number=Sing	69	nmod	372	379
usc5-552-doj:u0124:s00	73	.	.	PUNCT	.	_	5	punct	379	380
usc5-552-doj:u0125:s00	1	(	(	PUNCT	-LRB-	_	2	punct	0	1
usc5-552-doj:u0125:s00	2	2	2	X	LS	_	23	nummod	1	2
usc5-552-doj:u0125:s00	3	)	)	PUNCT	-RRB-	_	2	punct	2	3
usc5-552-doj:u0125:s00	4	Whenever	whenever	DET	WDT	PronType=Int	6	det	4	12
usc5-552-doj:u0125:s00	5	informant	informant	ADJ	JJ	Degree=Pos	6	amod	13	22
usc5-552-doj:u0125:s00	6	records	record	NOUN	NNS	Number=Plur	23	nsubj:pass	23	30
usc5-552-doj:u0125:s00	7	maintained	maintain	VERB	VBN	Tense=Past|VerbForm=Part	6	acl	31	41
usc5-552-doj:u0125:s00	8	by	by	ADP	IN	_	13	case	42	44
usc5-552-doj:u0125:s00	9	a	a	DET	DT	Definite=Ind|PronType=Art	13	det	45	46
usc5-552-doj:u0125:s00	10	criminal	criminal	ADJ	JJ	Degree=Pos	13	amod	47	55
usc5-552-doj:u0125:s00	11	law	law	NOUN	NN	Number=Sing	12	compound	56	59
usc5-552-doj:u0125:s00	12	enforcement	enforcement	NOUN	NN	Number=Sing	13	compound	60	71
usc5-552-doj:u0125:s00	13	agency	agency	NOUN	NN	Number=Sing	7	obl	72	78
usc5-552-doj:u0125:s00	14	under	under	ADP	IN	_	18	case	79	84
usc5-552-doj:u0125:s00	15	an	a	DET	DT	Definite=Ind|PronType=Art	16	det	85	87
usc5-552-doj:u0125:s00	16	informant	informant	NOUN	NN	Number=Sing	18	nmod:poss	88	97
usc5-552-doj:u0125:s00	17	's	's	PART	POS	_	16	case	97	99
usc5-552-doj:u0125:s00	18	name	name	NOUN	NN	Number=Sing	7	obl	100	104
usc5-552-doj:u0125:s00	19	or	or	CCONJ	CC	_	21	cc	105	107
usc5-552-doj:u0125:s00	20	personal	personal	ADJ	JJ	Degree=Pos	21	amod	108	116
usc5-552-doj:u0125:s00	21	identifier	identifier	NOUN	NN	Number=Sing	18	conj	117	127
usc5-552-doj:u0125:s00	22	are	be	AUX	VBP	Mood=Ind|Tense=Pres|VerbForm=Fin	23	aux:pass	128	131
usc5-552-doj:u0125:s00	23	requested	request	VERB	VBN	Tense=Past|VerbForm=Part|Voice=Pass	0	root	132	141
usc5-552-doj:u0125:s00	24	by	by	ADP	IN	_	27	case	142	144
usc5-552-doj:u0125:s00	25	a	a	DET	DT	Definite=Ind|PronType=Art	27	det	145	146
usc5-552-doj:u0125:s00	26	third	third	ADJ	JJ	Degree=Pos|NumType=Ord	27	amod	147	152
usc5-552-doj:u0125:s00	27	party	party	NOUN	NN	Number=Sing	23	obl	153	158
usc5-552-doj:u0125:s00	28	according	accord	VERB	VBG	VerbForm=Ger	33	case	159	168
usc5-552-doj:u0125:s00	29	to	to	ADP	IN	_	28	fixed	169	171
usc5-552-doj:u0125:s00	30	the	the	DET	DT	Definite=Def|PronType=Art	31	det	172	175
usc5-552-doj:u0125:s00	31	informant	informant	NOUN	NN	Number=Sing	33	nmod:poss	176	185
usc5-552-doj:u0125:s00	32	's	's	PART	POS	_	31	case	185	187
usc5-552-doj:u0125:s00	33	name	name	NOUN	NN	Number=Sing	23	nmod	188	192
usc5-552-doj:u0125:s00	34	or	or	CCONJ	CC	_	36	cc	193	195
usc5-552-doj:u0125:s00	35	personal	personal	ADJ	JJ	Degree=Pos	36	amod	196	204
usc5-552-doj:u0125:s00	36	identifier	identifier	NOUN	NN	Number=Sing	33	conj	205	215
usc5-552-doj:u0125:s00	37	,	,	PUNCT	,	_	23	punct	215	216
usc5-552-doj:u0125:s00	38	the	the	DET	DT	Definite=Def|PronType=Art	39	det	217	220
usc5-552-doj:u0125:s00	39	agency	agency	NOUN	NN	Number=Sing	41	nsubj	221	227
usc5-552-doj:u0125:s00	40	may	may	AUX	MD	VerbForm=Fin	41	aux	228	231
usc5-552-doj:u0125:s00	41	treat	treat	VERB	VB	VerbForm=Inf	23	ccomp	232	237
usc5-552-doj:u0125:s00	42	the	the	DET	DT	Definite=Def|PronType=Art	43	det	238	241
usc5-552-doj:u0125:s00	43	records	record	NOUN	NNS	Number=Plur	41	obj	242	249
usc5-552-doj:u0125:s00	44	as	as	SCONJ	IN	_	46	mark	250	252
usc5-552-doj:u0125:s00	45	not	not	PART	RB	_	46	advmod	253	256
usc5-552-doj:u0125:s00	46	subject	subject	NOUN	NN	Number=Sing	41	advcl	257	264
usc5-552-doj:u0125:s00	47	to	to	ADP	IN	_	49	case	265	267
usc5-552-doj:u0125:s00	48	the	the	DET	DT	Definite=Def|PronType=Art	49	det	268	271
usc5-552-doj:u0125:s00	49	requirements	requirement	NOUN	NNS	Number=Plur	46	nmod	272	284
usc5-552-doj:u0125:s00	50	of	of	ADP	IN	_	52	case	285	287
usc5-552-doj:u0125:s00	51	this	this	DET	DT	Number=Sing|PronType=Dem	52	det	288	292
usc5-552-doj:u0125:s00	52	section	section	NOUN	NN	Number=Sing	49	nmod	293	300
usc5-552-doj:u0125:s00	53	unless	unless	SCONJ	IN	_	64	mark	301	307
usc5-552-doj:u0125:s00	54	the	the	DET	DT	Definite=Def|PronType=Art	55	det	308	311
usc5-552-doj:u0125:s00	55	informant	informant	NOUN	NN	Number=Sing	57	nmod:poss	312	321
usc5-552-doj:u0125:s00	56	's	's	PART	POS	_	55	case	321	323
usc5-552-doj:u0125:s00	57	status	status	NOUN	NN	Number=Sing	64	nsubj:pass	324	330
usc5-552-doj:u0125:s00	58	as	as	ADP	IN	_	60	case	331	333
usc5-552-doj:u0125:s00	59	an	a	DET	DT	Definite=Ind|PronType=Art	60	det	334	336
usc5-552-doj:u0125:s00	60	informant	informant	NOUN	NN	Number=Sing	57	nmod	337	346
usc5-552-doj:u0125:s00	61	has	have	AUX	VBZ	Mood=Ind|Number=Sing|Person=3|Tense=Pres|VerbForm=Fin	64	aux	347	350
usc5-552-doj:u0125:s00	62	been	be	AUX	VBN	Tense=Past|VerbForm=Part	64	aux:pass	351	355
usc5-552-doj:u0125:s00	63	officially	officially	ADV	RB	_	64	advmod	356	366
usc5-552-doj:u0125:s00	64	confirmed	confirm	VERB	VBN	Tense=Past|VerbForm=Part|Voice=Pass	41	advcl	367	376
usc5-552-doj:u0125:s00	65	.	.	PUNCT	.	_	23	punct	376	377
usc5-552-doj:u0126:s00	1	(	(	PUNCT	-LRB-	_	2	punct	0	1
usc5-552-doj:u0126:s00	2	3	3	X	LS	_	8	nummod	1	2
usc5-552-doj:u0126:s00	3	)	)	PUNCT	-RRB-	_	2	punct	2	3
usc5-552-doj:u0126:s00	4	Whenever	whenever	ADV	WRB	PronType=Int	8	advmod	4	12
usc5-552-doj:u0126:s00	5	a	a	DET	DT	Definite=Ind|PronType=Art	6	det	13	14
usc5-552-doj:u0126:s00	6	request	request	NOUN	NN	Number=Sing	8	nsubj:pass	15	22
usc5-552-doj:u0126:s00	7	is	be	AUX	VBZ	Mood=Ind|Number=Sing|Person=3|Tense=Pres|VerbForm=Fin	8	aux:pass	23	25
usc5-552-doj:u0126:s00	8	made	make	VERB	VBN	Tense=Past|VerbForm=Part|Voice=Pass	0	root	26	30
usc5-552-doj:u0126:s00	9	which	which	PRON	WDT	PronType=Int	10	nsubj	31	36
usc5-552-doj:u0126:s00	10	involves	involve	VERB	VBZ	Mood=Ind|Number=Sing|Person=3|Tense=Pres|VerbForm=Fin	8	ccomp	37	45
usc5-552-doj:u0126:s00	11	access	access	NOUN	NN	Number=Sing	10	obj	46	52
usc5-552-doj:u0126:s00	12	to	to	ADP	IN	_	13	case	53	55
usc5-552-doj:u0126:s00	13	records	record	NOUN	NNS	Number=Plur	11	nmod	56	63
usc5-552-doj:u0126:s00	14	maintained	maintain	VERB	VBN	Tense=Past|VerbForm=Part	11	acl	64	74
usc5-552-doj:u0126:s00	15	by	by	ADP	IN	_	18	case	75	77
usc5-552-doj:u0126:s00	16	the	the	DET	DT	Definite=Def|PronType=Art	18	det	78	81
usc5-552-doj:u0126:s00	17	Federal	Federal	PROPN	NNP	Number=Sing	18	compound	82	89
usc5-552-doj:u0126:s00	18	Bureau	bureau	PROPN	NNP	Number=Sing	14	obl	90	96
usc5-552-doj:u0126:s00	19	of	of	ADP	IN	_	20	case	97	99
usc5-552-doj:u0126:s00	20	Investigation	investigation	PROPN	NNP	Number=Sing	18	nmod	100	113
usc5-552-doj:u0126:s00	21	pertaining	pertain	VERB	VBG	VerbForm=Ger	11	acl	114	124
usc5-552-doj:u0126:s00	22	to	to	ADP	IN	_	24	case	125	127
usc5-552-doj:u0126:s00	23	foreign	foreign	ADJ	JJ	Degree=Pos	24	amod	128	135
usc5-552-doj:u0126:s00	24	intelligence	intelligence	NOUN	NN	Number=Sing	21	obl	136	148
usc5-552-doj:u0126:s00	25	or	or	CCONJ	CC	_	26	cc	149	151
usc5-552-doj:u0126:s00	26	counterintelligence	counterintelligence	NOUN	NN	Number=Sing	24	conj	152	171
usc5-552-doj:u0126:s00	27	,	,	PUNCT	,	_	30	punct	171	172
usc5-552-doj:u0126:s00	28	or	or	CCONJ	CC	_	30	cc	173	175
usc5-552-doj:u0126:s00	29	international	international	ADJ	JJ	Degree=Pos	30	amod	176	189
usc5-552-doj:u0126:s00	30	terrorism	terrorism	NOUN	NN	Number=Sing	10	conj	190	199
usc5-552-doj:u0126:s00	31	,	,	PUNCT	,	_	40	punct	199	200
usc5-552-doj:u0126:s00	32	and	and	CCONJ	CC	_	40	cc	201	204
usc5-552-doj:u0126:s00	33	the	the	DET	DT	Definite=Def|PronType=Art	34	det	205	208
usc5-552-doj:u0126:s00	34	existence	existence	NOUN	NN	Number=Sing	40	nsubj	209	218
usc5-552-doj:u0126:s00	35	of	of	ADP	IN	_	37	case	219	221
usc5-552-doj:u0126:s00	36	the	the	DET	DT	Definite=Def|PronType=Art	37	det	222	225
usc5-552-doj:u0126:s00	37	records	record	NOUN	NNS	Number=Plur	34	nmod	226	233
usc5-552-doj:u0126:s00	38	is	be	AUX	VBZ	Mood=Ind|Number=Sing|Person=3|Tense=Pres|VerbForm=Fin	40	cop	234	236
usc5-552-doj:u0126:s00	39	classified	classified	ADJ	JJ	Degree=Pos	40	amod	237	247
usc5-552-doj:u0126:s00	40	information	information	NOUN	NN	Number=Sing	8	conj	248	259
usc5-552-doj:u0126:s00	41	as	as	SCONJ	IN	_	42	mark	260	262
usc5-552-doj:u0126:s00	42	provided	provide	VERB	VBN	Tense=Past|VerbForm=Part	40	acl	263	271
usc5-552-doj:u0126:s00	43	in	in	ADP	IN	_	44	case	272	274
usc5-552-doj:u0126:s00	44	subsection	subsection	NOUN	NN	Number=Sing	42	obl	275	285
usc5-552-doj:u0126:s00	45	(	(	PUNCT	-LRB-	_	46	punct	286	287
usc5-552-doj:u0126:s00	46	b	b	NOUN	NN	Number=Sing	44	appos	287	288
usc5-552-doj:u0126:s00	47	)	)	PUNCT	-RRB-	_	46	punct	288	289
usc5-552-doj:u0126:s00	48	(	(	PUNCT	-LRB-	_	46	punct	289	290
usc5-552-doj:u0126:s00	49	1	1	X	LS	_	46	appos	290	291
usc5-552-doj:u0126:s00	50	)	)	PUNCT	-RRB-	_	46	punct	291	292
usc5-552-doj:u0126:s00	51	,	,	PUNCT	,	_	66	punct	292	293
usc5-552-doj:u0126:s00	52	the	the	DET	DT	Definite=Def|PronType=Art	66	det	294	297
usc5-552-doj:u0126:s00	53	Bureau	bureau	PROPN	NNP	Number=Sing	66	compound	298	304
usc5-552-doj:u0126:s00	54	may	may	PROPN	NNP	Number=Sing	53	flat	305	308
usc5-552-doj:u0126:s00	55	,	,	PUNCT	,	_	57	punct	308	309
usc5-552-doj:u0126:s00	56	as	as	ADV	RB	_	57	advmod	310	312
usc5-552-doj:u0126:s00	57	long	long	ADV	RB	Degree=Pos	65	advmod	313	317
usc5-552-doj:u0126:s00	58	as	as	SCONJ	IN	_	64	mark	318	320
usc5-552-doj:u0126:s00	59	the	the	DET	DT	Definite=Def|PronType=Art	60	det	321	324
usc5-552-doj:u0126:s00	60	existence	existence	NOUN	NN	Number=Sing	64	nsubj	325	334
usc5-552-doj:u0126:s00	61	of	of	ADP	IN	_	63	case	335	337
usc5-552-doj:u0126:s00	62	the	the	DET	DT	Definite=Def|PronType=Art	63	det	338	341
usc5-552-doj:u0126:s00	63	records	record	NOUN	NNS	Number=Plur	60	nmod	342	349
usc5-552-doj:u0126:s00	64	remains	remain	VERB	VBZ	Mood=Ind|Number=Sing|Person=3|Tense=Pres|VerbForm=Fin	57	advcl	350	357
usc5-552-doj:u0126:s00	65	classified	classified	ADJ	JJ	Degree=Pos	66	amod	358	368
usc5-552-doj:u0126:s00	66	information	information	NOUN	NN	Number=Sing	8	conj	369	380
usc5-552-doj:u0126:s00	67	,	,	PUNCT	,	_	68	punct	380	381
usc5-552-doj:u0126:s00	68	treat	treat	VERB	VB	VerbForm=Inf	8	conj	382	387
usc5-552-doj:u0126:s00	69	the	the	DET	DT	Definite=Def|PronType=Art	70	det	388	391
usc5-552-doj:u0126:s00	70	records	record	NOUN	NNS	Number=Plur	68	obj	392	399
usc5-552-doj:u0126:s00	71	as	as	SCONJ	IN	_	73	mark	400	402
usc5-552-doj:u0126:s00	72	not	not	PART	RB	_	73	advmod	403	406
usc5-552-doj:u0126:s00	73	subject	subject	NOUN	NN	Number=Sing	68	advcl	407	414
usc5-552-doj:u0126:s00	74	to	to	ADP	IN	_	76	case	415	417
usc5-552-doj:u0126:s00	75	the	the	DET	DT	Definite=Def|PronType=Art	76	det	418	421
usc5-552-doj:u0126:s00	76	requirements	requirement	NOUN	NNS	Number=Plur	73	nmod	422	434
usc5-552-doj:u0126:s00	77	of	of	ADP	IN	_	79	case	435	437
usc5-552-doj:u0126:s00	78	this	this	DET	DT	Number=Sing|PronType=Dem	79	det	438	442
usc5-552-doj:u0126:s00	79	section	section	NOUN	NN	Number=Sing	76	nmod	443	450
usc5-552-doj:u0126:s00	80	.	.	PUNCT	.	_	8	punct	450	451
usc5-552-doj:u0127:s00	1	(	(	PUNCT	-LRB-	_	8	punct	0	1
usc5-552-doj:u0127:s00	2	d	would	PROPN	NNP	Number=Sing	8	nsubj	1	2
usc5-552-doj:u0127:s00	3	)	)	PUNCT	-RRB-	_	8	punct	2	3
usc5-552-doj:u0127:s00	4	This	this	DET	DT	Number=Sing|PronType=Dem	5	det	4	8
usc5-552-doj:u0127:s00	5	section	section	NOUN	NN	Number=Sing	8	nsubj	9	16
usc5-552-doj:u0127:s00	6	does	do	AUX	VBZ	Mood=Ind|Number=Sing|Person=3|Tense=Pres|VerbForm=Fin	8	aux	17	21
usc5-552-doj:u0127:s00	7	not	not	PART	RB	_	8	advmod	22	25
usc5-552-doj:u0127:s00	8	authorize	authorize	VERB	VB	VerbForm=Inf	0	root	26	35
usc5-552-doj:u0127:s00	9	the	the	DET	DT	Definite=Def|PronType=Art	10	det	36	39
usc5-552-doj:u0127:s00	10	withholding	withholding	NOUN	NN	Number=Sing	8	obj	40	51
usc5-552-doj:u0127:s00	11	of	of	ADP	IN	_	12	case	52	54
usc5-552-doj:u0127:s00	12	information	information	NOUN	NN	Number=Sing	10	nmod	55	66
usc5-552-doj:u0127:s00	13	or	or	CCONJ	CC	_	14	cc	67	69
usc5-552-doj:u0127:s00	14	limit	limit	VERB	VB	VerbForm=Inf	8	conj	70	75
usc5-552-doj:u0127:s00	15	the	the	DET	DT	Definite=Def|PronType=Art	16	det	76	79
usc5-552-doj:u0127:s00	16	availability	availability	NOUN	NN	Number=Sing	14	obj	80	92
usc5-552-doj:u0127:s00	17	of	of	ADP	IN	_	18	case	93	95
usc5-552-doj:u0127:s00	18	records	record	NOUN	NNS	Number=Plur	16	nmod	96	103
usc5-552-doj:u0127:s00	19	to	to	ADP	IN	_	21	case	104	106
usc5-552-doj:u0127:s00	20	the	the	DET	DT	Definite=Def|PronType=Art	21	det	107	110
usc5-552-doj:u0127:s00	21	public	public	ADJ	JJ	Degree=Pos	18	nmod	111	117
usc5-552-doj:u0127:s00	22	,	,	PUNCT	,	_	8	punct	117	118
usc5-552-doj:u0127:s00	23	except	except	ADP	IN	_	26	mark	119	125
usc5-552-doj:u0127:s00	24	as	as	SCONJ	IN	_	26	mark	126	128
usc5-552-doj:u0127:s00	25	specifically	specifically	ADV	RB	_	26	advmod	129	141
usc5-552-doj:u0127:s00	26	stated	state	VERB	VBD	Mood=Ind|Tense=Past|VerbForm=Fin	8	advcl	142	148
usc5-552-doj:u0127:s00	27	in	in	ADP	IN	_	29	case	149	151
usc5-552-doj:u0127:s00	28	this	this	DET	DT	Number=Sing|PronType=Dem	29	det	152	156
usc5-552-doj:u0127:s00	29	section	section	NOUN	NN	Number=Sing	26	obl	157	164
usc5-552-doj:u0127:s00	30	.	.	PUNCT	.	_	8	punct	164	165
usc5-552-doj:u0127:s01	1	This	this	DET	DT	Number=Sing|PronType=Dem	2	det	0	4
usc5-552-doj:u0127:s01	2	section	section	NOUN	NN	Number=Sing	5	nsubj	5	12
usc5-552-doj:u0127:s01	3	is	be	AUX	VBZ	Mood=Ind|Number=Sing|Person=3|Tense=Pres|VerbForm=Fin	5	cop	13	15
usc5-552-doj:u0127:s01	4	not	not	PART	RB	_	5	advmod	16	19
usc5-552-doj:u0127:s01	5	authority	authority	NOUN	NN	Number=Sing	0	root	20	29
usc5-552-doj:u0127:s01	6	to	to	PART	TO	_	7	mark	30	32
usc5-552-doj:u0127:s01	7	withhold	withhold	VERB	VB	VerbForm=Inf	5	acl	33	41
usc5-552-doj:u0127:s01	8	information	information	NOUN	NN	Number=Sing	7	obj	42	53
usc5-552-doj:u0127:s01	9	from	from	ADP	IN	_	10	case	54	58
usc5-552-doj:u0127:s01	10	Congress	Congress	PROPN	NNP	Number=Sing	7	obl	59	67
usc5-552-doj:u0127:s01	11	.	.	PUNCT	.	_	5	punct	67	68
usc5-552-doj:u0128:s00	1	(	(	PUNCT	-LRB-	_	2	punct	0	1
usc5-552-doj:u0128:s00	2	e	e	NOUN	NN	Number=Sing	0	root	1	2
usc5-552-doj:u0128:s00	3	)	)	PUNCT	-RRB-	_	2	punct	2	3
usc5-552-doj:u0128:s00	4	(	(	PUNCT	-LRB-	_	2	punct	3	4
usc5-552-doj:u0128:s00	5	1	1	X	LS	_	2	appos	4	5
usc5-552-doj:u0128:s00	6	)	)	PUNCT	-RRB-	_	2	punct	5	6
usc5-552-doj:u0128:s01	1	On	on	ADP	IN	_	4	case	0	2
usc5-552-doj:u0128:s01	2	or	or	CCONJ	CC	_	4	cc	3	5
usc5-552-doj:u0128:s01	3	before	before	ADP	IN	_	4	case	6	12
usc5-552-doj:u0128:s01	4	February	February	PROPN	NNP	Number=Sing	13	obl	13	21
usc5-552-doj:u0128:s01	5	1	1	NUM	CD	NumType=Card	4	nummod	22	23
usc5-552-doj:u0128:s01	6	of	of	ADP	IN	_	8	case	24	26
usc5-552-doj:u0128:s01	7	each	each	DET	DT	_	8	det	27	31
usc5-552-doj:u0128:s01	8	year	year	NOUN	NN	Number=Sing	4	nmod	32	36
usc5-552-doj:u0128:s01	9	,	,	PUNCT	,	_	13	punct	36	37
usc5-552-doj:u0128:s01	10	each	each	DET	DT	_	11	det	38	42
usc5-552-doj:u0128:s01	11	agency	agency	NOUN	NN	Number=Sing	13	nsubj	43	49
usc5-552-doj:u0128:s01	12	shall	shall	AUX	MD	VerbForm=Fin	13	aux	50	55
usc5-552-doj:u0128:s01	13	submit	submit	VERB	VB	VerbForm=Inf	0	root	56	62
usc5-552-doj:u0128:s01	14	to	to	ADP	IN	_	16	case	63	65
usc5-552-doj:u0128:s01	15	the	the	DET	DT	Definite=Def|PronType=Art	16	det	66	69
usc5-552-doj:u0128:s01	16	Attorney	Attorney	PROPN	NNP	Number=Sing	13	obl	70	78
usc5-552-doj:u0128:s01	17	General	General	PROPN	NNP	Number=Sing	16	flat	79	86
usc5-552-doj:u0128:s01	18	of	of	ADP	IN	_	21	case	87	89
usc5-552-doj:u0128:s01	19	the	the	DET	DT	Definite=Def|PronType=Art	21	det	90	93
usc5-552-doj:u0128:s01	20	United	United	PROPN	NNP	Number=Sing	21	compound	94	100
usc5-552-doj:u0128:s01	21	States	States	PROPN	NNP	Number=Sing	16	nmod	101	107
usc5-552-doj:u0128:s01	22	and	and	CCONJ	CC	_	25	cc	108	111
usc5-552-doj:u0128:s01	23	to	to	ADP	IN	_	25	case	112	114
usc5-552-doj:u0128:s01	24	the	the	DET	DT	Definite=Def|PronType=Art	25	det	115	118
usc5-552-doj:u0128:s01	25	Director	Director	NOUN	NN	Number=Sing	13	conj	119	127
usc5-552-doj:u0128:s01	26	of	of	ADP	IN	_	28	case	128	130
usc5-552-doj:u0128:s01	27	the	the	DET	DT	Definite=Def|PronType=Art	28	det	131	134
usc5-552-doj:u0128:s01	28	Office	Office	PROPN	NNP	Number=Sing	25	nmod	135	141
usc5-552-doj:u0128:s01	29	of	of	ADP	IN	_	32	case	142	144
usc5-552-doj:u0128:s01	30	Government	government	NOUN	NN	Number=Sing	31	compound	145	155
usc5-552-doj:u0128:s01	31	Information	Information	NOUN	NN	Number=Sing	32	compound	156	167
usc5-552-doj:u0128:s01	32	Services	Services	NOUN	NNS	Number=Plur	28	nmod	168	176
usc5-552-doj:u0128:s01	33	a	a	DET	DT	Definite=Ind|PronType=Art	34	det	177	178
usc5-552-doj:u0128:s01	34	report	report	NOUN	NN	Number=Sing	28	nmod	179	185
usc5-552-doj:u0128:s01	35	which	which	PRON	WDT	PronType=Rel	37	nsubj	186	191
usc5-552-doj:u0128:s01	36	shall	shall	AUX	MD	VerbForm=Fin	37	aux	192	197
usc5-552-doj:u0128:s01	37	cover	cover	VERB	VB	VerbForm=Inf	34	acl:relcl	198	203
usc5-552-doj:u0128:s01	38	the	the	DET	DT	Definite=Def|PronType=Art	41	det	204	207
usc5-552-doj:u0128:s01	39	preceding	preceding	VERB	VBG	VerbForm=Ger	41	amod	208	217
usc5-552-doj:u0128:s01	40	fiscal	fiscal	ADJ	JJ	Degree=Pos	41	amod	218	224
usc5-552-doj:u0128:s01	41	year	year	NOUN	NN	Number=Sing	37	obj	225	229
usc5-552-doj:u0128:s01	42	and	and	CCONJ	CC	_	45	cc	230	233
usc5-552-doj:u0128:s01	43	which	which	PRON	WDT	PronType=Int	45	nsubj	234	239
usc5-552-doj:u0128:s01	44	shall	shall	AUX	MD	VerbForm=Fin	45	aux	240	245
usc5-552-doj:u0128:s01	45	include	include	VERB	VB	VerbForm=Inf	37	conj	246	253
usc5-552-doj:u0128:s01	46	—	-	PUNCT	.	_	45	punct	253	254
usc5-552-doj:u0129:s00	1	(	(	PUNCT	-LRB-	_	2	punct	0	1
usc5-552-doj:u0129:s00	2	A	a	X	LS	_	0	root	1	2
usc5-552-doj:u0129:s00	3	)	)	PUNCT	-RRB-	_	2	punct	2	3
usc5-552-doj:u0129:s00	4	the	the	DET	DT	Definite=Def|PronType=Art	5	det	4	7
usc5-552-doj:u0129:s00	5	number	number	NOUN	NN	Number=Sing	2	appos	8	14
usc5-552-doj:u0129:s00	6	of	of	ADP	IN	_	7	case	15	17
usc5-552-doj:u0129:s00	7	determinations	determination	NOUN	NNS	Number=Plur	5	nmod	18	32
usc5-552-doj:u0129:s00	8	made	make	VERB	VBN	Tense=Past|VerbForm=Part	5	acl	33	37
usc5-552-doj:u0129:s00	9	by	by	ADP	IN	_	11	case	38	40
usc5-552-doj:u0129:s00	10	the	the	DET	DT	Definite=Def|PronType=Art	11	det	41	44
usc5-552-doj:u0129:s00	11	agency	agency	NOUN	NN	Number=Sing	8	obl	45	51
usc5-552-doj:u0129:s00	12	not	not	ADV	RB	_	8	advmod	52	55
usc5-552-doj:u0129:s00	13	to	to	PART	TO	_	14	mark	56	58
usc5-552-doj:u0129:s00	14	comply	comply	VERB	VB	VerbForm=Inf	8	xcomp	59	65
usc5-552-doj:u0129:s00	15	with	with	ADP	IN	_	16	case	66	70
usc5-552-doj:u0129:s00	16	requests	request	NOUN	NNS	Number=Plur	14	obl	71	79
usc5-552-doj:u0129:s00	17	for	for	ADP	IN	_	18	case	80	83
usc5-552-doj:u0129:s00	18	records	record	NOUN	NNS	Number=Plur	16	nmod	84	91
usc5-552-doj:u0129:s00	19	made	make	VERB	VBN	Tense=Past|VerbForm=Part	18	acl	92	96
usc5-552-doj:u0129:s00	20	to	to	ADP	IN	_	22	case	97	99
usc5-552-doj:u0129:s00	21	such	such	ADJ	JJ	Degree=Pos	22	amod	100	104
usc5-552-doj:u0129:s00	22	agency	agency	NOUN	NN	Number=Sing	19	obl	105	111
usc5-552-doj:u0129:s00	23	under	under	ADP	IN	_	24	case	112	117
usc5-552-doj:u0129:s00	24	subsection	subsection	NOUN	NN	Number=Sing	22	nmod	118	128
usc5-552-doj:u0129:s00	25	(	(	PUNCT	-LRB-	_	24	punct	129	130
usc5-552-doj:u0129:s00	26	a	a	DET	DT	Definite=Ind|PronType=Art	22	parataxis	130	131
usc5-552-doj:u0129:s00	27	)	)	PUNCT	-RRB-	_	26	punct	131	132
usc5-552-doj:u0129:s00	28	and	and	CCONJ	CC	_	30	cc	133	136
usc5-552-doj:u0129:s00	29	the	the	DET	DT	Definite=Def|PronType=Art	30	det	137	140
usc5-552-doj:u0129:s00	30	reasons	reason	NOUN	NNS	Number=Plur	26	conj	141	148
usc5-552-doj:u0129:s00	31	for	for	ADP	IN	_	34	case	149	152
usc5-552-doj:u0129:s00	32	each	each	DET	DT	_	34	det	153	157
usc5-552-doj:u0129:s00	33	such	such	ADJ	JJ	Degree=Pos	34	amod	158	162
usc5-552-doj:u0129:s00	34	determination	determination	NOUN	NN	Number=Sing	30	nmod	163	176
usc5-552-doj:u0129:s00	35	;	;	PUNCT	,	_	2	punct	176	177
usc5-552-doj:u0130:s00	1	(	(	PUNCT	-LRB-	_	2	punct	0	1
usc5-552-doj:u0130:s00	2	B	b	X	LS	_	5	nummod	1	2
usc5-552-doj:u0130:s00	3	)	)	PUNCT	-RRB-	_	2	punct	2	3
usc5-552-doj:u0130:s00	4	(	(	PUNCT	-LRB-	_	2	punct	3	4
usc5-552-doj:u0130:s00	5	i	I	X	LS	_	0	root	4	5
usc5-552-doj:u0130:s00	6	)	)	PUNCT	-RRB-	_	5	punct	5	6
usc5-552-doj:u0130:s00	7	the	the	DET	DT	Definite=Def|PronType=Art	8	det	7	10
usc5-552-doj:u0130:s00	8	number	number	NOUN	NN	Number=Sing	5	appos	11	17
usc5-552-doj:u0130:s00	9	of	of	ADP	IN	_	10	case	18	20
usc5-552-doj:u0130:s00	10	appeals	appeal	NOUN	NNS	Number=Plur	8	nmod	21	28
usc5-552-doj:u0130:s00	11	made	make	VERB	VBN	Tense=Past|VerbForm=Part	8	acl	29	33
usc5-552-doj:u0130:s00	12	by	by	ADP	IN	_	13	case	34	36
usc5-552-doj:u0130:s00	13	persons	person	NOUN	NNS	Number=Plur	11	obl	37	44
usc5-552-doj:u0130:s00	14	under	under	ADP	IN	_	15	case	45	50
usc5-552-doj:u0130:s00	15	subsection	subsection	NOUN	NN	Number=Sing	11	obl	51	61
usc5-552-doj:u0130:s00	16	(	(	PUNCT	-LRB-	_	17	punct	62	63
usc5-552-doj:u0130:s00	17	a	a	DET	DT	Definite=Ind|PronType=Art	8	appos	63	64
usc5-552-doj:u0130:s00	18	)	)	PUNCT	-RRB-	_	17	punct	64	65
usc5-552-doj:u0130:s00	19	(	(	PUNCT	-LRB-	_	20	punct	65	66
usc5-552-doj:u0130:s00	20	6	6	X	LS	_	17	appos	66	67
usc5-552-doj:u0130:s00	21	)	)	PUNCT	-RRB-	_	20	punct	67	68
usc5-552-doj:u0130:s00	22	,	,	PUNCT	,	_	24	punct	68	69
usc5-552-doj:u0130:s00	23	the	the	DET	DT	Definite=Def|PronType=Art	24	det	70	73
usc5-552-doj:u0130:s00	24	result	result	NOUN	NN	Number=Sing	5	conj	74	80
usc5-552-doj:u0130:s00	25	of	of	ADP	IN	_	27	case	81	83
usc5-552-doj:u0130:s00	26	such	such	ADJ	JJ	Degree=Pos	27	amod	84	88
usc5-552-doj:u0130:s00	27	appeals	appeal	NOUN	NNS	Number=Plur	24	nmod	89	96
usc5-552-doj:u0130:s00	28	,	,	PUNCT	,	_	31	punct	96	97
usc5-552-doj:u0130:s00	29	and	and	CCONJ	CC	_	31	cc	98	101
usc5-552-doj:u0130:s00	30	the	the	DET	DT	Definite=Def|PronType=Art	31	det	102	105
usc5-552-doj:u0130:s00	31	reason	reason	NOUN	NN	Number=Sing	5	conj	106	112
usc5-552-doj:u0130:s00	32	for	for	ADP	IN	_	34	case	113	116
usc5-552-doj:u0130:s00	33	the	the	DET	DT	Definite=Def|PronType=Art	34	det	117	120
usc5-552-doj:u0130:s00	34	action	action	NOUN	NN	Number=Sing	31	nmod	121	127
usc5-552-doj:u0130:s00	35	upon	upon	ADP	IN	_	37	case	128	132
usc5-552-doj:u0130:s00	36	each	each	DET	DT	_	37	det	133	137
usc5-552-doj:u0130:s00	37	appeal	appeal	NOUN	NN	Number=Sing	31	nmod	138	144
usc5-552-doj:u0130:s00	38	that	that	SCONJ	IN	_	5	conj	145	149
usc5-552-doj:u0130:s00	39	results	result	NOUN	NNS	Number=Plur	46	conj	150	157
usc5-552-doj:u0130:s00	40	in	in	ADP	IN	_	42	case	158	160
usc5-552-doj:u0130:s00	41	a	a	DET	DT	Definite=Ind|PronType=Art	42	det	161	162
usc5-552-doj:u0130:s00	42	denial	denial	NOUN	NN	Number=Sing	39	nmod	163	169
usc5-552-doj:u0130:s00	43	of	of	ADP	IN	_	44	case	170	172
usc5-552-doj:u0130:s00	44	information	information	NOUN	NN	Number=Sing	42	nmod	173	184
usc5-552-doj:u0130:s00	45	;	;	PUNCT	,	_	39	punct	184	185
usc5-552-doj:u0130:s00	46	and	and	CCONJ	CC	_	38	cc	186	189
usc5-552-doj:u0131:s00	1	(	(	PUNCT	-LRB-	_	2	punct	0	1
usc5-552-doj:u0131:s00	2	ii	ii	X	LS	_	0	root	1	3
usc5-552-doj:u0131:s00	3	)	)	PUNCT	-RRB-	_	2	punct	3	4
usc5-552-doj:u0131:s00	4	a	a	DET	DT	Definite=Ind|PronType=Art	6	det	5	6
usc5-552-doj:u0131:s00	5	complete	complete	ADJ	JJ	Degree=Pos	6	amod	7	15
usc5-552-doj:u0131:s00	6	list	list	NOUN	NN	Number=Sing	2	nsubj	16	20
usc5-552-doj:u0131:s00	7	of	of	ADP	IN	_	9	case	21	23
usc5-552-doj:u0131:s00	8	all	all	DET	DT	_	9	det	24	27
usc5-552-doj:u0131:s00	9	statutes	statute	NOUN	NNS	Number=Plur	6	nmod	28	36
usc5-552-doj:u0131:s00	10	that	that	SCONJ	IN	_	13	mark	37	41
usc5-552-doj:u0131:s00	11	the	the	DET	DT	Definite=Def|PronType=Art	12	det	42	45
usc5-552-doj:u0131:s00	12	agency	agency	NOUN	NN	Number=Sing	13	nsubj	46	52
usc5-552-doj:u0131:s00	13	relies	rely	VERB	VBZ	Mood=Ind|Number=Sing|Person=3|Tense=Pres|VerbForm=Fin	6	acl	53	59
usc5-552-doj:u0131:s00	14	upon	upon	ADP	IN	_	16	mark	60	64
usc5-552-doj:u0131:s00	15	to	to	PART	TO	_	16	mark	65	67
usc5-552-doj:u0131:s00	16	authorize	authorize	VERB	VB	VerbForm=Inf	13	advcl	68	77
usc5-552-doj:u0131:s00	17	the	the	DET	DT	Definite=Def|PronType=Art	18	det	78	81
usc5-552-doj:u0131:s00	18	agency	agency	NOUN	NN	Number=Sing	16	obj	82	88
usc5-552-doj:u0131:s00	19	to	to	PART	TO	_	20	mark	89	91
usc5-552-doj:u0131:s00	20	withhold	withhold	VERB	VB	VerbForm=Inf	18	acl	92	100
usc5-552-doj:u0131:s00	21	information	information	NOUN	NN	Number=Sing	20	obj	101	112
usc5-552-doj:u0131:s00	22	under	under	ADP	IN	_	23	case	113	118
usc5-552-doj:u0131:s00	23	subsection	subsection	NOUN	NN	Number=Sing	25	compound	119	129
usc5-552-doj:u0131:s00	24	(	(	PUNCT	-LRB-	_	25	punct	130	131
usc5-552-doj:u0131:s00	25	b	b	NOUN	NN	Number=Sing	21	nmod	131	132
usc5-552-doj:u0131:s00	26	)	)	PUNCT	-RRB-	_	25	punct	132	133
usc5-552-doj:u0131:s00	27	(	(	PUNCT	-LRB-	_	25	punct	133	134
usc5-552-doj:u0131:s00	28	3	3	X	LS	_	25	appos	134	135
usc5-552-doj:u0131:s00	29	)	)	PUNCT	-RRB-	_	25	punct	135	136
usc5-552-doj:u0131:s00	30	,	,	PUNCT	,	_	6	punct	136	137
usc5-552-doj:u0131:s00	31	the	the	DET	DT	Definite=Def|PronType=Art	32	det	138	141
usc5-552-doj:u0131:s00	32	number	number	NOUN	NN	Number=Sing	6	appos	142	148
usc5-552-doj:u0131:s00	33	of	of	ADP	IN	_	34	case	149	151
usc5-552-doj:u0131:s00	34	occasions	occasion	NOUN	NNS	Number=Plur	32	nmod	152	161
usc5-552-doj:u0131:s00	35	on	on	ADP	IN	_	36	case	162	164
usc5-552-doj:u0131:s00	36	which	which	PRON	WDT	PronType=Rel	40	obl	165	170
usc5-552-doj:u0131:s00	37	each	each	DET	DT	_	38	det	171	175
usc5-552-doj:u0131:s00	38	statute	statute	NOUN	NN	Number=Sing	40	nsubj:pass	176	183
usc5-552-doj:u0131:s00	39	was	be	AUX	VBD	Mood=Ind|Number=Sing|Person=3|Tense=Past|VerbForm=Fin	40	aux:pass	184	187
usc5-552-doj:u0131:s00	40	relied	rely	VERB	VBN	Tense=Past|VerbForm=Part|Voice=Pass	32	acl:relcl	188	194
usc5-552-doj:u0131:s00	41	upon	upon	ADP	IN	_	44	case	195	199
usc5-552-doj:u0131:s00	42	,	,	PUNCT	,	_	44	punct	199	200
usc5-552-doj:u0131:s00	43	a	a	DET	DT	Definite=Ind|PronType=Art	44	det	201	202
usc5-552-doj:u0131:s00	44	description	description	NOUN	NN	Number=Sing	40	obl	203	214
usc5-552-doj:u0131:s00	45	of	of	SCONJ	IN	_	50	mark	215	217
usc5-552-doj:u0131:s00	46	whether	whether	SCONJ	IN	_	50	mark	218	225
usc5-552-doj:u0131:s00	47	a	a	DET	DT	Definite=Ind|PronType=Art	48	det	226	227
usc5-552-doj:u0131:s00	48	court	court	NOUN	NN	Number=Sing	50	nsubj	228	233
usc5-552-doj:u0131:s00	49	has	have	AUX	VBZ	Mood=Ind|Number=Sing|Person=3|Tense=Pres|VerbForm=Fin	50	aux	234	237
usc5-552-doj:u0131:s00	50	upheld	upheld	VERB	VBN	Tense=Past|VerbForm=Part	44	acl	238	244
usc5-552-doj:u0131:s00	51	the	the	DET	DT	Definite=Def|PronType=Art	52	det	245	248
usc5-552-doj:u0131:s00	52	decision	decision	NOUN	NN	Number=Sing	50	obj	249	257
usc5-552-doj:u0131:s00	53	of	of	ADP	IN	_	55	case	258	260
usc5-552-doj:u0131:s00	54	the	the	DET	DT	Definite=Def|PronType=Art	55	det	261	264
usc5-552-doj:u0131:s00	55	agency	agency	NOUN	NN	Number=Sing	52	nmod	265	271
usc5-552-doj:u0131:s00	56	to	to	PART	TO	_	57	mark	272	274
usc5-552-doj:u0131:s00	57	withhold	withhold	VERB	VB	VerbForm=Inf	52	acl	275	283
usc5-552-doj:u0131:s00	58	information	information	NOUN	NN	Number=Sing	57	obj	284	295
usc5-552-doj:u0131:s00	59	under	under	ADP	IN	_	62	case	296	301
usc5-552-doj:u0131:s00	60	each	each	DET	DT	_	62	det	302	306
usc5-552-doj:u0131:s00	61	such	such	ADJ	JJ	Degree=Pos	62	amod	307	311
usc5-552-doj:u0131:s00	62	statute	statute	NOUN	NN	Number=Sing	57	obl	312	319
usc5-552-doj:u0131:s00	63	,	,	PUNCT	,	_	67	punct	319	320
usc5-552-doj:u0131:s00	64	and	and	CCONJ	CC	_	67	cc	321	324
usc5-552-doj:u0131:s00	65	a	a	DET	DT	Definite=Ind|PronType=Art	67	det	325	326
usc5-552-doj:u0131:s00	66	concise	concise	NOUN	NN	Number=Sing	67	compound	327	334
usc5-552-doj:u0131:s00	67	description	description	NOUN	NN	Number=Sing	6	conj	335	346
usc5-552-doj:u0131:s00	68	of	of	ADP	IN	_	70	case	347	349
usc5-552-doj:u0131:s00	69	the	the	DET	DT	Definite=Def|PronType=Art	70	det	350	353
usc5-552-doj:u0131:s00	70	scope	scope	NOUN	NN	Number=Sing	67	nmod	354	359
usc5-552-doj:u0131:s00	71	of	of	ADP	IN	_	74	case	360	362
usc5-552-doj:u0131:s00	72	any	any	DET	DT	_	74	det	363	366
usc5-552-doj:u0131:s00	73	information	information	NOUN	NN	Number=Sing	74	compound	367	378
usc5-552-doj:u0131:s00	74	withheld	withheld	NOUN	NN	Number=Sing	70	nmod	379	387
usc5-552-doj:u0131:s00	75	;	;	PUNCT	,	_	2	punct	387	388
usc5-552-doj:u0132:s00	1	(	(	PUNCT	-LRB-	_	2	punct	0	1
usc5-552-doj:u0132:s00	2	C	c	X	LS	_	0	root	1	2
usc5-552-doj:u0132:s00	3	)	)	PUNCT	-RRB-	_	2	punct	2	3
usc5-552-doj:u0132:s00	4	the	the	DET	DT	Definite=Def|PronType=Art	5	det	4	7
usc5-552-doj:u0132:s00	5	number	number	NOUN	NN	Number=Sing	2	appos	8	14
usc5-552-doj:u0132:s00	6	of	of	ADP	IN	_	7	case	15	17
usc5-552-doj:u0132:s00	7	requests	request	NOUN	NNS	Number=Plur	5	nmod	18	26
usc5-552-doj:u0132:s00	8	for	for	ADP	IN	_	9	case	27	30
usc5-552-doj:u0132:s00	9	records	record	NOUN	NNS	Number=Plur	7	nmod	31	38
usc5-552-doj:u0132:s00	10	pending	pend	VERB	VBG	VerbForm=Ger	7	acl	39	46
usc5-552-doj:u0132:s00	11	before	before	ADP	IN	_	13	case	47	53
usc5-552-doj:u0132:s00	12	the	the	DET	DT	Definite=Def|PronType=Art	13	det	54	57
usc5-552-doj:u0132:s00	13	agency	agency	NOUN	NN	Number=Sing	10	obl	58	64
usc5-552-doj:u0132:s00	14	as	as	ADP	IN	_	16	case	65	67
usc5-552-doj:u0132:s00	15	of	of	ADP	IN	_	14	fixed	68	70
usc5-552-doj:u0132:s00	16	September	September	PROPN	NNP	Number=Sing	10	obl	71	80
usc5-552-doj:u0132:s00	17	30	30	NUM	CD	NumType=Card	16	nummod	81	83
usc5-552-doj:u0132:s00	18	of	of	ADP	IN	_	21	case	84	86
usc5-552-doj:u0132:s00	19	the	the	DET	DT	Definite=Def|PronType=Art	21	det	87	90
usc5-552-doj:u0132:s00	20	preceding	preceding	VERB	VBG	VerbForm=Ger	21	amod	91	100
usc5-552-doj:u0132:s00	21	year	year	NOUN	NN	Number=Sing	16	nmod	101	105
usc5-552-doj:u0132:s00	22	,	,	PUNCT	,	_	28	punct	105	106
usc5-552-doj:u0132:s00	23	and	and	CCONJ	CC	_	28	cc	107	110
usc5-552-doj:u0132:s00	24	the	the	DET	DT	Definite=Def|PronType=Art	28	det	111	114
usc5-552-doj:u0132:s00	25	median	median	ADJ	JJ	Degree=Pos	28	amod	115	121
usc5-552-doj:u0132:s00	26	and	and	CCONJ	CC	_	27	cc	122	125
usc5-552-doj:u0132:s00	27	average	average	ADJ	JJ	Degree=Pos	25	conj	126	133
usc5-552-doj:u0132:s00	28	number	number	NOUN	NN	Number=Sing	5	conj	134	140
usc5-552-doj:u0132:s00	29	of	of	ADP	IN	_	30	case	141	143
usc5-552-doj:u0132:s00	30	days	day	NOUN	NNS	Number=Plur	28	nmod	144	148
usc5-552-doj:u0132:s00	31	that	that	PRON	WDT	PronType=Rel	36	obj	149	153
usc5-552-doj:u0132:s00	32	such	such	ADJ	JJ	Degree=Pos	33	amod	154	158
usc5-552-doj:u0132:s00	33	requests	request	NOUN	NNS	Number=Plur	36	nsubj	159	167
usc5-552-doj:u0132:s00	34	had	have	AUX	VBD	Mood=Ind|Tense=Past|VerbForm=Fin	36	aux	168	171
usc5-552-doj:u0132:s00	35	been	be	AUX	VBN	Tense=Past|VerbForm=Part	36	aux	172	176
usc5-552-doj:u0132:s00	36	pending	pend	VERB	VBG	Tense=Pres|VerbForm=Part	30	acl:relcl	177	184
usc5-552-doj:u0132:s00	37	before	before	ADP	IN	_	39	case	185	191
usc5-552-doj:u0132:s00	38	the	the	DET	DT	Definite=Def|PronType=Art	39	det	192	195
usc5-552-doj:u0132:s00	39	agency	agency	NOUN	NN	Number=Sing	36	obl	196	202
usc5-552-doj:u0132:s00	40	as	as	ADP	IN	_	43	case	203	205
usc5-552-doj:u0132:s00	41	of	of	ADP	IN	_	40	fixed	206	208
usc5-552-doj:u0132:s00	42	that	that	DET	DT	Number=Sing|PronType=Dem	43	det	209	213
usc5-552-doj:u0132:s00	43	date	date	NOUN	NN	Number=Sing	5	nmod	214	218
usc5-552-doj:u0132:s00	44	;	;	PUNCT	.	_	2	punct	218	219
usc5-552-doj:u0133:s00	1	(	(	PUNCT	-LRB-	_	2	punct	0	1
usc5-552-doj:u0133:s00	2	D	d	PROPN	NNP	Number=Sing	0	root	1	2
usc5-552-doj:u0133:s00	3	)	)	PUNCT	-RRB-	_	2	punct	2	3
usc5-552-doj:u0133:s00	4	the	the	DET	DT	Definite=Def|PronType=Art	5	det	4	7
usc5-552-doj:u0133:s00	5	number	number	NOUN	NN	Number=Sing	2	appos	8	14
usc5-552-doj:u0133:s00	6	of	of	ADP	IN	_	7	case	15	17
usc5-552-doj:u0133:s00	7	requests	request	NOUN	NNS	Number=Plur	5	nmod	18	26
usc5-552-doj:u0133:s00	8	for	for	ADP	IN	_	9	case	27	30
usc5-552-doj:u0133:s00	9	records	record	NOUN	NNS	Number=Plur	7	nmod	31	38
usc5-552-doj:u0133:s00	10	received	receive	VERB	VBN	Tense=Past|VerbForm=Part	9	acl	39	47
usc5-552-doj:u0133:s00	11	by	by	ADP	IN	_	13	case	48	50
usc5-552-doj:u0133:s00	12	the	the	DET	DT	Definite=Def|PronType=Art	13	det	51	54
usc5-552-doj:u0133:s00	13	agency	agency	NOUN	NN	Number=Sing	10	obl	55	61
usc5-552-doj:u0133:s00	14	and	and	CCONJ	CC	_	16	cc	62	65
usc5-552-doj:u0133:s00	15	the	the	DET	DT	Definite=Def|PronType=Art	16	det	66	69
usc5-552-doj:u0133:s00	16	number	number	NOUN	NN	Number=Sing	5	conj	70	76
usc5-552-doj:u0133:s00	17	of	of	ADP	IN	_	18	case	77	79
usc5-552-doj:u0133:s00	18	requests	request	NOUN	NNS	Number=Plur	16	nmod	80	88
usc5-552-doj:u0133:s00	19	which	which	PRON	WDT	PronType=Rel	22	obj	89	94
usc5-552-doj:u0133:s00	20	the	the	DET	DT	Definite=Def|PronType=Art	21	det	95	98
usc5-552-doj:u0133:s00	21	agency	agency	NOUN	NN	Number=Sing	22	nsubj	99	105
usc5-552-doj:u0133:s00	22	processed	process	VERB	VBN	Tense=Past|VerbForm=Part	18	acl:relcl	106	115
usc5-552-doj:u0133:s00	23	;	;	PUNCT	,	_	2	punct	115	116
usc5-552-doj:u0134:s00	1	(	(	PUNCT	-LRB-	_	2	punct	0	1
usc5-552-doj:u0134:s00	2	E	e	PROPN	NNP	Number=Sing	0	root	1	2
usc5-552-doj:u0134:s00	3	)	)	PUNCT	-RRB-	_	2	punct	2	3
usc5-552-doj:u0134:s00	4	the	the	DET	DT	Definite=Def|PronType=Art	6	det	4	7
usc5-552-doj:u0134:s00	5	median	median	ADJ	JJ	Degree=Pos	6	amod	8	14
usc5-552-doj:u0134:s00	6	number	number	NOUN	NN	Number=Sing	2	appos	15	21
usc5-552-doj:u0134:s00	7	of	of	ADP	IN	_	8	case	22	24
usc5-552-doj:u0134:s00	8	days	day	NOUN	NNS	Number=Plur	6	nmod	25	29
usc5-552-doj:u0134:s00	9	taken	take	VERB	VBN	Tense=Past|VerbForm=Part	8	acl	30	35
usc5-552-doj:u0134:s00	10	by	by	ADP	IN	_	12	case	36	38
usc5-552-doj:u0134:s00	11	the	the	DET	DT	Definite=Def|PronType=Art	12	det	39	42
usc5-552-doj:u0134:s00	12	agency	agency	NOUN	NN	Number=Sing	9	obl	43	49
usc5-552-doj:u0134:s00	13	to	to	PART	TO	_	14	mark	50	52
usc5-552-doj:u0134:s00	14	process	process	VERB	VB	VerbForm=Inf	9	advcl	53	60
usc5-552-doj:u0134:s00	15	different	different	ADJ	JJ	Degree=Pos	16	amod	61	70
usc5-552-doj:u0134:s00	16	types	type	NOUN	NNS	Number=Plur	14	obj	71	76
usc5-552-doj:u0134:s00	17	of	of	ADP	IN	_	18	case	77	79
usc5-552-doj:u0134:s00	18	requests	request	NOUN	NNS	Number=Plur	16	nmod	80	88
usc5-552-doj:u0134:s00	19	,	,	PUNCT	,	_	16	punct	88	89
usc5-552-doj:u0134:s00	20	based	base	VERB	VBN	Tense=Past|VerbForm=Part	23	case	90	95
usc5-552-doj:u0134:s00	21	on	on	ADP	IN	_	23	case	96	98
usc5-552-doj:u0134:s00	22	the	the	DET	DT	Definite=Def|PronType=Art	23	det	99	102
usc5-552-doj:u0134:s00	23	date	date	NOUN	NN	Number=Sing	16	nmod	103	107
usc5-552-doj:u0134:s00	24	on	on	ADP	IN	_	25	case	108	110
usc5-552-doj:u0134:s00	25	which	which	PRON	WDT	PronType=Rel	29	obl	111	116
usc5-552-doj:u0134:s00	26	the	the	DET	DT	Definite=Def|PronType=Art	27	det	117	120
usc5-552-doj:u0134:s00	27	requests	request	NOUN	NNS	Number=Plur	29	nsubj:pass	121	129
usc5-552-doj:u0134:s00	28	were	be	AUX	VBD	Mood=Ind|Tense=Past|VerbForm=Fin	29	aux:pass	130	134
usc5-552-doj:u0134:s00	29	received	receive	VERB	VBN	Tense=Past|VerbForm=Part|Voice=Pass	23	acl:relcl	135	143
usc5-552-doj:u0134:s00	30	by	by	ADP	IN	_	32	case	144	146
usc5-552-doj:u0134:s00	31	the	the	DET	DT	Definite=Def|PronType=Art	32	det	147	150
usc5-552-doj:u0134:s00	32	agency	agency	NOUN	NN	Number=Sing	29	obl	151	157
usc5-552-doj:u0134:s00	33	;	;	PUNCT	,	_	2	punct	157	158
usc5-552-doj:u0135:s00	1	(	(	PUNCT	-LRB-	_	2	punct	0	1
usc5-552-doj:u0135:s00	2	F	f	PROPN	NNP	Number=Sing	0	root	1	2
usc5-552-doj:u0135:s00	3	)	)	PUNCT	-RRB-	_	2	punct	2	3
usc5-552-doj:u0135:s00	4	the	the	DET	DT	Definite=Def|PronType=Art	6	det	4	7
usc5-552-doj:u0135:s00	5	average	average	ADJ	JJ	Degree=Pos	6	amod	8	15
usc5-552-doj:u0135:s00	6	number	number	NOUN	NN	Number=Sing	2	appos	16	22
usc5-552-doj:u0135:s00	7	of	of	ADP	IN	_	8	case	23	25
usc5-552-doj:u0135:s00	8	days	day	NOUN	NNS	Number=Plur	6	nmod	26	30
usc5-552-doj:u0135:s00	9	for	for	ADP	IN	_	11	case	31	34
usc5-552-doj:u0135:s00	10	the	the	DET	DT	Definite=Def|PronType=Art	11	det	35	38
usc5-552-doj:u0135:s00	11	agency	agency	NOUN	NN	Number=Sing	6	nmod	39	45
usc5-552-doj:u0135:s00	12	to	to	PART	TO	_	13	mark	46	48
usc5-552-doj:u0135:s00	13	respond	respond	VERB	VB	VerbForm=Inf	2	acl	49	56
usc5-552-doj:u0135:s00	14	to	to	ADP	IN	_	16	case	57	59
usc5-552-doj:u0135:s00	15	a	a	DET	DT	Definite=Ind|PronType=Art	16	det	60	61
usc5-552-doj:u0135:s00	16	request	request	NOUN	NN	Number=Sing	13	obl	62	69
usc5-552-doj:u0135:s00	17	beginning	begin	VERB	VBG	VerbForm=Ger	16	acl	70	79
usc5-552-doj:u0135:s00	18	on	on	ADP	IN	_	20	case	80	82
usc5-552-doj:u0135:s00	19	the	the	DET	DT	Definite=Def|PronType=Art	20	det	83	86
usc5-552-doj:u0135:s00	20	date	date	NOUN	NN	Number=Sing	17	obl	87	91
usc5-552-doj:u0135:s00	21	on	on	ADP	IN	_	22	case	92	94
usc5-552-doj:u0135:s00	22	which	which	PRON	WDT	PronType=Rel	26	obl	95	100
usc5-552-doj:u0135:s00	23	the	the	DET	DT	Definite=Def|PronType=Art	24	det	101	104
usc5-552-doj:u0135:s00	24	request	request	NOUN	NN	Number=Sing	26	nsubj:pass	105	112
usc5-552-doj:u0135:s00	25	was	be	AUX	VBD	Mood=Ind|Number=Sing|Person=3|Tense=Past|VerbForm=Fin	26	aux:pass	113	116
usc5-552-doj:u0135:s00	26	received	receive	VERB	VBN	Tense=Past|VerbForm=Part|Voice=Pass	20	acl:relcl	117	125
usc5-552-doj:u0135:s00	27	by	by	ADP	IN	_	29	case	126	128
usc5-552-doj:u0135:s00	28	the	the	DET	DT	Definite=Def|PronType=Art	29	det	129	132
usc5-552-doj:u0135:s00	29	agency	agency	NOUN	NN	Number=Sing	26	obl	133	139
usc5-552-doj:u0135:s00	30	,	,	PUNCT	,	_	2	punct	139	140
usc5-552-doj:u0135:s00	31	the	the	DET	DT	Definite=Def|PronType=Art	33	det	141	144
usc5-552-doj:u0135:s00	32	median	median	ADJ	JJ	Degree=Pos	33	amod	145	151
usc5-552-doj:u0135:s00	33	number	number	NOUN	NN	Number=Sing	2	appos	152	158
usc5-552-doj:u0135:s00	34	of	of	ADP	IN	_	35	case	159	161
usc5-552-doj:u0135:s00	35	days	day	NOUN	NNS	Number=Plur	33	nmod	162	166
usc5-552-doj:u0135:s00	36	for	for	ADP	IN	_	38	case	167	170
usc5-552-doj:u0135:s00	37	the	the	DET	DT	Definite=Def|PronType=Art	38	det	171	174
usc5-552-doj:u0135:s00	38	agency	agency	NOUN	NN	Number=Sing	33	nmod	175	181
usc5-552-doj:u0135:s00	39	to	to	PART	TO	_	40	mark	182	184
usc5-552-doj:u0135:s00	40	respond	respond	VERB	VB	VerbForm=Inf	2	acl	185	192
usc5-552-doj:u0135:s00	41	to	to	ADP	IN	_	43	case	193	195
usc5-552-doj:u0135:s00	42	such	such	ADJ	JJ	Degree=Pos	43	amod	196	200
usc5-552-doj:u0135:s00	43	requests	request	NOUN	NNS	Number=Plur	40	obl	201	209
usc5-552-doj:u0135:s00	44	,	,	PUNCT	,	_	47	punct	209	210
usc5-552-doj:u0135:s00	45	and	and	CCONJ	CC	_	47	cc	211	214
usc5-552-doj:u0135:s00	46	the	the	DET	DT	Definite=Def|PronType=Art	47	det	215	218
usc5-552-doj:u0135:s00	47	range	range	NOUN	NN	Number=Sing	2	conj	219	224
usc5-552-doj:u0135:s00	48	in	in	ADP	IN	_	49	case	225	227
usc5-552-doj:u0135:s00	49	number	number	NOUN	NN	Number=Sing	47	nmod	228	234
usc5-552-doj:u0135:s00	50	of	of	ADP	IN	_	51	case	235	237
usc5-552-doj:u0135:s00	51	days	day	NOUN	NNS	Number=Plur	49	nmod	238	242
usc5-552-doj:u0135:s00	52	for	for	ADP	IN	_	54	case	243	246
usc5-552-doj:u0135:s00	53	the	the	DET	DT	Definite=Def|PronType=Art	54	det	247	250
usc5-552-doj:u0135:s00	54	agency	agency	NOUN	NN	Number=Sing	51	nmod	251	257
usc5-552-doj:u0135:s00	55	to	to	PART	TO	_	56	mark	258	260
usc5-552-doj:u0135:s00	56	respond	respond	VERB	VB	VerbForm=Inf	47	acl	261	268
usc5-552-doj:u0135:s00	57	to	to	ADP	IN	_	59	case	269	271
usc5-552-doj:u0135:s00	58	such	such	ADJ	JJ	Degree=Pos	59	amod	272	276
usc5-552-doj:u0135:s00	59	requests	request	NOUN	NNS	Number=Plur	56	obl	277	285
usc5-552-doj:u0135:s00	60	;	;	PUNCT	,	_	2	punct	285	286
usc5-552-doj:u0136:s00	1	(	(	PUNCT	-LRB-	_	2	punct	0	1
usc5-552-doj:u0136:s00	2	G	g	NOUN	NN	Number=Sing	19	nsubj:pass	1	2
usc5-552-doj:u0136:s00	3	)	)	PUNCT	-RRB-	_	2	punct	2	3
usc5-552-doj:u0136:s00	4	based	base	VERB	VBN	Tense=Past|VerbForm=Part	7	case	4	9
usc5-552-doj:u0136:s00	5	on	on	ADP	IN	_	7	case	10	12
usc5-552-doj:u0136:s00	6	the	the	DET	DT	Definite=Def|PronType=Art	7	det	13	16
usc5-552-doj:u0136:s00	7	number	number	NOUN	NN	Number=Sing	2	nmod	17	23
usc5-552-doj:u0136:s00	8	of	of	ADP	IN	_	10	case	24	26
usc5-552-doj:u0136:s00	9	business	business	NOUN	NN	Number=Sing	10	compound	27	35
usc5-552-doj:u0136:s00	10	days	day	NOUN	NNS	Number=Plur	7	nmod	36	40
usc5-552-doj:u0136:s00	11	that	that	PRON	WDT	PronType=Rel	13	nsubj	41	45
usc5-552-doj:u0136:s00	12	have	have	AUX	VBP	Mood=Ind|Tense=Pres|VerbForm=Fin	13	aux	46	50
usc5-552-doj:u0136:s00	13	elapsed	elapse	VERB	VBN	Tense=Past|VerbForm=Part	10	acl:relcl	51	58
usc5-552-doj:u0136:s00	14	since	since	ADP	IN	_	16	case	59	64
usc5-552-doj:u0136:s00	15	each	each	DET	DT	_	16	det	65	69
usc5-552-doj:u0136:s00	16	request	request	NOUN	NN	Number=Sing	13	obl	70	77
usc5-552-doj:u0136:s00	17	was	be	AUX	VBD	Mood=Ind|Number=Sing|Person=3|Tense=Past|VerbForm=Fin	19	aux:pass	78	81
usc5-552-doj:u0136:s00	18	originally	originally	ADV	RB	_	19	advmod	82	92
usc5-552-doj:u0136:s00	19	received	receive	VERB	VBN	Tense=Past|VerbForm=Part|Voice=Pass	0	root	93	101
usc5-552-doj:u0136:s00	20	by	by	ADP	IN	_	22	case	102	104
usc5-552-doj:u0136:s00	21	the	the	DET	DT	Definite=Def|PronType=Art	22	det	105	108
usc5-552-doj:u0136:s00	22	agency	agency	NOUN	NN	Number=Sing	19	obl	109	115
usc5-552-doj:u0136:s00	23	—	-	PUNCT	.	_	19	punct	115	116
usc5-552-doj:u0137:s00	1	(	(	PUNCT	-LRB-	_	2	punct	0	1
usc5-552-doj:u0137:s00	2	i	i	X	LS	_	5	advmod	1	2
usc5-552-doj:u0137:s00	3	)	)	PUNCT	-RRB-	_	2	punct	2	3
usc5-552-doj:u0137:s00	4	the	the	DET	DT	Definite=Def|PronType=Art	5	det	4	7
usc5-552-doj:u0137:s00	5	number	number	NOUN	NN	Number=Sing	0	root	8	14
usc5-552-doj:u0137:s00	6	of	of	ADP	IN	_	7	case	15	17
usc5-552-doj:u0137:s00	7	requests	request	NOUN	NNS	Number=Plur	5	nmod	18	26
usc5-552-doj:u0137:s00	8	for	for	ADP	IN	_	9	case	27	30
usc5-552-doj:u0137:s00	9	records	record	NOUN	NNS	Number=Plur	7	nmod	31	38
usc5-552-doj:u0137:s00	10	to	to	ADP	IN	_	11	case	39	41
usc5-552-doj:u0137:s00	11	which	which	PRON	WDT	PronType=Rel	15	obl	42	47
usc5-552-doj:u0137:s00	12	the	the	DET	DT	Definite=Def|PronType=Art	13	det	48	51
usc5-552-doj:u0137:s00	13	agency	agency	NOUN	NN	Number=Sing	15	nsubj	52	58
usc5-552-doj:u0137:s00	14	has	have	AUX	VBZ	Mood=Ind|Number=Sing|Person=3|Tense=Pres|VerbForm=Fin	15	aux	59	62
usc5-552-doj:u0137:s00	15	responded	respond	VERB	VBN	Tense=Past|VerbForm=Part	7	acl:relcl	63	72
usc5-552-doj:u0137:s00	16	with	with	ADP	IN	_	18	case	73	77
usc5-552-doj:u0137:s00	17	a	a	DET	DT	Definite=Ind|PronType=Art	18	det	78	79
usc5-552-doj:u0137:s00	18	determination	determination	NOUN	NN	Number=Sing	15	obl	80	93
usc5-552-doj:u0137:s00	19	within	within	ADP	IN	_	21	case	94	100
usc5-552-doj:u0137:s00	20	a	a	DET	DT	Definite=Ind|PronType=Art	21	det	101	102
usc5-552-doj:u0137:s00	21	period	period	NOUN	NN	Number=Sing	15	obl	103	109
usc5-552-doj:u0137:s00	22	up	up	ADP	RP	_	27	case	110	112
usc5-552-doj:u0137:s00	23	to	to	ADP	IN	_	22	fixed	113	115
usc5-552-doj:u0137:s00	24	and	and	CCONJ	CC	_	25	cc	116	119
usc5-552-doj:u0137:s00	25	including	include	VERB	VBG	VerbForm=Ger	22	conj	120	129
usc5-552-doj:u0137:s00	26	20	20	NUM	CD	NumType=Card	27	nummod	130	132
usc5-552-doj:u0137:s00	27	days	day	NOUN	NNS	Number=Plur	15	obl	133	137
usc5-552-doj:u0137:s00	28	,	,	PUNCT	,	_	34	punct	137	138
usc5-552-doj:u0137:s00	29	and	and	CCONJ	CC	_	34	cc	139	142
usc5-552-doj:u0137:s00	30	in	in	ADP	IN	_	34	case	143	145
usc5-552-doj:u0137:s00	31	20	20	NUM	CD	NumType=Card	33	nummod	146	148
usc5-552-doj:u0137:s00	32	-	-	PUNCT	HYPH	_	33	punct	148	149
usc5-552-doj:u0137:s00	33	day	day	NOUN	NN	Number=Sing	34	compound	149	152
usc5-552-doj:u0137:s00	34	increments	increment	NOUN	NNS	Number=Plur	27	conj	153	163
usc5-552-doj:u0137:s00	35	up	up	ADP	IN	_	40	case	164	166
usc5-552-doj:u0137:s00	36	to	to	ADP	IN	_	35	fixed	167	169
usc5-552-doj:u0137:s00	37	and	and	CCONJ	CC	_	38	cc	170	173
usc5-552-doj:u0137:s00	38	including	include	VERB	VBG	VerbForm=Ger	40	case	174	183
usc5-552-doj:u0137:s00	39	200	200	NUM	CD	NumType=Card	40	nummod	184	187
usc5-552-doj:u0137:s00	40	days	day	NOUN	NNS	Number=Plur	34	obl	188	192
usc5-552-doj:u0137:s00	41	;	;	PUNCT	,	_	5	punct	192	193
usc5-552-doj:u0138:s00	1	(	(	PUNCT	-LRB-	_	2	punct	0	1
usc5-552-doj:u0138:s00	2	ii	ii	X	LS	_	0	root	1	3
usc5-552-doj:u0138:s00	3	)	)	PUNCT	-RRB-	_	2	punct	3	4
usc5-552-doj:u0138:s00	4	the	the	DET	DT	Definite=Def|PronType=Art	5	det	5	8
usc5-552-doj:u0138:s00	5	number	number	NOUN	NN	Number=Sing	2	appos	9	15
usc5-552-doj:u0138:s00	6	of	of	ADP	IN	_	7	case	16	18
usc5-552-doj:u0138:s00	7	requests	request	NOUN	NNS	Number=Plur	5	nmod	19	27
usc5-552-doj:u0138:s00	8	for	for	ADP	IN	_	9	case	28	31
usc5-552-doj:u0138:s00	9	records	record	NOUN	NNS	Number=Plur	7	nmod	32	39
usc5-552-doj:u0138:s00	10	to	to	ADP	IN	_	11	case	40	42
usc5-552-doj:u0138:s00	11	which	which	PRON	WDT	PronType=Rel	15	obl	43	48
usc5-552-doj:u0138:s00	12	the	the	DET	DT	Definite=Def|PronType=Art	13	det	49	52
usc5-552-doj:u0138:s00	13	agency	agency	NOUN	NN	Number=Sing	15	nsubj	53	59
usc5-552-doj:u0138:s00	14	has	have	AUX	VBZ	Mood=Ind|Number=Sing|Person=3|Tense=Pres|VerbForm=Fin	15	aux	60	63
usc5-552-doj:u0138:s00	15	responded	respond	VERB	VBN	Tense=Past|VerbForm=Part	7	acl:relcl	64	73
usc5-552-doj:u0138:s00	16	with	with	ADP	IN	_	18	case	74	78
usc5-552-doj:u0138:s00	17	a	a	DET	DT	Definite=Ind|PronType=Art	18	det	79	80
usc5-552-doj:u0138:s00	18	determination	determination	NOUN	NN	Number=Sing	15	obl	81	94
usc5-552-doj:u0138:s00	19	within	within	ADP	IN	_	21	case	95	101
usc5-552-doj:u0138:s00	20	a	a	DET	DT	Definite=Ind|PronType=Art	21	det	102	103
usc5-552-doj:u0138:s00	21	period	period	NOUN	NN	Number=Sing	15	obl	104	110
usc5-552-doj:u0138:s00	22	greater	greater	ADJ	JJR	Degree=Cmp	25	case	111	118
usc5-552-doj:u0138:s00	23	than	than	ADP	IN	_	22	fixed	119	123
usc5-552-doj:u0138:s00	24	200	200	NUM	CD	NumType=Card	25	nummod	124	127
usc5-552-doj:u0138:s00	25	days	day	NOUN	NNS	Number=Plur	21	nmod	128	132
usc5-552-doj:u0138:s00	26	and	and	CCONJ	CC	_	30	cc	133	136
usc5-552-doj:u0138:s00	27	less	less	ADJ	JJR	Degree=Cmp	29	advmod	137	141
usc5-552-doj:u0138:s00	28	than	than	ADP	IN	_	27	fixed	142	146
usc5-552-doj:u0138:s00	29	301	301	NUM	CD	NumType=Card	30	nummod	147	150
usc5-552-doj:u0138:s00	30	days	day	NOUN	NNS	Number=Plur	25	conj	151	155
usc5-552-doj:u0138:s00	31	;	;	PUNCT	,	_	2	punct	155	156
usc5-552-doj:u0139:s00	1	(	(	PUNCT	-LRB-	_	2	punct	0	1
usc5-552-doj:u0139:s00	2	iii	iii	X	LS	_	5	advmod	1	4
usc5-552-doj:u0139:s00	3	)	)	PUNCT	-RRB-	_	2	punct	4	5
usc5-552-doj:u0139:s00	4	the	the	DET	DT	Definite=Def|PronType=Art	5	det	6	9
usc5-552-doj:u0139:s00	5	number	number	NOUN	NN	Number=Sing	32	conj	10	16
usc5-552-doj:u0139:s00	6	of	of	ADP	IN	_	7	case	17	19
usc5-552-doj:u0139:s00	7	requests	request	NOUN	NNS	Number=Plur	5	nmod	20	28
usc5-552-doj:u0139:s00	8	for	for	ADP	IN	_	9	case	29	32
usc5-552-doj:u0139:s00	9	records	record	NOUN	NNS	Number=Plur	7	nmod	33	40
usc5-552-doj:u0139:s00	10	to	to	ADP	IN	_	11	case	41	43
usc5-552-doj:u0139:s00	11	which	which	PRON	WDT	PronType=Rel	15	obl	44	49
usc5-552-doj:u0139:s00	12	the	the	DET	DT	Definite=Def|PronType=Art	13	det	50	53
usc5-552-doj:u0139:s00	13	agency	agency	NOUN	NN	Number=Sing	15	nsubj	54	60
usc5-552-doj:u0139:s00	14	has	have	AUX	VBZ	Mood=Ind|Number=Sing|Person=3|Tense=Pres|VerbForm=Fin	15	aux	61	64
usc5-552-doj:u0139:s00	15	responded	respond	VERB	VBN	Tense=Past|VerbForm=Part	7	acl:relcl	65	74
usc5-552-doj:u0139:s00	16	with	with	ADP	IN	_	18	case	75	79
usc5-552-doj:u0139:s00	17	a	a	DET	DT	Definite=Ind|PronType=Art	18	det	80	81
usc5-552-doj:u0139:s00	18	determination	determination	NOUN	NN	Number=Sing	15	obl	82	95
usc5-552-doj:u0139:s00	19	within	within	ADP	IN	_	21	case	96	102
usc5-552-doj:u0139:s00	20	a	a	DET	DT	Definite=Ind|PronType=Art	21	det	103	104
usc5-552-doj:u0139:s00	21	period	period	NOUN	NN	Number=Sing	15	obl	105	111
usc5-552-doj:u0139:s00	22	greater	greater	ADJ	JJR	Degree=Cmp	25	case	112	119
usc5-552-doj:u0139:s00	23	than	than	ADP	IN	_	22	fixed	120	124
usc5-552-doj:u0139:s00	24	300	300	NUM	CD	NumType=Card	25	nummod	125	128
usc5-552-doj:u0139:s00	25	days	day	NOUN	NNS	Number=Plur	21	nmod	129	133
usc5-552-doj:u0139:s00	26	and	and	CCONJ	CC	_	30	cc	134	137
usc5-552-doj:u0139:s00	27	less	less	ADJ	JJR	Degree=Cmp	29	advmod	138	142
usc5-552-doj:u0139:s00	28	than	than	ADP	IN	_	27	fixed	143	147
usc5-552-doj:u0139:s00	29	401	401	NUM	CD	NumType=Card	30	nummod	148	151
usc5-552-doj:u0139:s00	30	days	day	NOUN	NNS	Number=Plur	25	conj	152	156
usc5-552-doj:u0139:s00	31	;	;	PUNCT	,	_	5	punct	156	157
usc5-552-doj:u0139:s00	32	and	and	CCONJ	CC	_	0	root	158	161
usc5-552-doj:u0140:s00	1	(	(	PUNCT	-LRB-	_	2	punct	0	1
usc5-552-doj:u0140:s00	2	iv	iv	X	ADD	_	0	root	1	3
usc5-552-doj:u0140:s00	3	)	)	PUNCT	-RRB-	_	2	punct	3	4
usc5-552-doj:u0140:s00	4	the	the	DET	DT	Definite=Def|PronType=Art	5	det	5	8
usc5-552-doj:u0140:s00	5	number	number	NOUN	NN	Number=Sing	2	appos	9	15
usc5-552-doj:u0140:s00	6	of	of	ADP	IN	_	7	case	16	18
usc5-552-doj:u0140:s00	7	requests	request	NOUN	NNS	Number=Plur	5	nmod	19	27
usc5-552-doj:u0140:s00	8	for	for	ADP	IN	_	9	case	28	31
usc5-552-doj:u0140:s00	9	records	record	NOUN	NNS	Number=Plur	7	nmod	32	39
usc5-552-doj:u0140:s00	10	to	to	ADP	IN	_	11	case	40	42
usc5-552-doj:u0140:s00	11	which	which	PRON	WDT	PronType=Rel	15	obl	43	48
usc5-552-doj:u0140:s00	12	the	the	DET	DT	Definite=Def|PronType=Art	13	det	49	52
usc5-552-doj:u0140:s00	13	agency	agency	NOUN	NN	Number=Sing	15	nsubj	53	59
usc5-552-doj:u0140:s00	14	has	have	AUX	VBZ	Mood=Ind|Number=Sing|Person=3|Tense=Pres|VerbForm=Fin	15	aux	60	63
usc5-552-doj:u0140:s00	15	responded	respond	VERB	VBN	Tense=Past|VerbForm=Part	7	acl:relcl	64	73
usc5-552-doj:u0140:s00	16	with	with	ADP	IN	_	18	case	74	78
usc5-552-doj:u0140:s00	17	a	a	DET	DT	Definite=Ind|PronType=Art	18	det	79	80
usc5-552-doj:u0140:s00	18	determination	determination	NOUN	NN	Number=Sing	15	obl	81	94
usc5-552-doj:u0140:s00	19	within	within	ADP	IN	_	21	case	95	101
usc5-552-doj:u0140:s00	20	a	a	DET	DT	Definite=Ind|PronType=Art	21	det	102	103
usc5-552-doj:u0140:s00	21	period	period	NOUN	NN	Number=Sing	15	obl	104	110
usc5-552-doj:u0140:s00	22	greater	greater	ADJ	JJR	Degree=Cmp	24	advmod	111	118
usc5-552-doj:u0140:s00	23	than	than	ADP	IN	_	22	fixed	119	123
usc5-552-doj:u0140:s00	24	400	400	NUM	CD	NumType=Card	21	nummod	124	127
usc5-552-doj:u0140:s00	25	days	day	NOUN	NNS	Number=Plur	21	nmod:tmod	128	132
usc5-552-doj:u0140:s00	26	;	;	PUNCT	,	_	2	punct	132	133
usc5-552-doj:u0141:s00	1	(	(	PUNCT	-LRB-	_	6	punct	0	1
usc5-552-doj:u0141:s00	2	H	h	INTJ	UH	_	6	discourse	1	2
usc5-552-doj:u0141:s00	3	)	)	PUNCT	-RRB-	_	6	punct	2	3
usc5-552-doj:u0141:s00	4	the	the	DET	DT	Definite=Def|PronType=Art	6	det	4	7
usc5-552-doj:u0141:s00	5	average	average	ADJ	JJ	Degree=Pos	6	amod	8	15
usc5-552-doj:u0141:s00	6	number	number	NOUN	NN	Number=Sing	0	root	16	22
usc5-552-doj:u0141:s00	7	of	of	ADP	IN	_	8	case	23	25
usc5-552-doj:u0141:s00	8	days	day	NOUN	NNS	Number=Plur	6	nmod	26	30
usc5-552-doj:u0141:s00	9	for	for	ADP	IN	_	11	case	31	34
usc5-552-doj:u0141:s00	10	the	the	DET	DT	Definite=Def|PronType=Art	11	det	35	38
usc5-552-doj:u0141:s00	11	agency	agency	NOUN	NN	Number=Sing	8	nmod	39	45
usc5-552-doj:u0141:s00	12	to	to	PART	TO	_	13	mark	46	48
usc5-552-doj:u0141:s00	13	provide	provide	VERB	VB	VerbForm=Inf	11	acl	49	56
usc5-552-doj:u0141:s00	14	the	the	DET	DT	Definite=Def|PronType=Art	16	det	57	60
usc5-552-doj:u0141:s00	15	granted	granted	VERB	VBN	Tense=Past|VerbForm=Part	16	amod	61	68
usc5-552-doj:u0141:s00	16	information	information	NOUN	NN	Number=Sing	13	obj	69	80
usc5-552-doj:u0141:s00	17	beginning	begin	VERB	VBG	VerbForm=Ger	13	advcl	81	90
usc5-552-doj:u0141:s00	18	on	on	ADP	IN	_	20	case	91	93
usc5-552-doj:u0141:s00	19	the	the	DET	DT	Definite=Def|PronType=Art	20	det	94	97
usc5-552-doj:u0141:s00	20	date	date	NOUN	NN	Number=Sing	17	obl	98	102
usc5-552-doj:u0141:s00	21	on	on	ADP	IN	_	22	case	103	105
usc5-552-doj:u0141:s00	22	which	which	PRON	WDT	PronType=Rel	27	obl	106	111
usc5-552-doj:u0141:s00	23	the	the	DET	DT	Definite=Def|PronType=Art	24	det	112	115
usc5-552-doj:u0141:s00	24	request	request	NOUN	NN	Number=Sing	27	nsubj:pass	116	123
usc5-552-doj:u0141:s00	25	was	be	AUX	VBD	Mood=Ind|Number=Sing|Person=3|Tense=Past|VerbForm=Fin	27	aux:pass	124	127
usc5-552-doj:u0141:s00	26	originally	originally	ADV	RB	_	27	advmod	128	138
usc5-552-doj:u0141:s00	27	filed	file	VERB	VBN	Tense=Past|VerbForm=Part|Voice=Pass	20	acl:relcl	139	144
usc5-552-doj:u0141:s00	28	,	,	PUNCT	,	_	6	punct	144	145
usc5-552-doj:u0141:s00	29	the	the	DET	DT	Definite=Def|PronType=Art	31	det	146	149
usc5-552-doj:u0141:s00	30	median	median	ADJ	JJ	Degree=Pos	31	amod	150	156
usc5-552-doj:u0141:s00	31	number	number	NOUN	NN	Number=Sing	6	appos	157	163
usc5-552-doj:u0141:s00	32	of	of	ADP	IN	_	33	case	164	166
usc5-552-doj:u0141:s00	33	days	day	NOUN	NNS	Number=Plur	31	nmod	167	171
usc5-552-doj:u0141:s00	34	for	for	ADP	IN	_	36	case	172	175
usc5-552-doj:u0141:s00	35	the	the	DET	DT	Definite=Def|PronType=Art	36	det	176	179
usc5-552-doj:u0141:s00	36	agency	agency	NOUN	NN	Number=Sing	31	nmod	180	186
usc5-552-doj:u0141:s00	37	to	to	PART	TO	_	38	mark	187	189
usc5-552-doj:u0141:s00	38	provide	provide	VERB	VB	VerbForm=Inf	36	acl	190	197
usc5-552-doj:u0141:s00	39	the	the	DET	DT	Definite=Def|PronType=Art	41	det	198	201
usc5-552-doj:u0141:s00	40	granted	granted	VERB	VBN	Tense=Past|VerbForm=Part	41	amod	202	209
usc5-552-doj:u0141:s00	41	information	information	NOUN	NN	Number=Sing	38	obj	210	221
usc5-552-doj:u0141:s00	42	,	,	PUNCT	,	_	45	punct	221	222
usc5-552-doj:u0141:s00	43	and	and	CCONJ	CC	_	45	cc	223	226
usc5-552-doj:u0141:s00	44	the	the	DET	DT	Definite=Def|PronType=Art	45	det	227	230
usc5-552-doj:u0141:s00	45	range	range	NOUN	NN	Number=Sing	6	conj	231	236
usc5-552-doj:u0141:s00	46	in	in	ADP	IN	_	47	case	237	239
usc5-552-doj:u0141:s00	47	number	number	NOUN	NN	Number=Sing	45	nmod	240	246
usc5-552-doj:u0141:s00	48	of	of	ADP	IN	_	49	case	247	249
usc5-552-doj:u0141:s00	49	days	day	NOUN	NNS	Number=Plur	47	nmod	250	254
usc5-552-doj:u0141:s00	50	for	for	ADP	IN	_	52	case	255	258
usc5-552-doj:u0141:s00	51	the	the	DET	DT	Definite=Def|PronType=Art	52	det	259	262
usc5-552-doj:u0141:s00	52	agency	agency	NOUN	NN	Number=Sing	49	nmod	263	269
usc5-552-doj:u0141:s00	53	to	to	PART	TO	_	54	mark	270	272
usc5-552-doj:u0141:s00	54	provide	provide	VERB	VB	VerbForm=Inf	52	acl	273	280
usc5-552-doj:u0141:s00	55	the	the	DET	DT	Definite=Def|PronType=Art	57	det	281	284
usc5-552-doj:u0141:s00	56	granted	granted	VERB	VBN	Tense=Past|VerbForm=Part	57	amod	285	292
usc5-552-doj:u0141:s00	57	information	information	NOUN	NN	Number=Sing	54	obj	293	304
usc5-552-doj:u0141:s00	58	;	;	PUNCT	,	_	6	punct	304	305
usc5-552-doj:u0142:s00	1	(	(	PUNCT	-LRB-	_	8	punct	0	1
usc5-552-doj:u0142:s00	2	I	I	PRON	PRP	Case=Nom|Number=Sing|Person=1|PronType=Prs	8	nsubj	1	2
usc5-552-doj:u0142:s00	3	)	)	PUNCT	-RRB-	_	8	punct	2	3
usc5-552-doj:u0142:s00	4	the	the	DET	DT	Definite=Def|PronType=Art	8	det	4	7
usc5-552-doj:u0142:s00	5	median	median	ADJ	JJ	Degree=Pos	8	amod	8	14
usc5-552-doj:u0142:s00	6	and	and	CCONJ	CC	_	7	cc	15	18
usc5-552-doj:u0142:s00	7	average	average	ADJ	JJ	Degree=Pos	5	conj	19	26
usc5-552-doj:u0142:s00	8	number	number	NOUN	NN	Number=Sing	0	root	27	33
usc5-552-doj:u0142:s00	9	of	of	ADP	IN	_	10	case	34	36
usc5-552-doj:u0142:s00	10	days	day	NOUN	NNS	Number=Plur	8	nmod	37	41
usc5-552-doj:u0142:s00	11	for	for	ADP	IN	_	13	case	42	45
usc5-552-doj:u0142:s00	12	the	the	DET	DT	Definite=Def|PronType=Art	13	det	46	49
usc5-552-doj:u0142:s00	13	agency	agency	NOUN	NN	Number=Sing	10	nmod	50	56
usc5-552-doj:u0142:s00	14	to	to	PART	TO	_	15	mark	57	59
usc5-552-doj:u0142:s00	15	respond	respond	VERB	VB	VerbForm=Inf	8	acl	60	67
usc5-552-doj:u0142:s00	16	to	to	ADP	IN	_	18	case	68	70
usc5-552-doj:u0142:s00	17	administrative	administrative	ADJ	JJ	Degree=Pos	18	amod	71	85
usc5-552-doj:u0142:s00	18	appeals	appeal	NOUN	NNS	Number=Plur	15	obl	86	93
usc5-552-doj:u0142:s00	19	based	base	VERB	VBN	Tense=Past|VerbForm=Part	22	case	94	99
usc5-552-doj:u0142:s00	20	on	on	ADP	IN	_	22	case	100	102
usc5-552-doj:u0142:s00	21	the	the	DET	DT	Definite=Def|PronType=Art	22	det	103	106
usc5-552-doj:u0142:s00	22	date	date	NOUN	NN	Number=Sing	15	obl	107	111
usc5-552-doj:u0142:s00	23	on	on	ADP	IN	_	24	case	112	114
usc5-552-doj:u0142:s00	24	which	which	PRON	WDT	PronType=Rel	29	obl	115	120
usc5-552-doj:u0142:s00	25	the	the	DET	DT	Definite=Def|PronType=Art	26	det	121	124
usc5-552-doj:u0142:s00	26	appeals	appeal	NOUN	NNS	Number=Plur	29	nsubj:pass	125	132
usc5-552-doj:u0142:s00	27	originally	originally	ADV	RB	_	29	advmod	133	143
usc5-552-doj:u0142:s00	28	were	be	AUX	VBD	Mood=Ind|Tense=Past|VerbForm=Fin	29	aux:pass	144	148
usc5-552-doj:u0142:s00	29	received	receive	VERB	VBN	Tense=Past|VerbForm=Part|Voice=Pass	22	acl:relcl	149	157
usc5-552-doj:u0142:s00	30	by	by	ADP	IN	_	32	case	158	160
usc5-552-doj:u0142:s00	31	the	the	DET	DT	Definite=Def|PronType=Art	32	det	161	164
usc5-552-doj:u0142:s00	32	agency	agency	NOUN	NN	Number=Sing	29	obl	165	171
usc5-552-doj:u0142:s00	33	,	,	PUNCT	,	_	8	punct	171	172
usc5-552-doj:u0142:s00	34	the	the	DET	DT	Definite=Def|PronType=Art	36	det	173	176
usc5-552-doj:u0142:s00	35	highest	highest	ADJ	JJS	Degree=Sup	36	amod	177	184
usc5-552-doj:u0142:s00	36	number	number	NOUN	NN	Number=Sing	8	appos	185	191
usc5-552-doj:u0142:s00	37	of	of	ADP	IN	_	39	case	192	194
usc5-552-doj:u0142:s00	38	business	business	NOUN	NN	Number=Sing	39	compound	195	203
usc5-552-doj:u0142:s00	39	days	day	NOUN	NNS	Number=Plur	36	nmod	204	208
usc5-552-doj:u0142:s00	40	taken	take	VERB	VBN	Tense=Past|VerbForm=Part	39	acl	209	214
usc5-552-doj:u0142:s00	41	by	by	ADP	IN	_	43	case	215	217
usc5-552-doj:u0142:s00	42	the	the	DET	DT	Definite=Def|PronType=Art	43	det	218	221
usc5-552-doj:u0142:s00	43	agency	agency	NOUN	NN	Number=Sing	40	obl	222	228
usc5-552-doj:u0142:s00	44	to	to	PART	TO	_	45	mark	229	231
usc5-552-doj:u0142:s00	45	respond	respond	VERB	VB	VerbForm=Inf	40	xcomp	232	239
usc5-552-doj:u0142:s00	46	to	to	ADP	IN	_	49	case	240	242
usc5-552-doj:u0142:s00	47	an	a	DET	DT	Definite=Ind|PronType=Art	49	det	243	245
usc5-552-doj:u0142:s00	48	administrative	administrative	ADJ	JJ	Degree=Pos	49	amod	246	260
usc5-552-doj:u0142:s00	49	appeal	appeal	NOUN	NN	Number=Sing	45	obl	261	267
usc5-552-doj:u0142:s00	50	,	,	PUNCT	,	_	54	punct	267	268
usc5-552-doj:u0142:s00	51	and	and	CCONJ	CC	_	54	cc	269	272
usc5-552-doj:u0142:s00	52	the	the	DET	DT	Definite=Def|PronType=Art	54	det	273	276
usc5-552-doj:u0142:s00	53	lowest	lowest	ADJ	JJS	Degree=Sup	54	amod	277	283
usc5-552-doj:u0142:s00	54	number	number	NOUN	NN	Number=Sing	8	conj	284	290
usc5-552-doj:u0142:s00	55	of	of	ADP	IN	_	57	case	291	293
usc5-552-doj:u0142:s00	56	business	business	NOUN	NN	Number=Sing	57	compound	294	302
usc5-552-doj:u0142:s00	57	days	day	NOUN	NNS	Number=Plur	54	nmod	303	307
usc5-552-doj:u0142:s00	58	taken	take	VERB	VBN	Tense=Past|VerbForm=Part	57	acl	308	313
usc5-552-doj:u0142:s00	59	by	by	ADP	IN	_	61	case	314	316
usc5-552-doj:u0142:s00	60	the	the	DET	DT	Definite=Def|PronType=Art	61	det	317	320
usc5-552-doj:u0142:s00	61	agency	agency	NOUN	NN	Number=Sing	58	obl	321	327
usc5-552-doj:u0142:s00	62	to	to	PART	TO	_	63	mark	328	330
usc5-552-doj:u0142:s00	63	respond	respond	VERB	VB	VerbForm=Inf	58	xcomp	331	338
usc5-552-doj:u0142:s00	64	to	to	ADP	IN	_	67	case	339	341
usc5-552-doj:u0142:s00	65	an	a	DET	DT	Definite=Ind|PronType=Art	67	det	342	344
usc5-552-doj:u0142:s00	66	administrative	administrative	ADJ	JJ	Degree=Pos	67	amod	345	359
usc5-552-doj:u0142:s00	67	appeal	appeal	NOUN	NN	Number=Sing	63	obl	360	366
usc5-552-doj:u0142:s00	68	;	;	PUNCT	,	_	8	punct	366	367
usc5-552-doj:u0143:s00	1	(	(	PUNCT	-LRB-	_	2	punct	0	1
usc5-552-doj:u0143:s00	2	J	j	X	ADD	_	9	nummod	1	2
usc5-552-doj:u0143:s00	3	)	)	PUNCT	-RRB-	_	2	punct	2	3
usc5-552-doj:u0143:s00	4	data	data	NOUN	NN	Number=Sing	9	compound	4	8
usc5-552-doj:u0143:s00	5	on	on	ADP	IN	_	9	case	9	11
usc5-552-doj:u0143:s00	6	the	the	DET	DT	Definite=Def|PronType=Art	9	det	12	15
usc5-552-doj:u0143:s00	7	10	10	NUM	CD	NumType=Card	9	nummod	16	18
usc5-552-doj:u0143:s00	8	active	active	ADJ	JJ	Degree=Pos	9	amod	19	25
usc5-552-doj:u0143:s00	9	requests	request	NOUN	NNS	Number=Plur	0	root	26	34
usc5-552-doj:u0143:s00	10	with	with	ADP	IN	_	14	case	35	39
usc5-552-doj:u0143:s00	11	the	the	DET	DT	Definite=Def|PronType=Art	14	det	40	43
usc5-552-doj:u0143:s00	12	earliest	earliest	ADJ	JJS	Degree=Sup	13	amod	44	52
usc5-552-doj:u0143:s00	13	filing	filing	NOUN	NN	Number=Sing	14	compound	53	59
usc5-552-doj:u0143:s00	14	dates	date	NOUN	NNS	Number=Plur	9	nmod	60	65
usc5-552-doj:u0143:s00	15	pending	pend	VERB	VBG	VerbForm=Ger	9	acl	66	73
usc5-552-doj:u0143:s00	16	at	at	ADP	IN	_	18	case	74	76
usc5-552-doj:u0143:s00	17	each	each	DET	DT	_	18	det	77	81
usc5-552-doj:u0143:s00	18	agency	agency	NOUN	NN	Number=Sing	15	obl	82	88
usc5-552-doj:u0143:s00	19	,	,	PUNCT	,	_	9	punct	88	89
usc5-552-doj:u0143:s00	20	including	include	VERB	VBG	VerbForm=Ger	22	case	90	99
usc5-552-doj:u0143:s00	21	the	the	DET	DT	Definite=Def|PronType=Art	22	det	100	103
usc5-552-doj:u0143:s00	22	amount	amount	NOUN	NN	Number=Sing	9	nmod	104	110
usc5-552-doj:u0143:s00	23	of	of	ADP	IN	_	24	case	111	113
usc5-552-doj:u0143:s00	24	time	time	NOUN	NN	Number=Sing	22	nmod	114	118
usc5-552-doj:u0143:s00	25	that	that	PRON	WDT	PronType=Rel	27	nsubj	119	123
usc5-552-doj:u0143:s00	26	has	have	AUX	VBZ	Mood=Ind|Number=Sing|Person=3|Tense=Pres|VerbForm=Fin	27	aux	124	127
usc5-552-doj:u0143:s00	27	elapsed	elapse	VERB	VBN	Tense=Past|VerbForm=Part	22	acl:relcl	128	135
usc5-552-doj:u0143:s00	28	since	since	SCONJ	IN	_	33	mark	136	141
usc5-552-doj:u0143:s00	29	each	each	DET	DT	_	30	det	142	146
usc5-552-doj:u0143:s00	30	request	request	NOUN	NN	Number=Sing	33	nsubj:pass	147	154
usc5-552-doj:u0143:s00	31	was	be	AUX	VBD	Mood=Ind|Number=Sing|Person=3|Tense=Past|VerbForm=Fin	33	aux:pass	155	158
usc5-552-doj:u0143:s00	32	originally	originally	ADV	RB	_	33	advmod	159	169
usc5-552-doj:u0143:s00	33	received	receive	VERB	VBN	Tense=Past|VerbForm=Part|Voice=Pass	27	advcl	170	178
usc5-552-doj:u0143:s00	34	by	by	ADP	IN	_	36	case	179	181
usc5-552-doj:u0143:s00	35	the	the	DET	DT	Definite=Def|PronType=Art	36	det	182	185
usc5-552-doj:u0143:s00	36	agency	agency	NOUN	NN	Number=Sing	33	obl	186	192
usc5-552-doj:u0143:s00	37	;	;	PUNCT	,	_	9	punct	192	193
usc5-552-doj:u0144:s00	1	(	(	PUNCT	-LRB-	_	4	punct	0	1
usc5-552-doj:u0144:s00	2	K	k	NUM	CD	NumType=Card	4	nummod	1	2
usc5-552-doj:u0144:s00	3	)	)	PUNCT	-RRB-	_	4	punct	2	3
usc5-552-doj:u0144:s00	4	data	data	NOUN	NN	Number=Sing	0	root	4	8
usc5-552-doj:u0144:s00	5	on	on	ADP	IN	_	10	case	9	11
usc5-552-doj:u0144:s00	6	the	the	DET	DT	Definite=Def|PronType=Art	10	det	12	15
usc5-552-doj:u0144:s00	7	10	10	NUM	CD	NumType=Card	10	nummod	16	18
usc5-552-doj:u0144:s00	8	active	active	ADJ	JJ	Degree=Pos	10	amod	19	25
usc5-552-doj:u0144:s00	9	administrative	administrative	ADJ	JJ	Degree=Pos	10	amod	26	40
usc5-552-doj:u0144:s00	10	appeals	appeal	NOUN	NNS	Number=Plur	4	nmod	41	48
usc5-552-doj:u0144:s00	11	with	with	ADP	IN	_	15	case	49	53
usc5-552-doj:u0144:s00	12	the	the	DET	DT	Definite=Def|PronType=Art	15	det	54	57
usc5-552-doj:u0144:s00	13	earliest	earliest	ADJ	JJS	Degree=Sup	14	amod	58	66
usc5-552-doj:u0144:s00	14	filing	filing	NOUN	NN	Number=Sing	15	compound	67	73
usc5-552-doj:u0144:s00	15	dates	date	NOUN	NNS	Number=Plur	4	nmod	74	79
usc5-552-doj:u0144:s00	16	pending	pend	VERB	VBG	VerbForm=Ger	4	acl	80	87
usc5-552-doj:u0144:s00	17	before	before	ADP	IN	_	19	case	88	94
usc5-552-doj:u0144:s00	18	the	the	DET	DT	Definite=Def|PronType=Art	19	det	95	98
usc5-552-doj:u0144:s00	19	agency	agency	NOUN	NN	Number=Sing	16	obl	99	105
usc5-552-doj:u0144:s00	20	as	as	ADP	IN	_	22	case	106	108
usc5-552-doj:u0144:s00	21	of	of	ADP	IN	_	20	fixed	109	111
usc5-552-doj:u0144:s00	22	September	September	PROPN	NNP	Number=Sing	4	nmod	112	121
usc5-552-doj:u0144:s00	23	30	30	NUM	CD	NumType=Card	22	nummod	122	124
usc5-552-doj:u0144:s00	24	of	of	ADP	IN	_	27	case	125	127
usc5-552-doj:u0144:s00	25	the	the	DET	DT	Definite=Def|PronType=Art	27	det	128	131
usc5-552-doj:u0144:s00	26	preceding	preceding	VERB	VBG	VerbForm=Ger	27	amod	132	141
usc5-552-doj:u0144:s00	27	year	year	NOUN	NN	Number=Sing	22	nmod	142	146
usc5-552-doj:u0144:s00	28	,	,	PUNCT	,	_	22	punct	146	147
usc5-552-doj:u0144:s00	29	including	include	VERB	VBG	VerbForm=Ger	31	case	148	157
usc5-552-doj:u0144:s00	30	the	the	DET	DT	Definite=Def|PronType=Art	31	det	158	161
usc5-552-doj:u0144:s00	31	number	number	NOUN	NN	Number=Sing	4	nmod	162	168
usc5-552-doj:u0144:s00	32	of	of	ADP	IN	_	34	case	169	171
usc5-552-doj:u0144:s00	33	business	business	NOUN	NN	Number=Sing	34	compound	172	180
usc5-552-doj:u0144:s00	34	days	day	NOUN	NNS	Number=Plur	31	nmod	181	185
usc5-552-doj:u0144:s00	35	that	that	PRON	WDT	PronType=Rel	37	nsubj	186	190
usc5-552-doj:u0144:s00	36	have	have	AUX	VBP	Mood=Ind|Tense=Pres|VerbForm=Fin	37	aux	191	195
usc5-552-doj:u0144:s00	37	elapsed	elapse	VERB	VBN	Tense=Past|VerbForm=Part	34	acl:relcl	196	203
usc5-552-doj:u0144:s00	38	since	since	ADP	IN	_	43	mark	204	209
usc5-552-doj:u0144:s00	39	the	the	DET	DT	Definite=Def|PronType=Art	40	det	210	213
usc5-552-doj:u0144:s00	40	requests	request	NOUN	NNS	Number=Plur	43	nsubj:pass	214	222
usc5-552-doj:u0144:s00	41	were	be	AUX	VBD	Mood=Ind|Tense=Past|VerbForm=Fin	43	aux:pass	223	227
usc5-552-doj:u0144:s00	42	originally	originally	ADV	RB	_	43	advmod	228	238
usc5-552-doj:u0144:s00	43	received	receive	VERB	VBN	Tense=Past|VerbForm=Part	37	advcl	239	247
usc5-552-doj:u0144:s00	44	by	by	ADP	IN	_	46	case	248	250
usc5-552-doj:u0144:s00	45	the	the	DET	DT	Definite=Def|PronType=Art	46	det	251	254
usc5-552-doj:u0144:s00	46	agency	agency	NOUN	NN	Number=Sing	43	obl	255	261
usc5-552-doj:u0144:s00	47	;	;	PUNCT	,	_	4	punct	261	262
usc5-552-doj:u0145:s00	1	(	(	PUNCT	-LRB-	_	2	punct	0	1
usc5-552-doj:u0145:s00	2	L	L	PROPN	NNP	Number=Sing	0	root	1	2
usc5-552-doj:u0145:s00	3	)	)	PUNCT	-RRB-	_	2	punct	2	3
usc5-552-doj:u0145:s00	4	the	the	DET	DT	Definite=Def|PronType=Art	5	det	4	7
usc5-552-doj:u0145:s00	5	number	number	NOUN	NN	Number=Sing	2	appos	8	14
usc5-552-doj:u0145:s00	6	of	of	ADP	IN	_	9	case	15	17
usc5-552-doj:u0145:s00	7	expedited	expedite	VERB	VBN	Tense=Past|VerbForm=Part	9	amod	18	27
usc5-552-doj:u0145:s00	8	review	review	NOUN	NN	Number=Sing	9	compound	28	34
usc5-552-doj:u0145:s00	9	requests	request	NOUN	NNS	Number=Plur	5	nmod	35	43
usc5-552-doj:u0145:s00	10	that	that	PRON	WDT	PronType=Rel	12	nsubj:pass	44	48
usc5-552-doj:u0145:s00	11	are	be	AUX	VBP	Mood=Ind|Tense=Pres|VerbForm=Fin	12	aux:pass	49	52
usc5-552-doj:u0145:s00	12	granted	grant	VERB	VBN	Tense=Past|VerbForm=Part	9	acl:relcl	53	60
usc5-552-doj:u0145:s00	13	and	and	CCONJ	CC	_	14	cc	61	64
usc5-552-doj:u0145:s00	14	denied	deny	VERB	VBN	Tense=Past|VerbForm=Part	12	conj	65	71
usc5-552-doj:u0145:s00	15	,	,	PUNCT	,	_	20	punct	71	72
usc5-552-doj:u0145:s00	16	the	the	DET	DT	Definite=Def|PronType=Art	20	det	73	76
usc5-552-doj:u0145:s00	17	average	average	ADJ	JJ	Degree=Pos	20	amod	77	84
usc5-552-doj:u0145:s00	18	and	and	CCONJ	CC	_	19	cc	85	88
usc5-552-doj:u0145:s00	19	median	median	ADJ	JJ	Degree=Pos	17	conj	89	95
usc5-552-doj:u0145:s00	20	number	number	NOUN	NN	Number=Sing	5	appos	96	102
usc5-552-doj:u0145:s00	21	of	of	ADP	IN	_	22	case	103	105
usc5-552-doj:u0145:s00	22	days	day	NOUN	NNS	Number=Plur	20	nmod	106	110
usc5-552-doj:u0145:s00	23	for	for	SCONJ	IN	_	24	mark	111	114
usc5-552-doj:u0145:s00	24	adjudicating	adjudicat	VERB	VBG	VerbForm=Ger	5	acl	115	127
usc5-552-doj:u0145:s00	25	expedited	expedite	ADJ	JJ	Degree=Pos	27	amod	128	137
usc5-552-doj:u0145:s00	26	review	review	NOUN	NN	Number=Sing	27	compound	138	144
usc5-552-doj:u0145:s00	27	requests	request	NOUN	NNS	Number=Plur	24	obj	145	153
usc5-552-doj:u0145:s00	28	,	,	PUNCT	,	_	31	punct	153	154
usc5-552-doj:u0145:s00	29	and	and	CCONJ	CC	_	31	cc	155	158
usc5-552-doj:u0145:s00	30	the	the	DET	DT	Definite=Def|PronType=Art	31	det	159	162
usc5-552-doj:u0145:s00	31	number	number	NOUN	NN	Number=Sing	27	conj	163	169
usc5-552-doj:u0145:s00	32	adjudicated	adjudicate	VERB	VBN	Tense=Past|VerbForm=Part	31	acl	170	181
usc5-552-doj:u0145:s00	33	within	within	ADP	IN	_	37	case	182	188
usc5-552-doj:u0145:s00	34	the	the	DET	DT	Definite=Def|PronType=Art	37	det	189	192
usc5-552-doj:u0145:s00	35	required	require	VERB	VBN	Tense=Past|VerbForm=Part	37	amod	193	201
usc5-552-doj:u0145:s00	36	10	10	NUM	CD	NumType=Card	37	nummod	202	204
usc5-552-doj:u0145:s00	37	days	day	NOUN	NNS	Number=Plur	32	obl	205	209
usc5-552-doj:u0145:s00	38	;	;	PUNCT	,	_	2	punct	209	210
usc5-552-doj:u0146:s00	1	(	(	PUNCT	-LRB-	_	2	punct	0	1
usc5-552-doj:u0146:s00	2	M	m	X	ADD	_	0	root	1	2
usc5-552-doj:u0146:s00	3	)	)	PUNCT	-RRB-	_	2	punct	2	3
usc5-552-doj:u0146:s00	4	the	the	DET	DT	Definite=Def|PronType=Art	5	det	4	7
usc5-552-doj:u0146:s00	5	number	number	NOUN	NN	Number=Sing	2	appos	8	14
usc5-552-doj:u0146:s00	6	of	of	ADP	IN	_	9	case	15	17
usc5-552-doj:u0146:s00	7	fee	fee	NOUN	NN	Number=Sing	9	compound	18	21
usc5-552-doj:u0146:s00	8	waiver	waiver	NOUN	NN	Number=Sing	9	compound	22	28
usc5-552-doj:u0146:s00	9	requests	request	NOUN	NNS	Number=Plur	5	nmod	29	37
usc5-552-doj:u0146:s00	10	that	that	PRON	WDT	PronType=Rel	12	nsubj:pass	38	42
usc5-552-doj:u0146:s00	11	are	be	AUX	VBP	Mood=Ind|Tense=Pres|VerbForm=Fin	12	aux:pass	43	46
usc5-552-doj:u0146:s00	12	granted	grant	VERB	VBN	Tense=Past|VerbForm=Part	9	acl:relcl	47	54
usc5-552-doj:u0146:s00	13	and	and	CCONJ	CC	_	14	cc	55	58
usc5-552-doj:u0146:s00	14	denied	deny	VERB	VBN	Tense=Past|VerbForm=Part	12	conj	59	65
usc5-552-doj:u0146:s00	15	,	,	PUNCT	,	_	21	punct	65	66
usc5-552-doj:u0146:s00	16	and	and	CCONJ	CC	_	21	cc	67	70
usc5-552-doj:u0146:s00	17	the	the	DET	DT	Definite=Def|PronType=Art	21	det	71	74
usc5-552-doj:u0146:s00	18	average	average	ADJ	JJ	Degree=Pos	21	amod	75	82
usc5-552-doj:u0146:s00	19	and	and	CCONJ	CC	_	20	cc	83	86
usc5-552-doj:u0146:s00	20	median	median	ADJ	JJ	Degree=Pos	18	conj	87	93
usc5-552-doj:u0146:s00	21	number	number	NOUN	NN	Number=Sing	5	conj	94	100
usc5-552-doj:u0146:s00	22	of	of	ADP	IN	_	23	case	101	103
usc5-552-doj:u0146:s00	23	days	day	NOUN	NNS	Number=Plur	21	nmod	104	108
usc5-552-doj:u0146:s00	24	for	for	SCONJ	IN	_	25	mark	109	112
usc5-552-doj:u0146:s00	25	adjudicating	adjudicating	VERB	VBG	VerbForm=Ger	21	advcl	113	125
usc5-552-doj:u0146:s00	26	fee	fee	NOUN	NN	Number=Sing	28	compound	126	129
usc5-552-doj:u0146:s00	27	waiver	waiver	NOUN	NN	Number=Sing	28	compound	130	136
usc5-552-doj:u0146:s00	28	determinations	determination	NOUN	NNS	Number=Plur	25	obj	137	151
usc5-552-doj:u0146:s00	29	;	;	PUNCT	,	_	2	punct	151	152
usc5-552-doj:u0147:s00	1	(	(	PUNCT	-LRB-	_	2	punct	0	1
usc5-552-doj:u0147:s00	2	N	N	PROPN	NNP	Number=Sing	0	root	1	2
usc5-552-doj:u0147:s00	3	)	)	PUNCT	-RRB-	_	2	punct	2	3
usc5-552-doj:u0147:s00	4	the	the	DET	DT	Definite=Def|PronType=Art	6	det	4	7
usc5-552-doj:u0147:s00	5	total	total	ADJ	JJ	Degree=Pos	6	amod	8	13
usc5-552-doj:u0147:s00	6	amount	amount	NOUN	NN	Number=Sing	2	appos	14	20
usc5-552-doj:u0147:s00	7	of	of	ADP	IN	_	8	case	21	23
usc5-552-doj:u0147:s00	8	fees	fe	NOUN	NNS	Number=Plur	6	nmod	24	28
usc5-552-doj:u0147:s00	9	collected	collect	VERB	VBN	Tense=Past|VerbForm=Part	8	acl	29	38
usc5-552-doj:u0147:s00	10	by	by	ADP	IN	_	12	case	39	41
usc5-552-doj:u0147:s00	11	the	the	DET	DT	Definite=Def|PronType=Art	12	det	42	45
usc5-552-doj:u0147:s00	12	agency	agency	NOUN	NN	Number=Sing	9	obl	46	52
usc5-552-doj:u0147:s00	13	for	for	ADP	IN	_	15	case	53	56
usc5-552-doj:u0147:s00	14	processing	process	NOUN	NN	Number=Sing	15	compound	57	67
usc5-552-doj:u0147:s00	15	requests	request	NOUN	NNS	Number=Plur	12	nmod	68	76
usc5-552-doj:u0147:s00	16	;	;	PUNCT	,	_	2	punct	76	77
usc5-552-doj:u0148:s00	1	(	(	PUNCT	-LRB-	_	5	punct	0	1
usc5-552-doj:u0148:s00	2	O	o	INTJ	UH	_	5	discourse	1	2
usc5-552-doj:u0148:s00	3	)	)	PUNCT	-RRB-	_	5	punct	2	3
usc5-552-doj:u0148:s00	4	the	the	DET	DT	Definite=Def|PronType=Art	5	det	4	7
usc5-552-doj:u0148:s00	5	number	number	NOUN	NN	Number=Sing	0	root	8	14
usc5-552-doj:u0148:s00	6	of	of	ADP	IN	_	10	case	15	17
usc5-552-doj:u0148:s00	7	full	full	ADJ	JJ	Degree=Pos	9	amod	18	22
usc5-552-doj:u0148:s00	8	-	-	PUNCT	HYPH	_	9	punct	22	23
usc5-552-doj:u0148:s00	9	time	time	NOUN	NN	Number=Sing	10	compound	23	27
usc5-552-doj:u0148:s00	10	staff	staff	NOUN	NN	Number=Sing	5	nmod	28	33
usc5-552-doj:u0148:s00	11	of	of	ADP	IN	_	13	case	34	36
usc5-552-doj:u0148:s00	12	the	the	DET	DT	Definite=Def|PronType=Art	13	det	37	40
usc5-552-doj:u0148:s00	13	agency	agency	NOUN	NN	Number=Sing	10	nmod	41	47
usc5-552-doj:u0148:s00	14	devoted	devote	VERB	VBN	Tense=Past|VerbForm=Part	5	acl	48	55
usc5-552-doj:u0148:s00	15	to	to	ADP	IN	_	17	case	56	58
usc5-552-doj:u0148:s00	16	processing	process	NOUN	NN	Number=Sing	17	compound	59	69
usc5-552-doj:u0148:s00	17	requests	request	NOUN	NNS	Number=Plur	14	obl	70	78
usc5-552-doj:u0148:s00	18	for	for	ADP	IN	_	19	case	79	82
usc5-552-doj:u0148:s00	19	records	record	NOUN	NNS	Number=Plur	17	nmod	83	90
usc5-552-doj:u0148:s00	20	under	under	ADP	IN	_	22	case	91	96
usc5-552-doj:u0148:s00	21	this	this	DET	DT	Number=Sing|PronType=Dem	22	det	97	101
usc5-552-doj:u0148:s00	22	section	section	NOUN	NN	Number=Sing	17	nmod	102	109
usc5-552-doj:u0148:s00	23	,	,	PUNCT	,	_	27	punct	109	110
usc5-552-doj:u0148:s00	24	and	and	CCONJ	CC	_	27	cc	111	114
usc5-552-doj:u0148:s00	25	the	the	DET	DT	Definite=Def|PronType=Art	27	det	115	118
usc5-552-doj:u0148:s00	26	total	total	ADJ	JJ	Degree=Pos	27	amod	119	124
usc5-552-doj:u0148:s00	27	amount	amount	NOUN	NN	Number=Sing	5	conj	125	131
usc5-552-doj:u0148:s00	28	expended	expend	VERB	VBN	Tense=Past|VerbForm=Part	27	acl	132	140
usc5-552-doj:u0148:s00	29	by	by	ADP	IN	_	31	case	141	143
usc5-552-doj:u0148:s00	30	the	the	DET	DT	Definite=Def|PronType=Art	31	det	144	147
usc5-552-doj:u0148:s00	31	agency	agency	NOUN	NN	Number=Sing	28	obl	148	154
usc5-552-doj:u0148:s00	32	for	for	SCONJ	IN	_	33	mark	155	158
usc5-552-doj:u0148:s00	33	processing	process	VERB	VBG	VerbForm=Ger	28	advcl	159	169
usc5-552-doj:u0148:s00	34	such	such	ADJ	JJ	Degree=Pos	35	amod	170	174
usc5-552-doj:u0148:s00	35	requests	request	NOUN	NNS	Number=Plur	33	obj	175	183
usc5-552-doj:u0148:s00	36	;	;	PUNCT	,	_	5	punct	183	184
usc5-552-doj:u0149:s00	1	(	(	PUNCT	-LRB-	_	2	punct	0	1
usc5-552-doj:u0149:s00	2	P	p	X	ADD	_	0	root	1	2
usc5-552-doj:u0149:s00	3	)	)	PUNCT	-RRB-	_	2	punct	2	3
usc5-552-doj:u0149:s00	4	the	the	DET	DT	Definite=Def|PronType=Art	5	det	4	7
usc5-552-doj:u0149:s00	5	number	number	NOUN	NN	Number=Sing	2	appos	8	14
usc5-552-doj:u0149:s00	6	of	of	ADP	IN	_	7	case	15	17
usc5-552-doj:u0149:s00	7	times	time	NOUN	NNS	Number=Plur	5	nmod	18	23
usc5-552-doj:u0149:s00	8	the	the	DET	DT	Definite=Def|PronType=Art	9	det	24	27
usc5-552-doj:u0149:s00	9	agency	agency	NOUN	NN	Number=Sing	10	nsubj	28	34
usc5-552-doj:u0149:s00	10	denied	deny	VERB	VBD	Mood=Ind|Tense=Past|VerbForm=Fin	5	conj	35	41
usc5-552-doj:u0149:s00	11	a	a	DET	DT	Definite=Ind|PronType=Art	12	det	42	43
usc5-552-doj:u0149:s00	12	request	request	NOUN	NN	Number=Sing	10	obj	44	51
usc5-552-doj:u0149:s00	13	for	for	ADP	IN	_	14	case	52	55
usc5-552-doj:u0149:s00	14	records	record	NOUN	NNS	Number=Plur	12	nmod	56	63
usc5-552-doj:u0149:s00	15	under	under	ADP	IN	_	16	case	64	69
usc5-552-doj:u0149:s00	16	subsection	subsection	NOUN	NN	Number=Sing	10	obl	70	80
usc5-552-doj:u0149:s00	17	(	(	PUNCT	-LRB-	_	18	punct	81	82
usc5-552-doj:u0149:s00	18	c	c	NOUN	NN	Number=Sing	16	appos	82	83
usc5-552-doj:u0149:s00	19	)	)	PUNCT	-RRB-	_	18	punct	83	84
usc5-552-doj:u0149:s00	20	;	;	PUNCT	,	_	10	punct	84	85
usc5-552-doj:u0149:s00	21	and	and	CCONJ	CC	_	10	cc	86	89
usc5-552-doj:u0150:s00	1	(	(	PUNCT	-LRB-	_	2	punct	0	1
usc5-552-doj:u0150:s00	2	Q	q	PROPN	NNP	Number=Sing	0	root	1	2
usc5-552-doj:u0150:s00	3	)	)	PUNCT	-RRB-	_	2	punct	2	3
usc5-552-doj:u0150:s00	4	the	the	DET	DT	Definite=Def|PronType=Art	5	det	4	7
usc5-552-doj:u0150:s00	5	number	number	NOUN	NN	Number=Sing	2	appos	8	14
usc5-552-doj:u0150:s00	6	of	of	ADP	IN	_	7	case	15	17
usc5-552-doj:u0150:s00	7	records	record	NOUN	NNS	Number=Plur	5	nmod	18	25
usc5-552-doj:u0150:s00	8	that	that	PRON	WDT	PronType=Rel	10	nsubj:pass	26	30
usc5-552-doj:u0150:s00	9	were	be	AUX	VBD	Mood=Ind|Tense=Past|VerbForm=Fin	10	aux:pass	31	35
usc5-552-doj:u0150:s00	10	made	make	VERB	VBN	Tense=Past|VerbForm=Part|Voice=Pass	5	acl:relcl	36	40
usc5-552-doj:u0150:s00	11	available	available	ADJ	JJ	Degree=Pos	14	xcomp	41	50
usc5-552-doj:u0150:s00	12	for	for	ADP	IN	_	14	case	51	54
usc5-552-doj:u0150:s00	13	public	public	ADJ	JJ	Degree=Pos	14	amod	55	61
usc5-552-doj:u0150:s00	14	inspection	inspection	NOUN	NN	Number=Sing	10	obl	62	72
usc5-552-doj:u0150:s00	15	in	in	ADP	IN	_	18	case	73	75
usc5-552-doj:u0150:s00	16	an	a	DET	DT	Definite=Ind|PronType=Art	18	det	76	78
usc5-552-doj:u0150:s00	17	electronic	electronic	ADJ	JJ	Degree=Pos	18	amod	79	89
usc5-552-doj:u0150:s00	18	format	format	NOUN	NN	Number=Sing	14	nmod	90	96
usc5-552-doj:u0150:s00	19	under	under	ADP	IN	_	20	case	97	102
usc5-552-doj:u0150:s00	20	subsection	subsection	NOUN	NN	Number=Sing	14	nmod	103	113
usc5-552-doj:u0150:s00	21	(	(	PUNCT	-LRB-	_	22	punct	114	115
usc5-552-doj:u0150:s00	22	a	a	NOUN	NN	Number=Sing	14	appos	115	116
usc5-552-doj:u0150:s00	23	)	)	PUNCT	-RRB-	_	22	punct	116	117
usc5-552-doj:u0150:s00	24	(	(	PUNCT	-LRB-	_	22	punct	117	118
usc5-552-doj:u0150:s00	25	2	2	NUM	CD	NumType=Card	22	appos	118	119
usc5-552-doj:u0150:s00	26	)	)	PUNCT	-RRB-	_	22	punct	119	120
usc5-552-doj:u0150:s00	27	.	.	PUNCT	.	_	2	punct	120	121
usc5-552-doj:u0151:s00	1	(	(	PUNCT	-LRB-	_	2	punct	0	1
usc5-552-doj:u0151:s00	2	2	2	X	LS	_	4	nummod	1	2
usc5-552-doj:u0151:s00	3	)	)	PUNCT	-RRB-	_	2	punct	2	3
usc5-552-doj:u0151:s00	4	Information	Information	NOUN	NN	Number=Sing	16	nsubj:pass	4	15
usc5-552-doj:u0151:s00	5	in	in	ADP	IN	_	7	case	16	18
usc5-552-doj:u0151:s00	6	each	each	DET	DT	_	7	det	19	23
usc5-552-doj:u0151:s00	7	report	report	NOUN	NN	Number=Sing	4	nmod	24	30
usc5-552-doj:u0151:s00	8	submitted	submit	VERB	VBN	Tense=Past|VerbForm=Part	4	acl	31	40
usc5-552-doj:u0151:s00	9	under	under	ADP	IN	_	10	case	41	46
usc5-552-doj:u0151:s00	10	paragraph	paragraph	NOUN	NN	Number=Sing	8	obl	47	56
usc5-552-doj:u0151:s00	11	(	(	PUNCT	-LRB-	_	12	punct	57	58
usc5-552-doj:u0151:s00	12	1	1	NUM	CD	NumType=Card	4	appos	58	59
usc5-552-doj:u0151:s00	13	)	)	PUNCT	-RRB-	_	12	punct	59	60
usc5-552-doj:u0151:s00	14	shall	shall	AUX	MD	VerbForm=Fin	16	aux	61	66
usc5-552-doj:u0151:s00	15	be	be	AUX	VB	VerbForm=Inf	16	aux:pass	67	69
usc5-552-doj:u0151:s00	16	expressed	express	VERB	VBN	Tense=Past|VerbForm=Part|Voice=Pass	0	root	70	79
usc5-552-doj:u0151:s00	17	in	in	ADP	IN	_	18	case	80	82
usc5-552-doj:u0151:s00	18	terms	term	NOUN	NNS	Number=Plur	16	obl	83	88
usc5-552-doj:u0151:s00	19	of	of	ADP	IN	_	22	case	89	91
usc5-552-doj:u0151:s00	20	each	each	DET	DT	_	22	det	92	96
usc5-552-doj:u0151:s00	21	principal	principal	ADJ	JJ	Degree=Pos	22	amod	97	106
usc5-552-doj:u0151:s00	22	component	component	NOUN	NN	Number=Sing	18	nmod	107	116
usc5-552-doj:u0151:s00	23	of	of	ADP	IN	_	25	case	117	119
usc5-552-doj:u0151:s00	24	the	the	DET	DT	Definite=Def|PronType=Art	25	det	120	123
usc5-552-doj:u0151:s00	25	agency	agency	NOUN	NN	Number=Sing	22	nmod	124	130
usc5-552-doj:u0151:s00	26	and	and	CCONJ	CC	_	29	cc	131	134
usc5-552-doj:u0151:s00	27	for	for	ADP	IN	_	29	case	135	138
usc5-552-doj:u0151:s00	28	the	the	DET	DT	Definite=Def|PronType=Art	29	det	139	142
usc5-552-doj:u0151:s00	29	agency	agency	NOUN	NN	Number=Sing	18	conj	143	149
usc5-552-doj:u0151:s00	30	overall	overall	ADV	RB	_	29	advmod	150	157
usc5-552-doj:u0151:s00	31	.	.	PUNCT	.	_	16	punct	157	158
usc5-552-doj:u0152:s00	1	(	(	PUNCT	-LRB-	_	2	punct	0	1
usc5-552-doj:u0152:s00	2	3	3	X	LS	_	4	nummod	1	2
usc5-552-doj:u0152:s00	3	)	)	PUNCT	-RRB-	_	2	punct	2	3
usc5-552-doj:u0152:s00	4	Each	Each	DET	DT	_	5	det	4	8
usc5-552-doj:u0152:s00	5	agency	agency	NOUN	NN	Number=Sing	7	nsubj	9	15
usc5-552-doj:u0152:s00	6	shall	shall	AUX	MD	VerbForm=Fin	7	aux	16	21
usc5-552-doj:u0152:s00	7	make	make	VERB	VB	VerbForm=Inf	0	root	22	26
usc5-552-doj:u0152:s00	8	each	each	DET	DT	_	10	det	27	31
usc5-552-doj:u0152:s00	9	such	such	ADJ	JJ	Degree=Pos	10	amod	32	36
usc5-552-doj:u0152:s00	10	report	report	NOUN	NN	Number=Sing	7	obj	37	43
usc5-552-doj:u0152:s00	11	available	available	ADJ	JJ	Degree=Pos	7	xcomp	44	53
usc5-552-doj:u0152:s00	12	for	for	ADP	IN	_	14	case	54	57
usc5-552-doj:u0152:s00	13	public	public	ADJ	JJ	Degree=Pos	14	amod	58	64
usc5-552-doj:u0152:s00	14	inspection	inspection	NOUN	NN	Number=Sing	7	obl	65	75
usc5-552-doj:u0152:s00	15	in	in	ADP	IN	_	18	case	76	78
usc5-552-doj:u0152:s00	16	an	a	DET	DT	Definite=Ind|PronType=Art	18	det	79	81
usc5-552-doj:u0152:s00	17	electronic	electronic	ADJ	JJ	Degree=Pos	18	amod	82	92
usc5-552-doj:u0152:s00	18	format	format	NOUN	NN	Number=Sing	14	nmod	93	99
usc5-552-doj:u0152:s00	19	.	.	PUNCT	.	_	7	punct	99	100
usc5-552-doj:u0152:s01	1	In	in	ADP	IN	_	2	case	0	2
usc5-552-doj:u0152:s01	2	addition	addition	NOUN	NN	Number=Sing	7	obl	3	11
usc5-552-doj:u0152:s01	3	,	,	PUNCT	,	_	7	punct	11	12
usc5-552-doj:u0152:s01	4	each	each	DET	DT	_	5	det	13	17
usc5-552-doj:u0152:s01	5	agency	agency	NOUN	NN	Number=Sing	7	nsubj	18	24
usc5-552-doj:u0152:s01	6	shall	shall	AUX	MD	VerbForm=Fin	7	aux	25	30
usc5-552-doj:u0152:s01	7	make	make	VERB	VB	VerbForm=Inf	0	root	31	35
usc5-552-doj:u0152:s01	8	the	the	DET	DT	Definite=Def|PronType=Art	11	det	36	39
usc5-552-doj:u0152:s01	9	raw	raw	ADJ	JJ	Degree=Pos	11	amod	40	43
usc5-552-doj:u0152:s01	10	statistical	statistical	ADJ	JJ	Degree=Pos	11	amod	44	55
usc5-552-doj:u0152:s01	11	data	data	NOUN	NN	Number=Sing	7	obj	56	60
usc5-552-doj:u0152:s01	12	used	use	VERB	VBN	Tense=Past|VerbForm=Part	7	acl	61	65
usc5-552-doj:u0152:s01	13	in	in	ADP	IN	_	15	case	66	68
usc5-552-doj:u0152:s01	14	each	each	DET	DT	_	15	det	69	73
usc5-552-doj:u0152:s01	15	report	report	NOUN	NN	Number=Sing	12	obl	74	80
usc5-552-doj:u0152:s01	16	available	available	ADJ	JJ	Degree=Pos	23	xcomp	81	90
usc5-552-doj:u0152:s01	17	in	in	ADP	IN	_	20	case	91	93
usc5-552-doj:u0152:s01	18	a	a	DET	DT	Definite=Ind|PronType=Art	20	det	94	95
usc5-552-doj:u0152:s01	19	timely	timely	ADJ	JJ	Degree=Pos	20	amod	96	102
usc5-552-doj:u0152:s01	20	manner	manner	NOUN	NN	Number=Sing	16	obl	103	109
usc5-552-doj:u0152:s01	21	for	for	ADP	IN	_	23	case	110	113
usc5-552-doj:u0152:s01	22	public	public	ADJ	JJ	Degree=Pos	23	amod	114	120
usc5-552-doj:u0152:s01	23	inspection	inspection	NOUN	NN	Number=Sing	12	obl	121	131
usc5-552-doj:u0152:s01	24	in	in	ADP	IN	_	27	case	132	134
usc5-552-doj:u0152:s01	25	an	a	DET	DT	Definite=Ind|PronType=Art	27	det	135	137
usc5-552-doj:u0152:s01	26	electronic	electronic	ADJ	JJ	Degree=Pos	27	amod	138	148
usc5-552-doj:u0152:s01	27	format	format	NOUN	NN	Number=Sing	23	nmod	149	155
usc5-552-doj:u0152:s01	28	,	,	PUNCT	,	_	7	punct	155	156
usc5-552-doj:u0152:s01	29	which	which	PRON	WDT	PronType=Rel	32	nsubj	157	162
usc5-552-doj:u0152:s01	30	shall	shall	AUX	MD	VerbForm=Fin	32	aux	163	168
usc5-552-doj:u0152:s01	31	be	be	AUX	VB	VerbForm=Inf	32	cop	169	171
usc5-552-doj:u0152:s01	32	available	available	ADJ	JJ	Degree=Pos	7	acl:relcl	172	181
usc5-552-doj:u0152:s01	33	–	-	PUNCT	,	_	7	punct	182	183
usc5-552-doj:u0153:s00	1	(	(	PUNCT	-LRB-	_	2	punct	0	1
usc5-552-doj:u0153:s00	2	A	a	X	LS	_	5	nummod	1	2
usc5-552-doj:u0153:s00	3	)	)	PUNCT	-RRB-	_	2	punct	2	3
usc5-552-doj:u0153:s00	4	without	without	ADP	IN	_	5	case	4	11
usc5-552-doj:u0153:s00	5	charge	charge	NOUN	NN	Number=Sing	0	root	12	18
usc5-552-doj:u0153:s00	6	,	,	PUNCT	,	_	7	punct	18	19
usc5-552-doj:u0153:s00	7	license	license	NOUN	NN	Number=Sing	5	conj	20	27
usc5-552-doj:u0153:s00	8	,	,	PUNCT	,	_	11	punct	27	28
usc5-552-doj:u0153:s00	9	or	or	CCONJ	CC	_	11	cc	29	31
usc5-552-doj:u0153:s00	10	registration	registration	NOUN	NN	Number=Sing	11	compound	32	44
usc5-552-doj:u0153:s00	11	requirement	requirement	NOUN	NN	Number=Sing	5	conj	45	56
usc5-552-doj:u0153:s00	12	;	;	PUNCT	,	_	5	punct	56	57
usc5-552-doj:u0154:s00	1	(	(	PUNCT	-LRB-	_	2	punct	0	1
usc5-552-doj:u0154:s00	2	B	b	X	LS	_	0	root	1	2
usc5-552-doj:u0154:s00	3	)	)	PUNCT	-RRB-	_	2	punct	2	3
usc5-552-doj:u0154:s00	4	in	in	ADP	IN	_	9	case	4	6
usc5-552-doj:u0154:s00	5	an	a	DET	DT	Definite=Ind|PronType=Art	9	det	7	9
usc5-552-doj:u0154:s00	6	aggregated	aggregated	ADJ	JJ	Degree=Pos	9	amod	10	20
usc5-552-doj:u0154:s00	7	,	,	PUNCT	,	_	9	punct	20	21
usc5-552-doj:u0154:s00	8	searchable	searchable	ADJ	JJ	Degree=Pos	9	amod	22	32
usc5-552-doj:u0154:s00	9	format	format	NOUN	NN	Number=Sing	2	nmod	33	39
usc5-552-doj:u0154:s00	10	;	;	PUNCT	,	_	2	punct	39	40
usc5-552-doj:u0154:s00	11	and	and	CCONJ	CC	_	2	cc	41	44
usc5-552-doj:u0155:s00	1	(	(	PUNCT	-LRB-	_	2	punct	0	1
usc5-552-doj:u0155:s00	2	C	c	X	LS	_	0	root	1	2
usc5-552-doj:u0155:s00	3	)	)	PUNCT	-RRB-	_	2	punct	2	3
usc5-552-doj:u0155:s00	4	in	in	ADP	IN	_	6	case	4	6
usc5-552-doj:u0155:s00	5	a	a	DET	DT	Definite=Ind|PronType=Art	6	det	7	8
usc5-552-doj:u0155:s00	6	format	format	NOUN	NN	Number=Sing	2	nmod	9	15
usc5-552-doj:u0155:s00	7	that	that	PRON	WDT	PronType=Rel	10	nsubj:pass	16	20
usc5-552-doj:u0155:s00	8	may	may	AUX	MD	VerbForm=Fin	10	aux	21	24
usc5-552-doj:u0155:s00	9	be	be	AUX	VB	VerbForm=Inf	10	aux:pass	25	27
usc5-552-doj:u0155:s00	10	downloaded	download	VERB	VBN	Tense=Past|VerbForm=Part|Voice=Pass	6	acl:relcl	28	38
usc5-552-doj:u0155:s00	11	in	in	ADP	IN	_	12	case	39	41
usc5-552-doj:u0155:s00	12	bulk	bulk	NOUN	NN	Number=Sing	10	obl	42	46
usc5-552-doj:u0155:s00	13	.	.	PUNCT	.	_	2	punct	46	47
usc5-552-doj:u0156:s00	1	(	(	PUNCT	-LRB-	_	2	punct	0	1
usc5-552-doj:u0156:s00	2	4	4	X	LS	_	12	nummod	1	2
usc5-552-doj:u0156:s00	3	)	)	PUNCT	-RRB-	_	2	punct	2	3
usc5-552-doj:u0156:s00	4	The	the	DET	DT	Definite=Def|PronType=Art	5	det	4	7
usc5-552-doj:u0156:s00	5	Attorney	Attorney	PROPN	NNP	Number=Sing	12	nsubj	8	16
usc5-552-doj:u0156:s00	6	General	General	PROPN	NNP	Number=Sing	5	flat	17	24
usc5-552-doj:u0156:s00	7	of	of	ADP	IN	_	10	case	25	27
usc5-552-doj:u0156:s00	8	the	the	DET	DT	Definite=Def|PronType=Art	10	det	28	31
usc5-552-doj:u0156:s00	9	United	United	PROPN	NNP	Number=Sing	10	compound	32	38
usc5-552-doj:u0156:s00	10	States	States	PROPN	NNP	Number=Sing	5	nmod	39	45
usc5-552-doj:u0156:s00	11	shall	shall	AUX	MD	VerbForm=Fin	12	aux	46	51
usc5-552-doj:u0156:s00	12	make	make	VERB	VB	VerbForm=Inf	0	root	52	56
usc5-552-doj:u0156:s00	13	each	each	DET	DT	_	14	det	57	61
usc5-552-doj:u0156:s00	14	report	report	NOUN	NN	Number=Sing	12	obj	62	68
usc5-552-doj:u0156:s00	15	which	which	PRON	WDT	PronType=Rel	18	nsubj:pass	69	74
usc5-552-doj:u0156:s00	16	has	have	AUX	VBZ	Mood=Ind|Number=Sing|Person=3|Tense=Pres|VerbForm=Fin	18	aux	75	78
usc5-552-doj:u0156:s00	17	been	be	AUX	VBN	Tense=Past|VerbForm=Part	18	aux:pass	79	83
usc5-552-doj:u0156:s00	18	made	make	VERB	VBN	Tense=Past|VerbForm=Part|Voice=Pass	14	acl:relcl	84	88
usc5-552-doj:u0156:s00	19	available	available	ADJ	JJ	Degree=Pos	18	xcomp	89	98
usc5-552-doj:u0156:s00	20	by	by	ADP	IN	_	22	case	99	101
usc5-552-doj:u0156:s00	21	electronic	electronic	ADJ	JJ	Degree=Pos	22	amod	102	112
usc5-552-doj:u0156:s00	22	means	means	NOUN	NNS	Number=Plur	18	obl	113	118
usc5-552-doj:u0156:s00	23	available	available	ADJ	JJ	Degree=Pos	22	amod	119	128
usc5-552-doj:u0156:s00	24	at	at	ADP	IN	_	29	case	129	131
usc5-552-doj:u0156:s00	25	a	a	DET	DT	Definite=Ind|PronType=Art	29	det	132	133
usc5-552-doj:u0156:s00	26	single	single	ADJ	JJ	Degree=Pos	29	amod	134	140
usc5-552-doj:u0156:s00	27	electronic	electronic	ADJ	JJ	Degree=Pos	29	amod	141	151
usc5-552-doj:u0156:s00	28	access	access	NOUN	NN	Number=Sing	29	compound	152	158
usc5-552-doj:u0156:s00	29	point	point	NOUN	NN	Number=Sing	23	obl	159	164
usc5-552-doj:u0156:s00	30	.	.	PUNCT	.	_	12	punct	164	165
usc5-552-doj:u0156:s01	1	The	the	DET	DT	Definite=Def|PronType=Art	2	det	0	3
usc5-552-doj:u0156:s01	2	Attorney	Attorney	PROPN	NNP	Number=Sing	9	nsubj	4	12
usc5-552-doj:u0156:s01	3	General	General	PROPN	NNP	Number=Sing	2	flat	13	20
usc5-552-doj:u0156:s01	4	of	of	ADP	IN	_	7	case	21	23
usc5-552-doj:u0156:s01	5	the	the	DET	DT	Definite=Def|PronType=Art	7	det	24	27
usc5-552-doj:u0156:s01	6	United	United	PROPN	NNP	Number=Sing	7	compound	28	34
usc5-552-doj:u0156:s01	7	States	States	PROPN	NNP	Number=Sing	2	nmod	35	41
usc5-552-doj:u0156:s01	8	shall	shall	AUX	MD	VerbForm=Fin	9	aux	42	47
usc5-552-doj:u0156:s01	9	notify	notify	VERB	VB	VerbForm=Inf	0	root	48	54
usc5-552-doj:u0156:s01	10	the	the	DET	DT	Definite=Def|PronType=Art	11	det	55	58
usc5-552-doj:u0156:s01	11	Chairman	Chairman	NOUN	NN	Number=Sing	9	obj	59	67
usc5-552-doj:u0156:s01	12	and	and	CCONJ	CC	_	13	cc	68	71
usc5-552-doj:u0156:s01	13	ranking	rank	VERB	VBG	VerbForm=Ger	9	conj	72	79
usc5-552-doj:u0156:s01	14	minority	minority	NOUN	NN	Number=Sing	15	compound	80	88
usc5-552-doj:u0156:s01	15	member	member	NOUN	NN	Number=Sing	13	obj	89	95
usc5-552-doj:u0156:s01	16	of	of	ADP	IN	_	18	case	96	98
usc5-552-doj:u0156:s01	17	the	the	DET	DT	Definite=Def|PronType=Art	18	det	99	102
usc5-552-doj:u0156:s01	18	Committee	committee	PROPN	NNP	Number=Sing	15	nmod	103	112
usc5-552-doj:u0156:s01	19	on	on	ADP	IN	_	20	case	113	115
usc5-552-doj:u0156:s01	20	Oversight	Oversight	PROPN	NNP	Number=Sing	13	obl	116	125
usc5-552-doj:u0156:s01	21	and	and	CCONJ	CC	_	22	cc	126	129
usc5-552-doj:u0156:s01	22	Government	government	PROPN	NNP	Number=Sing	20	conj	130	140
usc5-552-doj:u0156:s01	23	Reform	Reform	PROPN	NNP	Number=Sing	20	flat	141	147
usc5-552-doj:u0156:s01	24	of	of	ADP	IN	_	26	case	148	150
usc5-552-doj:u0156:s01	25	the	the	DET	DT	Definite=Def|PronType=Art	26	det	151	154
usc5-552-doj:u0156:s01	26	House	house	NOUN	NN	Number=Sing	20	nmod	155	160
usc5-552-doj:u0156:s01	27	of	of	ADP	IN	_	28	case	161	163
usc5-552-doj:u0156:s01	28	Representatives	Representatives	NOUN	NNS	Number=Plur	26	nmod	164	179
usc5-552-doj:u0156:s01	29	and	and	CCONJ	CC	_	31	cc	180	183
usc5-552-doj:u0156:s01	30	the	the	DET	DT	Definite=Def|PronType=Art	31	det	184	187
usc5-552-doj:u0156:s01	31	Chairman	Chairman	NOUN	NN	Number=Sing	28	conj	188	196
usc5-552-doj:u0156:s01	32	and	and	CCONJ	CC	_	33	cc	197	200
usc5-552-doj:u0156:s01	33	ranking	rank	VERB	VBG	VerbForm=Ger	13	conj	201	208
usc5-552-doj:u0156:s01	34	minority	minority	NOUN	NN	Number=Sing	35	compound	209	217
usc5-552-doj:u0156:s01	35	member	member	NOUN	NN	Number=Sing	33	obj	218	224
usc5-552-doj:u0156:s01	36	of	of	ADP	IN	_	38	case	225	227
usc5-552-doj:u0156:s01	37	the	the	DET	DT	Definite=Def|PronType=Art	38	det	228	231
usc5-552-doj:u0156:s01	38	Committees	Committees	NOUN	NNS	Number=Plur	35	nmod	232	242
usc5-552-doj:u0156:s01	39	on	on	ADP	IN	_	41	case	243	245
usc5-552-doj:u0156:s01	40	Homeland	Homeland	NOUN	NN	Number=Sing	41	compound	246	254
usc5-552-doj:u0156:s01	41	Security	Security	NOUN	NN	Number=Sing	33	obl	255	263
usc5-552-doj:u0156:s01	42	and	and	CCONJ	CC	_	44	cc	264	267
usc5-552-doj:u0156:s01	43	Governmental	governmental	ADJ	JJ	Degree=Pos	44	amod	268	280
usc5-552-doj:u0156:s01	44	Affairs	affair	NOUN	NNS	Number=Plur	41	conj	281	288
usc5-552-doj:u0156:s01	45	and	and	CCONJ	CC	_	47	cc	289	292
usc5-552-doj:u0156:s01	46	the	the	DET	DT	Definite=Def|PronType=Art	47	det	293	296
usc5-552-doj:u0156:s01	47	Judiciary	Judiciary	PROPN	NNP	Number=Sing	9	conj	297	306
usc5-552-doj:u0156:s01	48	of	of	ADP	IN	_	50	case	307	309
usc5-552-doj:u0156:s01	49	the	the	DET	DT	Definite=Def|PronType=Art	50	det	310	313
usc5-552-doj:u0156:s01	50	Senate	Senate	PROPN	NNP	Number=Sing	47	nmod	314	320
usc5-552-doj:u0156:s01	51	,	,	PUNCT	,	_	9	punct	320	321
usc5-552-doj:u0156:s01	52	no	no	ADV	RB	_	53	advmod	322	324
usc5-552-doj:u0156:s01	53	later	later	ADV	RBR	Degree=Cmp	9	advmod	325	330
usc5-552-doj:u0156:s01	54	than	than	ADP	IN	_	55	case	331	335
usc5-552-doj:u0156:s01	55	March	March	PROPN	NNP	Number=Sing	53	obl	336	341
usc5-552-doj:u0156:s01	56	1	1	NUM	CD	NumType=Card	55	nummod	342	343
usc5-552-doj:u0156:s01	57	of	of	ADP	IN	_	59	case	344	346
usc5-552-doj:u0156:s01	58	the	the	DET	DT	Definite=Def|PronType=Art	59	det	347	350
usc5-552-doj:u0156:s01	59	year	year	NOUN	NN	Number=Sing	55	nmod	351	355
usc5-552-doj:u0156:s01	60	in	in	ADP	IN	_	61	case	356	358
usc5-552-doj:u0156:s01	61	which	which	PRON	WDT	PronType=Rel	66	obl	359	364
usc5-552-doj:u0156:s01	62	each	each	DET	DT	_	64	det	365	369
usc5-552-doj:u0156:s01	63	such	such	ADJ	JJ	Degree=Pos	64	amod	370	374
usc5-552-doj:u0156:s01	64	report	report	NOUN	NN	Number=Sing	66	nsubj:pass	375	381
usc5-552-doj:u0156:s01	65	is	be	AUX	VBZ	Mood=Ind|Number=Sing|Person=3|Tense=Pres|VerbForm=Fin	66	aux:pass	382	384
usc5-552-doj:u0156:s01	66	issued	issue	VERB	VBN	Tense=Past|VerbForm=Part|Voice=Pass	9	acl:relcl	385	391
usc5-552-doj:u0156:s01	67	,	,	PUNCT	,	_	66	punct	391	392
usc5-552-doj:u0156:s01	68	that	that	SCONJ	IN	_	72	mark	393	397
usc5-552-doj:u0156:s01	69	such	such	ADJ	JJ	Degree=Pos	70	amod	398	402
usc5-552-doj:u0156:s01	70	reports	report	NOUN	NNS	Number=Plur	72	nsubj	403	410
usc5-552-doj:u0156:s01	71	are	be	AUX	VBP	Mood=Ind|Tense=Pres|VerbForm=Fin	72	cop	411	414
usc5-552-doj:u0156:s01	72	available	available	ADJ	JJ	Degree=Pos	66	ccomp	415	424
usc5-552-doj:u0156:s01	73	by	by	ADP	IN	_	75	case	425	427
usc5-552-doj:u0156:s01	74	electronic	electronic	ADJ	JJ	Degree=Pos	75	amod	428	438
usc5-552-doj:u0156:s01	75	means	means	NOUN	NNS	Number=Plur	72	obl	439	444
usc5-552-doj:u0156:s01	76	.	.	PUNCT	.	_	9	punct	444	445
usc5-552-doj:u0157:s00	1	(	(	PUNCT	-LRB-	_	2	punct	0	1
usc5-552-doj:u0157:s00	2	5	5	X	LS	_	26	nummod	1	2
usc5-552-doj:u0157:s00	3	)	)	PUNCT	-RRB-	_	2	punct	2	3
usc5-552-doj:u0157:s00	4	The	the	DET	DT	Definite=Def|PronType=Art	5	det	4	7
usc5-552-doj:u0157:s00	5	Attorney	Attorney	PROPN	NNP	Number=Sing	26	nsubj	8	16
usc5-552-doj:u0157:s00	6	General	General	PROPN	NNP	Number=Sing	5	flat	17	24
usc5-552-doj:u0157:s00	7	of	of	ADP	IN	_	10	case	25	27
usc5-552-doj:u0157:s00	8	the	the	DET	DT	Definite=Def|PronType=Art	10	det	28	31
usc5-552-doj:u0157:s00	9	United	United	PROPN	NNP	Number=Sing	10	compound	32	38
usc5-552-doj:u0157:s00	10	States	States	PROPN	NNP	Number=Sing	5	nmod	39	45
usc5-552-doj:u0157:s00	11	,	,	PUNCT	,	_	5	punct	45	46
usc5-552-doj:u0157:s00	12	in	in	ADP	IN	_	13	case	47	49
usc5-552-doj:u0157:s00	13	consultation	consultation	NOUN	NN	Number=Sing	5	nmod	50	62
usc5-552-doj:u0157:s00	14	with	with	ADP	IN	_	16	case	63	67
usc5-552-doj:u0157:s00	15	the	the	DET	DT	Definite=Def|PronType=Art	16	det	68	71
usc5-552-doj:u0157:s00	16	Director	director	NOUN	NN	Number=Sing	13	nmod	72	80
usc5-552-doj:u0157:s00	17	of	of	ADP	IN	_	19	case	81	83
usc5-552-doj:u0157:s00	18	the	the	DET	DT	Definite=Def|PronType=Art	19	det	84	87
usc5-552-doj:u0157:s00	19	Office	Office	PROPN	NNP	Number=Sing	16	nmod	88	94
usc5-552-doj:u0157:s00	20	of	of	ADP	IN	_	21	case	95	97
usc5-552-doj:u0157:s00	21	Management	management	PROPN	NNP	Number=Sing	19	nmod	98	108
usc5-552-doj:u0157:s00	22	and	and	CCONJ	CC	_	23	cc	109	112
usc5-552-doj:u0157:s00	23	Budget	budget	PROPN	NNP	Number=Sing	21	conj	113	119
usc5-552-doj:u0157:s00	24	,	,	PUNCT	,	_	26	punct	119	120
usc5-552-doj:u0157:s00	25	shall	shall	AUX	MD	VerbForm=Fin	26	aux	121	126
usc5-552-doj:u0157:s00	26	develop	develop	VERB	VB	VerbForm=Inf	0	root	127	134
usc5-552-doj:u0157:s00	27	reporting	reporting	VERB	VBG	VerbForm=Ger	30	amod	135	144
usc5-552-doj:u0157:s00	28	and	and	CCONJ	CC	_	29	cc	145	148
usc5-552-doj:u0157:s00	29	performance	performance	NOUN	NN	Number=Sing	27	conj	149	160
usc5-552-doj:u0157:s00	30	guidelines	guideline	NOUN	NNS	Number=Plur	26	obj	161	171
usc5-552-doj:u0157:s00	31	in	in	ADP	IN	_	32	case	172	174
usc5-552-doj:u0157:s00	32	connection	connection	NOUN	NN	Number=Sing	30	nmod	175	185
usc5-552-doj:u0157:s00	33	with	with	ADP	IN	_	34	case	186	190
usc5-552-doj:u0157:s00	34	reports	report	NOUN	NNS	Number=Plur	32	nmod	191	198
usc5-552-doj:u0157:s00	35	required	require	VERB	VBN	Tense=Past|VerbForm=Part	34	acl	199	207
usc5-552-doj:u0157:s00	36	by	by	ADP	IN	_	38	case	208	210
usc5-552-doj:u0157:s00	37	this	this	DET	DT	Number=Sing|PronType=Dem	38	det	211	215
usc5-552-doj:u0157:s00	38	subsection	subsection	NOUN	NN	Number=Sing	35	obl	216	226
usc5-552-doj:u0157:s00	39	by	by	ADP	IN	_	40	case	227	229
usc5-552-doj:u0157:s00	40	October	October	PROPN	NNP	Number=Sing	35	obl	230	237
usc5-552-doj:u0157:s00	41	1	1	NUM	CD	NumType=Card	40	nummod	238	239
usc5-552-doj:u0157:s00	42	,	,	PUNCT	,	_	40	punct	239	240
usc5-552-doj:u0157:s00	43	1997	1997	NUM	CD	NumType=Card	40	nummod	241	245
usc5-552-doj:u0157:s00	44	,	,	PUNCT	,	_	47	punct	245	246
usc5-552-doj:u0157:s00	45	and	and	CCONJ	CC	_	47	cc	247	250
usc5-552-doj:u0157:s00	46	may	may	AUX	MD	VerbForm=Fin	47	aux	251	254
usc5-552-doj:u0157:s00	47	establish	establish	VERB	VB	VerbForm=Inf	26	conj	255	264
usc5-552-doj:u0157:s00	48	additional	additional	ADJ	JJ	Degree=Pos	49	amod	265	275
usc5-552-doj:u0157:s00	49	requirements	requirement	NOUN	NNS	Number=Plur	47	obj	276	288
usc5-552-doj:u0157:s00	50	for	for	ADP	IN	_	52	case	289	292
usc5-552-doj:u0157:s00	51	such	such	ADJ	JJ	Degree=Pos	52	amod	293	297
usc5-552-doj:u0157:s00	52	reports	report	NOUN	NNS	Number=Plur	49	nmod	298	305
usc5-552-doj:u0157:s00	53	as	as	ADP	IN	_	55	case	306	308
usc5-552-doj:u0157:s00	54	the	the	DET	DT	Definite=Def|PronType=Art	55	det	309	312
usc5-552-doj:u0157:s00	55	Attorney	Attorney	PROPN	NNP	Number=Sing	52	nmod	313	321
usc5-552-doj:u0157:s00	56	General	General	PROPN	NNP	Number=Sing	55	flat	322	329
usc5-552-doj:u0157:s00	57	determines	determines	VERB	VBZ	Mood=Ind|Number=Sing|Person=3|Tense=Pres|VerbForm=Fin	26	conj	330	340
usc5-552-doj:u0157:s00	58	may	may	AUX	MD	VerbForm=Fin	60	aux	341	344
usc5-552-doj:u0157:s00	59	be	be	AUX	VB	VerbForm=Inf	60	cop	345	347
usc5-552-doj:u0157:s00	60	useful	useful	ADJ	JJ	Degree=Pos	57	ccomp	348	354
usc5-552-doj:u0157:s00	61	.	.	PUNCT	.	_	26	punct	354	355
usc5-552-doj:u0158:s00	1	(	(	PUNCT	-LRB-	_	2	punct	0	1
usc5-552-doj:u0158:s00	2	6	6	X	LS	_	5	nummod	1	2
usc5-552-doj:u0158:s00	3	)	)	PUNCT	-RRB-	_	2	punct	2	3
usc5-552-doj:u0158:s00	4	(	(	PUNCT	-LRB-	_	2	punct	4	5
usc5-552-doj:u0158:s00	5	A	a	PROPN	NNP	Number=Sing	0	root	5	6
usc5-552-doj:u0158:s00	6	)	)	PUNCT	-RRB-	_	5	punct	6	7
usc5-552-doj:u0158:s00	7	The	the	DET	DT	Definite=Def|PronType=Art	8	det	8	11
usc5-552-doj:u0158:s00	8	Attorney	Attorney	PROPN	NNP	Number=Sing	15	nsubj	12	20
usc5-552-doj:u0158:s00	9	General	General	PROPN	NNP	Number=Sing	8	flat	21	28
usc5-552-doj:u0158:s00	10	of	of	ADP	IN	_	13	case	29	31
usc5-552-doj:u0158:s00	11	the	the	DET	DT	Definite=Def|PronType=Art	13	det	32	35
usc5-552-doj:u0158:s00	12	United	United	PROPN	NNP	Number=Sing	13	compound	36	42
usc5-552-doj:u0158:s00	13	States	States	PROPN	NNP	Number=Sing	8	nmod	43	49
usc5-552-doj:u0158:s00	14	shall	shall	AUX	MD	VerbForm=Fin	15	aux	50	55
usc5-552-doj:u0158:s00	15	submit	submit	VERB	VB	VerbForm=Inf	5	parataxis	56	62
usc5-552-doj:u0158:s00	16	to	to	ADP	IN	_	18	case	63	65
usc5-552-doj:u0158:s00	17	the	the	DET	DT	Definite=Def|PronType=Art	18	det	66	69
usc5-552-doj:u0158:s00	18	Committee	committee	NOUN	NN	Number=Sing	15	obl	70	79
usc5-552-doj:u0158:s00	19	on	on	ADP	IN	_	23	case	80	82
usc5-552-doj:u0158:s00	20	Oversight	Oversight	NOUN	NN	Number=Sing	23	compound	83	92
usc5-552-doj:u0158:s00	21	and	and	CCONJ	CC	_	22	cc	93	96
usc5-552-doj:u0158:s00	22	Government	government	NOUN	NN	Number=Sing	20	conj	97	107
usc5-552-doj:u0158:s00	23	Reform	Reform	NOUN	NN	Number=Sing	18	nmod	108	114
usc5-552-doj:u0158:s00	24	of	of	ADP	IN	_	26	case	115	117
usc5-552-doj:u0158:s00	25	the	the	DET	DT	Definite=Def|PronType=Art	26	det	118	121
usc5-552-doj:u0158:s00	26	House	house	PROPN	NNP	Number=Sing	23	nmod	122	127
usc5-552-doj:u0158:s00	27	of	of	ADP	IN	_	28	case	128	130
usc5-552-doj:u0158:s00	28	Representatives	Representatives	PROPN	NNPS	Number=Plur	26	nmod	131	146
usc5-552-doj:u0158:s00	29	,	,	PUNCT	,	_	18	punct	146	147
usc5-552-doj:u0158:s00	30	the	the	DET	DT	Definite=Def|PronType=Art	31	det	148	151
usc5-552-doj:u0158:s00	31	Committee	committee	NOUN	NN	Number=Sing	18	appos	152	161
usc5-552-doj:u0158:s00	32	on	on	ADP	IN	_	34	case	162	164
usc5-552-doj:u0158:s00	33	the	the	DET	DT	Definite=Def|PronType=Art	34	det	165	168
usc5-552-doj:u0158:s00	34	Judiciary	Judiciary	PROPN	NNP	Number=Sing	31	nmod	169	178
usc5-552-doj:u0158:s00	35	of	of	ADP	IN	_	37	case	179	181
usc5-552-doj:u0158:s00	36	the	the	DET	DT	Definite=Def|PronType=Art	37	det	182	185
usc5-552-doj:u0158:s00	37	Senate	Senate	PROPN	NNP	Number=Sing	34	nmod	186	192
usc5-552-doj:u0158:s00	38	,	,	PUNCT	,	_	43	punct	192	193
usc5-552-doj:u0158:s00	39	and	and	CCONJ	CC	_	43	cc	194	197
usc5-552-doj:u0158:s00	40	the	the	DET	DT	Definite=Def|PronType=Art	41	det	198	201
usc5-552-doj:u0158:s00	41	President	President	PROPN	NNP	Number=Sing	43	nsubj	202	211
usc5-552-doj:u0158:s00	42	a	a	DET	DT	Definite=Ind|PronType=Art	43	det	212	213
usc5-552-doj:u0158:s00	43	report	report	NOUN	NN	Number=Sing	18	conj	214	220
usc5-552-doj:u0158:s00	44	on	on	ADP	IN	_	47	case	221	223
usc5-552-doj:u0158:s00	45	or	or	CCONJ	CC	_	46	cc	224	226
usc5-552-doj:u0158:s00	46	before	before	ADP	IN	_	44	conj	227	233
usc5-552-doj:u0158:s00	47	March	March	PROPN	NNP	Number=Sing	43	nmod	234	239
usc5-552-doj:u0158:s00	48	1	1	NUM	CD	NumType=Card	47	nummod	240	241
usc5-552-doj:u0158:s00	49	of	of	ADP	IN	_	52	case	242	244
usc5-552-doj:u0158:s00	50	each	each	DET	DT	_	52	det	245	249
usc5-552-doj:u0158:s00	51	calendar	calendar	NOUN	NN	Number=Sing	52	compound	250	258
usc5-552-doj:u0158:s00	52	year	year	NOUN	NN	Number=Sing	47	nmod	259	263
usc5-552-doj:u0158:s00	53	,	,	PUNCT	,	_	18	punct	263	264
usc5-552-doj:u0158:s00	54	which	which	PRON	WDT	PronType=Rel	56	nsubj	265	270
usc5-552-doj:u0158:s00	55	shall	shall	AUX	MD	VerbForm=Fin	56	aux	271	276
usc5-552-doj:u0158:s00	56	include	include	VERB	VB	VerbForm=Inf	18	acl:relcl	277	284
usc5-552-doj:u0158:s00	57	for	for	ADP	IN	_	61	case	285	288
usc5-552-doj:u0158:s00	58	the	the	DET	DT	Definite=Def|PronType=Art	61	det	289	292
usc5-552-doj:u0158:s00	59	prior	prior	ADJ	JJ	Degree=Pos	61	amod	293	298
usc5-552-doj:u0158:s00	60	calendar	calendar	NOUN	NN	Number=Sing	61	compound	299	307
usc5-552-doj:u0158:s00	61	year	year	NOUN	NN	Number=Sing	56	obl	308	312
usc5-552-doj:u0158:s00	62	–	-	PUNCT	,	_	5	punct	313	314
usc5-552-doj:u0159:s00	1	(	(	PUNCT	-LRB-	_	2	punct	0	1
usc5-552-doj:u0159:s00	2	i	i	X	LS	_	5	advmod	1	2
usc5-552-doj:u0159:s00	3	)	)	PUNCT	-RRB-	_	2	punct	2	3
usc5-552-doj:u0159:s00	4	a	a	DET	DT	Definite=Ind|PronType=Art	5	det	4	5
usc5-552-doj:u0159:s00	5	listing	listing	NOUN	NN	Number=Sing	0	root	6	13
usc5-552-doj:u0159:s00	6	of	of	ADP	IN	_	8	case	14	16
usc5-552-doj:u0159:s00	7	the	the	DET	DT	Definite=Def|PronType=Art	8	det	17	20
usc5-552-doj:u0159:s00	8	number	number	NOUN	NN	Number=Sing	5	nmod	21	27
usc5-552-doj:u0159:s00	9	of	of	ADP	IN	_	10	case	28	30
usc5-552-doj:u0159:s00	10	cases	case	NOUN	NNS	Number=Plur	8	nmod	31	36
usc5-552-doj:u0159:s00	11	arising	arise	VERB	VBG	VerbForm=Ger	10	acl	37	44
usc5-552-doj:u0159:s00	12	under	under	ADP	IN	_	14	case	45	50
usc5-552-doj:u0159:s00	13	this	this	DET	DT	Number=Sing|PronType=Dem	14	det	51	55
usc5-552-doj:u0159:s00	14	section	section	NOUN	NN	Number=Sing	11	obl	56	63
usc5-552-doj:u0159:s00	15	;	;	PUNCT	,	_	5	punct	63	64
usc5-552-doj:u0160:s00	1	(	(	PUNCT	-LRB-	_	2	punct	0	1
usc5-552-doj:u0160:s00	2	ii	ii	X	LS	_	5	advmod	1	3
usc5-552-doj:u0160:s00	3	)	)	PUNCT	-RRB-	_	2	punct	3	4
usc5-552-doj:u0160:s00	4	a	a	DET	DT	Definite=Ind|PronType=Art	5	det	5	6
usc5-552-doj:u0160:s00	5	listing	listing	NOUN	NN	Number=Sing	0	root	7	14
usc5-552-doj:u0160:s00	6	of	of	ADP	IN	_	5	nmod	15	17
usc5-552-doj:u0160:s00	7	–	-	PUNCT	:	_	5	punct	18	19
usc5-552-doj:u0161:s00	1	(	(	PUNCT	-LRB-	_	2	punct	0	1
usc5-552-doj:u0161:s00	2	I	I	PRON	PRP	Case=Nom|Number=Sing|Person=1|PronType=Prs	5	nsubj	1	2
usc5-552-doj:u0161:s00	3	)	)	PUNCT	-RRB-	_	2	punct	2	3
usc5-552-doj:u0161:s00	4	each	each	DET	DT	_	5	det	4	8
usc5-552-doj:u0161:s00	5	subsection	subsection	NOUN	NN	Number=Sing	0	root	9	19
usc5-552-doj:u0161:s00	6	,	,	PUNCT	,	_	9	punct	19	20
usc5-552-doj:u0161:s00	7	and	and	CCONJ	CC	_	9	cc	21	24
usc5-552-doj:u0161:s00	8	any	any	DET	DT	_	9	det	25	28
usc5-552-doj:u0161:s00	9	exemption	exemption	NOUN	NN	Number=Sing	5	conj	29	38
usc5-552-doj:u0161:s00	10	,	,	PUNCT	,	_	5	punct	38	39
usc5-552-doj:u0161:s00	11	if	if	SCONJ	IN	_	14	mark	40	42
usc5-552-doj:u0161:s00	12	applicable	applicable	ADJ	JJ	Degree=Pos	14	amod	43	53
usc5-552-doj:u0161:s00	13	,	,	PUNCT	,	_	12	punct	53	54
usc5-552-doj:u0161:s00	14	involved	involved	ADJ	JJ	Degree=Pos	5	acl	55	63
usc5-552-doj:u0161:s00	15	in	in	ADP	IN	_	17	case	64	66
usc5-552-doj:u0161:s00	16	each	each	DET	DT	_	17	det	67	71
usc5-552-doj:u0161:s00	17	case	case	NOUN	NN	Number=Sing	14	obl	72	76
usc5-552-doj:u0161:s00	18	arising	arise	VERB	VBG	VerbForm=Ger	14	advcl	77	84
usc5-552-doj:u0161:s00	19	under	under	ADP	IN	_	21	case	85	90
usc5-552-doj:u0161:s00	20	this	this	DET	DT	Number=Sing|PronType=Dem	21	det	91	95
usc5-552-doj:u0161:s00	21	section	section	NOUN	NN	Number=Sing	18	obl	96	103
usc5-552-doj:u0161:s00	22	;	;	PUNCT	,	_	5	punct	103	104
usc5-552-doj:u0162:s00	1	(	(	PUNCT	-LRB-	_	2	punct	0	1
usc5-552-doj:u0162:s00	2	II	ii	X	LS	_	14	nummod	1	3
usc5-552-doj:u0162:s00	3	)	)	PUNCT	-RRB-	_	2	punct	3	4
usc5-552-doj:u0162:s00	4	the	the	DET	DT	Definite=Def|PronType=Art	5	det	5	8
usc5-552-doj:u0162:s00	5	disposition	disposition	NOUN	NN	Number=Sing	2	nsubj	9	20
usc5-552-doj:u0162:s00	6	of	of	ADP	IN	_	8	case	21	23
usc5-552-doj:u0162:s00	7	each	each	DET	DT	_	8	det	24	28
usc5-552-doj:u0162:s00	8	case	case	NOUN	NN	Number=Sing	5	nmod	29	33
usc5-552-doj:u0162:s00	9	arising	arise	VERB	VBG	VerbForm=Ger	5	acl	34	41
usc5-552-doj:u0162:s00	10	under	under	ADP	IN	_	12	case	42	47
usc5-552-doj:u0162:s00	11	this	this	DET	DT	Number=Sing|PronType=Dem	12	det	48	52
usc5-552-doj:u0162:s00	12	section	section	NOUN	NN	Number=Sing	9	obl	53	60
usc5-552-doj:u0162:s00	13	;	;	PUNCT	,	_	2	punct	60	61
usc5-552-doj:u0162:s00	14	and	and	CCONJ	CC	_	0	root	62	65
usc5-552-doj:u0163:s00	1	(	(	PUNCT	-LRB-	_	2	punct	0	1
usc5-552-doj:u0163:s00	2	III	iii	X	LS	_	5	nummod	1	4
usc5-552-doj:u0163:s00	3	)	)	PUNCT	-RRB-	_	2	punct	4	5
usc5-552-doj:u0163:s00	4	the	the	DET	DT	Definite=Def|PronType=Art	5	det	6	9
usc5-552-doj:u0163:s00	5	cost	cost	NOUN	NN	Number=Sing	0	root	10	14
usc5-552-doj:u0163:s00	6	,	,	PUNCT	,	_	7	punct	14	15
usc5-552-doj:u0163:s00	7	fees	fe	NOUN	NNS	Number=Plur	5	conj	16	20
usc5-552-doj:u0163:s00	8	,	,	PUNCT	,	_	10	punct	20	21
usc5-552-doj:u0163:s00	9	and	and	CCONJ	CC	_	10	cc	22	25
usc5-552-doj:u0163:s00	10	penalties	penalty	NOUN	NNS	Number=Plur	5	conj	26	35
usc5-552-doj:u0163:s00	11	assessed	assess	VERB	VBN	Tense=Past|VerbForm=Part	5	acl	36	44
usc5-552-doj:u0163:s00	12	under	under	ADP	IN	_	13	case	45	50
usc5-552-doj:u0163:s00	13	subparagraphs	subparagraph	NOUN	NNS	Number=Plur	11	obl	51	64
usc5-552-doj:u0163:s00	14	(	(	PUNCT	-LRB-	_	5	punct	65	66
usc5-552-doj:u0163:s00	15	E	E	PROPN	NNP	Number=Sing	5	appos	66	67
usc5-552-doj:u0163:s00	16	)	)	PUNCT	-RRB-	_	15	punct	67	68
usc5-552-doj:u0163:s00	17	,	,	PUNCT	,	_	5	punct	68	69
usc5-552-doj:u0163:s00	18	(	(	PUNCT	-LRB-	_	19	punct	70	71
usc5-552-doj:u0163:s00	19	F	F	PROPN	NNP	Number=Sing	5	appos	71	72
usc5-552-doj:u0163:s00	20	)	)	PUNCT	-RRB-	_	19	punct	72	73
usc5-552-doj:u0163:s00	21	,	,	PUNCT	,	_	24	punct	73	74
usc5-552-doj:u0163:s00	22	and	and	CCONJ	CC	_	24	cc	75	78
usc5-552-doj:u0163:s00	23	(	(	PUNCT	-LRB-	_	24	punct	79	80
usc5-552-doj:u0163:s00	24	G	g	NOUN	NN	Number=Sing	5	conj	80	81
usc5-552-doj:u0163:s00	25	)	)	PUNCT	-RRB-	_	24	punct	81	82
usc5-552-doj:u0163:s00	26	of	of	ADP	IN	_	27	case	83	85
usc5-552-doj:u0163:s00	27	subsection	subsection	NOUN	NN	Number=Sing	24	nmod	86	96
usc5-552-doj:u0163:s00	28	(	(	PUNCT	-LRB-	_	29	punct	97	98
usc5-552-doj:u0163:s00	29	a	a	DET	DT	Definite=Ind|PronType=Art	27	appos	98	99
usc5-552-doj:u0163:s00	30	)	)	PUNCT	-RRB-	_	29	punct	99	100
usc5-552-doj:u0163:s00	31	(	(	PUNCT	-LRB-	_	32	punct	100	101
usc5-552-doj:u0163:s00	32	4	4	NUM	CD	NumType=Card	29	appos	101	102
usc5-552-doj:u0163:s00	33	)	)	PUNCT	-RRB-	_	32	punct	102	103
usc5-552-doj:u0163:s00	34	;	;	PUNCT	,	_	5	punct	103	104
usc5-552-doj:u0163:s00	35	and	and	CCONJ	CC	_	5	cc	105	108
usc5-552-doj:u0164:s00	1	(	(	PUNCT	-LRB-	_	2	punct	0	1
usc5-552-doj:u0164:s00	2	iii	iii	X	LS	_	0	root	1	4
usc5-552-doj:u0164:s00	3	)	)	PUNCT	-RRB-	_	2	punct	4	5
usc5-552-doj:u0164:s00	4	a	a	DET	DT	Definite=Ind|PronType=Art	5	det	6	7
usc5-552-doj:u0164:s00	5	description	description	NOUN	NN	Number=Sing	2	nsubj	8	19
usc5-552-doj:u0164:s00	6	of	of	ADP	IN	_	8	case	20	22
usc5-552-doj:u0164:s00	7	the	the	DET	DT	Definite=Def|PronType=Art	8	det	23	26
usc5-552-doj:u0164:s00	8	efforts	effort	NOUN	NNS	Number=Plur	5	nmod	27	34
usc5-552-doj:u0164:s00	9	undertaken	undertake	VERB	VBN	Tense=Past|VerbForm=Part	8	acl	35	45
usc5-552-doj:u0164:s00	10	by	by	ADP	IN	_	12	case	46	48
usc5-552-doj:u0164:s00	11	the	the	DET	DT	Definite=Def|PronType=Art	12	det	49	52
usc5-552-doj:u0164:s00	12	Department	Department	PROPN	NNP	Number=Sing	9	obl	53	63
usc5-552-doj:u0164:s00	13	of	of	ADP	IN	_	14	case	64	66
usc5-552-doj:u0164:s00	14	Justice	justice	PROPN	NNP	Number=Sing	12	nmod	67	74
usc5-552-doj:u0164:s00	15	to	to	PART	TO	_	16	mark	75	77
usc5-552-doj:u0164:s00	16	encourage	encourage	VERB	VB	VerbForm=Inf	9	advcl	78	87
usc5-552-doj:u0164:s00	17	agency	agency	NOUN	NN	Number=Sing	18	compound	88	94
usc5-552-doj:u0164:s00	18	compliance	compliance	NOUN	NN	Number=Sing	16	obj	95	105
usc5-552-doj:u0164:s00	19	with	with	ADP	IN	_	21	case	106	110
usc5-552-doj:u0164:s00	20	this	this	DET	DT	Number=Sing|PronType=Dem	21	det	111	115
usc5-552-doj:u0164:s00	21	section	section	NOUN	NN	Number=Sing	16	obl	116	123
usc5-552-doj:u0164:s00	22	.	.	PUNCT	.	_	2	punct	123	124
usc5-552-doj:u0165:s00	1	(	(	PUNCT	-LRB-	_	2	punct	0	1
usc5-552-doj:u0165:s00	2	B	b	X	LS	_	12	nummod	1	2
usc5-552-doj:u0165:s00	3	)	)	PUNCT	-RRB-	_	2	punct	2	3
usc5-552-doj:u0165:s00	4	The	the	DET	DT	Definite=Def|PronType=Art	5	det	4	7
usc5-552-doj:u0165:s00	5	Attorney	Attorney	PROPN	NNP	Number=Sing	12	nsubj	8	16
usc5-552-doj:u0165:s00	6	General	General	PROPN	NNP	Number=Sing	5	flat	17	24
usc5-552-doj:u0165:s00	7	of	of	ADP	IN	_	10	case	25	27
usc5-552-doj:u0165:s00	8	the	the	DET	DT	Definite=Def|PronType=Art	10	det	28	31
usc5-552-doj:u0165:s00	9	United	United	PROPN	NNP	Number=Sing	10	compound	32	38
usc5-552-doj:u0165:s00	10	States	States	PROPN	NNP	Number=Sing	5	nmod	39	45
usc5-552-doj:u0165:s00	11	shall	shall	AUX	MD	VerbForm=Fin	12	aux	46	51
usc5-552-doj:u0165:s00	12	make	make	VERB	VB	VerbForm=Inf	0	root	52	56
usc5-552-doj:u0165:s00	13	–	-	PUNCT	,	_	12	punct	57	58
usc5-552-doj:u0166:s00	1	(	(	PUNCT	-LRB-	_	2	punct	0	1
usc5-552-doj:u0166:s00	2	i	i	X	LS	_	6	nummod	1	2
usc5-552-doj:u0166:s00	3	)	)	PUNCT	-RRB-	_	2	punct	2	3
usc5-552-doj:u0166:s00	4	each	each	DET	DT	_	5	det	4	8
usc5-552-doj:u0166:s00	5	report	report	NOUN	NN	Number=Sing	6	nsubj	9	15
usc5-552-doj:u0166:s00	6	submitted	submit	VERB	VBN	Tense=Past|VerbForm=Part	0	root	16	25
usc5-552-doj:u0166:s00	7	under	under	ADP	IN	_	10	case	26	31
usc5-552-doj:u0166:s00	8	subparagraph	subparagraph	NOUN	NN	Number=Sing	10	compound	32	44
usc5-552-doj:u0166:s00	9	(	(	PUNCT	-LRB-	_	10	punct	45	46
usc5-552-doj:u0166:s00	10	A	a	NOUN	NN	Number=Sing	6	obl	46	47
usc5-552-doj:u0166:s00	11	)	)	PUNCT	-RRB-	_	10	punct	47	48
usc5-552-doj:u0166:s00	12	available	available	ADJ	JJ	Degree=Pos	10	amod	49	58
usc5-552-doj:u0166:s00	13	for	for	ADP	IN	_	15	case	59	62
usc5-552-doj:u0166:s00	14	public	public	ADJ	JJ	Degree=Pos	15	amod	63	69
usc5-552-doj:u0166:s00	15	inspection	inspection	NOUN	NN	Number=Sing	12	obl	70	80
usc5-552-doj:u0166:s00	16	in	in	ADP	IN	_	19	case	81	83
usc5-552-doj:u0166:s00	17	an	a	DET	DT	Definite=Ind|PronType=Art	19	det	84	86
usc5-552-doj:u0166:s00	18	electronic	electronic	ADJ	JJ	Degree=Pos	19	amod	87	97
usc5-552-doj:u0166:s00	19	format	format	NOUN	NN	Number=Sing	15	nmod	98	104
usc5-552-doj:u0166:s00	20	;	;	PUNCT	,	_	6	punct	104	105
usc5-552-doj:u0166:s00	21	and	and	CCONJ	CC	_	6	cc	106	109
usc5-552-doj:u0167:s00	1	(	(	PUNCT	-LRB-	_	2	punct	0	1
usc5-552-doj:u0167:s00	2	ii	ii	X	LS	_	0	root	1	3
usc5-552-doj:u0167:s00	3	)	)	PUNCT	-RRB-	_	2	punct	3	4
usc5-552-doj:u0167:s00	4	the	the	DET	DT	Definite=Def|PronType=Art	7	det	5	8
usc5-552-doj:u0167:s00	5	raw	raw	ADJ	JJ	Degree=Pos	7	amod	9	12
usc5-552-doj:u0167:s00	6	statistical	statistical	ADJ	JJ	Degree=Pos	7	amod	13	24
usc5-552-doj:u0167:s00	7	data	data	NOUN	NN	Number=Sing	2	nsubj	25	29
usc5-552-doj:u0167:s00	8	used	use	VERB	VBN	Tense=Past|VerbForm=Part	7	acl	30	34
usc5-552-doj:u0167:s00	9	in	in	ADP	IN	_	11	case	35	37
usc5-552-doj:u0167:s00	10	each	each	DET	DT	_	11	det	38	42
usc5-552-doj:u0167:s00	11	report	report	NOUN	NN	Number=Sing	8	obl	43	49
usc5-552-doj:u0167:s00	12	submitted	submit	VERB	VBN	Tense=Past|VerbForm=Part	30	acl	50	59
usc5-552-doj:u0167:s00	13	under	under	ADP	IN	_	16	case	60	65
usc5-552-doj:u0167:s00	14	subparagraph	subparagraph	NOUN	NN	Number=Sing	16	compound	66	78
usc5-552-doj:u0167:s00	15	(	(	PUNCT	-LRB-	_	16	punct	79	80
usc5-552-doj:u0167:s00	16	A	a	NOUN	NN	Number=Sing	12	obl	80	81
usc5-552-doj:u0167:s00	17	)	)	PUNCT	-RRB-	_	16	punct	81	82
usc5-552-doj:u0167:s00	18	available	available	ADJ	JJ	Degree=Pos	12	amod	83	92
usc5-552-doj:u0167:s00	19	for	for	ADP	IN	_	21	case	93	96
usc5-552-doj:u0167:s00	20	public	public	ADJ	JJ	Degree=Pos	21	amod	97	103
usc5-552-doj:u0167:s00	21	inspection	inspection	NOUN	NN	Number=Sing	18	obl	104	114
usc5-552-doj:u0167:s00	22	in	in	ADP	IN	_	25	case	115	117
usc5-552-doj:u0167:s00	23	an	a	DET	DT	Definite=Ind|PronType=Art	25	det	118	120
usc5-552-doj:u0167:s00	24	electronic	electronic	ADJ	JJ	Degree=Pos	25	amod	121	131
usc5-552-doj:u0167:s00	25	format	format	NOUN	NN	Number=Sing	21	nmod	132	138
usc5-552-doj:u0167:s00	26	,	,	PUNCT	,	_	12	punct	138	139
usc5-552-doj:u0167:s00	27	which	which	PRON	WDT	PronType=Rel	30	nsubj:pass	140	145
usc5-552-doj:u0167:s00	28	shall	shall	AUX	MD	VerbForm=Fin	30	aux	146	151
usc5-552-doj:u0167:s00	29	be	be	AUX	VB	VerbForm=Inf	30	aux:pass	152	154
usc5-552-doj:u0167:s00	30	made	make	VERB	VBN	Tense=Past|VerbForm=Part|Voice=Pass	11	acl:relcl	155	159
usc5-552-doj:u0167:s00	31	available	available	ADJ	JJ	Degree=Pos	30	xcomp	160	169
usc5-552-doj:u0167:s00	32	–	-	PUNCT	.	_	2	punct	170	171
usc5-552-doj:u0168:s00	1	(	(	PUNCT	-LRB-	_	2	punct	0	1
usc5-552-doj:u0168:s00	2	I	I	PRON	PRP	Case=Nom|Number=Sing|Person=1|PronType=Prs	0	root	1	2
usc5-552-doj:u0168:s00	3	)	)	PUNCT	-RRB-	_	2	punct	2	3
usc5-552-doj:u0168:s00	4	without	without	ADP	IN	_	5	case	4	11
usc5-552-doj:u0168:s00	5	charge	charge	NOUN	NN	Number=Sing	2	nmod	12	18
usc5-552-doj:u0168:s00	6	,	,	PUNCT	,	_	7	punct	18	19
usc5-552-doj:u0168:s00	7	license	license	NOUN	NN	Number=Sing	5	conj	20	27
usc5-552-doj:u0168:s00	8	,	,	PUNCT	,	_	11	punct	27	28
usc5-552-doj:u0168:s00	9	or	or	CCONJ	CC	_	11	cc	29	31
usc5-552-doj:u0168:s00	10	registration	registration	NOUN	NN	Number=Sing	11	compound	32	44
usc5-552-doj:u0168:s00	11	requirement	requirement	NOUN	NN	Number=Sing	5	conj	45	56
usc5-552-doj:u0168:s00	12	;	;	PUNCT	,	_	2	punct	56	57
usc5-552-doj:u0169:s00	1	(	(	PUNCT	-LRB-	_	2	punct	0	1
usc5-552-doj:u0169:s00	2	II	ii	X	LS	_	3	nummod	1	3
usc5-552-doj:u0169:s00	3	)	)	PUNCT	-RRB-	_	9	punct	3	4
usc5-552-doj:u0169:s00	4	in	in	ADP	IN	_	9	case	5	7
usc5-552-doj:u0169:s00	5	an	a	DET	DT	Definite=Ind|PronType=Art	9	det	8	10
usc5-552-doj:u0169:s00	6	aggregated	aggregated	ADJ	JJ	Degree=Pos	9	amod	11	21
usc5-552-doj:u0169:s00	7	,	,	PUNCT	,	_	9	punct	21	22
usc5-552-doj:u0169:s00	8	searchable	searchable	ADJ	JJ	Degree=Pos	9	amod	23	33
usc5-552-doj:u0169:s00	9	format	format	NOUN	NN	Number=Sing	0	root	34	40
usc5-552-doj:u0169:s00	10	;	;	PUNCT	,	_	9	punct	40	41
usc5-552-doj:u0169:s00	11	and	and	CCONJ	CC	_	9	cc	42	45
usc5-552-doj:u0170:s00	1	(	(	PUNCT	-LRB-	_	2	punct	0	1
usc5-552-doj:u0170:s00	2	III	iii	X	LS	_	0	root	1	4
usc5-552-doj:u0170:s00	3	)	)	PUNCT	-RRB-	_	2	punct	4	5
usc5-552-doj:u0170:s00	4	in	in	ADP	IN	_	6	case	6	8
usc5-552-doj:u0170:s00	5	a	a	DET	DT	Definite=Ind|PronType=Art	6	det	9	10
usc5-552-doj:u0170:s00	6	format	format	NOUN	NN	Number=Sing	2	nmod	11	17
usc5-552-doj:u0170:s00	7	that	that	PRON	WDT	PronType=Rel	10	nsubj:pass	18	22
usc5-552-doj:u0170:s00	8	may	may	AUX	MD	VerbForm=Fin	10	aux	23	26
usc5-552-doj:u0170:s00	9	be	be	AUX	VB	VerbForm=Inf	10	aux:pass	27	29
usc5-552-doj:u0170:s00	10	downloaded	download	VERB	VBN	Tense=Past|VerbForm=Part|Voice=Pass	6	acl:relcl	30	40
usc5-552-doj:u0170:s00	11	in	in	ADP	IN	_	12	case	41	43
usc5-552-doj:u0170:s00	12	bulk	bulk	NOUN	NN	Number=Sing	10	obl	44	48
usc5-552-doj:u0170:s00	13	;	;	PUNCT	,	_	2	punct	48	49
usc5-552-doj:u0171:s00	1	(	(	PUNCT	-LRB-	_	2	punct	0	1
usc5-552-doj:u0171:s00	2	f	f	NOUN	NN	Number=Sing	0	root	1	2
usc5-552-doj:u0171:s00	3	)	)	PUNCT	-RRB-	_	2	punct	2	3
usc5-552-doj:u0171:s01	1	For	for	ADP	IN	_	2	case	0	3
usc5-552-doj:u0171:s01	2	purposes	purpose	NOUN	NNS	Number=Plur	0	root	4	12
usc5-552-doj:u0171:s01	3	of	of	ADP	IN	_	5	case	13	15
usc5-552-doj:u0171:s01	4	this	this	DET	DT	Number=Sing|PronType=Dem	5	det	16	20
usc5-552-doj:u0171:s01	5	section	section	NOUN	NN	Number=Sing	2	nmod	21	28
usc5-552-doj:u0171:s01	6	,	,	PUNCT	,	_	8	punct	28	29
usc5-552-doj:u0171:s01	7	the	the	DET	DT	Definite=Def|PronType=Art	8	det	30	33
usc5-552-doj:u0171:s01	8	term	term	NOUN	NN	Number=Sing	2	conj	34	38
usc5-552-doj:u0171:s01	9	—	—	PUNCT	.	_	2	punct	38	39
usc5-552-doj:u0172:s00	1	(	(	PUNCT	-LRB-	_	2	punct	0	1
usc5-552-doj:u0172:s00	2	1	1	X	LS	_	5	nummod	1	2
usc5-552-doj:u0172:s00	3	)	)	PUNCT	-RRB-	_	2	punct	2	3
usc5-552-doj:u0172:s00	4	"	"	PUNCT	``	_	2	punct	4	5
usc5-552-doj:u0172:s00	5	agency	agency	NOUN	NN	Number=Sing	18	nsubj	5	11
usc5-552-doj:u0172:s00	6	"	"	PUNCT	''	_	5	punct	11	12
usc5-552-doj:u0172:s00	7	as	as	SCONJ	IN	_	8	mark	13	15
usc5-552-doj:u0172:s00	8	defined	define	VERB	VBN	Tense=Past|VerbForm=Part	5	acl	16	23
usc5-552-doj:u0172:s00	9	in	in	ADP	IN	_	10	case	24	26
usc5-552-doj:u0172:s00	10	section	section	NOUN	NN	Number=Sing	8	obl	27	34
usc5-552-doj:u0172:s00	11	551	551	NUM	CD	NumType=Card	10	nummod	35	38
usc5-552-doj:u0172:s00	12	(	(	PUNCT	-LRB-	_	5	punct	38	39
usc5-552-doj:u0172:s00	13	1	1	X	LS	_	5	appos	39	40
usc5-552-doj:u0172:s00	14	)	)	PUNCT	-RRB-	_	5	punct	40	41
usc5-552-doj:u0172:s00	15	of	of	ADP	IN	_	17	case	42	44
usc5-552-doj:u0172:s00	16	this	this	DET	DT	Number=Sing|PronType=Dem	17	det	45	49
usc5-552-doj:u0172:s00	17	title	title	NOUN	NN	Number=Sing	5	nmod	50	55
usc5-552-doj:u0172:s00	18	includes	include	VERB	VBZ	Mood=Ind|Number=Sing|Person=3|Tense=Pres|VerbForm=Fin	0	root	56	64
usc5-552-doj:u0172:s00	19	any	any	DET	DT	_	21	det	65	68
usc5-552-doj:u0172:s00	20	executive	executive	ADJ	JJ	Degree=Pos	21	amod	69	78
usc5-552-doj:u0172:s00	21	department	department	NOUN	NN	Number=Sing	18	obj	79	89
usc5-552-doj:u0172:s00	22	,	,	PUNCT	,	_	21	punct	89	90
usc5-552-doj:u0172:s00	23	military	military	ADJ	JJ	Degree=Pos	24	amod	91	99
usc5-552-doj:u0172:s00	24	department	department	NOUN	NN	Number=Sing	21	appos	100	110
usc5-552-doj:u0172:s00	25	,	,	PUNCT	,	_	27	punct	110	111
usc5-552-doj:u0172:s00	26	Government	government	NOUN	NN	Number=Sing	27	compound	112	122
usc5-552-doj:u0172:s00	27	corporation	corporation	NOUN	NN	Number=Sing	24	conj	123	134
usc5-552-doj:u0172:s00	28	,	,	PUNCT	,	_	18	punct	134	135
usc5-552-doj:u0172:s00	29	Government	government	NOUN	NN	Number=Sing	31	compound	136	146
usc5-552-doj:u0172:s00	30	controlled	control	VERB	VBN	Tense=Past|VerbForm=Part	31	amod	147	157
usc5-552-doj:u0172:s00	31	corporation	corporation	NOUN	NN	Number=Sing	18	conj	158	169
usc5-552-doj:u0172:s00	32	,	,	PUNCT	,	_	35	punct	169	170
usc5-552-doj:u0172:s00	33	or	or	CCONJ	CC	_	35	cc	171	173
usc5-552-doj:u0172:s00	34	other	other	ADJ	JJ	Degree=Pos	35	amod	174	179
usc5-552-doj:u0172:s00	35	establishment	establishment	NOUN	NN	Number=Sing	18	conj	180	193
usc5-552-doj:u0172:s00	36	in	in	ADP	IN	_	39	case	194	196
usc5-552-doj:u0172:s00	37	the	the	DET	DT	Definite=Def|PronType=Art	39	det	197	200
usc5-552-doj:u0172:s00	38	executive	executive	ADJ	JJ	Degree=Pos	39	amod	201	210
usc5-552-doj:u0172:s00	39	branch	branch	NOUN	NN	Number=Sing	35	nmod	211	217
usc5-552-doj:u0172:s00	40	of	of	ADP	IN	_	42	case	218	220
usc5-552-doj:u0172:s00	41	the	the	DET	DT	Definite=Def|PronType=Art	42	det	221	224
usc5-552-doj:u0172:s00	42	Government	government	NOUN	NN	Number=Sing	39	nmod	225	235
usc5-552-doj:u0172:s00	43	(	(	PUNCT	-LRB-	_	18	punct	236	237
usc5-552-doj:u0172:s00	44	including	include	VERB	VBG	VerbForm=Ger	47	case	237	246
usc5-552-doj:u0172:s00	45	the	the	DET	DT	Definite=Def|PronType=Art	47	det	247	250
usc5-552-doj:u0172:s00	46	Executive	executive	ADJ	JJ	Degree=Pos	47	amod	251	260
usc5-552-doj:u0172:s00	47	Office	office	NOUN	NN	Number=Sing	18	nmod	261	267
usc5-552-doj:u0172:s00	48	of	of	ADP	IN	_	50	case	268	270
usc5-552-doj:u0172:s00	49	the	the	DET	DT	Definite=Def|PronType=Art	50	det	271	274
usc5-552-doj:u0172:s00	50	President	President	PROPN	NNP	Number=Sing	47	nmod	275	284
usc5-552-doj:u0172:s00	51	)	)	PUNCT	-RRB-	_	18	punct	284	285
usc5-552-doj:u0172:s00	52	,	,	PUNCT	,	_	57	punct	285	286
usc5-552-doj:u0172:s00	53	or	or	CCONJ	CC	_	57	cc	287	289
usc5-552-doj:u0172:s00	54	any	any	DET	DT	_	57	det	290	293
usc5-552-doj:u0172:s00	55	independent	independent	ADJ	JJ	Degree=Pos	57	amod	294	305
usc5-552-doj:u0172:s00	56	regulatory	regulatory	ADJ	JJ	Degree=Pos	57	amod	306	316
usc5-552-doj:u0172:s00	57	agency	agency	NOUN	NN	Number=Sing	18	conj	317	323
usc5-552-doj:u0172:s00	58	;	;	PUNCT	,	_	18	punct	323	324
usc5-552-doj:u0172:s00	59	and	and	CCONJ	CC	_	18	cc	325	328
usc5-552-doj:u0173:s00	1	(	(	PUNCT	-LRB-	_	2	punct	0	1
usc5-552-doj:u0173:s00	2	2	2	X	LS	_	5	nummod	1	2
usc5-552-doj:u0173:s00	3	)	)	PUNCT	-RRB-	_	2	punct	2	3
usc5-552-doj:u0173:s00	4	‘	‘	PUNCT	``	_	2	punct	4	5
usc5-552-doj:u0173:s00	5	record	record	NOUN	NN	Number=Sing	0	root	5	11
usc5-552-doj:u0173:s00	6	’	'	PUNCT	''	_	5	punct	11	12
usc5-552-doj:u0173:s00	7	and	and	CCONJ	CC	_	10	cc	13	16
usc5-552-doj:u0173:s00	8	any	any	DET	DT	_	10	det	17	20
usc5-552-doj:u0173:s00	9	other	other	ADJ	JJ	Degree=Pos	10	amod	21	26
usc5-552-doj:u0173:s00	10	term	term	NOUN	NN	Number=Sing	5	conj	27	31
usc5-552-doj:u0173:s00	11	used	use	VERB	VBN	Tense=Past|VerbForm=Part	10	acl	32	36
usc5-552-doj:u0173:s00	12	in	in	ADP	IN	_	14	case	37	39
usc5-552-doj:u0173:s00	13	this	this	DET	DT	Number=Sing|PronType=Dem	14	det	40	44
usc5-552-doj:u0173:s00	14	section	section	NOUN	NN	Number=Sing	11	obl	45	52
usc5-552-doj:u0173:s00	15	in	in	ADP	IN	_	16	case	53	55
usc5-552-doj:u0173:s00	16	reference	reference	NOUN	NN	Number=Sing	11	obl	56	65
usc5-552-doj:u0173:s00	17	to	to	ADP	IN	_	19	case	66	68
usc5-552-doj:u0173:s00	18	information	information	NOUN	NN	Number=Sing	19	compound	69	80
usc5-552-doj:u0173:s00	19	includes	include	NOUN	NNS	Number=Plur	16	nmod	81	89
usc5-552-doj:u0173:s00	20	—	-	PUNCT	,	_	5	punct	89	90
usc5-552-doj:u0174:s00	1	(	(	PUNCT	-LRB-	_	2	punct	0	1
usc5-552-doj:u0174:s00	2	A	a	X	LS	_	3	nummod	1	2
usc5-552-doj:u0174:s00	3	)	)	PUNCT	-RRB-	_	5	punct	2	3
usc5-552-doj:u0174:s00	4	any	any	DET	DT	_	5	det	4	7
usc5-552-doj:u0174:s00	5	information	information	NOUN	NN	Number=Sing	0	root	8	19
usc5-552-doj:u0174:s00	6	that	that	PRON	WDT	PronType=Rel	12	nsubj	20	24
usc5-552-doj:u0174:s00	7	would	would	AUX	MD	VerbForm=Fin	12	aux	25	30
usc5-552-doj:u0174:s00	8	be	be	AUX	VB	VerbForm=Inf	12	cop	31	33
usc5-552-doj:u0174:s00	9	an	a	DET	DT	Definite=Ind|PronType=Art	12	det	34	36
usc5-552-doj:u0174:s00	10	agency	agency	NOUN	NN	Number=Sing	11	compound	37	43
usc5-552-doj:u0174:s00	11	record	record	NOUN	NN	Number=Sing	12	compound	44	50
usc5-552-doj:u0174:s00	12	subject	subject	NOUN	NN	Number=Sing	5	acl:relcl	51	58
usc5-552-doj:u0174:s00	13	to	to	ADP	IN	_	15	case	59	61
usc5-552-doj:u0174:s00	14	the	the	DET	DT	Definite=Def|PronType=Art	15	det	62	65
usc5-552-doj:u0174:s00	15	requirements	requirement	NOUN	NNS	Number=Plur	12	nmod	66	78
usc5-552-doj:u0174:s00	16	of	of	ADP	IN	_	18	case	79	81
usc5-552-doj:u0174:s00	17	this	this	DET	DT	Number=Sing|PronType=Dem	18	det	82	86
usc5-552-doj:u0174:s00	18	section	section	NOUN	NN	Number=Sing	15	nmod	87	94
usc5-552-doj:u0174:s00	19	when	when	ADV	WRB	PronType=Int	20	mark	95	99
usc5-552-doj:u0174:s00	20	maintained	maintain	VERB	VBN	Tense=Past|VerbForm=Part	5	acl	100	110
usc5-552-doj:u0174:s00	21	by	by	ADP	IN	_	23	case	111	113
usc5-552-doj:u0174:s00	22	an	a	DET	DT	Definite=Ind|PronType=Art	23	det	114	116
usc5-552-doj:u0174:s00	23	agency	agency	NOUN	NN	Number=Sing	20	obl	117	123
usc5-552-doj:u0174:s00	24	in	in	ADP	IN	_	26	case	124	126
usc5-552-doj:u0174:s00	25	any	any	DET	DT	_	26	det	127	130
usc5-552-doj:u0174:s00	26	format	format	NOUN	NN	Number=Sing	23	nmod	131	137
usc5-552-doj:u0174:s00	27	,	,	PUNCT	,	_	5	punct	137	138
usc5-552-doj:u0174:s00	28	including	include	VERB	VBG	VerbForm=Ger	31	case	139	148
usc5-552-doj:u0174:s00	29	an	a	DET	DT	Definite=Ind|PronType=Art	31	det	149	151
usc5-552-doj:u0174:s00	30	electronic	electronic	ADJ	JJ	Degree=Pos	31	amod	152	162
usc5-552-doj:u0174:s00	31	format	format	NOUN	NN	Number=Sing	5	nmod	163	169
usc5-552-doj:u0174:s00	32	;	;	PUNCT	,	_	5	punct	169	170
usc5-552-doj:u0174:s00	33	and	and	CCONJ	CC	_	5	cc	171	174
usc5-552-doj:u0175:s00	1	(	(	PUNCT	-LRB-	_	2	punct	0	1
usc5-552-doj:u0175:s00	2	B	b	X	LS	_	0	root	1	2
usc5-552-doj:u0175:s00	3	)	)	PUNCT	-RRB-	_	2	punct	2	3
usc5-552-doj:u0175:s00	4	any	any	DET	DT	_	5	det	4	7
usc5-552-doj:u0175:s00	5	information	information	NOUN	NN	Number=Sing	2	nsubj	8	19
usc5-552-doj:u0175:s00	6	described	describe	VERB	VBN	Tense=Past|VerbForm=Part	5	acl	20	29
usc5-552-doj:u0175:s00	7	under	under	ADP	IN	_	8	case	30	35
usc5-552-doj:u0175:s00	8	subparagraph	subparagraph	NOUN	NN	Number=Sing	6	obl	36	48
usc5-552-doj:u0175:s00	9	(	(	PUNCT	-LRB-	_	10	punct	49	50
usc5-552-doj:u0175:s00	10	A	a	PROPN	NNP	Number=Sing	5	appos	50	51
usc5-552-doj:u0175:s00	11	)	)	PUNCT	-RRB-	_	10	punct	51	52
usc5-552-doj:u0175:s00	12	that	that	PRON	WDT	PronType=Rel	14	nsubj:pass	53	57
usc5-552-doj:u0175:s00	13	is	be	AUX	VBZ	Mood=Ind|Number=Sing|Person=3|Tense=Pres|VerbForm=Fin	14	aux:pass	58	60
usc5-552-doj:u0175:s00	14	maintained	maintain	VERB	VBN	Tense=Past|VerbForm=Part|Voice=Pass	5	acl:relcl	61	71
usc5-552-doj:u0175:s00	15	for	for	ADP	IN	_	17	case	72	75
usc5-552-doj:u0175:s00	16	an	a	DET	DT	Definite=Ind|PronType=Art	17	det	76	78
usc5-552-doj:u0175:s00	17	agency	agency	NOUN	NN	Number=Sing	14	obl	79	85
usc5-552-doj:u0175:s00	18	by	by	ADP	IN	_	20	case	86	88
usc5-552-doj:u0175:s00	19	an	a	DET	DT	Definite=Ind|PronType=Art	20	det	89	91
usc5-552-doj:u0175:s00	20	entity	entity	NOUN	NN	Number=Sing	17	nmod	92	98
usc5-552-doj:u0175:s00	21	under	under	ADP	IN	_	23	case	99	104
usc5-552-doj:u0175:s00	22	Government	government	NOUN	NN	Number=Sing	23	compound	105	115
usc5-552-doj:u0175:s00	23	contract	contract	NOUN	NN	Number=Sing	20	nmod	116	124
usc5-552-doj:u0175:s00	24	,	,	PUNCT	,	_	23	punct	124	125
usc5-552-doj:u0175:s00	25	for	for	ADP	IN	_	27	case	126	129
usc5-552-doj:u0175:s00	26	the	the	DET	DT	Definite=Def|PronType=Art	27	det	130	133
usc5-552-doj:u0175:s00	27	purposes	purpose	NOUN	NNS	Number=Plur	23	nmod	134	142
usc5-552-doj:u0175:s00	28	of	of	ADP	IN	_	30	case	143	145
usc5-552-doj:u0175:s00	29	records	record	NOUN	NNS	Number=Plur	30	compound	146	153
usc5-552-doj:u0175:s00	30	management	management	NOUN	NN	Number=Sing	27	nmod	154	164
usc5-552-doj:u0175:s00	31	.	.	PUNCT	.	_	2	punct	164	165
usc5-552-doj:u0176:s00	1	(	(	PUNCT	-LRB-	_	2	punct	0	1
usc5-552-doj:u0176:s00	2	g	g	X	ADD	_	10	nummod	1	2
usc5-552-doj:u0176:s00	3	)	)	PUNCT	-RRB-	_	2	punct	2	3
usc5-552-doj:u0176:s00	4	The	the	DET	DT	Definite=Def|PronType=Art	5	det	4	7
usc5-552-doj:u0176:s00	5	head	head	NOUN	NN	Number=Sing	10	nsubj	8	12
usc5-552-doj:u0176:s00	6	of	of	ADP	IN	_	8	case	13	15
usc5-552-doj:u0176:s00	7	each	each	DET	DT	_	8	det	16	20
usc5-552-doj:u0176:s00	8	agency	agency	NOUN	NN	Number=Sing	5	nmod	21	27
usc5-552-doj:u0176:s00	9	shall	shall	AUX	MD	VerbForm=Fin	10	aux	28	33
usc5-552-doj:u0176:s00	10	prepare	prepare	VERB	VB	VerbForm=Inf	0	root	34	41
usc5-552-doj:u0176:s00	11	and	and	CCONJ	CC	_	12	cc	42	45
usc5-552-doj:u0176:s00	12	make	make	VERB	VB	VerbForm=Inf	10	conj	46	50
usc5-552-doj:u0176:s00	13	available	available	ADJ	JJ	Degree=Pos	12	xcomp	51	60
usc5-552-doj:u0176:s00	14	for	for	ADP	IN	_	16	case	61	64
usc5-552-doj:u0176:s00	15	public	public	ADJ	JJ	Degree=Pos	16	amod	65	71
usc5-552-doj:u0176:s00	16	inspection	inspection	NOUN	NN	Number=Sing	12	obl	72	82
usc5-552-doj:u0176:s00	17	in	in	ADP	IN	_	20	case	83	85
usc5-552-doj:u0176:s00	18	an	a	DET	DT	Definite=Ind|PronType=Art	20	det	86	88
usc5-552-doj:u0176:s00	19	electronic	electronic	ADJ	JJ	Degree=Pos	20	amod	89	99
usc5-552-doj:u0176:s00	20	format	format	NOUN	NN	Number=Sing	16	nmod	100	106
usc5-552-doj:u0176:s00	21	,	,	PUNCT	,	_	23	punct	106	107
usc5-552-doj:u0176:s00	22	reference	reference	NOUN	NN	Number=Sing	23	compound	108	117
usc5-552-doj:u0176:s00	23	material	material	NOUN	NN	Number=Sing	10	conj	118	126
usc5-552-doj:u0176:s00	24	or	or	CCONJ	CC	_	26	cc	127	129
usc5-552-doj:u0176:s00	25	a	a	DET	DT	Definite=Ind|PronType=Art	26	det	130	131
usc5-552-doj:u0176:s00	26	guide	guide	NOUN	NN	Number=Sing	10	conj	132	137
usc5-552-doj:u0176:s00	27	for	for	SCONJ	IN	_	28	mark	138	141
usc5-552-doj:u0176:s00	28	requesting	request	VERB	VBG	VerbForm=Ger	10	advcl	142	152
usc5-552-doj:u0176:s00	29	records	record	NOUN	NNS	Number=Plur	28	obj	153	160
usc5-552-doj:u0176:s00	30	or	or	CCONJ	CC	_	31	cc	161	163
usc5-552-doj:u0176:s00	31	information	information	NOUN	NN	Number=Sing	29	conj	164	175
usc5-552-doj:u0176:s00	32	from	from	ADP	IN	_	34	case	176	180
usc5-552-doj:u0176:s00	33	the	the	DET	DT	Definite=Def|PronType=Art	34	det	181	184
usc5-552-doj:u0176:s00	34	agency	agency	NOUN	NN	Number=Sing	28	obl	185	191
usc5-552-doj:u0176:s00	35	,	,	PUNCT	,	_	36	punct	191	192
usc5-552-doj:u0176:s00	36	subject	subject	NOUN	NN	Number=Sing	10	conj	193	200
usc5-552-doj:u0176:s00	37	to	to	ADP	IN	_	39	case	201	203
usc5-552-doj:u0176:s00	38	the	the	DET	DT	Definite=Def|PronType=Art	39	det	204	207
usc5-552-doj:u0176:s00	39	exemptions	exemption	NOUN	NNS	Number=Plur	36	nmod	208	218
usc5-552-doj:u0176:s00	40	in	in	ADP	IN	_	41	case	219	221
usc5-552-doj:u0176:s00	41	subsection	subsection	NOUN	NN	Number=Sing	39	nmod	222	232
usc5-552-doj:u0176:s00	42	(	(	PUNCT	-LRB-	_	43	punct	233	234
usc5-552-doj:u0176:s00	43	b	b	NOUN	NN	Number=Sing	41	appos	234	235
usc5-552-doj:u0176:s00	44	)	)	PUNCT	-RRB-	_	43	punct	235	236
usc5-552-doj:u0176:s00	45	,	,	PUNCT	,	_	10	punct	236	237
usc5-552-doj:u0176:s00	46	including	include	VERB	VBG	VerbForm=Ger	10	conj	238	247
usc5-552-doj:u0176:s00	47	—	-	PUNCT	,	_	10	punct	247	248
usc5-552-doj:u0177:s00	1	(	(	PUNCT	-LRB-	_	2	punct	0	1
usc5-552-doj:u0177:s00	2	1	1	X	LS	_	0	root	1	2
usc5-552-doj:u0177:s00	3	)	)	PUNCT	-RRB-	_	2	punct	2	3
usc5-552-doj:u0177:s00	4	an	a	DET	DT	Definite=Ind|PronType=Art	5	det	4	6
usc5-552-doj:u0177:s00	5	index	index	NOUN	NN	Number=Sing	2	nsubj	7	12
usc5-552-doj:u0177:s00	6	of	of	ADP	IN	_	9	case	13	15
usc5-552-doj:u0177:s00	7	all	all	DET	DT	_	9	det	16	19
usc5-552-doj:u0177:s00	8	major	major	ADJ	JJ	Degree=Pos	9	amod	20	25
usc5-552-doj:u0177:s00	9	information	information	NOUN	NN	Number=Sing	5	nmod	26	37
usc5-552-doj:u0177:s00	10	systems	systems	NOUN	NNS	Number=Plur	9	obj	38	45
usc5-552-doj:u0177:s00	11	of	of	ADP	IN	_	13	case	46	48
usc5-552-doj:u0177:s00	12	the	the	DET	DT	Definite=Def|PronType=Art	13	det	49	52
usc5-552-doj:u0177:s00	13	agency	agency	NOUN	NN	Number=Sing	10	nmod	53	59
usc5-552-doj:u0177:s00	14	;	;	PUNCT	,	_	2	punct	59	60
usc5-552-doj:u0178:s00	1	(	(	PUNCT	-LRB-	_	2	punct	0	1
usc5-552-doj:u0178:s00	2	2	2	X	LS	_	5	nummod	1	2
usc5-552-doj:u0178:s00	3	)	)	PUNCT	-RRB-	_	2	punct	2	3
usc5-552-doj:u0178:s00	4	a	a	DET	DT	Definite=Ind|PronType=Art	5	det	4	5
usc5-552-doj:u0178:s00	5	description	description	NOUN	NN	Number=Sing	18	conj	6	17
usc5-552-doj:u0178:s00	6	of	of	ADP	IN	_	8	case	18	20
usc5-552-doj:u0178:s00	7	major	major	ADJ	JJ	Degree=Pos	8	amod	21	26
usc5-552-doj:u0178:s00	8	information	information	NOUN	NN	Number=Sing	5	nmod	27	38
usc5-552-doj:u0178:s00	9	and	and	CCONJ	CC	_	12	cc	39	42
usc5-552-doj:u0178:s00	10	record	record	NOUN	NN	Number=Sing	11	compound	43	49
usc5-552-doj:u0178:s00	11	locator	locator	NOUN	NN	Number=Sing	12	compound	50	57
usc5-552-doj:u0178:s00	12	systems	system	NOUN	NNS	Number=Plur	5	conj	58	65
usc5-552-doj:u0178:s00	13	maintained	maintain	VERB	VBN	Tense=Past|VerbForm=Part	5	acl	66	76
usc5-552-doj:u0178:s00	14	by	by	ADP	IN	_	16	case	77	79
usc5-552-doj:u0178:s00	15	the	the	DET	DT	Definite=Def|PronType=Art	16	det	80	83
usc5-552-doj:u0178:s00	16	agency	agency	NOUN	NN	Number=Sing	13	obl	84	90
usc5-552-doj:u0178:s00	17	;	;	PUNCT	,	_	5	punct	90	91
usc5-552-doj:u0178:s00	18	and	and	CCONJ	CC	_	0	root	92	95
usc5-552-doj:u0179:s00	1	(	(	PUNCT	-LRB-	_	2	punct	0	1
usc5-552-doj:u0179:s00	2	3	3	X	LS	_	5	nummod	1	2
usc5-552-doj:u0179:s00	3	)	)	PUNCT	-RRB-	_	2	punct	2	3
usc5-552-doj:u0179:s00	4	a	a	DET	DT	Definite=Ind|PronType=Art	5	det	4	5
usc5-552-doj:u0179:s00	5	handbook	handbook	NOUN	NN	Number=Sing	20	nsubj	6	14
usc5-552-doj:u0179:s00	6	for	for	SCONJ	IN	_	7	mark	15	18
usc5-552-doj:u0179:s00	7	obtaining	obtain	VERB	VBG	VerbForm=Ger	5	acl	19	28
usc5-552-doj:u0179:s00	8	various	various	ADJ	JJ	Degree=Pos	9	amod	29	36
usc5-552-doj:u0179:s00	9	types	type	NOUN	NNS	Number=Plur	7	obj	37	42
usc5-552-doj:u0179:s00	10	and	and	CCONJ	CC	_	11	cc	43	46
usc5-552-doj:u0179:s00	11	categories	category	NOUN	NNS	Number=Plur	9	conj	47	57
usc5-552-doj:u0179:s00	12	of	of	ADP	IN	_	14	case	58	60
usc5-552-doj:u0179:s00	13	public	public	ADJ	JJ	Degree=Pos	14	amod	61	67
usc5-552-doj:u0179:s00	14	information	information	NOUN	NN	Number=Sing	9	nmod	68	79
usc5-552-doj:u0179:s00	15	from	from	ADP	IN	_	17	case	80	84
usc5-552-doj:u0179:s00	16	the	the	DET	DT	Definite=Def|PronType=Art	17	det	85	88
usc5-552-doj:u0179:s00	17	agency	agency	NOUN	NN	Number=Sing	5	nmod	89	95
usc5-552-doj:u0179:s00	18	pursuant	pursuant	ADV	RB	_	20	advmod	96	104
usc5-552-doj:u0179:s00	19	to	to	PART	TO	_	20	mark	105	107
usc5-552-doj:u0179:s00	20	chapter	chapter	VERB	VB	VerbForm=Inf	0	root	108	115
usc5-552-doj:u0179:s00	21	35	35	NUM	CD	NumType=Card	20	obj	116	118
usc5-552-doj:u0179:s00	22	of	of	ADP	IN	_	23	case	119	121
usc5-552-doj:u0179:s00	23	title	title	NOUN	NN	Number=Sing	21	nmod	122	127
usc5-552-doj:u0179:s00	24	44	44	NUM	CD	NumType=Card	23	nummod	128	130
usc5-552-doj:u0179:s00	25	,	,	PUNCT	,	_	29	punct	130	131
usc5-552-doj:u0179:s00	26	and	and	CCONJ	CC	_	29	cc	132	135
usc5-552-doj:u0179:s00	27	under	under	ADP	IN	_	29	case	136	141
usc5-552-doj:u0179:s00	28	this	this	DET	DT	Number=Sing|PronType=Dem	29	det	142	146
usc5-552-doj:u0179:s00	29	section	section	NOUN	NN	Number=Sing	20	conj	147	154
usc5-552-doj:u0179:s00	30	.	.	PUNCT	.	_	20	punct	154	155
usc5-552-doj:u0180:s00	1	(	(	PUNCT	-LRB-	_	2	punct	0	1
usc5-552-doj:u0180:s00	2	h	h	INTJ	UH	_	5	discourse	1	2
usc5-552-doj:u0180:s00	3	)	)	PUNCT	-RRB-	_	2	punct	2	3
usc5-552-doj:u0180:s00	4	(	(	PUNCT	-LRB-	_	2	punct	3	4
usc5-552-doj:u0180:s00	5	1	1	X	LS	_	0	root	4	5
usc5-552-doj:u0180:s00	6	)	)	PUNCT	-RRB-	_	5	punct	5	6
usc5-552-doj:u0180:s01	1	There	there	PRON	EX	_	3	nsubj:pass	0	5
usc5-552-doj:u0180:s01	2	is	be	AUX	VBZ	Mood=Ind|Number=Sing|Person=3|Tense=Pres|VerbForm=Fin	3	aux:pass	6	8
usc5-552-doj:u0180:s01	3	established	establish	VERB	VBN	Tense=Past|VerbForm=Part	0	root	9	20
usc5-552-doj:u0180:s01	4	the	the	DET	DT	Definite=Def|PronType=Art	5	det	21	24
usc5-552-doj:u0180:s01	5	Office	Office	PROPN	NNP	Number=Sing	3	obj	25	31
usc5-552-doj:u0180:s01	6	of	of	ADP	IN	_	9	case	32	34
usc5-552-doj:u0180:s01	7	Government	government	NOUN	NN	Number=Sing	9	compound	35	45
usc5-552-doj:u0180:s01	8	Information	Information	NOUN	NN	Number=Sing	9	compound	46	57
usc5-552-doj:u0180:s01	9	Services	Service	NOUN	NNS	Number=Plur	5	nmod	58	66
usc5-552-doj:u0180:s01	10	within	within	ADP	IN	_	16	case	67	73
usc5-552-doj:u0180:s01	11	the	the	DET	DT	Definite=Def|PronType=Art	16	det	74	77
usc5-552-doj:u0180:s01	12	National	National	PROPN	NNP	Number=Sing	16	compound	78	86
usc5-552-doj:u0180:s01	13	Archives	archives	PROPN	NNP	Number=Sing	16	compound	87	95
usc5-552-doj:u0180:s01	14	and	and	CCONJ	CC	_	15	cc	96	99
usc5-552-doj:u0180:s01	15	Records	record	PROPN	NNP	Number=Sing	13	conj	100	107
usc5-552-doj:u0180:s01	16	Administration	Administration	PROPN	NNP	Number=Sing	3	obl	108	122
usc5-552-doj:u0180:s01	17	.	.	PUNCT	.	_	3	punct	122	123
usc5-552-doj:u0180:s02	1	The	the	DET	DT	Definite=Def|PronType=Art	2	det	0	3
usc5-552-doj:u0180:s02	2	head	head	NOUN	NN	Number=Sing	9	nsubj	4	8
usc5-552-doj:u0180:s02	3	of	of	ADP	IN	_	5	case	9	11
usc5-552-doj:u0180:s02	4	the	the	DET	DT	Definite=Def|PronType=Art	5	det	12	15
usc5-552-doj:u0180:s02	5	Office	Office	PROPN	NNP	Number=Sing	2	nmod	16	22
usc5-552-doj:u0180:s02	6	shall	shall	AUX	MD	VerbForm=Fin	9	aux	23	28
usc5-552-doj:u0180:s02	7	be	be	AUX	VB	VerbForm=Inf	9	cop	29	31
usc5-552-doj:u0180:s02	8	the	the	DET	DT	Definite=Def|PronType=Art	9	det	32	35
usc5-552-doj:u0180:s02	9	Director	director	NOUN	NN	Number=Sing	0	root	36	44
usc5-552-doj:u0180:s02	10	of	of	ADP	IN	_	12	case	45	47
usc5-552-doj:u0180:s02	11	the	the	DET	DT	Definite=Def|PronType=Art	12	det	48	51
usc5-552-doj:u0180:s02	12	Office	Office	PROPN	NNP	Number=Sing	9	nmod	52	58
usc5-552-doj:u0180:s02	13	of	of	ADP	IN	_	16	case	59	61
usc5-552-doj:u0180:s02	14	Government	government	NOUN	NN	Number=Sing	16	compound	62	72
usc5-552-doj:u0180:s02	15	Information	Information	NOUN	NN	Number=Sing	16	compound	73	84
usc5-552-doj:u0180:s02	16	Services	service	NOUN	NNS	Number=Plur	12	nmod	85	93
usc5-552-doj:u0180:s02	17	.	.	PUNCT	.	_	9	punct	93	94
usc5-552-doj:u0181:s00	1	(	(	PUNCT	-LRB-	_	2	punct	0	1
usc5-552-doj:u0181:s00	2	2	2	X	LS	_	10	nummod	1	2
usc5-552-doj:u0181:s00	3	)	)	PUNCT	-RRB-	_	2	punct	2	3
usc5-552-doj:u0181:s00	4	The	the	DET	DT	Definite=Def|PronType=Art	5	det	4	7
usc5-552-doj:u0181:s00	5	Office	Office	PROPN	NNP	Number=Sing	10	nsubj	8	14
usc5-552-doj:u0181:s00	6	of	of	ADP	IN	_	9	case	15	17
usc5-552-doj:u0181:s00	7	Government	government	NOUN	NN	Number=Sing	9	compound	18	28
usc5-552-doj:u0181:s00	8	Information	Information	NOUN	NN	Number=Sing	9	compound	29	40
usc5-552-doj:u0181:s00	9	Services	service	NOUN	NNS	Number=Plur	5	nmod	41	49
usc5-552-doj:u0181:s00	10	shall	shall	AUX	MD	VerbForm=Fin	0	root	50	55
usc5-552-doj:u0181:s00	11	—	-	PUNCT	.	_	10	punct	55	56
usc5-552-doj:u0182:s00	1	(	(	PUNCT	-LRB-	_	2	punct	0	1
usc5-552-doj:u0182:s00	2	A	a	X	LS	_	3	nummod	1	2
usc5-552-doj:u0182:s00	3	)	)	PUNCT	-RRB-	_	5	punct	2	3
usc5-552-doj:u0182:s00	4	review	review	NOUN	NN	Number=Sing	5	compound	4	10
usc5-552-doj:u0182:s00	5	policies	policy	NOUN	NNS	Number=Plur	0	root	11	19
usc5-552-doj:u0182:s00	6	and	and	CCONJ	CC	_	7	cc	20	23
usc5-552-doj:u0182:s00	7	procedures	procedure	NOUN	NNS	Number=Plur	5	conj	24	34
usc5-552-doj:u0182:s00	8	of	of	ADP	IN	_	10	case	35	37
usc5-552-doj:u0182:s00	9	administrative	administrative	ADJ	JJ	Degree=Pos	10	amod	38	52
usc5-552-doj:u0182:s00	10	agencies	agencie	NOUN	NNS	Number=Plur	7	nmod	53	61
usc5-552-doj:u0182:s00	11	under	under	ADP	IN	_	13	case	62	67
usc5-552-doj:u0182:s00	12	this	this	DET	DT	Number=Sing|PronType=Dem	13	det	68	72
usc5-552-doj:u0182:s00	13	section	section	NOUN	NN	Number=Sing	5	nmod	73	80
usc5-552-doj:u0182:s00	14	;	;	PUNCT	.	_	5	punct	80	81
usc5-552-doj:u0183:s00	1	(	(	PUNCT	-LRB-	_	5	punct	0	1
usc5-552-doj:u0183:s00	2	B	b	X	LS	_	5	nummod	1	2
usc5-552-doj:u0183:s00	3	)	)	PUNCT	-RRB-	_	5	punct	2	3
usc5-552-doj:u0183:s00	4	review	review	NOUN	NN	Number=Sing	5	compound	4	10
usc5-552-doj:u0183:s00	5	compliance	compliance	NOUN	NN	Number=Sing	0	root	11	21
usc5-552-doj:u0183:s00	6	with	with	ADP	IN	_	8	case	22	26
usc5-552-doj:u0183:s00	7	this	this	DET	DT	Number=Sing|PronType=Dem	8	det	27	31
usc5-552-doj:u0183:s00	8	section	section	NOUN	NN	Number=Sing	5	nmod	32	39
usc5-552-doj:u0183:s00	9	by	by	ADP	IN	_	11	case	40	42
usc5-552-doj:u0183:s00	10	administrative	administrative	ADJ	JJ	Degree=Pos	11	amod	43	57
usc5-552-doj:u0183:s00	11	agencies	agencie	NOUN	NNS	Number=Plur	5	nmod	58	66
usc5-552-doj:u0183:s00	12	;	;	PUNCT	,	_	5	punct	66	67
usc5-552-doj:u0183:s00	13	and	and	CCONJ	CC	_	5	cc	68	71
usc5-552-doj:u0184:s00	1	(	(	PUNCT	-LRB-	_	2	punct	0	1
usc5-552-doj:u0184:s00	2	C	c	X	LS	_	4	nummod	1	2
usc5-552-doj:u0184:s00	3	)	)	PUNCT	-RRB-	_	2	punct	2	3
usc5-552-doj:u0184:s00	4	identify	identify	VERB	VB	VerbForm=Inf	0	root	4	12
usc5-552-doj:u0184:s00	5	procedures	procedure	NOUN	NNS	Number=Plur	4	obj	13	23
usc5-552-doj:u0184:s00	6	and	and	CCONJ	CC	_	7	cc	24	27
usc5-552-doj:u0184:s00	7	methods	methods	NOUN	NNS	Number=Plur	5	conj	28	35
usc5-552-doj:u0184:s00	8	for	for	SCONJ	IN	_	9	mark	36	39
usc5-552-doj:u0184:s00	9	improving	improve	VERB	VBG	VerbForm=Ger	5	acl	40	49
usc5-552-doj:u0184:s00	10	compliance	compliance	NOUN	NN	Number=Sing	9	obj	50	60
usc5-552-doj:u0184:s00	11	under	under	ADP	IN	_	13	case	61	66
usc5-552-doj:u0184:s00	12	this	this	DET	DT	Number=Sing|PronType=Dem	13	det	67	71
usc5-552-doj:u0184:s00	13	section	section	NOUN	NN	Number=Sing	10	nmod	72	79
usc5-552-doj:u0184:s00	14	.	.	PUNCT	.	_	4	punct	79	80
usc5-552-doj:u0185:s00	1	(	(	PUNCT	-LRB-	_	2	punct	0	1
usc5-552-doj:u0185:s00	2	3	3	X	LS	_	11	nummod	1	2
usc5-552-doj:u0185:s00	3	)	)	PUNCT	-RRB-	_	2	punct	2	3
usc5-552-doj:u0185:s00	4	The	the	DET	DT	Definite=Def|PronType=Art	5	det	4	7
usc5-552-doj:u0185:s00	5	Office	Office	PROPN	NNP	Number=Sing	11	nsubj	8	14
usc5-552-doj:u0185:s00	6	of	of	ADP	IN	_	9	case	15	17
usc5-552-doj:u0185:s00	7	Government	government	NOUN	NN	Number=Sing	9	compound	18	28
usc5-552-doj:u0185:s00	8	Information	Information	NOUN	NN	Number=Sing	9	compound	29	40
usc5-552-doj:u0185:s00	9	Services	service	NOUN	NNS	Number=Plur	5	nmod	41	49
usc5-552-doj:u0185:s00	10	shall	shall	AUX	MD	VerbForm=Fin	11	aux	50	55
usc5-552-doj:u0185:s00	11	offer	offer	VERB	VB	VerbForm=Inf	0	root	56	61
usc5-552-doj:u0185:s00	12	mediation	mediation	NOUN	NN	Number=Sing	13	compound	62	71
usc5-552-doj:u0185:s00	13	services	service	NOUN	NNS	Number=Plur	11	obj	72	80
usc5-552-doj:u0185:s00	14	to	to	PART	TO	_	15	mark	81	83
usc5-552-doj:u0185:s00	15	resolve	resolve	VERB	VB	VerbForm=Inf	11	advcl	84	91
usc5-552-doj:u0185:s00	16	disputes	dispute	NOUN	NNS	Number=Plur	15	obj	92	100
usc5-552-doj:u0185:s00	17	between	between	ADP	IN	_	18	case	101	108
usc5-552-doj:u0185:s00	18	persons	person	NOUN	NNS	Number=Plur	16	nmod	109	116
usc5-552-doj:u0185:s00	19	making	make	VERB	VBG	VerbForm=Ger	18	acl	117	123
usc5-552-doj:u0185:s00	20	requests	request	NOUN	NNS	Number=Plur	19	obj	124	132
usc5-552-doj:u0185:s00	21	under	under	ADP	IN	_	23	case	133	138
usc5-552-doj:u0185:s00	22	this	this	DET	DT	Number=Sing|PronType=Dem	23	det	139	143
usc5-552-doj:u0185:s00	23	section	section	NOUN	NN	Number=Sing	20	nmod	144	151
usc5-552-doj:u0185:s00	24	and	and	CCONJ	CC	_	26	cc	152	155
usc5-552-doj:u0185:s00	25	administrative	administrative	ADJ	JJ	Degree=Pos	26	amod	156	170
usc5-552-doj:u0185:s00	26	agencies	agency	NOUN	NNS	Number=Plur	23	conj	171	179
usc5-552-doj:u0185:s00	27	as	as	ADP	IN	_	30	case	180	182
usc5-552-doj:u0185:s00	28	a	a	DET	DT	Definite=Ind|PronType=Art	30	det	183	184
usc5-552-doj:u0185:s00	29	nonexclusive	nonexclusive	ADJ	JJ	Degree=Pos	30	amod	185	197
usc5-552-doj:u0185:s00	30	alternative	alternative	NOUN	NN	Number=Sing	19	obl	198	209
usc5-552-doj:u0185:s00	31	to	to	ADP	IN	_	32	case	210	212
usc5-552-doj:u0185:s00	32	litigation	litigation	NOUN	NN	Number=Sing	30	nmod	213	223
usc5-552-doj:u0185:s00	33	and	and	CCONJ	CC	_	35	cc	224	227
usc5-552-doj:u0185:s00	34	may	may	AUX	MD	VerbForm=Fin	35	aux	228	231
usc5-552-doj:u0185:s00	35	issue	issue	VERB	VB	VerbForm=Inf	19	conj	232	237
usc5-552-doj:u0185:s00	36	advisory	advisory	ADJ	JJ	Degree=Pos	37	amod	238	246
usc5-552-doj:u0185:s00	37	opinions	opinion	NOUN	NNS	Number=Plur	35	obj	247	255
usc5-552-doj:u0185:s00	38	at	at	ADP	IN	_	40	case	256	258
usc5-552-doj:u0185:s00	39	the	the	DET	DT	Definite=Def|PronType=Art	40	det	259	262
usc5-552-doj:u0185:s00	40	discretion	discretion	NOUN	NN	Number=Sing	37	nmod	263	273
usc5-552-doj:u0185:s00	41	of	of	ADP	IN	_	43	case	274	276
usc5-552-doj:u0185:s00	42	the	the	DET	DT	Definite=Def|PronType=Art	43	det	277	280
usc5-552-doj:u0185:s00	43	Office	Office	PROPN	NNP	Number=Sing	40	nmod	281	287
usc5-552-doj:u0185:s00	44	or	or	CCONJ	CC	_	46	cc	288	290
usc5-552-doj:u0185:s00	45	upon	upon	ADP	IN	_	46	case	291	295
usc5-552-doj:u0185:s00	46	request	request	NOUN	NN	Number=Sing	40	conj	296	303
usc5-552-doj:u0185:s00	47	of	of	ADP	IN	_	49	case	304	306
usc5-552-doj:u0185:s00	48	any	any	DET	DT	_	49	det	307	310
usc5-552-doj:u0185:s00	49	party	party	NOUN	NN	Number=Sing	46	nmod	311	316
usc5-552-doj:u0185:s00	50	to	to	ADP	IN	_	52	case	317	319
usc5-552-doj:u0185:s00	51	a	a	DET	DT	Definite=Ind|PronType=Art	52	det	320	321
usc5-552-doj:u0185:s00	52	dispute	dispute	NOUN	NN	Number=Sing	49	nmod	322	329
usc5-552-doj:u0185:s00	53	.	.	PUNCT	.	_	11	punct	329	330
usc5-552-doj:u0186:s00	1	(	(	PUNCT	-LRB-	_	2	punct	0	1
usc5-552-doj:u0186:s00	2	4	4	X	LS	_	5	nummod	1	2
usc5-552-doj:u0186:s00	3	)	)	PUNCT	-RRB-	_	2	punct	2	3
usc5-552-doj:u0186:s00	4	(	(	PUNCT	-LRB-	_	2	punct	3	4
usc5-552-doj:u0186:s00	5	A	a	PROPN	NNP	Number=Sing	23	nsubj	4	5
usc5-552-doj:u0186:s00	6	)	)	PUNCT	-RRB-	_	5	punct	5	6
usc5-552-doj:u0186:s00	7	Not	not	ADV	RB	_	8	advmod	7	10
usc5-552-doj:u0186:s00	8	less	less	ADV	RBR	Degree=Cmp	9	advmod	11	15
usc5-552-doj:u0186:s00	9	frequently	frequently	ADV	RB	_	11	advmod	16	26
usc5-552-doj:u0186:s00	10	than	than	ADP	IN	_	9	fixed	27	31
usc5-552-doj:u0186:s00	11	annually	annually	ADV	RB	_	23	advmod	32	40
usc5-552-doj:u0186:s00	12	,	,	PUNCT	,	_	23	punct	40	41
usc5-552-doj:u0186:s00	13	the	the	DET	DT	Definite=Def|PronType=Art	14	det	42	45
usc5-552-doj:u0186:s00	14	Director	director	NOUN	NN	Number=Sing	23	nsubj	46	54
usc5-552-doj:u0186:s00	15	of	of	ADP	IN	_	17	case	55	57
usc5-552-doj:u0186:s00	16	the	the	DET	DT	Definite=Def|PronType=Art	17	det	58	61
usc5-552-doj:u0186:s00	17	Office	Office	PROPN	NNP	Number=Sing	14	nmod	62	68
usc5-552-doj:u0186:s00	18	of	of	ADP	IN	_	21	case	69	71
usc5-552-doj:u0186:s00	19	Government	government	NOUN	NN	Number=Sing	21	compound	72	82
usc5-552-doj:u0186:s00	20	Information	Information	NOUN	NN	Number=Sing	21	compound	83	94
usc5-552-doj:u0186:s00	21	Services	service	NOUN	NNS	Number=Plur	17	nmod	95	103
usc5-552-doj:u0186:s00	22	shall	shall	AUX	MD	VerbForm=Fin	23	aux	104	109
usc5-552-doj:u0186:s00	23	submit	submit	VERB	VB	VerbForm=Inf	0	root	110	116
usc5-552-doj:u0186:s00	24	to	to	ADP	IN	_	26	case	117	119
usc5-552-doj:u0186:s00	25	the	the	DET	DT	Definite=Def|PronType=Art	26	det	120	123
usc5-552-doj:u0186:s00	26	Committee	committee	NOUN	NN	Number=Sing	23	obl	124	133
usc5-552-doj:u0186:s00	27	on	on	ADP	IN	_	31	case	134	136
usc5-552-doj:u0186:s00	28	Oversight	Oversight	NOUN	NN	Number=Sing	31	compound	137	146
usc5-552-doj:u0186:s00	29	and	and	CCONJ	CC	_	30	cc	147	150
usc5-552-doj:u0186:s00	30	Government	government	NOUN	NN	Number=Sing	28	conj	151	161
usc5-552-doj:u0186:s00	31	Reform	Reform	NOUN	NN	Number=Sing	26	nmod	162	168
usc5-552-doj:u0186:s00	32	of	of	ADP	IN	_	34	case	169	171
usc5-552-doj:u0186:s00	33	the	the	DET	DT	Definite=Def|PronType=Art	34	det	172	175
usc5-552-doj:u0186:s00	34	House	house	PROPN	NNP	Number=Sing	31	nmod	176	181
usc5-552-doj:u0186:s00	35	of	of	ADP	IN	_	36	case	182	184
usc5-552-doj:u0186:s00	36	Representatives	Representatives	PROPN	NNPS	Number=Plur	34	nmod	185	200
usc5-552-doj:u0186:s00	37	,	,	PUNCT	,	_	34	punct	200	201
usc5-552-doj:u0186:s00	38	the	the	DET	DT	Definite=Def|PronType=Art	39	det	202	205
usc5-552-doj:u0186:s00	39	Committee	committee	NOUN	NN	Number=Sing	34	appos	206	215
usc5-552-doj:u0186:s00	40	on	on	ADP	IN	_	42	case	216	218
usc5-552-doj:u0186:s00	41	the	the	DET	DT	Definite=Def|PronType=Art	42	det	219	222
usc5-552-doj:u0186:s00	42	Judiciary	Judiciary	PROPN	NNP	Number=Sing	39	nmod	223	232
usc5-552-doj:u0186:s00	43	of	of	ADP	IN	_	45	case	233	235
usc5-552-doj:u0186:s00	44	the	the	DET	DT	Definite=Def|PronType=Art	45	det	236	239
usc5-552-doj:u0186:s00	45	Senate	Senate	PROPN	NNP	Number=Sing	42	nmod	240	246
usc5-552-doj:u0186:s00	46	,	,	PUNCT	,	_	49	punct	246	247
usc5-552-doj:u0186:s00	47	and	and	CCONJ	CC	_	49	cc	248	251
usc5-552-doj:u0186:s00	48	the	the	DET	DT	Definite=Def|PronType=Art	49	det	252	255
usc5-552-doj:u0186:s00	49	President	President	PROPN	NNP	Number=Sing	23	conj	256	265
usc5-552-doj:u0186:s00	50	–	-	PUNCT	NFP	_	23	punct	266	267
usc5-552-doj:u0187:s00	1	(	(	PUNCT	-LRB-	_	2	punct	0	1
usc5-552-doj:u0187:s00	2	i	i	X	LS	_	0	root	1	2
usc5-552-doj:u0187:s00	3	)	)	PUNCT	-RRB-	_	2	punct	2	3
usc5-552-doj:u0187:s00	4	A	a	DET	DT	Definite=Ind|PronType=Art	5	det	4	5
usc5-552-doj:u0187:s00	5	report	report	NOUN	NN	Number=Sing	2	nsubj	6	12
usc5-552-doj:u0187:s00	6	on	on	ADP	IN	_	8	case	13	15
usc5-552-doj:u0187:s00	7	the	the	DET	DT	Definite=Def|PronType=Art	8	det	16	19
usc5-552-doj:u0187:s00	8	findings	finding	NOUN	NNS	Number=Plur	5	nmod	20	28
usc5-552-doj:u0187:s00	9	of	of	ADP	IN	_	11	case	29	31
usc5-552-doj:u0187:s00	10	the	the	DET	DT	Definite=Def|PronType=Art	11	det	32	35
usc5-552-doj:u0187:s00	11	information	information	NOUN	NN	Number=Sing	8	nmod	36	47
usc5-552-doj:u0187:s00	12	reviewed	review	VERB	VBN	Tense=Past|VerbForm=Part	8	acl	48	56
usc5-552-doj:u0187:s00	13	and	and	CCONJ	CC	_	14	cc	57	60
usc5-552-doj:u0187:s00	14	identified	identify	VERB	VBN	Tense=Past|VerbForm=Part	12	conj	61	71
usc5-552-doj:u0187:s00	15	under	under	ADP	IN	_	16	case	72	77
usc5-552-doj:u0187:s00	16	paragraph	paragraph	NOUN	NN	Number=Sing	14	obl	78	87
usc5-552-doj:u0187:s00	17	(	(	PUNCT	-LRB-	_	18	punct	88	89
usc5-552-doj:u0187:s00	18	2	2	NUM	CD	NumType=Card	16	nummod	89	90
usc5-552-doj:u0187:s00	19	)	)	PUNCT	-RRB-	_	2	punct	90	91
usc5-552-doj:u0187:s00	20	;	;	PUNCT	,	_	2	punct	91	92
usc5-552-doj:u0188:s00	1	(	(	PUNCT	-LRB-	_	2	punct	0	1
usc5-552-doj:u0188:s00	2	ii	ii	X	LS	_	5	nummod	1	3
usc5-552-doj:u0188:s00	3	)	)	PUNCT	-RRB-	_	2	punct	3	4
usc5-552-doj:u0188:s00	4	A	a	DET	DT	Definite=Ind|PronType=Art	5	det	5	6
usc5-552-doj:u0188:s00	5	summary	summary	NOUN	NN	Number=Sing	0	root	7	14
usc5-552-doj:u0188:s00	6	of	of	ADP	IN	_	8	case	15	17
usc5-552-doj:u0188:s00	7	the	the	DET	DT	Definite=Def|PronType=Art	8	det	18	21
usc5-552-doj:u0188:s00	8	activities	activity	NOUN	NNS	Number=Plur	5	nmod	22	32
usc5-552-doj:u0188:s00	9	of	of	ADP	IN	_	11	case	33	35
usc5-552-doj:u0188:s00	10	the	the	DET	DT	Definite=Def|PronType=Art	11	det	36	39
usc5-552-doj:u0188:s00	11	Office	Office	PROPN	NNP	Number=Sing	8	nmod	40	46
usc5-552-doj:u0188:s00	12	of	of	ADP	IN	_	15	case	47	49
usc5-552-doj:u0188:s00	13	Government	government	NOUN	NN	Number=Sing	15	compound	50	60
usc5-552-doj:u0188:s00	14	Information	Information	NOUN	NN	Number=Sing	15	compound	61	72
usc5-552-doj:u0188:s00	15	Services	Service	NOUN	NNS	Number=Plur	11	nmod	73	81
usc5-552-doj:u0188:s00	16	under	under	ADP	IN	_	17	case	82	87
usc5-552-doj:u0188:s00	17	paragraph	paragraph	NOUN	NN	Number=Sing	5	nmod	88	97
usc5-552-doj:u0188:s00	18	(	(	PUNCT	-LRB-	_	17	punct	98	99
usc5-552-doj:u0188:s00	19	3	3	NUM	CD	NumType=Card	17	nummod	99	100
usc5-552-doj:u0188:s00	20	)	)	PUNCT	-RRB-	_	17	punct	100	101
usc5-552-doj:u0188:s00	21	,	,	PUNCT	,	_	5	punct	101	102
usc5-552-doj:u0188:s00	22	including	include	VERB	VBG	VerbForm=Ger	23	case	103	112
usc5-552-doj:u0188:s00	23	–	-	PUNCT	NFP	_	5	punct	113	114
usc5-552-doj:u0189:s00	1	(	(	PUNCT	-LRB-	_	2	punct	0	1
usc5-552-doj:u0189:s00	2	I	I	PRON	PRP	Case=Nom|Number=Sing|Person=1|PronType=Prs	6	nsubj	1	2
usc5-552-doj:u0189:s00	3	)	)	PUNCT	-RRB-	_	2	punct	2	3
usc5-552-doj:u0189:s00	4	any	any	DET	DT	_	6	det	4	7
usc5-552-doj:u0189:s00	5	advisory	advisory	ADJ	JJ	Degree=Pos	6	amod	8	16
usc5-552-doj:u0189:s00	6	opinions	opinion	NOUN	NNS	Number=Plur	9	parataxis	17	25
usc5-552-doj:u0189:s00	7	issued	issue	VERB	VBN	Tense=Past|VerbForm=Part	6	acl	26	32
usc5-552-doj:u0189:s00	8	;	;	PUNCT	,	_	6	punct	32	33
usc5-552-doj:u0189:s00	9	and	and	CCONJ	CC	_	0	root	34	37
usc5-552-doj:u0190:s00	1	(	(	PUNCT	-LRB-	_	2	punct	0	1
usc5-552-doj:u0190:s00	2	II	ii	X	LS	_	30	nummod	1	3
usc5-552-doj:u0190:s00	3	)	)	PUNCT	-RRB-	_	2	punct	3	4
usc5-552-doj:u0190:s00	4	the	the	DET	DT	Definite=Def|PronType=Art	5	det	5	8
usc5-552-doj:u0190:s00	5	number	number	NOUN	NN	Number=Sing	2	appos	9	15
usc5-552-doj:u0190:s00	6	of	of	ADP	IN	_	7	case	16	18
usc5-552-doj:u0190:s00	7	times	time	NOUN	NNS	Number=Plur	9	case	19	24
usc5-552-doj:u0190:s00	8	each	each	DET	DT	_	9	det	25	29
usc5-552-doj:u0190:s00	9	agency	agency	NOUN	NN	Number=Sing	5	nmod	30	36
usc5-552-doj:u0190:s00	10	engaged	engage	VERB	VBN	Tense=Past|VerbForm=Part	9	acl	37	44
usc5-552-doj:u0190:s00	11	in	in	ADP	IN	_	13	case	45	47
usc5-552-doj:u0190:s00	12	dispute	dispute	NOUN	NN	Number=Sing	13	compound	48	55
usc5-552-doj:u0190:s00	13	resolution	resolution	NOUN	NN	Number=Sing	10	obl	56	66
usc5-552-doj:u0190:s00	14	with	with	ADP	IN	_	16	case	67	71
usc5-552-doj:u0190:s00	15	the	the	DET	DT	Definite=Def|PronType=Art	16	det	72	75
usc5-552-doj:u0190:s00	16	assistance	assistance	NOUN	NN	Number=Sing	10	obl	76	86
usc5-552-doj:u0190:s00	17	of	of	ADP	IN	_	19	case	87	89
usc5-552-doj:u0190:s00	18	the	the	DET	DT	Definite=Def|PronType=Art	19	det	90	93
usc5-552-doj:u0190:s00	19	Office	Office	PROPN	NNP	Number=Sing	16	nmod	94	100
usc5-552-doj:u0190:s00	20	of	of	ADP	IN	_	23	case	101	103
usc5-552-doj:u0190:s00	21	Government	government	NOUN	NN	Number=Sing	22	compound	104	114
usc5-552-doj:u0190:s00	22	Information	Information	NOUN	NN	Number=Sing	23	compound	115	126
usc5-552-doj:u0190:s00	23	Services	Service	NOUN	NNS	Number=Plur	19	nmod	127	135
usc5-552-doj:u0190:s00	24	or	or	CCONJ	CC	_	28	cc	136	138
usc5-552-doj:u0190:s00	25	the	the	DET	DT	Definite=Def|PronType=Art	28	det	139	142
usc5-552-doj:u0190:s00	26	FOIA	FOIA	PROPN	NNP	Number=Sing	28	compound	143	147
usc5-552-doj:u0190:s00	27	Public	Public	PROPN	NNP	Number=Sing	28	compound	148	154
usc5-552-doj:u0190:s00	28	Liaison	Liaison	PROPN	NNP	Number=Sing	19	conj	155	162
usc5-552-doj:u0190:s00	29	;	;	PUNCT	,	_	2	punct	162	163
usc5-552-doj:u0190:s00	30	and	and	CCONJ	CC	_	0	root	164	167
usc5-552-doj:u0191:s00	1	(	(	PUNCT	-LRB-	_	2	punct	0	1
usc5-552-doj:u0191:s00	2	iii	iii	X	LS	_	0	root	1	4
usc5-552-doj:u0191:s00	3	)	)	PUNCT	-RRB-	_	2	punct	4	5
usc5-552-doj:u0191:s01	1	Legislative	legislative	ADJ	JJ	Degree=Pos	4	amod	0	11
usc5-552-doj:u0191:s01	2	and	and	CCONJ	CC	_	3	cc	12	15
usc5-552-doj:u0191:s01	3	regulatory	regulatory	ADJ	JJ	Degree=Pos	1	conj	16	26
usc5-552-doj:u0191:s01	4	recommendations	recommendation	NOUN	NNS	Number=Plur	10	nsubj	27	42
usc5-552-doj:u0191:s01	5	,	,	PUNCT	,	_	10	punct	42	43
usc5-552-doj:u0191:s01	6	if	if	SCONJ	IN	_	10	mark	44	46
usc5-552-doj:u0191:s01	7	any	any	DET	DT	_	10	nsubj	47	50
usc5-552-doj:u0191:s01	8	,	,	PUNCT	,	_	10	punct	50	51
usc5-552-doj:u0191:s01	9	to	to	PART	TO	_	10	mark	52	54
usc5-552-doj:u0191:s01	10	improve	improve	VERB	VB	VerbForm=Inf	0	root	55	62
usc5-552-doj:u0191:s01	11	the	the	DET	DT	Definite=Def|PronType=Art	12	det	63	66
usc5-552-doj:u0191:s01	12	administration	administration	NOUN	NN	Number=Sing	10	obj	67	81
usc5-552-doj:u0191:s01	13	of	of	ADP	IN	_	15	case	82	84
usc5-552-doj:u0191:s01	14	this	this	DET	DT	Number=Sing|PronType=Dem	15	det	85	89
usc5-552-doj:u0191:s01	15	section	section	NOUN	NN	Number=Sing	12	nmod	90	97
usc5-552-doj:u0191:s01	16	.	.	PUNCT	.	_	10	punct	97	98
usc5-552-doj:u0192:s00	1	(	(	PUNCT	-LRB-	_	2	punct	0	1
usc5-552-doj:u0192:s00	2	B	b	X	LS	_	14	nummod	1	2
usc5-552-doj:u0192:s00	3	)	)	PUNCT	-RRB-	_	2	punct	2	3
usc5-552-doj:u0192:s00	4	The	the	DET	DT	Definite=Def|PronType=Art	5	det	4	7
usc5-552-doj:u0192:s00	5	Director	director	NOUN	NN	Number=Sing	14	nsubj	8	16
usc5-552-doj:u0192:s00	6	of	of	ADP	IN	_	8	case	17	19
usc5-552-doj:u0192:s00	7	the	the	DET	DT	Definite=Def|PronType=Art	8	det	20	23
usc5-552-doj:u0192:s00	8	Office	Office	PROPN	NNP	Number=Sing	5	nmod	24	30
usc5-552-doj:u0192:s00	9	of	of	ADP	IN	_	12	case	31	33
usc5-552-doj:u0192:s00	10	Government	government	NOUN	NN	Number=Sing	12	compound	34	44
usc5-552-doj:u0192:s00	11	Information	Information	NOUN	NN	Number=Sing	12	compound	45	56
usc5-552-doj:u0192:s00	12	Services	service	NOUN	NNS	Number=Plur	8	nmod	57	65
usc5-552-doj:u0192:s00	13	shall	shall	AUX	MD	VerbForm=Fin	14	aux	66	71
usc5-552-doj:u0192:s00	14	make	make	VERB	VB	VerbForm=Inf	0	root	72	76
usc5-552-doj:u0192:s00	15	each	each	DET	DT	_	16	det	77	81
usc5-552-doj:u0192:s00	16	report	report	NOUN	NN	Number=Sing	14	obj	82	88
usc5-552-doj:u0192:s00	17	submitted	submit	VERB	VBN	Tense=Past|VerbForm=Part	16	acl	89	98
usc5-552-doj:u0192:s00	18	under	under	ADP	IN	_	21	case	99	104
usc5-552-doj:u0192:s00	19	subparagraph	subparagraph	NOUN	NN	Number=Sing	21	compound	105	117
usc5-552-doj:u0192:s00	20	(	(	PUNCT	-LRB-	_	21	punct	118	119
usc5-552-doj:u0192:s00	21	A	a	NOUN	NN	Number=Sing	17	obl	119	120
usc5-552-doj:u0192:s00	22	)	)	PUNCT	-RRB-	_	21	punct	120	121
usc5-552-doj:u0192:s00	23	available	available	ADJ	JJ	Degree=Pos	17	amod	122	131
usc5-552-doj:u0192:s00	24	for	for	ADP	IN	_	26	case	132	135
usc5-552-doj:u0192:s00	25	public	public	ADJ	JJ	Degree=Pos	26	amod	136	142
usc5-552-doj:u0192:s00	26	inspection	inspection	NOUN	NN	Number=Sing	23	obl	143	153
usc5-552-doj:u0192:s00	27	in	in	ADP	IN	_	30	case	154	156
usc5-552-doj:u0192:s00	28	an	a	DET	DT	Definite=Ind|PronType=Art	30	det	157	159
usc5-552-doj:u0192:s00	29	electronic	electronic	ADJ	JJ	Degree=Pos	30	amod	160	170
usc5-552-doj:u0192:s00	30	format	format	NOUN	NN	Number=Sing	26	nmod	171	177
usc5-552-doj:u0192:s00	31	.	.	PUNCT	.	_	14	punct	177	178
usc5-552-doj:u0193:s00	1	(	(	PUNCT	-LRB-	_	2	punct	0	1
usc5-552-doj:u0193:s00	2	C	c	X	LS	_	16	nummod	1	2
usc5-552-doj:u0193:s00	3	)	)	PUNCT	-RRB-	_	2	punct	2	3
usc5-552-doj:u0193:s00	4	The	the	DET	DT	Definite=Def|PronType=Art	5	det	4	7
usc5-552-doj:u0193:s00	5	Director	director	NOUN	NN	Number=Sing	16	nsubj:pass	8	16
usc5-552-doj:u0193:s00	6	of	of	ADP	IN	_	8	case	17	19
usc5-552-doj:u0193:s00	7	the	the	DET	DT	Definite=Def|PronType=Art	8	det	20	23
usc5-552-doj:u0193:s00	8	Office	Office	PROPN	NNP	Number=Sing	5	nmod	24	30
usc5-552-doj:u0193:s00	9	of	of	ADP	IN	_	12	case	31	33
usc5-552-doj:u0193:s00	10	Government	government	NOUN	NN	Number=Sing	12	compound	34	44
usc5-552-doj:u0193:s00	11	Information	Information	NOUN	NN	Number=Sing	12	compound	45	56
usc5-552-doj:u0193:s00	12	Services	service	NOUN	NNS	Number=Plur	8	nmod	57	65
usc5-552-doj:u0193:s00	13	shall	shall	AUX	MD	VerbForm=Fin	16	aux	66	71
usc5-552-doj:u0193:s00	14	not	not	PART	RB	_	16	advmod	72	75
usc5-552-doj:u0193:s00	15	be	be	AUX	VB	VerbForm=Inf	16	aux:pass	76	78
usc5-552-doj:u0193:s00	16	required	require	VERB	VBN	Tense=Past|VerbForm=Part|Voice=Pass	0	root	79	87
usc5-552-doj:u0193:s00	17	to	to	PART	TO	_	18	mark	88	90
usc5-552-doj:u0193:s00	18	obtain	obtain	VERB	VB	VerbForm=Inf	16	xcomp	91	97
usc5-552-doj:u0193:s00	19	the	the	DET	DT	Definite=Def|PronType=Art	21	det	98	101
usc5-552-doj:u0193:s00	20	prior	prior	ADJ	JJ	Degree=Pos	21	amod	102	107
usc5-552-doj:u0193:s00	21	approval	approval	NOUN	NN	Number=Sing	18	obj	108	116
usc5-552-doj:u0193:s00	22	,	,	PUNCT	,	_	23	punct	116	117
usc5-552-doj:u0193:s00	23	comment	comment	NOUN	NN	Number=Sing	21	conj	118	125
usc5-552-doj:u0193:s00	24	,	,	PUNCT	,	_	26	punct	125	126
usc5-552-doj:u0193:s00	25	or	or	CCONJ	CC	_	26	cc	127	129
usc5-552-doj:u0193:s00	26	review	review	NOUN	NN	Number=Sing	21	conj	130	136
usc5-552-doj:u0193:s00	27	of	of	ADP	IN	_	29	case	137	139
usc5-552-doj:u0193:s00	28	any	any	DET	DT	_	29	det	140	143
usc5-552-doj:u0193:s00	29	officer	officer	NOUN	NN	Number=Sing	26	nmod	144	151
usc5-552-doj:u0193:s00	30	or	or	CCONJ	CC	_	31	cc	152	154
usc5-552-doj:u0193:s00	31	agency	agency	NOUN	NN	Number=Sing	21	conj	155	161
usc5-552-doj:u0193:s00	32	of	of	ADP	IN	_	35	case	162	164
usc5-552-doj:u0193:s00	33	the	the	DET	DT	Definite=Def|PronType=Art	35	det	165	168
usc5-552-doj:u0193:s00	34	United	United	PROPN	NNP	Number=Sing	35	compound	169	175
usc5-552-doj:u0193:s00	35	States	States	PROPN	NNP	Number=Sing	31	nmod	176	182
usc5-552-doj:u0193:s00	36	,	,	PUNCT	,	_	21	punct	182	183
usc5-552-doj:u0193:s00	37	including	include	VERB	VBG	VerbForm=Ger	39	case	184	193
usc5-552-doj:u0193:s00	38	the	the	DET	DT	Definite=Def|PronType=Art	39	det	194	197
usc5-552-doj:u0193:s00	39	Department	Department	PROPN	NNP	Number=Sing	21	nmod	198	208
usc5-552-doj:u0193:s00	40	of	of	ADP	IN	_	41	case	209	211
usc5-552-doj:u0193:s00	41	Justice	justice	PROPN	NNP	Number=Sing	39	nmod	212	219
usc5-552-doj:u0193:s00	42	,	,	PUNCT	,	_	39	punct	219	220
usc5-552-doj:u0193:s00	43	the	the	DET	DT	Definite=Def|PronType=Art	44	det	221	224
usc5-552-doj:u0193:s00	44	Archivist	Archivist	NOUN	NN	Number=Sing	39	appos	225	234
usc5-552-doj:u0193:s00	45	of	of	ADP	IN	_	48	case	235	237
usc5-552-doj:u0193:s00	46	the	the	DET	DT	Definite=Def|PronType=Art	48	det	238	241
usc5-552-doj:u0193:s00	47	United	United	PROPN	NNP	Number=Sing	48	compound	242	248
usc5-552-doj:u0193:s00	48	States	States	PROPN	NNP	Number=Sing	44	nmod	249	255
usc5-552-doj:u0193:s00	49	,	,	PUNCT	,	_	52	punct	255	256
usc5-552-doj:u0193:s00	50	or	or	CCONJ	CC	_	52	cc	257	259
usc5-552-doj:u0193:s00	51	the	the	DET	DT	Definite=Def|PronType=Art	52	det	260	263
usc5-552-doj:u0193:s00	52	Office	Office	PROPN	NNP	Number=Sing	18	conj	264	270
usc5-552-doj:u0193:s00	53	of	of	ADP	IN	_	54	case	271	273
usc5-552-doj:u0193:s00	54	Management	management	PROPN	NNP	Number=Sing	52	nmod	274	284
usc5-552-doj:u0193:s00	55	and	and	CCONJ	CC	_	56	cc	285	288
usc5-552-doj:u0193:s00	56	Budget	budget	PROPN	NNP	Number=Sing	52	conj	289	295
usc5-552-doj:u0193:s00	57	before	before	SCONJ	IN	_	58	mark	296	302
usc5-552-doj:u0193:s00	58	submitting	submit	VERB	VBG	VerbForm=Ger	52	advcl	303	313
usc5-552-doj:u0193:s00	59	to	to	ADP	IN	_	60	case	314	316
usc5-552-doj:u0193:s00	60	Congress	Congress	PROPN	NNP	Number=Sing	58	obl	317	325
usc5-552-doj:u0193:s00	61	,	,	PUNCT	,	_	64	punct	325	326
usc5-552-doj:u0193:s00	62	or	or	CCONJ	CC	_	64	cc	327	329
usc5-552-doj:u0193:s00	63	any	any	DET	DT	_	64	det	330	333
usc5-552-doj:u0193:s00	64	committee	committee	NOUN	NN	Number=Sing	60	conj	334	343
usc5-552-doj:u0193:s00	65	or	or	CCONJ	CC	_	66	cc	344	346
usc5-552-doj:u0193:s00	66	subcommittee	subcommittee	NOUN	NN	Number=Sing	64	conj	347	359
usc5-552-doj:u0193:s00	67	thereof	thereof	ADV	RB	_	58	advmod	360	367
usc5-552-doj:u0193:s00	68	,	,	PUNCT	,	_	70	punct	367	368
usc5-552-doj:u0193:s00	69	any	any	DET	DT	_	70	det	369	372
usc5-552-doj:u0193:s00	70	reports	report	NOUN	NNS	Number=Plur	16	conj	373	380
usc5-552-doj:u0193:s00	71	,	,	PUNCT	,	_	72	punct	380	381
usc5-552-doj:u0193:s00	72	recommendations	recommendation	NOUN	NNS	Number=Plur	70	conj	382	397
usc5-552-doj:u0193:s00	73	,	,	PUNCT	,	_	74	punct	397	398
usc5-552-doj:u0193:s00	74	testimony	testimony	NOUN	NN	Number=Sing	16	conj	399	408
usc5-552-doj:u0193:s00	75	,	,	PUNCT	,	_	77	punct	408	409
usc5-552-doj:u0193:s00	76	or	or	CCONJ	CC	_	77	cc	410	412
usc5-552-doj:u0193:s00	77	comments	comment	NOUN	NNS	Number=Plur	16	conj	413	421
usc5-552-doj:u0193:s00	78	,	,	PUNCT	,	_	92	punct	421	422
usc5-552-doj:u0193:s00	79	if	if	SCONJ	IN	_	82	mark	423	425
usc5-552-doj:u0193:s00	80	such	such	ADJ	JJ	Degree=Pos	81	amod	426	430
usc5-552-doj:u0193:s00	81	submissions	submission	NOUN	NNS	Number=Plur	82	nsubj	431	442
usc5-552-doj:u0193:s00	82	include	include	VERB	VBP	Mood=Ind|Tense=Pres|VerbForm=Fin	92	advcl	443	450
usc5-552-doj:u0193:s00	83	a	a	DET	DT	Definite=Ind|PronType=Art	84	det	451	452
usc5-552-doj:u0193:s00	84	statement	statement	NOUN	NN	Number=Sing	82	obj	453	462
usc5-552-doj:u0193:s00	85	indicating	indicate	VERB	VBG	VerbForm=Ger	84	acl	463	473
usc5-552-doj:u0193:s00	86	that	that	SCONJ	IN	_	89	mark	474	478
usc5-552-doj:u0193:s00	87	the	the	DET	DT	Definite=Def|PronType=Art	88	det	479	482
usc5-552-doj:u0193:s00	88	views	views	NOUN	NNS	Number=Plur	89	nsubj	483	488
usc5-552-doj:u0193:s00	89	expressed	express	VERB	VBN	Tense=Past|VerbForm=Part	85	ccomp	489	498
usc5-552-doj:u0193:s00	90	therein	therein	ADV	RB	_	89	advmod	499	506
usc5-552-doj:u0193:s00	91	are	be	AUX	VBP	Mood=Ind|Tense=Pres|VerbForm=Fin	92	cop	507	510
usc5-552-doj:u0193:s00	92	those	those	PRON	DT	Number=Plur|PronType=Dem	16	conj	511	516
usc5-552-doj:u0193:s00	93	of	of	ADP	IN	_	95	case	517	519
usc5-552-doj:u0193:s00	94	the	the	DET	DT	Definite=Def|PronType=Art	95	det	520	523
usc5-552-doj:u0193:s00	95	Director	director	NOUN	NN	Number=Sing	92	nmod	524	532
usc5-552-doj:u0193:s00	96	and	and	CCONJ	CC	_	100	cc	533	536
usc5-552-doj:u0193:s00	97	do	do	AUX	VBP	Mood=Ind|Tense=Pres|VerbForm=Fin	100	aux	537	539
usc5-552-doj:u0193:s00	98	not	not	PART	RB	_	100	advmod	540	543
usc5-552-doj:u0193:s00	99	necessarily	necessarily	ADV	RB	_	100	advmod	544	555
usc5-552-doj:u0193:s00	100	represent	represent	VERB	VB	VerbForm=Inf	92	conj	556	565
usc5-552-doj:u0193:s00	101	the	the	DET	DT	Definite=Def|PronType=Art	102	det	566	569
usc5-552-doj:u0193:s00	102	views	view	NOUN	NNS	Number=Plur	100	obj	570	575
usc5-552-doj:u0193:s00	103	of	of	ADP	IN	_	105	case	576	578
usc5-552-doj:u0193:s00	104	the	the	DET	DT	Definite=Def|PronType=Art	105	det	579	582
usc5-552-doj:u0193:s00	105	President	President	PROPN	NNP	Number=Sing	102	nmod	583	592
usc5-552-doj:u0193:s00	106	.	.	PUNCT	.	_	16	punct	592	593
usc5-552-doj:u0194:s00	1	(	(	PUNCT	-LRB-	_	2	punct	0	1
usc5-552-doj:u0194:s00	2	5	5	X	LS	_	15	nummod	1	2
usc5-552-doj:u0194:s00	3	)	)	PUNCT	-RRB-	_	2	punct	2	3
usc5-552-doj:u0194:s00	4	The	the	DET	DT	Definite=Def|PronType=Art	5	det	4	7
usc5-552-doj:u0194:s00	5	Director	director	NOUN	NN	Number=Sing	15	nsubj	8	16
usc5-552-doj:u0194:s00	6	of	of	ADP	IN	_	8	case	17	19
usc5-552-doj:u0194:s00	7	the	the	DET	DT	Definite=Def|PronType=Art	8	det	20	23
usc5-552-doj:u0194:s00	8	Office	Office	PROPN	NNP	Number=Sing	5	nmod	24	30
usc5-552-doj:u0194:s00	9	of	of	ADP	IN	_	12	case	31	33
usc5-552-doj:u0194:s00	10	Government	government	NOUN	NN	Number=Sing	12	compound	34	44
usc5-552-doj:u0194:s00	11	Information	Information	NOUN	NN	Number=Sing	12	compound	45	56
usc5-552-doj:u0194:s00	12	Services	service	NOUN	NNS	Number=Plur	8	nmod	57	65
usc5-552-doj:u0194:s00	13	may	may	AUX	MD	VerbForm=Fin	15	aux	66	69
usc5-552-doj:u0194:s00	14	directly	directly	ADV	RB	_	15	advmod	70	78
usc5-552-doj:u0194:s00	15	submit	submit	VERB	VB	VerbForm=Inf	0	root	79	85
usc5-552-doj:u0194:s00	16	additional	additional	ADJ	JJ	Degree=Pos	17	amod	86	96
usc5-552-doj:u0194:s00	17	information	information	NOUN	NN	Number=Sing	15	obj	97	108
usc5-552-doj:u0194:s00	18	to	to	ADP	IN	_	19	case	109	111
usc5-552-doj:u0194:s00	19	Congress	Congress	PROPN	NNP	Number=Sing	17	nmod	112	120
usc5-552-doj:u0194:s00	20	and	and	CCONJ	CC	_	26	cc	121	124
usc5-552-doj:u0194:s00	21	the	the	DET	DT	Definite=Def|PronType=Art	22	det	125	128
usc5-552-doj:u0194:s00	22	President	President	PROPN	NNP	Number=Sing	26	nsubj	129	138
usc5-552-doj:u0194:s00	23	as	as	ADP	IN	_	25	case	139	141
usc5-552-doj:u0194:s00	24	the	the	DET	DT	Definite=Def|PronType=Art	25	det	142	145
usc5-552-doj:u0194:s00	25	Director	director	NOUN	NN	Number=Sing	22	nmod	146	154
usc5-552-doj:u0194:s00	26	determines	determine	VERB	VBZ	Mood=Ind|Number=Sing|Person=3|Tense=Pres|VerbForm=Fin	15	conj	155	165
usc5-552-doj:u0194:s00	27	to	to	PART	TO	_	29	mark	166	168
usc5-552-doj:u0194:s00	28	be	be	AUX	VB	VerbForm=Inf	29	cop	169	171
usc5-552-doj:u0194:s00	29	appropriate	appropriate	ADJ	JJ	Degree=Pos	26	xcomp	172	183
usc5-552-doj:u0194:s00	30	.	.	PUNCT	.	_	15	punct	183	184
usc5-552-doj:u0195:s00	1	(	(	PUNCT	-LRB-	_	2	punct	0	1
usc5-552-doj:u0195:s00	2	6	6	X	LS	_	17	nummod	1	2
usc5-552-doj:u0195:s00	3	)	)	PUNCT	-RRB-	_	2	punct	2	3
usc5-552-doj:u0195:s00	4	Not	not	ADV	RB	_	5	advmod	4	7
usc5-552-doj:u0195:s00	5	less	less	ADV	RBR	Degree=Cmp	6	advmod	8	12
usc5-552-doj:u0195:s00	6	frequently	frequently	ADV	RB	_	8	advmod	13	23
usc5-552-doj:u0195:s00	7	than	than	ADP	IN	_	8	case	24	28
usc5-552-doj:u0195:s00	8	annually	annually	ADV	RB	_	17	advmod	29	37
usc5-552-doj:u0195:s00	9	,	,	PUNCT	,	_	17	punct	37	38
usc5-552-doj:u0195:s00	10	the	the	DET	DT	Definite=Def|PronType=Art	11	det	39	42
usc5-552-doj:u0195:s00	11	Office	Office	PROPN	NNP	Number=Sing	17	nsubj	43	49
usc5-552-doj:u0195:s00	12	of	of	ADP	IN	_	15	case	50	52
usc5-552-doj:u0195:s00	13	Government	government	NOUN	NN	Number=Sing	15	compound	53	63
usc5-552-doj:u0195:s00	14	Information	Information	NOUN	NN	Number=Sing	15	compound	64	75
usc5-552-doj:u0195:s00	15	Services	service	NOUN	NNS	Number=Plur	11	nmod	76	84
usc5-552-doj:u0195:s00	16	shall	shall	AUX	MD	VerbForm=Fin	17	aux	85	90
usc5-552-doj:u0195:s00	17	conduct	conduct	VERB	VB	VerbForm=Inf	0	root	91	98
usc5-552-doj:u0195:s00	18	a	a	DET	DT	Definite=Ind|PronType=Art	19	det	99	100
usc5-552-doj:u0195:s00	19	meeting	meeting	NOUN	NN	Number=Sing	17	obj	101	108
usc5-552-doj:u0195:s00	20	that	that	PRON	WDT	PronType=Rel	22	nsubj	109	113
usc5-552-doj:u0195:s00	21	is	be	AUX	VBZ	Mood=Ind|Number=Sing|Person=3|Tense=Pres|VerbForm=Fin	22	cop	114	116
usc5-552-doj:u0195:s00	22	open	open	ADJ	JJ	Degree=Pos	19	acl:relcl	117	121
usc5-552-doj:u0195:s00	23	to	to	ADP	IN	_	25	case	122	124
usc5-552-doj:u0195:s00	24	the	the	DET	DT	Definite=Def|PronType=Art	25	det	125	128
usc5-552-doj:u0195:s00	25	public	public	NOUN	NN	Number=Sing	22	obl	129	135
usc5-552-doj:u0195:s00	26	on	on	ADP	IN	_	28	case	136	138
usc5-552-doj:u0195:s00	27	the	the	DET	DT	Definite=Def|PronType=Art	28	det	139	142
usc5-552-doj:u0195:s00	28	review	review	NOUN	NN	Number=Sing	22	obl	143	149
usc5-552-doj:u0195:s00	29	and	and	CCONJ	CC	_	30	cc	150	153
usc5-552-doj:u0195:s00	30	reports	report	NOUN	NNS	Number=Plur	28	conj	154	161
usc5-552-doj:u0195:s00	31	by	by	ADP	IN	_	33	case	162	164
usc5-552-doj:u0195:s00	32	the	the	DET	DT	Definite=Def|PronType=Art	33	det	165	168
usc5-552-doj:u0195:s00	33	Office	Office	PROPN	NNP	Number=Sing	17	nmod	169	175
usc5-552-doj:u0195:s00	34	and	and	CCONJ	CC	_	36	cc	176	179
usc5-552-doj:u0195:s00	35	shall	shall	AUX	MD	VerbForm=Fin	36	aux	180	185
usc5-552-doj:u0195:s00	36	allow	allow	VERB	VB	VerbForm=Inf	17	conj	186	191
usc5-552-doj:u0195:s00	37	interested	interested	ADJ	JJ	Degree=Pos	38	amod	192	202
usc5-552-doj:u0195:s00	38	persons	person	NOUN	NNS	Number=Plur	36	obj	203	210
usc5-552-doj:u0195:s00	39	to	to	PART	TO	_	40	mark	211	213
usc5-552-doj:u0195:s00	40	appear	appear	VERB	VB	VerbForm=Inf	38	acl	214	220
usc5-552-doj:u0195:s00	41	and	and	CCONJ	CC	_	42	cc	221	224
usc5-552-doj:u0195:s00	42	present	present	VERB	VB	VerbForm=Inf	40	conj	225	232
usc5-552-doj:u0195:s00	43	oral	oral	ADJ	JJ	Degree=Pos	46	amod	233	237
usc5-552-doj:u0195:s00	44	or	or	CCONJ	CC	_	45	cc	238	240
usc5-552-doj:u0195:s00	45	written	write	VERB	VBN	Tense=Past|VerbForm=Part	43	conj	241	248
usc5-552-doj:u0195:s00	46	statements	statement	NOUN	NNS	Number=Plur	42	obj	249	259
usc5-552-doj:u0195:s00	47	at	at	ADP	IN	_	49	case	260	262
usc5-552-doj:u0195:s00	48	the	the	DET	DT	Definite=Def|PronType=Art	49	det	263	266
usc5-552-doj:u0195:s00	49	meeting	meeting	NOUN	NN	Number=Sing	46	nmod	267	274
usc5-552-doj:u0195:s00	50	.	.	PUNCT	.	_	17	punct	274	275
usc5-552-doj:u0196:s00	1	(	(	PUNCT	-LRB-	_	2	punct	0	1
usc5-552-doj:u0196:s00	2	i	i	X	LS	_	9	nummod	1	2
usc5-552-doj:u0196:s00	3	)	)	PUNCT	-RRB-	_	2	punct	2	3
usc5-552-doj:u0196:s00	4	The	the	DET	DT	Definite=Def|PronType=Art	7	det	4	7
usc5-552-doj:u0196:s00	5	Government	government	NOUN	NN	Number=Sing	6	compound	8	18
usc5-552-doj:u0196:s00	6	Accountability	accountability	NOUN	NN	Number=Sing	7	compound	19	33
usc5-552-doj:u0196:s00	7	Office	Office	PROPN	NNP	Number=Sing	9	nsubj	34	40
usc5-552-doj:u0196:s00	8	shall	shall	AUX	MD	VerbForm=Fin	9	aux	41	46
usc5-552-doj:u0196:s00	9	conduct	conduct	VERB	VB	VerbForm=Inf	0	root	47	54
usc5-552-doj:u0196:s00	10	audits	audit	NOUN	NNS	Number=Plur	9	obj	55	61
usc5-552-doj:u0196:s00	11	of	of	ADP	IN	_	13	case	62	64
usc5-552-doj:u0196:s00	12	administrative	administrative	ADJ	JJ	Degree=Pos	13	amod	65	79
usc5-552-doj:u0196:s00	13	agencies	agency	NOUN	NNS	Number=Plur	10	nmod	80	88
usc5-552-doj:u0196:s00	14	on	on	ADP	IN	_	16	case	89	91
usc5-552-doj:u0196:s00	15	the	the	DET	DT	Definite=Def|PronType=Art	16	det	92	95
usc5-552-doj:u0196:s00	16	implementation	implementation	NOUN	NN	Number=Sing	9	nmod	96	110
usc5-552-doj:u0196:s00	17	of	of	ADP	IN	_	19	case	111	113
usc5-552-doj:u0196:s00	18	this	this	DET	DT	Number=Sing|PronType=Dem	19	det	114	118
usc5-552-doj:u0196:s00	19	section	section	NOUN	NN	Number=Sing	16	nmod	119	126
usc5-552-doj:u0196:s00	20	and	and	CCONJ	CC	_	22	cc	127	130
usc5-552-doj:u0196:s00	21	issue	issue	NOUN	NN	Number=Sing	22	compound	131	136
usc5-552-doj:u0196:s00	22	reports	report	NOUN	NNS	Number=Plur	9	conj	137	144
usc5-552-doj:u0196:s00	23	detailing	detaile	VERB	VBG	VerbForm=Ger	22	acl	145	154
usc5-552-doj:u0196:s00	24	the	the	DET	DT	Definite=Def|PronType=Art	25	det	155	158
usc5-552-doj:u0196:s00	25	results	result	NOUN	NNS	Number=Plur	23	obj	159	166
usc5-552-doj:u0196:s00	26	of	of	ADP	IN	_	28	case	167	169
usc5-552-doj:u0196:s00	27	such	such	ADJ	JJ	Degree=Pos	28	amod	170	174
usc5-552-doj:u0196:s00	28	audits	audit	NOUN	NNS	Number=Plur	25	nmod	175	181
usc5-552-doj:u0196:s00	29	.	.	PUNCT	.	_	9	punct	181	182
usc5-552-doj:u0197:s00	1	(	(	PUNCT	-LRB-	_	2	punct	0	1
usc5-552-doj:u0197:s00	2	j	j	PROPN	NNP	Number=Sing	0	root	1	2
usc5-552-doj:u0197:s00	3	)	)	PUNCT	-RRB-	_	2	punct	2	3
usc5-552-doj:u0197:s00	4	(	(	PUNCT	-LRB-	_	2	punct	3	4
usc5-552-doj:u0197:s00	5	1	1	X	LS	_	2	appos	4	5
usc5-552-doj:u0197:s00	6	)	)	PUNCT	-RRB-	_	2	punct	5	6
usc5-552-doj:u0197:s00	7	Each	Each	DET	DT	_	8	det	7	11
usc5-552-doj:u0197:s00	8	agency	agency	NOUN	NN	Number=Sing	10	nsubj	12	18
usc5-552-doj:u0197:s00	9	shall	shall	AUX	MD	VerbForm=Fin	10	aux	19	24
usc5-552-doj:u0197:s00	10	designate	designate	VERB	VB	VerbForm=Inf	2	parataxis	25	34
usc5-552-doj:u0197:s00	11	a	a	DET	DT	Definite=Ind|PronType=Art	14	det	35	36
usc5-552-doj:u0197:s00	12	Chief	Chief	PROPN	NNP	Number=Sing	14	compound	37	42
usc5-552-doj:u0197:s00	13	FOIA	FOIA	PROPN	NNP	Number=Sing	14	compound	43	47
usc5-552-doj:u0197:s00	14	Officer	Officer	PROPN	NNP	Number=Sing	10	obj	48	55
usc5-552-doj:u0197:s00	15	who	who	PRON	WP	PronType=Rel	20	nsubj	56	59
usc5-552-doj:u0197:s00	16	shall	shall	AUX	MD	VerbForm=Fin	20	aux	60	65
usc5-552-doj:u0197:s00	17	be	be	AUX	VB	VerbForm=Inf	20	cop	66	68
usc5-552-doj:u0197:s00	18	a	a	DET	DT	Definite=Ind|PronType=Art	20	det	69	70
usc5-552-doj:u0197:s00	19	senior	senior	ADJ	JJ	Degree=Pos	20	amod	71	77
usc5-552-doj:u0197:s00	20	official	official	NOUN	NN	Number=Sing	14	acl:relcl	78	86
usc5-552-doj:u0197:s00	21	of	of	ADP	IN	_	23	case	87	89
usc5-552-doj:u0197:s00	22	such	such	ADJ	JJ	Degree=Pos	23	amod	90	94
usc5-552-doj:u0197:s00	23	agency	agency	NOUN	NN	Number=Sing	20	nmod	95	101
usc5-552-doj:u0197:s00	24	(	(	PUNCT	-LRB-	_	23	punct	102	103
usc5-552-doj:u0197:s00	25	at	at	ADP	IN	_	28	case	103	105
usc5-552-doj:u0197:s00	26	the	the	DET	DT	Definite=Def|PronType=Art	28	det	106	109
usc5-552-doj:u0197:s00	27	Assistant	Assistant	NOUN	NN	Number=Sing	28	compound	110	119
usc5-552-doj:u0197:s00	28	Secretary	Secretary	NOUN	NN	Number=Sing	23	nmod	120	129
usc5-552-doj:u0197:s00	29	or	or	CCONJ	CC	_	31	cc	130	132
usc5-552-doj:u0197:s00	30	equivalent	equivalent	ADJ	JJ	Degree=Pos	31	amod	133	143
usc5-552-doj:u0197:s00	31	level	level	NOUN	NN	Number=Sing	28	conj	144	149
usc5-552-doj:u0197:s00	32	)	)	PUNCT	-RRB-	_	23	punct	149	150
usc5-552-doj:u0197:s00	33	.	.	PUNCT	.	_	2	punct	150	151
usc5-552-doj:u0198:s00	1	(	(	PUNCT	-LRB-	_	2	punct	0	1
usc5-552-doj:u0198:s00	2	2	2	X	LS	_	13	nummod	1	2
usc5-552-doj:u0198:s00	3	)	)	PUNCT	-RRB-	_	2	punct	2	3
usc5-552-doj:u0198:s00	4	The	the	DET	DT	Definite=Def|PronType=Art	7	det	4	7
usc5-552-doj:u0198:s00	5	Chief	Chief	PROPN	NNP	Number=Sing	7	compound	8	13
usc5-552-doj:u0198:s00	6	FOIA	FOIA	PROPN	NNP	Number=Sing	7	compound	14	18
usc5-552-doj:u0198:s00	7	Officer	Officer	PROPN	NNP	Number=Sing	13	nsubj	19	26
usc5-552-doj:u0198:s00	8	of	of	ADP	IN	_	11	case	27	29
usc5-552-doj:u0198:s00	9	each	each	DET	DT	_	11	det	30	34
usc5-552-doj:u0198:s00	10	agency	agency	NOUN	NN	Number=Sing	11	compound	35	41
usc5-552-doj:u0198:s00	11	shall	shall	ADJ	JJ	Degree=Pos	13	amod	42	47
usc5-552-doj:u0198:s00	12	,	,	PUNCT	,	_	11	punct	47	48
usc5-552-doj:u0198:s00	13	subject	subject	ADJ	JJ	Degree=Pos	0	root	49	56
usc5-552-doj:u0198:s00	14	to	to	ADP	IN	_	16	case	57	59
usc5-552-doj:u0198:s00	15	the	the	DET	DT	Definite=Def|PronType=Art	16	det	60	63
usc5-552-doj:u0198:s00	16	authority	authority	NOUN	NN	Number=Sing	13	obl	64	73
usc5-552-doj:u0198:s00	17	of	of	ADP	IN	_	19	case	74	76
usc5-552-doj:u0198:s00	18	the	the	DET	DT	Definite=Def|PronType=Art	19	det	77	80
usc5-552-doj:u0198:s00	19	head	head	NOUN	NN	Number=Sing	16	nmod	81	85
usc5-552-doj:u0198:s00	20	of	of	ADP	IN	_	22	case	86	88
usc5-552-doj:u0198:s00	21	the	the	DET	DT	Definite=Def|PronType=Art	22	det	89	92
usc5-552-doj:u0198:s00	22	agency	agency	NOUN	NN	Number=Sing	19	nmod	93	99
usc5-552-doj:u0198:s00	23	–	-	PUNCT	NFP	_	13	punct	100	101
usc5-552-doj:u0199:s00	1	(	(	PUNCT	-LRB-	_	2	punct	0	1
usc5-552-doj:u0199:s00	2	A	a	X	LS	_	4	nummod	1	2
usc5-552-doj:u0199:s00	3	)	)	PUNCT	-RRB-	_	2	punct	2	3
usc5-552-doj:u0199:s00	4	have	have	VERB	VBP	Mood=Ind|Tense=Pres|VerbForm=Fin	0	root	4	8
usc5-552-doj:u0199:s00	5	agency	agency	NOUN	NN	Number=Sing	7	obl:npmod	9	15
usc5-552-doj:u0199:s00	6	-	-	PUNCT	HYPH	_	7	punct	15	16
usc5-552-doj:u0199:s00	7	wide	wide	ADJ	JJ	Degree=Pos	8	amod	16	20
usc5-552-doj:u0199:s00	8	responsibility	responsibility	NOUN	NN	Number=Sing	4	obj	21	35
usc5-552-doj:u0199:s00	9	for	for	ADP	IN	_	13	case	36	39
usc5-552-doj:u0199:s00	10	efficient	efficient	ADJ	JJ	Degree=Pos	13	amod	40	49
usc5-552-doj:u0199:s00	11	and	and	CCONJ	CC	_	12	cc	50	53
usc5-552-doj:u0199:s00	12	appropriate	appropriate	ADJ	JJ	Degree=Pos	10	conj	54	65
usc5-552-doj:u0199:s00	13	compliance	compliance	NOUN	NN	Number=Sing	8	nmod	66	76
usc5-552-doj:u0199:s00	14	with	with	ADP	IN	_	16	case	77	81
usc5-552-doj:u0199:s00	15	this	this	DET	DT	Number=Sing|PronType=Dem	16	det	82	86
usc5-552-doj:u0199:s00	16	section	section	NOUN	NN	Number=Sing	8	nmod	87	94
usc5-552-doj:u0199:s00	17	;	;	PUNCT	.	_	4	punct	94	95
usc5-552-doj:u0200:s00	1	(	(	PUNCT	-LRB-	_	2	punct	0	1
usc5-552-doj:u0200:s00	2	B	b	X	LS	_	5	nummod	1	2
usc5-552-doj:u0200:s00	3	)	)	PUNCT	-RRB-	_	2	punct	2	3
usc5-552-doj:u0200:s00	4	monitor	monitor	NOUN	NN	Number=Sing	5	compound	4	11
usc5-552-doj:u0200:s00	5	implementation	implementation	NOUN	NN	Number=Sing	33	nsubj	12	26
usc5-552-doj:u0200:s00	6	of	of	ADP	IN	_	8	case	27	29
usc5-552-doj:u0200:s00	7	this	this	DET	DT	Number=Sing|PronType=Dem	8	det	30	34
usc5-552-doj:u0200:s00	8	section	section	NOUN	NN	Number=Sing	5	nmod	35	42
usc5-552-doj:u0200:s00	9	throughout	throughout	ADP	IN	_	11	case	43	53
usc5-552-doj:u0200:s00	10	the	the	DET	DT	Definite=Def|PronType=Art	11	det	54	57
usc5-552-doj:u0200:s00	11	agency	agency	NOUN	NN	Number=Sing	5	nmod	58	64
usc5-552-doj:u0200:s00	12	and	and	CCONJ	CC	_	13	cc	65	68
usc5-552-doj:u0200:s00	13	keep	keep	VERB	VB	VerbForm=Inf	5	conj	69	73
usc5-552-doj:u0200:s00	14	the	the	DET	DT	Definite=Def|PronType=Art	15	det	74	77
usc5-552-doj:u0200:s00	15	head	head	NOUN	NN	Number=Sing	13	obj	78	82
usc5-552-doj:u0200:s00	16	of	of	ADP	IN	_	18	case	83	85
usc5-552-doj:u0200:s00	17	the	the	DET	DT	Definite=Def|PronType=Art	18	det	86	89
usc5-552-doj:u0200:s00	18	agency	agency	NOUN	NN	Number=Sing	15	nmod	90	96
usc5-552-doj:u0200:s00	19	,	,	PUNCT	,	_	5	punct	96	97
usc5-552-doj:u0200:s00	20	the	the	DET	DT	Definite=Def|PronType=Art	23	det	98	101
usc5-552-doj:u0200:s00	21	chief	chief	ADJ	JJ	Degree=Pos	23	amod	102	107
usc5-552-doj:u0200:s00	22	legal	legal	ADJ	JJ	Degree=Pos	23	amod	108	113
usc5-552-doj:u0200:s00	23	officer	officer	NOUN	NN	Number=Sing	5	appos	114	121
usc5-552-doj:u0200:s00	24	of	of	ADP	IN	_	26	case	122	124
usc5-552-doj:u0200:s00	25	the	the	DET	DT	Definite=Def|PronType=Art	26	det	125	128
usc5-552-doj:u0200:s00	26	agency	agency	NOUN	NN	Number=Sing	23	nmod	129	135
usc5-552-doj:u0200:s00	27	,	,	PUNCT	,	_	33	punct	135	136
usc5-552-doj:u0200:s00	28	and	and	CCONJ	CC	_	33	cc	137	140
usc5-552-doj:u0200:s00	29	the	the	DET	DT	Definite=Def|PronType=Art	30	det	141	144
usc5-552-doj:u0200:s00	30	Attorney	Attorney	PROPN	NNP	Number=Sing	33	nsubj	145	153
usc5-552-doj:u0200:s00	31	General	General	PROPN	NNP	Number=Sing	30	flat	154	161
usc5-552-doj:u0200:s00	32	appropriately	appropriately	ADV	RB	_	33	advmod	162	175
usc5-552-doj:u0200:s00	33	informed	inform	VERB	VBD	Mood=Ind|Tense=Past|VerbForm=Fin	0	root	176	184
usc5-552-doj:u0200:s00	34	of	of	ADP	IN	_	38	case	185	187
usc5-552-doj:u0200:s00	35	the	the	DET	DT	Definite=Def|PronType=Art	36	det	188	191
usc5-552-doj:u0200:s00	36	agency	agency	NOUN	NN	Number=Sing	38	nmod:poss	192	198
usc5-552-doj:u0200:s00	37	’s	's	PART	POS	_	36	case	198	200
usc5-552-doj:u0200:s00	38	performance	performance	NOUN	NN	Number=Sing	33	obl	201	212
usc5-552-doj:u0200:s00	39	in	in	SCONJ	IN	_	40	mark	213	215
usc5-552-doj:u0200:s00	40	implementing	implement	VERB	VBG	VerbForm=Ger	33	advcl	216	228
usc5-552-doj:u0200:s00	41	this	this	DET	DT	Number=Sing|PronType=Dem	42	det	229	233
usc5-552-doj:u0200:s00	42	section	section	NOUN	NN	Number=Sing	40	obj	234	241
usc5-552-doj:u0200:s00	43	;	;	PUNCT	,	_	33	punct	241	242
usc5-552-doj:u0201:s00	1	(	(	PUNCT	-LRB-	_	2	punct	0	1
usc5-552-doj:u0201:s00	2	C	c	X	LS	_	4	nummod	1	2
usc5-552-doj:u0201:s00	3	)	)	PUNCT	-RRB-	_	2	punct	2	3
usc5-552-doj:u0201:s00	4	recommend	recommend	VERB	VB	VerbForm=Inf	0	root	4	13
usc5-552-doj:u0201:s00	5	to	to	ADP	IN	_	7	case	14	16
usc5-552-doj:u0201:s00	6	the	the	DET	DT	Definite=Def|PronType=Art	7	det	17	20
usc5-552-doj:u0201:s00	7	head	head	NOUN	NN	Number=Sing	4	obl	21	25
usc5-552-doj:u0201:s00	8	of	of	ADP	IN	_	10	case	26	28
usc5-552-doj:u0201:s00	9	the	the	DET	DT	Definite=Def|PronType=Art	10	det	29	32
usc5-552-doj:u0201:s00	10	agency	agency	NOUN	NN	Number=Sing	7	nmod	33	39
usc5-552-doj:u0201:s00	11	such	such	ADJ	JJ	Degree=Pos	12	amod	40	44
usc5-552-doj:u0201:s00	12	adjustments	adjustment	NOUN	NNS	Number=Plur	26	nsubj	45	56
usc5-552-doj:u0201:s00	13	to	to	ADP	IN	_	15	case	57	59
usc5-552-doj:u0201:s00	14	agency	agency	NOUN	NN	Number=Sing	15	compound	60	66
usc5-552-doj:u0201:s00	15	practices	practice	NOUN	NNS	Number=Plur	12	nmod	67	76
usc5-552-doj:u0201:s00	16	,	,	PUNCT	,	_	17	punct	76	77
usc5-552-doj:u0201:s00	17	policies	policy	NOUN	NNS	Number=Plur	15	conj	78	86
usc5-552-doj:u0201:s00	18	,	,	PUNCT	,	_	19	punct	86	87
usc5-552-doj:u0201:s00	19	personnel	personnel	NOUN	NN	Number=Sing	15	conj	88	97
usc5-552-doj:u0201:s00	20	,	,	PUNCT	,	_	22	punct	97	98
usc5-552-doj:u0201:s00	21	and	and	CCONJ	CC	_	22	cc	99	102
usc5-552-doj:u0201:s00	22	funding	funding	NOUN	NN	Number=Sing	15	conj	103	110
usc5-552-doj:u0201:s00	23	as	as	ADV	RB	_	22	advmod	111	113
usc5-552-doj:u0201:s00	24	may	may	AUX	MD	VerbForm=Fin	26	aux	114	117
usc5-552-doj:u0201:s00	25	be	be	AUX	VB	VerbForm=Inf	26	cop	118	120
usc5-552-doj:u0201:s00	26	necessary	necessary	ADJ	JJ	Degree=Pos	4	parataxis	121	130
usc5-552-doj:u0201:s00	27	to	to	PART	TO	_	28	mark	131	133
usc5-552-doj:u0201:s00	28	improve	improve	VERB	VB	VerbForm=Inf	26	advcl	134	141
usc5-552-doj:u0201:s00	29	its	its	PRON	PRP$	Gender=Neut|Number=Sing|Person=3|Poss=Yes|PronType=Prs	30	nmod:poss	142	145
usc5-552-doj:u0201:s00	30	implementation	implementation	NOUN	NN	Number=Sing	28	obj	146	160
usc5-552-doj:u0201:s00	31	of	of	ADP	IN	_	33	case	161	163
usc5-552-doj:u0201:s00	32	this	this	DET	DT	Number=Sing|PronType=Dem	33	det	164	168
usc5-552-doj:u0201:s00	33	section	section	NOUN	NN	Number=Sing	30	nmod	169	176
usc5-552-doj:u0201:s00	34	;	;	PUNCT	.	_	4	punct	176	177
usc5-552-doj:u0202:s00	1	(	(	PUNCT	-LRB-	_	2	punct	0	1
usc5-552-doj:u0202:s00	2	D	d	PROPN	NNP	Number=Sing	0	root	1	2
usc5-552-doj:u0202:s00	3	)	)	PUNCT	-RRB-	_	2	punct	2	3
usc5-552-doj:u0202:s00	4	review	review	NOUN	NN	Number=Sing	2	flat	4	10
usc5-552-doj:u0202:s00	5	and	and	CCONJ	CC	_	6	cc	11	14
usc5-552-doj:u0202:s00	6	report	report	NOUN	NN	Number=Sing	2	conj	15	21
usc5-552-doj:u0202:s00	7	to	to	ADP	IN	_	9	case	22	24
usc5-552-doj:u0202:s00	8	the	the	DET	DT	Definite=Def|PronType=Art	9	det	25	28
usc5-552-doj:u0202:s00	9	Attorney	Attorney	PROPN	NNP	Number=Sing	6	nmod	29	37
usc5-552-doj:u0202:s00	10	General	General	PROPN	NNP	Number=Sing	9	flat	38	45
usc5-552-doj:u0202:s00	11	,	,	PUNCT	,	_	2	punct	45	46
usc5-552-doj:u0202:s00	12	through	through	ADP	IN	_	14	case	47	54
usc5-552-doj:u0202:s00	13	the	the	DET	DT	Definite=Def|PronType=Art	14	det	55	58
usc5-552-doj:u0202:s00	14	head	head	NOUN	NN	Number=Sing	2	nmod	59	63
usc5-552-doj:u0202:s00	15	of	of	ADP	IN	_	17	case	64	66
usc5-552-doj:u0202:s00	16	the	the	DET	DT	Definite=Def|PronType=Art	17	det	67	70
usc5-552-doj:u0202:s00	17	agency	agency	NOUN	NN	Number=Sing	14	nmod	71	77
usc5-552-doj:u0202:s00	18	,	,	PUNCT	,	_	2	punct	77	78
usc5-552-doj:u0202:s00	19	at	at	ADP	IN	_	21	case	79	81
usc5-552-doj:u0202:s00	20	such	such	ADJ	JJ	Degree=Pos	21	amod	82	86
usc5-552-doj:u0202:s00	21	times	time	NOUN	NNS	Number=Plur	31	obl	87	92
usc5-552-doj:u0202:s00	22	and	and	CCONJ	CC	_	25	cc	93	96
usc5-552-doj:u0202:s00	23	in	in	ADP	IN	_	25	case	97	99
usc5-552-doj:u0202:s00	24	such	such	ADJ	JJ	Degree=Pos	25	amod	100	104
usc5-552-doj:u0202:s00	25	formats	formats	NOUN	NNS	Number=Plur	21	conj	105	112
usc5-552-doj:u0202:s00	26	as	as	ADP	IN	_	28	case	113	115
usc5-552-doj:u0202:s00	27	the	the	DET	DT	Definite=Def|PronType=Art	28	det	116	119
usc5-552-doj:u0202:s00	28	Attorney	Attorney	PROPN	NNP	Number=Sing	25	nmod	120	128
usc5-552-doj:u0202:s00	29	General	General	PROPN	NNP	Number=Sing	28	flat	129	136
usc5-552-doj:u0202:s00	30	may	may	AUX	MD	VerbForm=Fin	31	aux	137	140
usc5-552-doj:u0202:s00	31	direct	direct	ADJ	JJ	Degree=Pos	2	parataxis	141	147
usc5-552-doj:u0202:s00	32	,	,	PUNCT	,	_	31	punct	147	148
usc5-552-doj:u0202:s00	33	on	on	ADP	IN	_	37	case	149	151
usc5-552-doj:u0202:s00	34	the	the	DET	DT	Definite=Def|PronType=Art	35	det	152	155
usc5-552-doj:u0202:s00	35	agency	agency	NOUN	NN	Number=Sing	37	nmod:poss	156	162
usc5-552-doj:u0202:s00	36	’s	's	PART	POS	_	35	case	162	164
usc5-552-doj:u0202:s00	37	performance	performance	NOUN	NN	Number=Sing	31	obl	165	176
usc5-552-doj:u0202:s00	38	in	in	SCONJ	IN	_	39	mark	177	179
usc5-552-doj:u0202:s00	39	implementing	implement	VERB	VBG	VerbForm=Ger	31	advcl	180	192
usc5-552-doj:u0202:s00	40	this	this	DET	DT	Number=Sing|PronType=Dem	41	det	193	197
usc5-552-doj:u0202:s00	41	section	section	NOUN	NN	Number=Sing	39	obj	198	205
usc5-552-doj:u0202:s00	42	;	;	PUNCT	,	_	31	punct	205	206
usc5-552-doj:u0203:s00	1	(	(	PUNCT	-LRB-	_	2	punct	0	1
usc5-552-doj:u0203:s00	2	E	e	PROPN	NNP	Number=Sing	0	root	1	2
usc5-552-doj:u0203:s00	3	)	)	PUNCT	-RRB-	_	2	punct	2	3
usc5-552-doj:u0203:s00	4	facilitate	facilitate	ADJ	JJ	Degree=Pos	6	amod	4	14
usc5-552-doj:u0203:s00	5	public	public	ADJ	JJ	Degree=Pos	6	amod	15	21
usc5-552-doj:u0203:s00	6	understanding	understanding	NOUN	NN	Number=Sing	2	appos	22	35
usc5-552-doj:u0203:s00	7	of	of	ADP	IN	_	9	case	36	38
usc5-552-doj:u0203:s00	8	the	the	DET	DT	Definite=Def|PronType=Art	9	det	39	42
usc5-552-doj:u0203:s00	9	purposes	purpose	NOUN	NNS	Number=Plur	6	nmod	43	51
usc5-552-doj:u0203:s00	10	of	of	ADP	IN	_	13	case	52	54
usc5-552-doj:u0203:s00	11	the	the	DET	DT	Definite=Def|PronType=Art	13	det	55	58
usc5-552-doj:u0203:s00	12	statutory	statutory	NOUN	NN	Number=Sing	13	compound	59	68
usc5-552-doj:u0203:s00	13	exemptions	exemption	NOUN	NNS	Number=Plur	9	nmod	69	79
usc5-552-doj:u0203:s00	14	of	of	ADP	IN	_	16	case	80	82
usc5-552-doj:u0203:s00	15	this	this	DET	DT	Number=Sing|PronType=Dem	16	det	83	87
usc5-552-doj:u0203:s00	16	section	section	NOUN	NN	Number=Sing	13	nmod	88	95
usc5-552-doj:u0203:s00	17	by	by	SCONJ	IN	_	18	mark	96	98
usc5-552-doj:u0203:s00	18	including	include	VERB	VBG	VerbForm=Ger	6	acl	99	108
usc5-552-doj:u0203:s00	19	concise	concise	DET	DT	Number=Plur|PronType=Dem	20	det	109	116
usc5-552-doj:u0203:s00	20	descriptions	description	NOUN	NNS	Number=Plur	18	obj	117	129
usc5-552-doj:u0203:s00	21	of	of	ADP	IN	_	23	case	130	132
usc5-552-doj:u0203:s00	22	the	the	DET	DT	Definite=Def|PronType=Art	23	det	133	136
usc5-552-doj:u0203:s00	23	exemptions	exemption	NOUN	NNS	Number=Plur	20	nmod	137	147
usc5-552-doj:u0203:s00	24	in	in	ADP	IN	_	29	case	148	150
usc5-552-doj:u0203:s00	25	both	both	CCONJ	CC	_	29	cc:preconj	151	155
usc5-552-doj:u0203:s00	26	the	the	DET	DT	Definite=Def|PronType=Art	27	det	156	159
usc5-552-doj:u0203:s00	27	agency	agency	NOUN	NN	Number=Sing	29	nmod:poss	160	166
usc5-552-doj:u0203:s00	28	’s	's	PART	POS	_	27	case	166	168
usc5-552-doj:u0203:s00	29	handbook	handbook	NOUN	NN	Number=Sing	20	nmod	169	177
usc5-552-doj:u0203:s00	30	issued	issue	VERB	VBN	Tense=Past|VerbForm=Part	29	acl	178	184
usc5-552-doj:u0203:s00	31	under	under	ADP	IN	_	32	case	185	190
usc5-552-doj:u0203:s00	32	subsection	subsection	NOUN	NN	Number=Sing	30	obl	191	201
usc5-552-doj:u0203:s00	33	(	(	PUNCT	-LRB-	_	34	punct	202	203
usc5-552-doj:u0203:s00	34	g	g	NOUN	NN	Number=Sing	32	appos	203	204
usc5-552-doj:u0203:s00	35	)	)	PUNCT	-RRB-	_	34	punct	204	205
usc5-552-doj:u0203:s00	36	,	,	PUNCT	,	_	42	punct	205	206
usc5-552-doj:u0203:s00	37	and	and	CCONJ	CC	_	42	cc	207	210
usc5-552-doj:u0203:s00	38	the	the	DET	DT	Definite=Def|PronType=Art	39	det	211	214
usc5-552-doj:u0203:s00	39	agency	agency	NOUN	NN	Number=Sing	42	nmod:poss	215	221
usc5-552-doj:u0203:s00	40	’s	's	PART	POS	_	39	case	221	223
usc5-552-doj:u0203:s00	41	annual	annual	ADJ	JJ	Degree=Pos	42	amod	224	230
usc5-552-doj:u0203:s00	42	report	report	NOUN	NN	Number=Sing	6	conj	231	237
usc5-552-doj:u0203:s00	43	on	on	ADP	IN	_	45	case	238	240
usc5-552-doj:u0203:s00	44	this	this	DET	DT	Number=Sing|PronType=Dem	45	det	241	245
usc5-552-doj:u0203:s00	45	section	section	NOUN	NN	Number=Sing	42	nmod	246	253
usc5-552-doj:u0203:s00	46	,	,	PUNCT	,	_	59	punct	253	254
usc5-552-doj:u0203:s00	47	and	and	CCONJ	CC	_	59	cc	255	258
usc5-552-doj:u0203:s00	48	by	by	SCONJ	IN	_	49	mark	259	261
usc5-552-doj:u0203:s00	49	providing	provide	VERB	VBG	VerbForm=Ger	59	advcl	262	271
usc5-552-doj:u0203:s00	50	an	a	DET	DT	Definite=Ind|PronType=Art	51	det	272	274
usc5-552-doj:u0203:s00	51	overview	overview	NOUN	NN	Number=Sing	49	obj	275	283
usc5-552-doj:u0203:s00	52	,	,	PUNCT	,	_	51	punct	283	284
usc5-552-doj:u0203:s00	53	where	where	ADV	WRB	PronType=Rel	54	advmod	285	290
usc5-552-doj:u0203:s00	54	appropriate	appropriate	ADJ	JJ	Degree=Pos	51	acl:relcl	291	302
usc5-552-doj:u0203:s00	55	,	,	PUNCT	,	_	59	punct	302	303
usc5-552-doj:u0203:s00	56	of	of	ADP	IN	_	59	case	304	306
usc5-552-doj:u0203:s00	57	certain	certain	ADJ	JJ	Degree=Pos	59	amod	307	314
usc5-552-doj:u0203:s00	58	general	general	ADJ	JJ	Degree=Pos	59	amod	315	322
usc5-552-doj:u0203:s00	59	categories	category	NOUN	NNS	Number=Plur	6	conj	323	333
usc5-552-doj:u0203:s00	60	of	of	ADP	IN	_	62	case	334	336
usc5-552-doj:u0203:s00	61	agency	agency	NOUN	NN	Number=Sing	62	compound	337	343
usc5-552-doj:u0203:s00	62	records	record	NOUN	NNS	Number=Plur	59	nmod	344	351
usc5-552-doj:u0203:s00	63	to	to	ADP	IN	_	64	case	352	354
usc5-552-doj:u0203:s00	64	which	which	PRON	WDT	PronType=Rel	67	obl	355	360
usc5-552-doj:u0203:s00	65	those	those	DET	DT	Number=Plur|PronType=Dem	66	det	361	366
usc5-552-doj:u0203:s00	66	exemptions	exemption	NOUN	NNS	Number=Plur	67	nsubj	367	377
usc5-552-doj:u0203:s00	67	apply	apply	VERB	VBP	Mood=Ind|Tense=Pres|VerbForm=Fin	62	acl:relcl	378	383
usc5-552-doj:u0203:s00	68	;	;	PUNCT	,	_	2	punct	383	384
usc5-552-doj:u0204:s00	1	(	(	PUNCT	-LRB-	_	2	punct	0	1
usc5-552-doj:u0204:s00	2	F	f	PROPN	NNP	Number=Sing	4	nsubj	1	2
usc5-552-doj:u0204:s00	3	)	)	PUNCT	-RRB-	_	2	punct	2	3
usc5-552-doj:u0204:s00	4	offer	offer	VERB	VBP	Mood=Ind|Tense=Pres|VerbForm=Fin	0	root	4	9
usc5-552-doj:u0204:s00	5	training	training	NOUN	NN	Number=Sing	4	obj	10	18
usc5-552-doj:u0204:s00	6	to	to	ADP	IN	_	8	case	19	21
usc5-552-doj:u0204:s00	7	agency	agency	NOUN	NN	Number=Sing	8	compound	22	28
usc5-552-doj:u0204:s00	8	staff	staff	NOUN	NN	Number=Sing	5	nmod	29	34
usc5-552-doj:u0204:s00	9	regarding	regard	VERB	VBG	VerbForm=Ger	11	case	35	44
usc5-552-doj:u0204:s00	10	their	they	PRON	PRP$	Number=Plur|Person=3|Poss=Yes|PronType=Prs	11	nmod:poss	45	50
usc5-552-doj:u0204:s00	11	responsibilities	responsibility	NOUN	NNS	Number=Plur	5	nmod	51	67
usc5-552-doj:u0204:s00	12	under	under	ADP	IN	_	14	case	68	73
usc5-552-doj:u0204:s00	13	this	this	DET	DT	Number=Sing|PronType=Dem	14	det	74	78
usc5-552-doj:u0204:s00	14	section	section	NOUN	NN	Number=Sing	4	obl	79	86
usc5-552-doj:u0204:s00	15	;	;	PUNCT	,	_	4	punct	86	87
usc5-552-doj:u0205:s00	1	(	(	PUNCT	-LRB-	_	2	punct	0	1
usc5-552-doj:u0205:s00	2	G	g	NOUN	NN	Number=Sing	4	nsubj	1	2
usc5-552-doj:u0205:s00	3	)	)	PUNCT	-RRB-	_	2	punct	2	3
usc5-552-doj:u0205:s00	4	serve	serve	VERB	VBP	Mood=Ind|Tense=Pres|VerbForm=Fin	0	root	4	9
usc5-552-doj:u0205:s00	5	as	as	ADP	IN	_	9	case	10	12
usc5-552-doj:u0205:s00	6	the	the	DET	DT	Definite=Def|PronType=Art	9	det	13	16
usc5-552-doj:u0205:s00	7	primary	primary	ADJ	JJ	Degree=Pos	9	amod	17	24
usc5-552-doj:u0205:s00	8	agency	agency	NOUN	NN	Number=Sing	9	compound	25	31
usc5-552-doj:u0205:s00	9	liaison	liaison	NOUN	NN	Number=Sing	4	obl	32	39
usc5-552-doj:u0205:s00	10	with	with	ADP	IN	_	12	case	40	44
usc5-552-doj:u0205:s00	11	the	the	DET	DT	Definite=Def|PronType=Art	12	det	45	48
usc5-552-doj:u0205:s00	12	Office	Office	NOUN	NN	Number=Sing	9	nmod	49	55
usc5-552-doj:u0205:s00	13	of	of	ADP	IN	_	16	case	56	58
usc5-552-doj:u0205:s00	14	Government	government	NOUN	NN	Number=Sing	16	compound	59	69
usc5-552-doj:u0205:s00	15	Information	Information	NOUN	NN	Number=Sing	16	compound	70	81
usc5-552-doj:u0205:s00	16	Services	service	NOUN	NNS	Number=Plur	12	nmod	82	90
usc5-552-doj:u0205:s00	17	and	and	CCONJ	CC	_	19	cc	91	94
usc5-552-doj:u0205:s00	18	the	the	DET	DT	Definite=Def|PronType=Art	19	det	95	98
usc5-552-doj:u0205:s00	19	Office	Office	NOUN	NN	Number=Sing	12	conj	99	105
usc5-552-doj:u0205:s00	20	of	of	ADP	IN	_	22	case	106	108
usc5-552-doj:u0205:s00	21	Information	Information	NOUN	NN	Number=Sing	22	compound	109	120
usc5-552-doj:u0205:s00	22	Policy	policy	NOUN	NN	Number=Sing	19	nmod	121	127
usc5-552-doj:u0205:s00	23	;	;	PUNCT	,	_	4	punct	127	128
usc5-552-doj:u0205:s00	24	and	and	CCONJ	CC	_	4	cc	129	132
usc5-552-doj:u0206:s00	1	(	(	PUNCT	-LRB-	_	2	punct	0	1
usc5-552-doj:u0206:s00	2	H	h	INTJ	UH	_	4	discourse	1	2
usc5-552-doj:u0206:s00	3	)	)	PUNCT	-RRB-	_	2	punct	2	3
usc5-552-doj:u0206:s00	4	designate	designate	VERB	VBP	Mood=Ind|Tense=Pres|VerbForm=Fin	0	root	4	13
usc5-552-doj:u0206:s00	5	1	1	NUM	CD	NumType=Card	10	nummod	14	15
usc5-552-doj:u0206:s00	6	or	or	CCONJ	CC	_	10	cc	16	18
usc5-552-doj:u0206:s00	7	more	more	ADJ	JJR	Degree=Cmp	10	amod	19	23
usc5-552-doj:u0206:s00	8	FOIA	FOIA	ADJ	JJ	Degree=Pos	10	amod	24	28
usc5-552-doj:u0206:s00	9	Public	Public	NOUN	NN	Number=Sing	10	compound	29	35
usc5-552-doj:u0206:s00	10	Liaisons	Liaisons	NOUN	NNS	Number=Plur	4	conj	36	44
usc5-552-doj:u0206:s00	11	.	.	PUNCT	.	_	4	punct	44	45
usc5-552-doj:u0207:s00	1	(	(	PUNCT	-LRB-	_	2	punct	0	1
usc5-552-doj:u0207:s00	2	3	3	X	LS	_	12	nummod	1	2
usc5-552-doj:u0207:s00	3	)	)	PUNCT	-RRB-	_	2	punct	2	3
usc5-552-doj:u0207:s00	4	The	the	DET	DT	Definite=Def|PronType=Art	7	det	4	7
usc5-552-doj:u0207:s00	5	Chief	Chief	PROPN	NNP	Number=Sing	7	compound	8	13
usc5-552-doj:u0207:s00	6	FOIA	FOIA	PROPN	NNP	Number=Sing	7	compound	14	18
usc5-552-doj:u0207:s00	7	Officer	Officer	PROPN	NNP	Number=Sing	12	nsubj	19	26
usc5-552-doj:u0207:s00	8	of	of	ADP	IN	_	10	case	27	29
usc5-552-doj:u0207:s00	9	each	each	DET	DT	_	10	det	30	34
usc5-552-doj:u0207:s00	10	agency	agency	NOUN	NN	Number=Sing	7	nmod	35	41
usc5-552-doj:u0207:s00	11	shall	shall	AUX	MD	VerbForm=Fin	12	aux	42	47
usc5-552-doj:u0207:s00	12	review	review	VERB	VB	VerbForm=Inf	0	root	48	54
usc5-552-doj:u0207:s00	13	,	,	PUNCT	,	_	12	punct	54	55
usc5-552-doj:u0207:s00	14	not	not	ADV	RB	_	15	advmod	56	59
usc5-552-doj:u0207:s00	15	less	less	ADV	RBR	Degree=Cmp	16	advmod	60	64
usc5-552-doj:u0207:s00	16	frequently	frequently	ADV	RB	_	18	advmod	65	75
usc5-552-doj:u0207:s00	17	than	than	ADP	IN	_	18	case	76	80
usc5-552-doj:u0207:s00	18	annually	annually	ADV	RB	_	12	advmod	81	89
usc5-552-doj:u0207:s00	19	,	,	PUNCT	,	_	21	punct	89	90
usc5-552-doj:u0207:s00	20	all	all	DET	DT	_	21	det	91	94
usc5-552-doj:u0207:s00	21	aspects	aspect	NOUN	NNS	Number=Plur	12	parataxis	95	102
usc5-552-doj:u0207:s00	22	of	of	ADP	IN	_	24	case	103	105
usc5-552-doj:u0207:s00	23	the	the	DET	DT	Definite=Def|PronType=Art	24	det	106	109
usc5-552-doj:u0207:s00	24	administration	administration	NOUN	NN	Number=Sing	21	nmod	110	124
usc5-552-doj:u0207:s00	25	of	of	ADP	IN	_	27	case	125	127
usc5-552-doj:u0207:s00	26	this	this	DET	DT	Number=Sing|PronType=Dem	27	det	128	132
usc5-552-doj:u0207:s00	27	section	section	NOUN	NN	Number=Sing	24	nmod	133	140
usc5-552-doj:u0207:s00	28	by	by	ADP	IN	_	30	case	141	143
usc5-552-doj:u0207:s00	29	the	the	DET	DT	Definite=Def|PronType=Art	30	det	144	147
usc5-552-doj:u0207:s00	30	agency	agency	NOUN	NN	Number=Sing	21	nmod	148	154
usc5-552-doj:u0207:s00	31	to	to	PART	TO	_	32	mark	155	157
usc5-552-doj:u0207:s00	32	ensure	ensure	VERB	VB	VerbForm=Inf	30	acl	158	164
usc5-552-doj:u0207:s00	33	compliance	compliance	NOUN	NN	Number=Sing	32	obj	165	175
usc5-552-doj:u0207:s00	34	with	with	ADP	IN	_	36	case	176	180
usc5-552-doj:u0207:s00	35	the	the	DET	DT	Definite=Def|PronType=Art	36	det	181	184
usc5-552-doj:u0207:s00	36	requirements	requirement	NOUN	NNS	Number=Plur	33	nmod	185	197
usc5-552-doj:u0207:s00	37	of	of	ADP	IN	_	39	case	198	200
usc5-552-doj:u0207:s00	38	this	this	DET	DT	Number=Sing|PronType=Dem	39	det	201	205
usc5-552-doj:u0207:s00	39	section	section	NOUN	NN	Number=Sing	36	nmod	206	213
usc5-552-doj:u0207:s00	40	,	,	PUNCT	,	_	36	punct	213	214
usc5-552-doj:u0207:s00	41	including	include	VERB	VBG	VerbForm=Ger	12	acl	215	224
usc5-552-doj:u0207:s00	42	–	-	PUNCT	NFP	_	12	punct	225	226
usc5-552-doj:u0208:s00	1	(	(	PUNCT	-LRB-	_	2	punct	0	1
usc5-552-doj:u0208:s00	2	A	a	X	LS	_	5	nummod	1	2
usc5-552-doj:u0208:s00	3	)	)	PUNCT	-RRB-	_	2	punct	2	3
usc5-552-doj:u0208:s00	4	agency	agency	NOUN	NN	Number=Sing	5	compound	4	10
usc5-552-doj:u0208:s00	5	regulations	regulation	NOUN	NNS	Number=Plur	0	root	11	22
usc5-552-doj:u0208:s00	6	;	;	PUNCT	,	_	5	punct	22	23
usc5-552-doj:u0209:s00	1	(	(	PUNCT	-LRB-	_	2	punct	0	1
usc5-552-doj:u0209:s00	2	B	b	X	LS	_	4	nummod	1	2
usc5-552-doj:u0209:s00	3	)	)	PUNCT	-RRB-	_	2	punct	2	3
usc5-552-doj:u0209:s00	4	disclosure	disclosure	NOUN	NN	Number=Sing	0	root	4	14
usc5-552-doj:u0209:s00	5	of	of	ADP	IN	_	6	case	15	17
usc5-552-doj:u0209:s00	6	records	record	NOUN	NNS	Number=Plur	4	nmod	18	25
usc5-552-doj:u0209:s00	7	required	require	VERB	VBN	Tense=Past|VerbForm=Part	4	acl	26	34
usc5-552-doj:u0209:s00	8	under	under	ADP	IN	_	9	case	35	40
usc5-552-doj:u0209:s00	9	paragraphs	paragraph	NOUN	NNS	Number=Plur	7	obl	41	51
usc5-552-doj:u0209:s00	10	(	(	PUNCT	-LRB-	_	11	punct	52	53
usc5-552-doj:u0209:s00	11	2	2	NUM	CD	NumType=Card	4	appos	53	54
usc5-552-doj:u0209:s00	12	)	)	PUNCT	-RRB-	_	11	punct	54	55
usc5-552-doj:u0209:s00	13	and	and	CCONJ	CC	_	15	cc	56	59
usc5-552-doj:u0209:s00	14	(	(	PUNCT	-LRB-	_	15	punct	60	61
usc5-552-doj:u0209:s00	15	8	8	X	LS	_	4	conj	61	62
usc5-552-doj:u0209:s00	16	)	)	PUNCT	-RRB-	_	15	punct	62	63
usc5-552-doj:u0209:s00	17	of	of	ADP	IN	_	18	case	64	66
usc5-552-doj:u0209:s00	18	subsection	subsection	NOUN	NN	Number=Sing	15	nmod	67	77
usc5-552-doj:u0209:s00	19	(	(	PUNCT	-LRB-	_	20	punct	78	79
usc5-552-doj:u0209:s00	20	a	a	NOUN	NN	Number=Sing	18	appos	79	80
usc5-552-doj:u0209:s00	21	)	)	PUNCT	-RRB-	_	20	punct	80	81
usc5-552-doj:u0209:s00	22	;	;	PUNCT	,	_	4	punct	81	82
usc5-552-doj:u0210:s00	1	(	(	PUNCT	-LRB-	_	2	punct	0	1
usc5-552-doj:u0210:s00	2	C	c	X	LS	_	4	nummod	1	2
usc5-552-doj:u0210:s00	3	)	)	PUNCT	-RRB-	_	2	punct	2	3
usc5-552-doj:u0210:s00	4	assessment	assessment	NOUN	NN	Number=Sing	0	root	4	14
usc5-552-doj:u0210:s00	5	of	of	ADP	IN	_	6	case	15	17
usc5-552-doj:u0210:s00	6	fees	fe	NOUN	NNS	Number=Plur	4	nmod	18	22
usc5-552-doj:u0210:s00	7	and	and	CCONJ	CC	_	8	cc	23	26
usc5-552-doj:u0210:s00	8	determination	determination	NOUN	NN	Number=Sing	6	conj	27	40
usc5-552-doj:u0210:s00	9	of	of	ADP	IN	_	10	case	41	43
usc5-552-doj:u0210:s00	10	eligibility	eligibility	NOUN	NN	Number=Sing	6	nmod	44	55
usc5-552-doj:u0210:s00	11	for	for	ADP	IN	_	13	case	56	59
usc5-552-doj:u0210:s00	12	fee	fee	NOUN	NN	Number=Sing	13	compound	60	63
usc5-552-doj:u0210:s00	13	waivers	waiver	NOUN	NNS	Number=Plur	4	nmod	64	71
usc5-552-doj:u0210:s00	14	;	;	PUNCT	,	_	4	punct	71	72
usc5-552-doj:u0211:s00	1	(	(	PUNCT	-LRB-	_	2	punct	0	1
usc5-552-doj:u0211:s00	2	D	d	PROPN	NNP	Number=Sing	0	root	1	2
usc5-552-doj:u0211:s00	3	)	)	PUNCT	-RRB-	_	2	punct	2	3
usc5-552-doj:u0211:s00	4	the	the	DET	DT	Definite=Def|PronType=Art	6	det	4	7
usc5-552-doj:u0211:s00	5	timely	timely	ADJ	JJ	Degree=Pos	6	amod	8	14
usc5-552-doj:u0211:s00	6	processing	processing	NOUN	NN	Number=Sing	2	appos	15	25
usc5-552-doj:u0211:s00	7	of	of	ADP	IN	_	8	case	26	28
usc5-552-doj:u0211:s00	8	requests	request	NOUN	NNS	Number=Plur	6	nmod	29	37
usc5-552-doj:u0211:s00	9	for	for	ADP	IN	_	10	case	38	41
usc5-552-doj:u0211:s00	10	information	information	NOUN	NN	Number=Sing	8	nmod	42	53
usc5-552-doj:u0211:s00	11	under	under	ADP	IN	_	13	case	54	59
usc5-552-doj:u0211:s00	12	this	this	DET	DT	Number=Sing|PronType=Dem	13	det	60	64
usc5-552-doj:u0211:s00	13	section	section	NOUN	NN	Number=Sing	6	nmod	65	72
usc5-552-doj:u0211:s00	14	;	;	PUNCT	.	_	2	punct	72	73
usc5-552-doj:u0212:s00	1	(	(	PUNCT	-LRB-	_	2	punct	0	1
usc5-552-doj:u0212:s00	2	E	e	PROPN	NNP	Number=Sing	0	root	1	2
usc5-552-doj:u0212:s00	3	)	)	PUNCT	-RRB-	_	2	punct	2	3
usc5-552-doj:u0212:s00	4	the	the	DET	DT	Definite=Def|PronType=Art	5	det	4	7
usc5-552-doj:u0212:s00	5	use	use	NOUN	NN	Number=Sing	2	appos	8	11
usc5-552-doj:u0212:s00	6	of	of	ADP	IN	_	7	case	12	14
usc5-552-doj:u0212:s00	7	exemptions	exemption	NOUN	NNS	Number=Plur	5	nmod	15	25
usc5-552-doj:u0212:s00	8	under	under	ADP	IN	_	9	case	26	31
usc5-552-doj:u0212:s00	9	subsection	subsection	NOUN	NN	Number=Sing	5	nmod	32	42
usc5-552-doj:u0212:s00	10	(	(	PUNCT	-LRB-	_	9	punct	43	44
usc5-552-doj:u0212:s00	11	b	b	X	LS	_	9	advmod	44	45
usc5-552-doj:u0212:s00	12	)	)	PUNCT	-RRB-	_	9	punct	45	46
usc5-552-doj:u0212:s00	13	;	;	PUNCT	,	_	2	punct	46	47
usc5-552-doj:u0212:s00	14	and	and	CCONJ	CC	_	2	cc	48	51
usc5-552-doj:u0213:s00	1	(	(	PUNCT	-LRB-	_	2	punct	0	1
usc5-552-doj:u0213:s00	2	F	f	PROPN	NNP	Number=Sing	0	root	1	2
usc5-552-doj:u0213:s00	3	)	)	PUNCT	-RRB-	_	2	punct	2	3
usc5-552-doj:u0213:s00	4	dispute	dispute	NOUN	NN	Number=Sing	6	compound	4	11
usc5-552-doj:u0213:s00	5	resolution	resolution	NOUN	NN	Number=Sing	6	compound	12	22
usc5-552-doj:u0213:s00	6	services	service	NOUN	NNS	Number=Plur	2	appos	23	31
usc5-552-doj:u0213:s00	7	with	with	ADP	IN	_	9	case	32	36
usc5-552-doj:u0213:s00	8	the	the	DET	DT	Definite=Def|PronType=Art	9	det	37	40
usc5-552-doj:u0213:s00	9	assistance	assistance	NOUN	NN	Number=Sing	6	nmod	41	51
usc5-552-doj:u0213:s00	10	of	of	ADP	IN	_	12	case	52	54
usc5-552-doj:u0213:s00	11	the	the	DET	DT	Definite=Def|PronType=Art	12	det	55	58
usc5-552-doj:u0213:s00	12	Office	Office	PROPN	NNP	Number=Sing	9	nmod	59	65
usc5-552-doj:u0213:s00	13	of	of	ADP	IN	_	16	case	66	68
usc5-552-doj:u0213:s00	14	Government	government	NOUN	NN	Number=Sing	15	compound	69	79
usc5-552-doj:u0213:s00	15	Information	Information	NOUN	NN	Number=Sing	16	compound	80	91
usc5-552-doj:u0213:s00	16	Services	Services	NOUN	NNS	Number=Plur	12	nmod	92	100
usc5-552-doj:u0213:s00	17	or	or	CCONJ	CC	_	21	cc	101	103
usc5-552-doj:u0213:s00	18	the	the	DET	DT	Definite=Def|PronType=Art	21	det	104	107
usc5-552-doj:u0213:s00	19	FOIA	FOIA	PROPN	NNP	Number=Sing	21	compound	108	112
usc5-552-doj:u0213:s00	20	Public	Public	PROPN	NNP	Number=Sing	21	compound	113	119
usc5-552-doj:u0213:s00	21	Liaison	Liaison	PROPN	NNP	Number=Sing	12	conj	120	127
usc5-552-doj:u0213:s00	22	.	.	PUNCT	.	_	2	punct	127	128
usc5-552-doj:u0214:s00	1	(	(	PUNCT	-LRB-	_	2	punct	0	1
usc5-552-doj:u0214:s00	2	k	k	NUM	CD	NumType=Card	0	root	1	2
usc5-552-doj:u0214:s00	3	)	)	PUNCT	-RRB-	_	2	punct	2	3
usc5-552-doj:u0214:s00	4	(	(	PUNCT	-LRB-	_	2	punct	3	4
usc5-552-doj:u0214:s00	5	1	1	X	LS	_	2	appos	4	5
usc5-552-doj:u0214:s00	6	)	)	PUNCT	-RRB-	_	2	punct	5	6
usc5-552-doj:u0214:s01	1	There	there	PRON	EX	_	3	nsubj:pass	0	5
usc5-552-doj:u0214:s01	2	is	be	AUX	VBZ	Mood=Ind|Number=Sing|Person=3|Tense=Pres|VerbForm=Fin	3	aux:pass	6	8
usc5-552-doj:u0214:s01	3	established	establish	VERB	VBN	Tense=Past|VerbForm=Part	0	root	9	20
usc5-552-doj:u0214:s01	4	in	in	ADP	IN	_	7	case	21	23
usc5-552-doj:u0214:s01	5	the	the	DET	DT	Definite=Def|PronType=Art	7	det	24	27
usc5-552-doj:u0214:s01	6	executive	executive	ADJ	JJ	Degree=Pos	7	amod	28	37
usc5-552-doj:u0214:s01	7	branch	branch	NOUN	NN	Number=Sing	3	obl	38	44
usc5-552-doj:u0214:s01	8	the	the	DET	DT	Definite=Def|PronType=Art	12	det	45	48
usc5-552-doj:u0214:s01	9	Chief	Chief	PROPN	NNP	Number=Sing	12	compound	49	54
usc5-552-doj:u0214:s01	10	FOIA	FOIA	PROPN	NNP	Number=Sing	11	compound	55	59
usc5-552-doj:u0214:s01	11	Officers	officers	PROPN	NNPS	Number=Plur	12	compound	60	68
usc5-552-doj:u0214:s01	12	Council	Council	PROPN	NNP	Number=Sing	7	appos	69	76
usc5-552-doj:u0214:s01	13	(	(	PUNCT	-LRB-	_	14	punct	77	78
usc5-552-doj:u0214:s01	14	referred	refer	VERB	VBN	Tense=Past|VerbForm=Part	12	acl	78	86
usc5-552-doj:u0214:s01	15	to	to	ADP	IN	_	18	case	87	89
usc5-552-doj:u0214:s01	16	in	in	ADP	IN	_	18	case	90	92
usc5-552-doj:u0214:s01	17	this	this	DET	DT	Number=Sing|PronType=Dem	18	det	93	97
usc5-552-doj:u0214:s01	18	subsection	subsection	NOUN	NN	Number=Sing	14	obl	98	108
usc5-552-doj:u0214:s01	19	as	as	ADP	IN	_	22	case	109	111
usc5-552-doj:u0214:s01	20	the	the	DET	DT	Definite=Def|PronType=Art	22	det	112	115
usc5-552-doj:u0214:s01	21	‘	'	PUNCT	``	_	22	punct	116	117
usc5-552-doj:u0214:s01	22	Council	Council	NOUN	NN	Number=Sing	14	obl	117	124
usc5-552-doj:u0214:s01	23	’	'	PUNCT	''	_	22	punct	124	125
usc5-552-doj:u0214:s01	24	)	)	PUNCT	-RRB-	_	22	punct	125	126
usc5-552-doj:u0214:s01	25	.	.	PUNCT	.	_	3	punct	126	127
usc5-552-doj:u0215:s00	1	(	(	PUNCT	-LRB-	_	2	punct	0	1
usc5-552-doj:u0215:s00	2	2	2	X	LS	_	8	nummod	1	2
usc5-552-doj:u0215:s00	3	)	)	PUNCT	-RRB-	_	2	punct	2	3
usc5-552-doj:u0215:s00	4	The	the	DET	DT	Definite=Def|PronType=Art	5	det	4	7
usc5-552-doj:u0215:s00	5	Council	Council	PROPN	NNP	Number=Sing	8	nsubj:pass	8	15
usc5-552-doj:u0215:s00	6	shall	shall	AUX	MD	VerbForm=Fin	8	aux	16	21
usc5-552-doj:u0215:s00	7	be	be	AUX	VB	VerbForm=Inf	8	aux:pass	22	24
usc5-552-doj:u0215:s00	8	comprised	comprise	VERB	VBN	Tense=Past|VerbForm=Part|Voice=Pass	0	root	25	34
usc5-552-doj:u0215:s00	9	of	of	ADP	IN	_	12	case	35	37
usc5-552-doj:u0215:s00	10	the	the	DET	DT	Definite=Def|PronType=Art	12	det	38	41
usc5-552-doj:u0215:s00	11	following	follow	VERB	VBG	VerbForm=Ger	12	amod	42	51
usc5-552-doj:u0215:s00	12	members	member	NOUN	NNS	Number=Plur	8	obl	52	59
usc5-552-doj:u0215:s00	13	:	:	PUNCT	:	_	8	punct	59	60
usc5-552-doj:u0216:s00	1	(	(	PUNCT	-LRB-	_	2	punct	0	1
usc5-552-doj:u0216:s00	2	A	a	X	LS	_	0	root	1	2
usc5-552-doj:u0216:s00	3	)	)	PUNCT	-RRB-	_	2	punct	2	3
usc5-552-doj:u0216:s00	4	The	the	DET	DT	Definite=Def|PronType=Art	6	det	4	7
usc5-552-doj:u0216:s00	5	Deputy	deputy	NOUN	NN	Number=Sing	6	compound	8	14
usc5-552-doj:u0216:s00	6	Director	director	NOUN	NN	Number=Sing	2	appos	15	23
usc5-552-doj:u0216:s00	7	for	for	ADP	IN	_	8	case	24	27
usc5-552-doj:u0216:s00	8	Management	management	NOUN	NN	Number=Sing	6	nmod	28	38
usc5-552-doj:u0216:s00	9	of	of	ADP	IN	_	11	case	39	41
usc5-552-doj:u0216:s00	10	the	the	DET	DT	Definite=Def|PronType=Art	11	det	42	45
usc5-552-doj:u0216:s00	11	Office	Office	PROPN	NNP	Number=Sing	8	nmod	46	52
usc5-552-doj:u0216:s00	12	of	of	ADP	IN	_	13	case	53	55
usc5-552-doj:u0216:s00	13	Management	management	PROPN	NNP	Number=Sing	11	nmod	56	66
usc5-552-doj:u0216:s00	14	and	and	CCONJ	CC	_	15	cc	67	70
usc5-552-doj:u0216:s00	15	Budget	budget	PROPN	NNP	Number=Sing	13	conj	71	77
usc5-552-doj:u0216:s00	16	.	.	PUNCT	.	_	2	punct	77	78
usc5-552-doj:u0217:s00	1	(	(	PUNCT	-LRB-	_	2	punct	0	1
usc5-552-doj:u0217:s00	2	B	b	X	LS	_	0	root	1	2
usc5-552-doj:u0217:s00	3	)	)	PUNCT	-RRB-	_	2	punct	2	3
usc5-552-doj:u0217:s00	4	The	the	DET	DT	Definite=Def|PronType=Art	5	det	4	7
usc5-552-doj:u0217:s00	5	Director	director	NOUN	NN	Number=Sing	2	appos	8	16
usc5-552-doj:u0217:s00	6	of	of	ADP	IN	_	8	case	17	19
usc5-552-doj:u0217:s00	7	the	the	DET	DT	Definite=Def|PronType=Art	8	det	20	23
usc5-552-doj:u0217:s00	8	Office	Office	PROPN	NNP	Number=Sing	5	nmod	24	30
usc5-552-doj:u0217:s00	9	of	of	ADP	IN	_	11	case	31	33
usc5-552-doj:u0217:s00	10	Information	Information	NOUN	NN	Number=Sing	11	compound	34	45
usc5-552-doj:u0217:s00	11	Policy	policy	NOUN	NN	Number=Sing	8	nmod	46	52
usc5-552-doj:u0217:s00	12	at	at	ADP	IN	_	14	case	53	55
usc5-552-doj:u0217:s00	13	the	the	DET	DT	Definite=Def|PronType=Art	14	det	56	59
usc5-552-doj:u0217:s00	14	Department	Department	PROPN	NNP	Number=Sing	8	nmod	60	70
usc5-552-doj:u0217:s00	15	of	of	ADP	IN	_	16	case	71	73
usc5-552-doj:u0217:s00	16	Justice	justice	PROPN	NNP	Number=Sing	14	nmod	74	81
usc5-552-doj:u0217:s00	17	.	.	PUNCT	.	_	2	punct	81	82
usc5-552-doj:u0218:s00	1	(	(	PUNCT	-LRB-	_	2	punct	0	1
usc5-552-doj:u0218:s00	2	C	c	X	LS	_	0	root	1	2
usc5-552-doj:u0218:s00	3	)	)	PUNCT	-RRB-	_	2	punct	2	3
usc5-552-doj:u0218:s00	4	The	the	DET	DT	Definite=Def|PronType=Art	5	det	4	7
usc5-552-doj:u0218:s00	5	Director	director	NOUN	NN	Number=Sing	2	appos	8	16
usc5-552-doj:u0218:s00	6	of	of	ADP	IN	_	8	case	17	19
usc5-552-doj:u0218:s00	7	the	the	DET	DT	Definite=Def|PronType=Art	8	det	20	23
usc5-552-doj:u0218:s00	8	Office	Office	PROPN	NNP	Number=Sing	5	nmod	24	30
usc5-552-doj:u0218:s00	9	of	of	ADP	IN	_	12	case	31	33
usc5-552-doj:u0218:s00	10	Government	government	NOUN	NN	Number=Sing	12	compound	34	44
usc5-552-doj:u0218:s00	11	Information	Information	NOUN	NN	Number=Sing	12	compound	45	56
usc5-552-doj:u0218:s00	12	Services	service	NOUN	NNS	Number=Plur	8	nmod	57	65
usc5-552-doj:u0218:s00	13	.	.	PUNCT	.	_	2	punct	65	66
usc5-552-doj:u0219:s00	1	(	(	PUNCT	-LRB-	_	2	punct	0	1
usc5-552-doj:u0219:s00	2	D	d	PROPN	NNP	Number=Sing	0	root	1	2
usc5-552-doj:u0219:s00	3	)	)	PUNCT	-RRB-	_	2	punct	2	3
usc5-552-doj:u0219:s00	4	The	the	DET	DT	Definite=Def|PronType=Art	7	det	4	7
usc5-552-doj:u0219:s00	5	Chief	Chief	PROPN	NNP	Number=Sing	7	compound	8	13
usc5-552-doj:u0219:s00	6	FOIA	FOIA	PROPN	NNP	Number=Sing	7	compound	14	18
usc5-552-doj:u0219:s00	7	Officer	Officer	PROPN	NNP	Number=Sing	2	appos	19	26
usc5-552-doj:u0219:s00	8	of	of	ADP	IN	_	10	case	27	29
usc5-552-doj:u0219:s00	9	each	each	DET	DT	_	10	det	30	34
usc5-552-doj:u0219:s00	10	agency	agency	NOUN	NN	Number=Sing	7	nmod	35	41
usc5-552-doj:u0219:s00	11	.	.	PUNCT	.	_	2	punct	41	42
usc5-552-doj:u0220:s00	1	(	(	PUNCT	-LRB-	_	2	punct	0	1
usc5-552-doj:u0220:s00	2	E	e	PROPN	NNP	Number=Sing	0	root	1	2
usc5-552-doj:u0220:s00	3	)	)	PUNCT	-RRB-	_	2	punct	2	3
usc5-552-doj:u0220:s01	1	Any	any	DET	DT	_	3	det	0	3
usc5-552-doj:u0220:s01	2	other	other	ADJ	JJ	Degree=Pos	3	amod	4	9
usc5-552-doj:u0220:s01	3	officer	officer	NOUN	NN	Number=Sing	0	root	10	17
usc5-552-doj:u0220:s01	4	or	or	CCONJ	CC	_	5	cc	18	20
usc5-552-doj:u0220:s01	5	employee	employee	NOUN	NN	Number=Sing	3	conj	21	29
usc5-552-doj:u0220:s01	6	of	of	ADP	IN	_	9	case	30	32
usc5-552-doj:u0220:s01	7	the	the	DET	DT	Definite=Def|PronType=Art	9	det	33	36
usc5-552-doj:u0220:s01	8	United	United	PROPN	NNP	Number=Sing	9	compound	37	43
usc5-552-doj:u0220:s01	9	States	States	PROPN	NNP	Number=Sing	3	nmod	44	50
usc5-552-doj:u0220:s01	10	as	as	SCONJ	IN	_	11	mark	51	53
usc5-552-doj:u0220:s01	11	designated	designate	VERB	VBN	Tense=Past|VerbForm=Part	3	advcl	54	64
usc5-552-doj:u0220:s01	12	by	by	ADP	IN	_	15	case	65	67
usc5-552-doj:u0220:s01	13	the	the	DET	DT	Definite=Def|PronType=Art	15	det	68	71
usc5-552-doj:u0220:s01	14	Co-	co-	NOUN	NN	Number=Sing	15	compound	72	75
usc5-552-doj:u0220:s01	15	Chairs	chair	NOUN	NNS	Number=Plur	11	obl	75	81
usc5-552-doj:u0220:s01	16	.	.	PUNCT	.	_	3	punct	81	82
usc5-552-doj:u0221:s00	1	(	(	PUNCT	-LRB-	_	2	punct	0	1
usc5-552-doj:u0221:s00	2	3	3	X	LS	_	31	nummod	1	2
usc5-552-doj:u0221:s00	3	)	)	PUNCT	-RRB-	_	2	punct	2	3
usc5-552-doj:u0221:s00	4	The	the	DET	DT	Definite=Def|PronType=Art	5	det	4	7
usc5-552-doj:u0221:s00	5	Director	director	NOUN	NN	Number=Sing	31	nsubj	8	16
usc5-552-doj:u0221:s00	6	of	of	ADP	IN	_	8	case	17	19
usc5-552-doj:u0221:s00	7	the	the	DET	DT	Definite=Def|PronType=Art	8	det	20	23
usc5-552-doj:u0221:s00	8	Office	Office	PROPN	NNP	Number=Sing	5	nmod	24	30
usc5-552-doj:u0221:s00	9	of	of	ADP	IN	_	11	case	31	33
usc5-552-doj:u0221:s00	10	Information	Information	NOUN	NN	Number=Sing	11	compound	34	45
usc5-552-doj:u0221:s00	11	Policy	policy	NOUN	NN	Number=Sing	8	nmod	46	52
usc5-552-doj:u0221:s00	12	at	at	ADP	IN	_	14	case	53	55
usc5-552-doj:u0221:s00	13	the	the	DET	DT	Definite=Def|PronType=Art	14	det	56	59
usc5-552-doj:u0221:s00	14	Department	Department	PROPN	NNP	Number=Sing	8	nmod	60	70
usc5-552-doj:u0221:s00	15	of	of	ADP	IN	_	16	case	71	73
usc5-552-doj:u0221:s00	16	Justice	Justice	PROPN	NNP	Number=Sing	14	nmod	74	81
usc5-552-doj:u0221:s00	17	and	and	CCONJ	CC	_	19	cc	82	85
usc5-552-doj:u0221:s00	18	the	the	DET	DT	Definite=Def|PronType=Art	19	det	86	89
usc5-552-doj:u0221:s00	19	Director	director	NOUN	NN	Number=Sing	14	conj	90	98
usc5-552-doj:u0221:s00	20	of	of	ADP	IN	_	22	case	99	101
usc5-552-doj:u0221:s00	21	the	the	DET	DT	Definite=Def|PronType=Art	22	det	102	105
usc5-552-doj:u0221:s00	22	Office	Office	PROPN	NNP	Number=Sing	19	nmod	106	112
usc5-552-doj:u0221:s00	23	of	of	ADP	IN	_	26	case	113	115
usc5-552-doj:u0221:s00	24	Government	government	NOUN	NN	Number=Sing	26	compound	116	126
usc5-552-doj:u0221:s00	25	Information	Information	NOUN	NN	Number=Sing	26	compound	127	138
usc5-552-doj:u0221:s00	26	Services	service	NOUN	NNS	Number=Plur	22	nmod	139	147
usc5-552-doj:u0221:s00	27	shall	shall	AUX	MD	VerbForm=Fin	31	aux	148	153
usc5-552-doj:u0221:s00	28	be	be	AUX	VB	VerbForm=Inf	31	cop	154	156
usc5-552-doj:u0221:s00	29	the	the	DET	DT	Definite=Def|PronType=Art	31	det	157	160
usc5-552-doj:u0221:s00	30	Co-	co-	NOUN	NN	Number=Sing	31	compound	161	164
usc5-552-doj:u0221:s00	31	Chairs	chair	NOUN	NNS	Number=Plur	0	root	164	170
usc5-552-doj:u0221:s00	32	of	of	ADP	IN	_	34	case	171	173
usc5-552-doj:u0221:s00	33	the	the	DET	DT	Definite=Def|PronType=Art	34	det	174	177
usc5-552-doj:u0221:s00	34	Council	council	PROPN	NNP	Number=Sing	31	nmod	178	185
usc5-552-doj:u0221:s00	35	.	.	PUNCT	.	_	31	punct	185	186
usc5-552-doj:u0222:s00	1	(	(	PUNCT	-LRB-	_	2	punct	0	1
usc5-552-doj:u0222:s00	2	4	4	X	LS	_	10	nummod	1	2
usc5-552-doj:u0222:s00	3	)	)	PUNCT	-RRB-	_	2	punct	2	3
usc5-552-doj:u0222:s00	4	The	the	DET	DT	Definite=Def|PronType=Art	5	det	4	7
usc5-552-doj:u0222:s00	5	Administrator	administrator	NOUN	NN	Number=Sing	10	nsubj	8	21
usc5-552-doj:u0222:s00	6	of	of	ADP	IN	_	8	case	22	24
usc5-552-doj:u0222:s00	7	General	General	ADJ	JJ	Degree=Pos	8	amod	25	32
usc5-552-doj:u0222:s00	8	Services	Services	NOUN	NNS	Number=Plur	5	nmod	33	41
usc5-552-doj:u0222:s00	9	shall	shall	AUX	MD	VerbForm=Fin	10	aux	42	47
usc5-552-doj:u0222:s00	10	provide	provide	VERB	VB	VerbForm=Inf	0	root	48	55
usc5-552-doj:u0222:s00	11	administrative	administrative	ADJ	JJ	Degree=Pos	14	amod	56	70
usc5-552-doj:u0222:s00	12	and	and	CCONJ	CC	_	13	cc	71	74
usc5-552-doj:u0222:s00	13	other	other	ADJ	JJ	Degree=Pos	11	conj	75	80
usc5-552-doj:u0222:s00	14	support	support	NOUN	NN	Number=Sing	10	obj	81	88
usc5-552-doj:u0222:s00	15	for	for	ADP	IN	_	17	case	89	92
usc5-552-doj:u0222:s00	16	the	the	DET	DT	Definite=Def|PronType=Art	17	det	93	96
usc5-552-doj:u0222:s00	17	Council	Council	NOUN	NN	Number=Sing	14	nmod	97	104
usc5-552-doj:u0222:s00	18	.	.	PUNCT	.	_	10	punct	104	105
usc5-552-doj:u0223:s00	1	(	(	PUNCT	-LRB-	_	2	punct	0	1
usc5-552-doj:u0223:s00	2	5	5	X	LS	_	5	nummod	1	2
usc5-552-doj:u0223:s00	3	)	)	PUNCT	-RRB-	_	2	punct	2	3
usc5-552-doj:u0223:s00	4	(	(	PUNCT	-LRB-	_	2	punct	3	4
usc5-552-doj:u0223:s00	5	A	a	PROPN	NNP	Number=Sing	0	root	4	5
usc5-552-doj:u0223:s00	6	)	)	PUNCT	-RRB-	_	5	punct	5	6
usc5-552-doj:u0223:s00	7	The	the	DET	DT	Definite=Def|PronType=Art	8	det	7	10
usc5-552-doj:u0223:s00	8	duties	duty	NOUN	NNS	Number=Plur	13	nsubj	11	17
usc5-552-doj:u0223:s00	9	of	of	ADP	IN	_	11	case	18	20
usc5-552-doj:u0223:s00	10	the	the	DET	DT	Definite=Def|PronType=Art	11	det	21	24
usc5-552-doj:u0223:s00	11	Council	Council	PROPN	NNP	Number=Sing	8	nmod	25	32
usc5-552-doj:u0223:s00	12	shall	shall	AUX	MD	VerbForm=Fin	13	aux	33	38
usc5-552-doj:u0223:s00	13	include	include	VERB	VB	VerbForm=Inf	5	parataxis	39	46
usc5-552-doj:u0223:s00	14	the	the	DET	DT	Definite=Def|PronType=Art	15	det	47	50
usc5-552-doj:u0223:s00	15	following	follow	VERB	VBG	VerbForm=Ger	13	obj	51	60
usc5-552-doj:u0223:s00	16	:	:	PUNCT	:	_	5	punct	60	61
usc5-552-doj:u0224:s00	1	(	(	PUNCT	-LRB-	_	5	punct	0	1
usc5-552-doj:u0224:s00	2	i	I	X	LS	_	5	nummod	1	2
usc5-552-doj:u0224:s00	3	)	)	PUNCT	-RRB-	_	5	punct	2	3
usc5-552-doj:u0224:s00	4	Develop	develop	NOUN	NN	Number=Sing	5	compound	4	11
usc5-552-doj:u0224:s00	5	recommendations	recommendation	NOUN	NNS	Number=Plur	0	root	12	27
usc5-552-doj:u0224:s00	6	for	for	SCONJ	IN	_	7	mark	28	31
usc5-552-doj:u0224:s00	7	increasing	increase	VERB	VBG	VerbForm=Ger	5	acl	32	42
usc5-552-doj:u0224:s00	8	compliance	compliance	NOUN	NN	Number=Sing	7	obj	43	53
usc5-552-doj:u0224:s00	9	and	and	CCONJ	CC	_	10	cc	54	57
usc5-552-doj:u0224:s00	10	efficiency	efficiency	NOUN	NN	Number=Sing	8	conj	58	68
usc5-552-doj:u0224:s00	11	under	under	ADP	IN	_	13	case	69	74
usc5-552-doj:u0224:s00	12	this	this	DET	DT	Number=Sing|PronType=Dem	13	det	75	79
usc5-552-doj:u0224:s00	13	section	section	NOUN	NN	Number=Sing	7	obl	80	87
usc5-552-doj:u0224:s00	14	.	.	PUNCT	.	_	5	punct	87	88
usc5-552-doj:u0225:s00	1	(	(	PUNCT	-LRB-	_	2	punct	0	1
usc5-552-doj:u0225:s00	2	ii	ii	X	LS	_	5	nummod	1	3
usc5-552-doj:u0225:s00	3	)	)	PUNCT	-RRB-	_	2	punct	3	4
usc5-552-doj:u0225:s00	4	Disseminate	disseminate	ADJ	JJ	Degree=Pos	5	amod	5	16
usc5-552-doj:u0225:s00	5	information	information	NOUN	NN	Number=Sing	0	root	17	28
usc5-552-doj:u0225:s00	6	about	about	ADP	IN	_	8	case	29	34
usc5-552-doj:u0225:s00	7	agency	agency	NOUN	NN	Number=Sing	8	compound	35	41
usc5-552-doj:u0225:s00	8	experiences	experience	NOUN	NNS	Number=Plur	5	nmod	42	53
usc5-552-doj:u0225:s00	9	,	,	PUNCT	,	_	10	punct	53	54
usc5-552-doj:u0225:s00	10	ideas	idea	NOUN	NNS	Number=Plur	8	conj	55	60
usc5-552-doj:u0225:s00	11	,	,	PUNCT	,	_	13	punct	60	61
usc5-552-doj:u0225:s00	12	best	best	ADJ	JJS	Degree=Sup	13	amod	62	66
usc5-552-doj:u0225:s00	13	practices	practice	NOUN	NNS	Number=Plur	8	conj	67	76
usc5-552-doj:u0225:s00	14	,	,	PUNCT	,	_	17	punct	76	77
usc5-552-doj:u0225:s00	15	and	and	CCONJ	CC	_	17	cc	78	81
usc5-552-doj:u0225:s00	16	innovative	innovative	ADJ	JJ	Degree=Pos	17	amod	82	92
usc5-552-doj:u0225:s00	17	approaches	approach	NOUN	NNS	Number=Plur	5	conj	93	103
usc5-552-doj:u0225:s00	18	related	related	ADJ	JJ	Degree=Pos	17	amod	104	111
usc5-552-doj:u0225:s00	19	to	to	ADP	IN	_	21	case	112	114
usc5-552-doj:u0225:s00	20	this	this	DET	DT	Number=Sing|PronType=Dem	21	det	115	119
usc5-552-doj:u0225:s00	21	section	section	NOUN	NN	Number=Sing	18	obl	120	127
usc5-552-doj:u0225:s00	22	.	.	PUNCT	.	_	5	punct	127	128
usc5-552-doj:u0226:s00	1	(	(	PUNCT	-LRB-	_	2	punct	0	1
usc5-552-doj:u0226:s00	2	iii	iii	X	LS	_	6	nummod	1	4
usc5-552-doj:u0226:s00	3	)	)	PUNCT	-RRB-	_	2	punct	4	5
usc5-552-doj:u0226:s00	4	Identify	identify	PROPN	NNP	Number=Sing	6	nsubj	6	14
usc5-552-doj:u0226:s00	5	,	,	PUNCT	,	_	6	punct	14	15
usc5-552-doj:u0226:s00	6	develop	develop	VERB	VBP	Mood=Ind|Tense=Pres|VerbForm=Fin	0	root	16	23
usc5-552-doj:u0226:s00	7	,	,	PUNCT	,	_	10	punct	23	24
usc5-552-doj:u0226:s00	8	and	and	CCONJ	CC	_	10	cc	25	28
usc5-552-doj:u0226:s00	9	coordinate	coordinate	ADJ	JJ	Degree=Pos	10	amod	29	39
usc5-552-doj:u0226:s00	10	initiatives	initiative	NOUN	NNS	Number=Plur	6	conj	40	51
usc5-552-doj:u0226:s00	11	to	to	PART	TO	_	12	mark	52	54
usc5-552-doj:u0226:s00	12	increase	increase	VERB	VB	VerbForm=Inf	10	acl	55	63
usc5-552-doj:u0226:s00	13	transparency	transparency	NOUN	NN	Number=Sing	12	obj	64	76
usc5-552-doj:u0226:s00	14	and	and	CCONJ	CC	_	15	cc	77	80
usc5-552-doj:u0226:s00	15	compliance	compliance	NOUN	NN	Number=Sing	13	conj	81	91
usc5-552-doj:u0226:s00	16	with	with	ADP	IN	_	18	case	92	96
usc5-552-doj:u0226:s00	17	this	this	DET	DT	Number=Sing|PronType=Dem	18	det	97	101
usc5-552-doj:u0226:s00	18	section	section	NOUN	NN	Number=Sing	12	obl	102	109
usc5-552-doj:u0226:s00	19	.	.	PUNCT	.	_	6	punct	109	110
usc5-552-doj:u0227:s00	1	(	(	PUNCT	-LRB-	_	2	punct	0	1
usc5-552-doj:u0227:s00	2	iv	iv	X	ADD	_	0	root	1	3
usc5-552-doj:u0227:s00	3	)	)	PUNCT	-RRB-	_	2	punct	3	4
usc5-552-doj:u0227:s01	1	Promote	promote	VERB	VB	Mood=Imp|VerbForm=Fin	0	root	0	7
usc5-552-doj:u0227:s01	2	the	the	DET	DT	Definite=Def|PronType=Art	3	det	8	11
usc5-552-doj:u0227:s01	3	development	development	NOUN	NN	Number=Sing	1	obj	12	23
usc5-552-doj:u0227:s01	4	and	and	CCONJ	CC	_	5	cc	24	27
usc5-552-doj:u0227:s01	5	use	use	NOUN	NN	Number=Sing	3	conj	28	31
usc5-552-doj:u0227:s01	6	of	of	ADP	IN	_	9	case	32	34
usc5-552-doj:u0227:s01	7	common	common	ADJ	JJ	Degree=Pos	9	amod	35	41
usc5-552-doj:u0227:s01	8	performance	performance	NOUN	NN	Number=Sing	9	compound	42	53
usc5-552-doj:u0227:s01	9	measures	measure	NOUN	NNS	Number=Plur	3	nmod	54	62
usc5-552-doj:u0227:s01	10	for	for	ADP	IN	_	12	case	63	66
usc5-552-doj:u0227:s01	11	agency	agency	NOUN	NN	Number=Sing	12	compound	67	73
usc5-552-doj:u0227:s01	12	compliance	compliance	NOUN	NN	Number=Sing	9	nmod	74	84
usc5-552-doj:u0227:s01	13	with	with	ADP	IN	_	15	case	85	89
usc5-552-doj:u0227:s01	14	this	this	DET	DT	Number=Sing|PronType=Dem	15	det	90	94
usc5-552-doj:u0227:s01	15	section	section	NOUN	NN	Number=Sing	12	nmod	95	102
usc5-552-doj:u0227:s01	16	.	.	PUNCT	.	_	1	punct	102	103
usc5-552-doj:u0228:s00	1	(	(	PUNCT	-LRB-	_	2	punct	0	1
usc5-552-doj:u0228:s00	2	B	b	X	LS	_	0	root	1	2
usc5-552-doj:u0228:s00	3	)	)	PUNCT	-RRB-	_	2	punct	2	3
usc5-552-doj:u0228:s01	1	In	in	SCONJ	IN	_	2	mark	0	2
usc5-552-doj:u0228:s01	2	performing	perform	VERB	VBG	VerbForm=Ger	15	advcl	3	13
usc5-552-doj:u0228:s01	3	the	the	DET	DT	Definite=Def|PronType=Art	4	det	14	17
usc5-552-doj:u0228:s01	4	duties	duty	NOUN	NNS	Number=Plur	2	obj	18	24
usc5-552-doj:u0228:s01	5	described	describe	VERB	VBN	Tense=Past|VerbForm=Part	4	acl	25	34
usc5-552-doj:u0228:s01	6	in	in	ADP	IN	_	7	case	35	37
usc5-552-doj:u0228:s01	7	subparagraph	subparagraph	NOUN	NN	Number=Sing	5	obl	38	50
usc5-552-doj:u0228:s01	8	(	(	PUNCT	-LRB-	_	9	punct	51	52
usc5-552-doj:u0228:s01	9	A	a	NOUN	NN	Number=Sing	7	appos	52	53
usc5-552-doj:u0228:s01	10	)	)	PUNCT	-RRB-	_	9	punct	53	54
usc5-552-doj:u0228:s01	11	,	,	PUNCT	,	_	15	punct	54	55
usc5-552-doj:u0228:s01	12	the	the	DET	DT	Definite=Def|PronType=Art	13	det	56	59
usc5-552-doj:u0228:s01	13	Council	Council	NOUN	NN	Number=Sing	15	nsubj	60	67
usc5-552-doj:u0228:s01	14	shall	shall	AUX	MD	VerbForm=Fin	15	aux	68	73
usc5-552-doj:u0228:s01	15	consult	consult	VERB	VB	VerbForm=Inf	0	root	74	81
usc5-552-doj:u0228:s01	16	on	on	ADP	IN	_	19	case	82	84
usc5-552-doj:u0228:s01	17	a	a	DET	DT	Definite=Ind|PronType=Art	19	det	85	86
usc5-552-doj:u0228:s01	18	regular	regular	ADJ	JJ	Degree=Pos	19	amod	87	94
usc5-552-doj:u0228:s01	19	basis	basis	NOUN	NN	Number=Sing	15	obl	95	100
usc5-552-doj:u0228:s01	20	with	with	ADP	IN	_	21	case	101	105
usc5-552-doj:u0228:s01	21	members	member	NOUN	NNS	Number=Plur	15	obl	106	113
usc5-552-doj:u0228:s01	22	of	of	ADP	IN	_	24	case	114	116
usc5-552-doj:u0228:s01	23	the	the	DET	DT	Definite=Def|PronType=Art	24	det	117	120
usc5-552-doj:u0228:s01	24	public	public	ADJ	JJ	Degree=Pos	21	nmod	121	127
usc5-552-doj:u0228:s01	25	who	who	PRON	WP	PronType=Rel	26	nsubj	128	131
usc5-552-doj:u0228:s01	26	make	make	VERB	VBP	Mood=Ind|Tense=Pres|VerbForm=Fin	24	acl:relcl	132	136
usc5-552-doj:u0228:s01	27	requests	request	NOUN	NNS	Number=Plur	26	obj	137	145
usc5-552-doj:u0228:s01	28	under	under	ADP	IN	_	30	case	146	151
usc5-552-doj:u0228:s01	29	this	this	DET	DT	Number=Sing|PronType=Dem	30	det	152	156
usc5-552-doj:u0228:s01	30	section	section	NOUN	NN	Number=Sing	26	obl	157	164
usc5-552-doj:u0228:s01	31	.	.	PUNCT	.	_	15	punct	164	165
usc5-552-doj:u0229:s00	1	(	(	PUNCT	-LRB-	_	2	punct	0	1
usc5-552-doj:u0229:s00	2	6	6	X	LS	_	5	nummod	1	2
usc5-552-doj:u0229:s00	3	)	)	PUNCT	-RRB-	_	2	punct	2	3
usc5-552-doj:u0229:s00	4	(	(	PUNCT	-LRB-	_	2	punct	3	4
usc5-552-doj:u0229:s00	5	A	a	PROPN	NNP	Number=Sing	0	root	4	5
usc5-552-doj:u0229:s00	6	)	)	PUNCT	-RRB-	_	5	punct	5	6
usc5-552-doj:u0229:s00	7	The	the	DET	DT	Definite=Def|PronType=Art	8	det	7	10
usc5-552-doj:u0229:s00	8	Council	Council	PROPN	NNP	Number=Sing	10	nsubj	11	18
usc5-552-doj:u0229:s00	9	shall	shall	AUX	MD	VerbForm=Fin	10	aux	19	24
usc5-552-doj:u0229:s00	10	meet	meet	VERB	VB	VerbForm=Inf	5	parataxis	25	29
usc5-552-doj:u0229:s00	11	regularly	regularly	ADV	RB	_	10	advmod	30	39
usc5-552-doj:u0229:s00	12	and	and	CCONJ	CC	_	17	cc	40	43
usc5-552-doj:u0229:s00	13	such	such	ADJ	JJ	Degree=Pos	14	amod	44	48
usc5-552-doj:u0229:s00	14	meetings	meeting	NOUN	NNS	Number=Plur	17	nsubj	49	57
usc5-552-doj:u0229:s00	15	shall	shall	AUX	MD	VerbForm=Fin	17	aux	58	63
usc5-552-doj:u0229:s00	16	be	be	AUX	VB	VerbForm=Inf	17	cop	64	66
usc5-552-doj:u0229:s00	17	open	open	ADJ	JJ	Degree=Pos	10	conj	67	71
usc5-552-doj:u0229:s00	18	to	to	ADP	IN	_	20	case	72	74
usc5-552-doj:u0229:s00	19	the	the	DET	DT	Definite=Def|PronType=Art	20	det	75	78
usc5-552-doj:u0229:s00	20	public	public	NOUN	NN	Number=Sing	17	obl	79	85
usc5-552-doj:u0229:s00	21	unless	unless	SCONJ	IN	_	24	mark	86	92
usc5-552-doj:u0229:s00	22	the	the	DET	DT	Definite=Def|PronType=Art	23	det	93	96
usc5-552-doj:u0229:s00	23	Council	Council	PROPN	NNP	Number=Sing	24	nsubj	97	104
usc5-552-doj:u0229:s00	24	determines	determines	VERB	VBZ	Mood=Ind|Number=Sing|Person=3|Tense=Pres|VerbForm=Fin	17	advcl	105	115
usc5-552-doj:u0229:s00	25	to	to	PART	TO	_	26	mark	116	118
usc5-552-doj:u0229:s00	26	close	close	VERB	VB	VerbForm=Inf	24	xcomp	119	124
usc5-552-doj:u0229:s00	27	the	the	DET	DT	Definite=Def|PronType=Art	28	det	125	128
usc5-552-doj:u0229:s00	28	meeting	meeting	NOUN	NN	Number=Sing	26	obj	129	136
usc5-552-doj:u0229:s00	29	for	for	ADP	IN	_	30	case	137	140
usc5-552-doj:u0229:s00	30	reasons	reason	NOUN	NNS	Number=Plur	26	obl	141	148
usc5-552-doj:u0229:s00	31	of	of	ADP	IN	_	33	case	149	151
usc5-552-doj:u0229:s00	32	national	national	ADJ	JJ	Degree=Pos	33	amod	152	160
usc5-552-doj:u0229:s00	33	security	security	NOUN	NN	Number=Sing	30	nmod	161	169
usc5-552-doj:u0229:s00	34	or	or	CCONJ	CC	_	36	cc	170	172
usc5-552-doj:u0229:s00	35	to	to	PART	TO	_	36	mark	173	175
usc5-552-doj:u0229:s00	36	discuss	discuss	VERB	VB	VerbForm=Inf	26	conj	176	183
usc5-552-doj:u0229:s00	37	information	information	NOUN	NN	Number=Sing	38	compound	184	195
usc5-552-doj:u0229:s00	38	exempt	exempt	NOUN	NN	Number=Sing	36	obj	196	202
usc5-552-doj:u0229:s00	39	under	under	ADP	IN	_	40	case	203	208
usc5-552-doj:u0229:s00	40	subsection	subsection	NOUN	NN	Number=Sing	36	obl	209	219
usc5-552-doj:u0229:s00	41	(	(	PUNCT	-LRB-	_	42	punct	220	221
usc5-552-doj:u0229:s00	42	b	b	NOUN	NN	Number=Sing	40	appos	221	222
usc5-552-doj:u0229:s00	43	)	)	PUNCT	-RRB-	_	42	punct	222	223
usc5-552-doj:u0229:s00	44	.	.	PUNCT	.	_	5	punct	223	224
usc5-552-doj:u0230:s00	1	(	(	PUNCT	-LRB-	_	2	punct	0	1
usc5-552-doj:u0230:s00	2	B	b	X	LS	_	13	nummod	1	2
usc5-552-doj:u0230:s00	3	)	)	PUNCT	-RRB-	_	2	punct	2	3
usc5-552-doj:u0230:s00	4	Not	not	ADV	RB	_	5	advmod	4	7
usc5-552-doj:u0230:s00	5	less	less	ADV	RBR	Degree=Cmp	6	advmod	8	12
usc5-552-doj:u0230:s00	6	frequently	frequently	ADV	RB	_	8	advmod	13	23
usc5-552-doj:u0230:s00	7	than	than	ADP	IN	_	8	case	24	28
usc5-552-doj:u0230:s00	8	annually	annually	ADV	RB	_	13	obl	29	37
usc5-552-doj:u0230:s00	9	,	,	PUNCT	,	_	13	punct	37	38
usc5-552-doj:u0230:s00	10	the	the	DET	DT	Definite=Def|PronType=Art	11	det	39	42
usc5-552-doj:u0230:s00	11	Council	Council	PROPN	NNP	Number=Sing	13	nsubj	43	50
usc5-552-doj:u0230:s00	12	shall	shall	AUX	MD	VerbForm=Fin	13	aux	51	56
usc5-552-doj:u0230:s00	13	hold	hold	VERB	VB	VerbForm=Inf	0	root	57	61
usc5-552-doj:u0230:s00	14	a	a	DET	DT	Definite=Ind|PronType=Art	15	det	62	63
usc5-552-doj:u0230:s00	15	meeting	meeting	NOUN	NN	Number=Sing	13	obj	64	71
usc5-552-doj:u0230:s00	16	that	that	PRON	WDT	PronType=Rel	19	nsubj	72	76
usc5-552-doj:u0230:s00	17	shall	shall	AUX	MD	VerbForm=Fin	19	aux	77	82
usc5-552-doj:u0230:s00	18	be	be	AUX	VB	VerbForm=Inf	19	cop	83	85
usc5-552-doj:u0230:s00	19	open	open	ADJ	JJ	Degree=Pos	15	acl:relcl	86	90
usc5-552-doj:u0230:s00	20	to	to	ADP	IN	_	22	case	91	93
usc5-552-doj:u0230:s00	21	the	the	DET	DT	Definite=Def|PronType=Art	22	det	94	97
usc5-552-doj:u0230:s00	22	public	public	NOUN	NN	Number=Sing	19	obl	98	104
usc5-552-doj:u0230:s00	23	and	and	CCONJ	CC	_	24	cc	105	108
usc5-552-doj:u0230:s00	24	permit	permit	NOUN	NN	Number=Sing	22	conj	109	115
usc5-552-doj:u0230:s00	25	interested	interested	ADJ	JJ	Degree=Pos	26	amod	116	126
usc5-552-doj:u0230:s00	26	persons	person	NOUN	NNS	Number=Plur	24	obj	127	134
usc5-552-doj:u0230:s00	27	to	to	PART	TO	_	28	mark	135	137
usc5-552-doj:u0230:s00	28	appear	appear	VERB	VB	VerbForm=Inf	26	acl	138	144
usc5-552-doj:u0230:s00	29	and	and	CCONJ	CC	_	30	cc	145	148
usc5-552-doj:u0230:s00	30	present	present	VERB	VB	VerbForm=Inf	28	conj	149	156
usc5-552-doj:u0230:s00	31	oral	oral	ADJ	JJ	Degree=Pos	34	amod	157	161
usc5-552-doj:u0230:s00	32	and	and	CCONJ	CC	_	33	cc	162	165
usc5-552-doj:u0230:s00	33	written	write	VERB	VBN	Tense=Past|VerbForm=Part	31	conj	166	173
usc5-552-doj:u0230:s00	34	statements	statement	NOUN	NNS	Number=Plur	30	obj	174	184
usc5-552-doj:u0230:s00	35	to	to	ADP	IN	_	37	case	185	187
usc5-552-doj:u0230:s00	36	the	the	DET	DT	Definite=Def|PronType=Art	37	det	188	191
usc5-552-doj:u0230:s00	37	Council	Council	NOUN	NN	Number=Sing	34	nmod	192	199
usc5-552-doj:u0230:s00	38	.	.	PUNCT	.	_	13	punct	199	200
usc5-552-doj:u0231:s00	1	(	(	PUNCT	-LRB-	_	2	punct	0	1
usc5-552-doj:u0231:s00	2	C	c	X	LS	_	23	nummod	1	2
usc5-552-doj:u0231:s00	3	)	)	PUNCT	-RRB-	_	2	punct	2	3
usc5-552-doj:u0231:s00	4	Not	not	ADV	RB	_	5	advmod	4	7
usc5-552-doj:u0231:s00	5	later	later	ADV	RB	_	23	advmod	8	13
usc5-552-doj:u0231:s00	6	than	than	ADP	IN	_	9	case	14	18
usc5-552-doj:u0231:s00	7	10	10	NUM	CD	NumType=Card	9	nummod	19	21
usc5-552-doj:u0231:s00	8	business	business	NOUN	NN	Number=Sing	9	compound	22	30
usc5-552-doj:u0231:s00	9	days	day	NOUN	NNS	Number=Plur	5	obl	31	35
usc5-552-doj:u0231:s00	10	before	before	ADP	IN	_	12	case	36	42
usc5-552-doj:u0231:s00	11	a	a	DET	DT	Definite=Ind|PronType=Art	12	det	43	44
usc5-552-doj:u0231:s00	12	meeting	meeting	NOUN	NN	Number=Sing	9	nmod	45	52
usc5-552-doj:u0231:s00	13	of	of	ADP	IN	_	15	case	53	55
usc5-552-doj:u0231:s00	14	the	the	DET	DT	Definite=Def|PronType=Art	15	det	56	59
usc5-552-doj:u0231:s00	15	Council	Council	NOUN	NN	Number=Sing	12	nmod	60	67
usc5-552-doj:u0231:s00	16	,	,	PUNCT	,	_	23	punct	67	68
usc5-552-doj:u0231:s00	17	notice	notice	NOUN	NN	Number=Sing	23	nsubj:pass	69	75
usc5-552-doj:u0231:s00	18	of	of	ADP	IN	_	20	case	76	78
usc5-552-doj:u0231:s00	19	such	such	ADJ	JJ	Degree=Pos	20	amod	79	83
usc5-552-doj:u0231:s00	20	meeting	meeting	NOUN	NN	Number=Sing	17	nmod	84	91
usc5-552-doj:u0231:s00	21	shall	shall	AUX	MD	VerbForm=Fin	23	aux	92	97
usc5-552-doj:u0231:s00	22	be	be	AUX	VB	VerbForm=Inf	23	aux:pass	98	100
usc5-552-doj:u0231:s00	23	published	publish	VERB	VBN	Tense=Past|VerbForm=Part|Voice=Pass	0	root	101	110
usc5-552-doj:u0231:s00	24	in	in	ADP	IN	_	27	case	111	113
usc5-552-doj:u0231:s00	25	the	the	DET	DT	Definite=Def|PronType=Art	27	det	114	117
usc5-552-doj:u0231:s00	26	Federal	Federal	PROPN	NNP	Number=Sing	27	compound	118	125
usc5-552-doj:u0231:s00	27	Register	register	PROPN	NNP	Number=Sing	23	obl	126	134
usc5-552-doj:u0231:s00	28	.	.	PUNCT	.	_	23	punct	134	135
usc5-552-doj:u0232:s00	1	(	(	PUNCT	-LRB-	_	2	punct	0	1
usc5-552-doj:u0232:s00	2	D	d	PROPN	NNP	Number=Sing	0	root	1	2
usc5-552-doj:u0232:s00	3	)	)	PUNCT	-RRB-	_	2	punct	2	3
usc5-552-doj:u0232:s01	1	Except	except	VERB	VB	Mood=Imp|VerbForm=Fin	0	root	0	6
usc5-552-doj:u0232:s01	2	as	as	SCONJ	IN	_	3	mark	7	9
usc5-552-doj:u0232:s01	3	provided	provide	VERB	VBN	Tense=Past|VerbForm=Part	1	advcl	10	18
usc5-552-doj:u0232:s01	4	in	in	ADP	IN	_	5	case	19	21
usc5-552-doj:u0232:s01	5	subsection	subsection	NOUN	NN	Number=Sing	3	obl	22	32
usc5-552-doj:u0232:s01	6	(	(	PUNCT	-LRB-	_	7	punct	33	34
usc5-552-doj:u0232:s01	7	b	b	X	LS	_	8	nummod	34	35
usc5-552-doj:u0232:s01	8	)	)	PUNCT	-RRB-	_	5	punct	35	36
usc5-552-doj:u0232:s01	9	,	,	PUNCT	,	_	11	punct	36	37
usc5-552-doj:u0232:s01	10	the	the	DET	DT	Definite=Def|PronType=Art	11	det	38	41
usc5-552-doj:u0232:s01	11	records	record	NOUN	NNS	Number=Plur	1	obj	42	49
usc5-552-doj:u0232:s01	12	,	,	PUNCT	,	_	13	punct	49	50
usc5-552-doj:u0232:s01	13	reports	report	NOUN	NNS	Number=Plur	11	conj	51	58
usc5-552-doj:u0232:s01	14	,	,	PUNCT	,	_	15	punct	58	59
usc5-552-doj:u0232:s01	15	transcripts	transcripts	NOUN	NNS	Number=Plur	11	conj	60	71
usc5-552-doj:u0232:s01	16	,	,	PUNCT	,	_	17	punct	71	72
usc5-552-doj:u0232:s01	17	minutes	minute	NOUN	NNS	Number=Plur	11	conj	73	80
usc5-552-doj:u0232:s01	18	,	,	PUNCT	,	_	19	punct	80	81
usc5-552-doj:u0232:s01	19	appendices	appendix	NOUN	NNS	Number=Plur	11	conj	82	92
usc5-552-doj:u0232:s01	20	,	,	PUNCT	,	_	22	punct	92	93
usc5-552-doj:u0232:s01	21	working	work	VERB	VBG	VerbForm=Ger	22	compound	94	101
usc5-552-doj:u0232:s01	22	papers	papers	NOUN	NNS	Number=Plur	11	conj	102	108
usc5-552-doj:u0232:s01	23	,	,	PUNCT	,	_	24	punct	108	109
usc5-552-doj:u0232:s01	24	drafts	draft	NOUN	NNS	Number=Plur	22	conj	110	116
usc5-552-doj:u0232:s01	25	,	,	PUNCT	,	_	26	punct	116	117
usc5-552-doj:u0232:s01	26	studies	study	NOUN	NNS	Number=Plur	22	conj	118	125
usc5-552-doj:u0232:s01	27	,	,	PUNCT	,	_	28	punct	125	126
usc5-552-doj:u0232:s01	28	agenda	agenda	NOUN	NN	Number=Sing	22	conj	127	133
usc5-552-doj:u0232:s01	29	,	,	PUNCT	,	_	32	punct	133	134
usc5-552-doj:u0232:s01	30	or	or	CCONJ	CC	_	32	cc	135	137
usc5-552-doj:u0232:s01	31	other	other	ADJ	JJ	Degree=Pos	32	amod	138	143
usc5-552-doj:u0232:s01	32	documents	document	NOUN	NNS	Number=Plur	22	conj	144	153
usc5-552-doj:u0232:s01	33	that	that	PRON	WDT	PronType=Rel	35	nsubj:pass	154	158
usc5-552-doj:u0232:s01	34	were	be	AUX	VBD	Mood=Ind|Tense=Past|VerbForm=Fin	35	aux:pass	159	163
usc5-552-doj:u0232:s01	35	made	make	VERB	VBN	Tense=Past|VerbForm=Part|Voice=Pass	32	acl:relcl	164	168
usc5-552-doj:u0232:s01	36	available	available	ADJ	JJ	Degree=Pos	35	obl	169	178
usc5-552-doj:u0232:s01	37	to	to	ADP	IN	_	36	case	179	181
usc5-552-doj:u0232:s01	38	or	or	CCONJ	CC	_	39	cc	182	184
usc5-552-doj:u0232:s01	39	prepared	prepare	VERB	VBN	Tense=Past|VerbForm=Part	37	conj	185	193
usc5-552-doj:u0232:s01	40	for	for	ADP	IN	_	47	case	194	197
usc5-552-doj:u0232:s01	41	or	or	CCONJ	CC	_	47	cc	198	200
usc5-552-doj:u0232:s01	42	by	by	ADP	IN	_	44	case	201	203
usc5-552-doj:u0232:s01	43	the	the	DET	DT	Definite=Def|PronType=Art	44	det	204	207
usc5-552-doj:u0232:s01	44	Council	Council	NOUN	NN	Number=Sing	47	obl	208	215
usc5-552-doj:u0232:s01	45	shall	shall	AUX	MD	VerbForm=Fin	47	aux	216	221
usc5-552-doj:u0232:s01	46	be	be	AUX	VB	VerbForm=Inf	47	aux:pass	222	224
usc5-552-doj:u0232:s01	47	made	make	VERB	VBN	Tense=Past|VerbForm=Part|Voice=Pass	35	conj	225	229
usc5-552-doj:u0232:s01	48	publicly	publicly	ADV	RB	_	49	advmod	230	238
usc5-552-doj:u0232:s01	49	available	available	ADJ	JJ	Degree=Pos	47	xcomp	239	248
usc5-552-doj:u0232:s01	50	.	.	PUNCT	.	_	1	punct	248	249
usc5-552-doj:u0233:s00	1	(	(	PUNCT	-LRB-	_	2	punct	0	1
usc5-552-doj:u0233:s00	2	E	e	PROPN	NNP	Number=Sing	4	nsubj	1	2
usc5-552-doj:u0233:s00	3	)	)	PUNCT	-RRB-	_	2	punct	2	3
usc5-552-doj:u0233:s00	4	Detailed	detailed	VERB	VBD	Mood=Ind|Tense=Past|VerbForm=Fin	0	root	4	12
usc5-552-doj:u0233:s00	5	minutes	minute	NOUN	NNS	Number=Plur	14	nsubj:pass	13	20
usc5-552-doj:u0233:s00	6	of	of	ADP	IN	_	8	case	21	23
usc5-552-doj:u0233:s00	7	each	each	DET	DT	_	8	det	24	28
usc5-552-doj:u0233:s00	8	meeting	meeting	NOUN	NN	Number=Sing	5	nmod	29	36
usc5-552-doj:u0233:s00	9	of	of	ADP	IN	_	11	case	37	39
usc5-552-doj:u0233:s00	10	the	the	DET	DT	Definite=Def|PronType=Art	11	det	40	43
usc5-552-doj:u0233:s00	11	Council	Council	PROPN	NNP	Number=Sing	8	nmod	44	51
usc5-552-doj:u0233:s00	12	shall	shall	AUX	MD	VerbForm=Fin	14	aux	52	57
usc5-552-doj:u0233:s00	13	be	be	AUX	VB	VerbForm=Inf	14	aux:pass	58	60
usc5-552-doj:u0233:s00	14	kept	keep	VERB	VBN	Tense=Past|VerbForm=Part|Voice=Pass	4	ccomp	61	65
usc5-552-doj:u0233:s00	15	and	and	CCONJ	CC	_	17	cc	66	69
usc5-552-doj:u0233:s00	16	shall	shall	AUX	MD	VerbForm=Fin	17	aux	70	75
usc5-552-doj:u0233:s00	17	contain	contain	VERB	VB	VerbForm=Inf	14	conj	76	83
usc5-552-doj:u0233:s00	18	a	a	DET	DT	Definite=Ind|PronType=Art	19	det	84	85
usc5-552-doj:u0233:s00	19	record	record	NOUN	NN	Number=Sing	17	obj	86	92
usc5-552-doj:u0233:s00	20	of	of	ADP	IN	_	22	case	93	95
usc5-552-doj:u0233:s00	21	the	the	DET	DT	Definite=Def|PronType=Art	22	det	96	99
usc5-552-doj:u0233:s00	22	persons	persons	NOUN	NNS	Number=Plur	19	nmod	100	107
usc5-552-doj:u0233:s00	23	present	present	VERB	VB	VerbForm=Inf	17	conj	108	115
usc5-552-doj:u0233:s00	24	,	,	PUNCT	,	_	23	punct	115	116
usc5-552-doj:u0233:s00	25	a	a	DET	DT	Definite=Ind|PronType=Art	29	det	117	118
usc5-552-doj:u0233:s00	26	complete	complete	ADJ	JJ	Degree=Pos	29	amod	119	127
usc5-552-doj:u0233:s00	27	and	and	CCONJ	CC	_	28	cc	128	131
usc5-552-doj:u0233:s00	28	accurate	accurate	ADJ	JJ	Degree=Pos	26	conj	132	140
usc5-552-doj:u0233:s00	29	description	description	NOUN	NN	Number=Sing	23	obj	141	152
usc5-552-doj:u0233:s00	30	of	of	ADP	IN	_	31	case	153	155
usc5-552-doj:u0233:s00	31	matters	matter	NOUN	NNS	Number=Plur	29	nmod	156	163
usc5-552-doj:u0233:s00	32	discussed	discuss	VERB	VBN	Tense=Past|VerbForm=Part	29	acl	164	173
usc5-552-doj:u0233:s00	33	and	and	CCONJ	CC	_	34	cc	174	177
usc5-552-doj:u0233:s00	34	conclusions	conclusion	NOUN	NNS	Number=Plur	32	conj	178	189
usc5-552-doj:u0233:s00	35	reached	reach	VERB	VBN	Tense=Past|VerbForm=Part	34	acl	190	197
usc5-552-doj:u0233:s00	36	,	,	PUNCT	,	_	38	punct	197	198
usc5-552-doj:u0233:s00	37	and	and	CCONJ	CC	_	38	cc	199	202
usc5-552-doj:u0233:s00	38	copies	copy	NOUN	NNS	Number=Plur	17	conj	203	209
usc5-552-doj:u0233:s00	39	of	of	ADP	IN	_	41	case	210	212
usc5-552-doj:u0233:s00	40	all	all	DET	DT	_	41	det	213	216
usc5-552-doj:u0233:s00	41	reports	report	NOUN	NNS	Number=Plur	38	nmod	217	224
usc5-552-doj:u0233:s00	42	received	receive	VERB	VBD	Mood=Ind|Tense=Past|VerbForm=Fin	41	acl	225	233
usc5-552-doj:u0233:s00	43	,	,	PUNCT	,	_	44	punct	233	234
usc5-552-doj:u0233:s00	44	issued	issue	VERB	VBN	Tense=Past|VerbForm=Part	42	conj	235	241
usc5-552-doj:u0233:s00	45	,	,	PUNCT	,	_	47	punct	241	242
usc5-552-doj:u0233:s00	46	or	or	CCONJ	CC	_	47	cc	243	245
usc5-552-doj:u0233:s00	47	approved	approve	VERB	VBN	Tense=Past|VerbForm=Part	42	conj	246	254
usc5-552-doj:u0233:s00	48	by	by	ADP	IN	_	50	case	255	257
usc5-552-doj:u0233:s00	49	the	the	DET	DT	Definite=Def|PronType=Art	50	det	258	261
usc5-552-doj:u0233:s00	50	Council	Council	NOUN	NN	Number=Sing	47	obl	262	269
usc5-552-doj:u0233:s00	51	.	.	PUNCT	.	_	4	punct	269	270
usc5-552-doj:u0233:s01	1	The	the	DET	DT	Definite=Def|PronType=Art	2	det	0	3
usc5-552-doj:u0233:s01	2	minutes	minute	NOUN	NNS	Number=Plur	5	nsubj:pass	4	11
usc5-552-doj:u0233:s01	3	shall	shall	AUX	MD	VerbForm=Fin	5	aux	12	17
usc5-552-doj:u0233:s01	4	be	be	AUX	VB	VerbForm=Inf	5	aux:pass	18	20
usc5-552-doj:u0233:s01	5	redacted	redact	VERB	VBN	Tense=Past|VerbForm=Part|Voice=Pass	0	root	21	29
usc5-552-doj:u0233:s01	6	as	as	SCONJ	IN	_	7	mark	30	32
usc5-552-doj:u0233:s01	7	necessary	necessary	ADJ	JJ	Degree=Pos	5	advcl	33	42
usc5-552-doj:u0233:s01	8	and	and	CCONJ	CC	_	9	cc	43	46
usc5-552-doj:u0233:s01	9	made	make	VERB	VBN	Tense=Past|VerbForm=Part	7	conj	47	51
usc5-552-doj:u0233:s01	10	publicly	publicly	ADV	RB	_	11	advmod	52	60
usc5-552-doj:u0233:s01	11	available	available	ADJ	JJ	Degree=Pos	9	xcomp	61	70
usc5-552-doj:u0233:s01	12	.	.	PUNCT	.	_	5	punct	70	71
usc5-552-doj:u0234:s00	1	(	(	PUNCT	-LRB-	_	2	punct	0	1
usc5-552-doj:u0234:s00	2	l	l	INTJ	UH	_	8	discourse	1	2
usc5-552-doj:u0234:s00	3	)	)	PUNCT	-RRB-	_	2	punct	2	3
usc5-552-doj:u0234:s00	4	FOIA	Foia	ADP	IN	_	6	case	4	8
usc5-552-doj:u0234:s00	5	Public	Public	NOUN	NN	Number=Sing	6	compound	9	15
usc5-552-doj:u0234:s00	6	Liaisons	Liaisons	NOUN	NNS	Number=Plur	8	obl	16	24
usc5-552-doj:u0234:s00	7	shall	shall	AUX	MD	VerbForm=Fin	8	aux	25	30
usc5-552-doj:u0234:s00	8	report	report	VERB	VB	VerbForm=Inf	0	root	31	37
usc5-552-doj:u0234:s00	9	to	to	ADP	IN	_	14	case	38	40
usc5-552-doj:u0234:s00	10	the	the	DET	DT	Definite=Def|PronType=Art	14	det	41	44
usc5-552-doj:u0234:s00	11	agency	agency	NOUN	NN	Number=Sing	14	compound	45	51
usc5-552-doj:u0234:s00	12	Chief	Chief	PROPN	NNP	Number=Sing	13	compound	52	57
usc5-552-doj:u0234:s00	13	FOIA	FOIA	PROPN	NNP	Number=Sing	14	compound	58	62
usc5-552-doj:u0234:s00	14	Officer	Officer	PROPN	NNP	Number=Sing	8	obl	63	70
usc5-552-doj:u0234:s00	15	and	and	CCONJ	CC	_	17	cc	71	74
usc5-552-doj:u0234:s00	16	shall	shall	AUX	MD	VerbForm=Fin	17	aux	75	80
usc5-552-doj:u0234:s00	17	serve	serve	VERB	VB	VerbForm=Inf	8	conj	81	86
usc5-552-doj:u0234:s00	18	as	as	ADP	IN	_	20	case	87	89
usc5-552-doj:u0234:s00	19	supervisory	supervisory	ADJ	JJ	Degree=Pos	20	amod	90	101
usc5-552-doj:u0234:s00	20	officials	official	NOUN	NNS	Number=Plur	17	obl	102	111
usc5-552-doj:u0234:s00	21	to	to	PART	TO	_	22	mark	112	114
usc5-552-doj:u0234:s00	22	whom	whom	VERB	VB	VerbForm=Inf	17	xcomp	115	119
usc5-552-doj:u0234:s00	23	a	a	DET	DT	Definite=Ind|PronType=Art	24	det	120	121
usc5-552-doj:u0234:s00	24	requester	requester	NOUN	NN	Number=Sing	22	obj	122	131
usc5-552-doj:u0234:s00	25	under	under	ADP	IN	_	27	case	132	137
usc5-552-doj:u0234:s00	26	this	this	DET	DT	Number=Sing|PronType=Dem	27	det	138	142
usc5-552-doj:u0234:s00	27	section	section	NOUN	NN	Number=Sing	22	obl	143	150
usc5-552-doj:u0234:s00	28	can	can	AUX	MD	VerbForm=Fin	29	aux	151	154
usc5-552-doj:u0234:s00	29	raise	raise	VERB	VB	VerbForm=Inf	22	advcl	155	160
usc5-552-doj:u0234:s00	30	concerns	concern	NOUN	NNS	Number=Plur	29	obj	161	169
usc5-552-doj:u0234:s00	31	about	about	ADP	IN	_	33	case	170	175
usc5-552-doj:u0234:s00	32	the	the	DET	DT	Definite=Def|PronType=Art	33	det	176	179
usc5-552-doj:u0234:s00	33	service	service	NOUN	NN	Number=Sing	30	nmod	180	187
usc5-552-doj:u0234:s00	34	the	the	DET	DT	Definite=Def|PronType=Art	35	det	188	191
usc5-552-doj:u0234:s00	35	requester	requester	NOUN	NN	Number=Sing	37	nsubj	192	201
usc5-552-doj:u0234:s00	36	has	have	AUX	VBZ	Mood=Ind|Number=Sing|Person=3|Tense=Pres|VerbForm=Fin	37	aux	202	205
usc5-552-doj:u0234:s00	37	received	receive	VERB	VBN	Tense=Past|VerbForm=Part	33	acl:relcl	206	214
usc5-552-doj:u0234:s00	38	from	from	ADP	IN	_	42	case	215	219
usc5-552-doj:u0234:s00	39	the	the	DET	DT	Definite=Def|PronType=Art	42	det	220	223
usc5-552-doj:u0234:s00	40	FOIA	FOIA	PROPN	NNP	Number=Sing	42	compound	224	228
usc5-552-doj:u0234:s00	41	Requester	Requester	PROPN	NNP	Number=Sing	42	compound	229	238
usc5-552-doj:u0234:s00	42	Center	Center	PROPN	NNP	Number=Sing	37	obl	239	245
usc5-552-doj:u0234:s00	43	,	,	PUNCT	,	_	42	punct	245	246
usc5-552-doj:u0234:s00	44	following	follow	VERB	VBG	VerbForm=Ger	42	amod	247	256
usc5-552-doj:u0234:s00	45	an	a	DET	DT	Definite=Ind|PronType=Art	47	det	257	259
usc5-552-doj:u0234:s00	46	initial	initial	ADJ	JJ	Degree=Pos	47	amod	260	267
usc5-552-doj:u0234:s00	47	response	response	NOUN	NN	Number=Sing	44	obj	268	276
usc5-552-doj:u0234:s00	48	from	from	ADP	IN	_	53	case	277	281
usc5-552-doj:u0234:s00	49	the	the	DET	DT	Definite=Def|PronType=Art	53	det	282	285
usc5-552-doj:u0234:s00	50	FOIA	FOIA	PROPN	NNP	Number=Sing	52	compound	286	290
usc5-552-doj:u0234:s00	51	Requester	Requester	PROPN	NNP	Number=Sing	52	compound	291	300
usc5-552-doj:u0234:s00	52	Center	Center	PROPN	NNP	Number=Sing	53	compound	301	307
usc5-552-doj:u0234:s00	53	Staff	staff	PROPN	NNP	Number=Sing	47	nmod	308	313
usc5-552-doj:u0234:s00	54	.	.	PUNCT	.	_	8	punct	313	314
usc5-552-doj:u0234:s01	1	FOIA	Foia	ADJ	JJ	Degree=Pos	3	amod	0	4
usc5-552-doj:u0234:s01	2	Public	Public	NOUN	NN	Number=Sing	3	compound	5	11
usc5-552-doj:u0234:s01	3	Liaisons	Liaisons	NOUN	NNS	Number=Plur	6	nsubj	12	20
usc5-552-doj:u0234:s01	4	shall	shall	AUX	MD	VerbForm=Fin	6	aux	21	26
usc5-552-doj:u0234:s01	5	be	be	AUX	VB	VerbForm=Inf	6	cop	27	29
usc5-552-doj:u0234:s01	6	responsible	responsible	ADJ	JJ	Degree=Pos	0	root	30	41
usc5-552-doj:u0234:s01	7	for	for	SCONJ	IN	_	8	mark	42	45
usc5-552-doj:u0234:s01	8	assisting	assist	VERB	VBG	VerbForm=Ger	6	advcl	46	55
usc5-552-doj:u0234:s01	9	in	in	ADP	RP	_	11	case	56	58
usc5-552-doj:u0234:s01	10	reducing	reduce	VERB	VBG	VerbForm=Ger	11	amod	59	67
usc5-552-doj:u0234:s01	11	delays	delay	NOUN	NNS	Number=Plur	8	obl	68	74
usc5-552-doj:u0234:s01	12	,	,	PUNCT	,	_	13	punct	74	75
usc5-552-doj:u0234:s01	13	increasing	increase	VERB	VBG	VerbForm=Ger	8	conj	76	86
usc5-552-doj:u0234:s01	14	transparency	transparency	NOUN	NN	Number=Sing	13	obj	87	99
usc5-552-doj:u0234:s01	15	and	and	CCONJ	CC	_	16	cc	100	103
usc5-552-doj:u0234:s01	16	understanding	understanding	NOUN	NN	Number=Sing	14	conj	104	117
usc5-552-doj:u0234:s01	17	of	of	ADP	IN	_	19	case	118	120
usc5-552-doj:u0234:s01	18	the	the	DET	DT	Definite=Def|PronType=Art	19	det	121	124
usc5-552-doj:u0234:s01	19	status	status	NOUN	NN	Number=Sing	14	nmod	125	131
usc5-552-doj:u0234:s01	20	of	of	ADP	IN	_	21	case	132	134
usc5-552-doj:u0234:s01	21	requests	request	NOUN	NNS	Number=Plur	19	nmod	135	143
usc5-552-doj:u0234:s01	22	,	,	PUNCT	,	_	24	punct	143	144
usc5-552-doj:u0234:s01	23	and	and	CCONJ	CC	_	24	cc	145	148
usc5-552-doj:u0234:s01	24	assisting	assist	VERB	VBG	VerbForm=Ger	6	conj	149	158
usc5-552-doj:u0234:s01	25	in	in	ADP	IN	_	27	case	159	161
usc5-552-doj:u0234:s01	26	the	the	DET	DT	Definite=Def|PronType=Art	27	det	162	165
usc5-552-doj:u0234:s01	27	resolution	resolution	NOUN	NN	Number=Sing	24	obl	166	176
usc5-552-doj:u0234:s01	28	of	of	ADP	IN	_	29	case	177	179
usc5-552-doj:u0234:s01	29	disputes	dispute	NOUN	NNS	Number=Plur	27	nmod	180	188
usc5-552-doj:u0234:s01	30	.	.	PUNCT	.	_	6	punct	188	189
usc5-552-doj:u0235:s00	1	(	(	PUNCT	-LRB-	_	2	punct	0	1
usc5-552-doj:u0235:s00	2	m	m	NOUN	NN	Number=Sing	0	root	1	2
usc5-552-doj:u0235:s00	3	)	)	PUNCT	-RRB-	_	2	punct	2	3
usc5-552-doj:u0235:s00	4	(	(	PUNCT	-LRB-	_	2	punct	3	4
usc5-552-doj:u0235:s00	5	1	1	X	LS	_	2	appos	4	5
usc5-552-doj:u0235:s00	6	)	)	PUNCT	-RRB-	_	2	punct	5	6
usc5-552-doj:u0235:s01	1	The	the	DET	DT	Definite=Def|PronType=Art	2	det	0	3
usc5-552-doj:u0235:s01	2	Director	director	NOUN	NN	Number=Sing	18	nsubj	4	12
usc5-552-doj:u0235:s01	3	of	of	ADP	IN	_	5	case	13	15
usc5-552-doj:u0235:s01	4	the	the	DET	DT	Definite=Def|PronType=Art	5	det	16	19
usc5-552-doj:u0235:s01	5	Office	Office	PROPN	NNP	Number=Sing	2	nmod	20	26
usc5-552-doj:u0235:s01	6	of	of	ADP	IN	_	7	case	27	29
usc5-552-doj:u0235:s01	7	Management	management	PROPN	NNP	Number=Sing	5	nmod	30	40
usc5-552-doj:u0235:s01	8	and	and	CCONJ	CC	_	9	cc	41	44
usc5-552-doj:u0235:s01	9	Budget	budget	PROPN	NNP	Number=Sing	7	conj	45	51
usc5-552-doj:u0235:s01	10	,	,	PUNCT	,	_	2	punct	51	52
usc5-552-doj:u0235:s01	11	in	in	ADP	IN	_	12	case	53	55
usc5-552-doj:u0235:s01	12	consultation	consultation	NOUN	NN	Number=Sing	2	nmod	56	68
usc5-552-doj:u0235:s01	13	with	with	ADP	IN	_	15	case	69	73
usc5-552-doj:u0235:s01	14	the	the	DET	DT	Definite=Def|PronType=Art	15	det	74	77
usc5-552-doj:u0235:s01	15	Attorney	Attorney	PROPN	NNP	Number=Sing	12	nmod	78	86
usc5-552-doj:u0235:s01	16	General	General	PROPN	NNP	Number=Sing	15	flat	87	94
usc5-552-doj:u0235:s01	17	shall	shall	AUX	MD	VerbForm=Fin	18	aux	95	100
usc5-552-doj:u0235:s01	18	ensure	ensure	VERB	VB	VerbForm=Inf	0	root	101	107
usc5-552-doj:u0235:s01	19	the	the	DET	DT	Definite=Def|PronType=Art	20	det	108	111
usc5-552-doj:u0235:s01	20	operation	operation	NOUN	NN	Number=Sing	18	obj	112	121
usc5-552-doj:u0235:s01	21	of	of	ADP	IN	_	25	case	122	124
usc5-552-doj:u0235:s01	22	a	a	DET	DT	Definite=Ind|PronType=Art	25	det	125	126
usc5-552-doj:u0235:s01	23	consolidated	consolidate	VERB	VBN	Tense=Past|VerbForm=Part	25	amod	127	139
usc5-552-doj:u0235:s01	24	online	online	ADJ	JJ	Degree=Pos	25	amod	140	146
usc5-552-doj:u0235:s01	25	request	request	NOUN	NN	Number=Sing	20	nmod	147	154
usc5-552-doj:u0235:s01	26	portal	portal	NOUN	NN	Number=Sing	25	appos	155	161
usc5-552-doj:u0235:s01	27	that	that	PRON	WDT	PronType=Rel	28	nsubj	162	166
usc5-552-doj:u0235:s01	28	allows	allow	VERB	VBZ	Mood=Ind|Number=Sing|Person=3|Tense=Pres|VerbForm=Fin	26	acl:relcl	167	173
usc5-552-doj:u0235:s01	29	a	a	DET	DT	Definite=Ind|PronType=Art	30	det	174	175
usc5-552-doj:u0235:s01	30	member	member	NOUN	NN	Number=Sing	28	obj	176	182
usc5-552-doj:u0235:s01	31	of	of	ADP	IN	_	33	case	183	185
usc5-552-doj:u0235:s01	32	the	the	DET	DT	Definite=Def|PronType=Art	33	det	186	189
usc5-552-doj:u0235:s01	33	public	public	NOUN	NN	Number=Sing	30	nmod	190	196
usc5-552-doj:u0235:s01	34	to	to	PART	TO	_	35	mark	197	199
usc5-552-doj:u0235:s01	35	submit	submit	VERB	VB	VerbForm=Inf	28	advcl	200	206
usc5-552-doj:u0235:s01	36	a	a	DET	DT	Definite=Ind|PronType=Art	37	det	207	208
usc5-552-doj:u0235:s01	37	request	request	NOUN	NN	Number=Sing	35	obj	209	216
usc5-552-doj:u0235:s01	38	for	for	ADP	IN	_	39	case	217	220
usc5-552-doj:u0235:s01	39	records	record	NOUN	NNS	Number=Plur	37	nmod	221	228
usc5-552-doj:u0235:s01	40	under	under	ADP	IN	_	41	case	229	234
usc5-552-doj:u0235:s01	41	subsection	subsection	NOUN	NN	Number=Sing	35	obl	235	245
usc5-552-doj:u0235:s01	42	(	(	PUNCT	-LRB-	_	28	punct	246	247
usc5-552-doj:u0235:s01	43	a	a	X	LS	_	44	nummod	247	248
usc5-552-doj:u0235:s01	44	)	)	PUNCT	-RRB-	_	18	punct	248	249
usc5-552-doj:u0235:s01	45	to	to	ADP	IN	_	47	case	250	252
usc5-552-doj:u0235:s01	46	any	any	DET	DT	_	47	det	253	256
usc5-552-doj:u0235:s01	47	agency	agency	NOUN	NN	Number=Sing	18	obl	257	263
usc5-552-doj:u0235:s01	48	from	from	ADP	IN	_	51	case	264	268
usc5-552-doj:u0235:s01	49	a	a	DET	DT	Definite=Ind|PronType=Art	51	det	269	270
usc5-552-doj:u0235:s01	50	single	single	ADJ	JJ	Degree=Pos	51	amod	271	277
usc5-552-doj:u0235:s01	51	website	website	NOUN	NN	Number=Sing	47	nmod	278	285
usc5-552-doj:u0235:s01	52	.	.	PUNCT	.	_	18	punct	285	286
usc5-552-doj:u0235:s02	1	The	the	DET	DT	Definite=Def|PronType=Art	2	det	0	3
usc5-552-doj:u0235:s02	2	portal	portal	NOUN	NN	Number=Sing	4	nsubj	4	10
usc5-552-doj:u0235:s02	3	may	may	AUX	MD	VerbForm=Fin	4	aux	11	14
usc5-552-doj:u0235:s02	4	include	include	VERB	VB	VerbForm=Inf	0	root	15	22
usc5-552-doj:u0235:s02	5	any	any	DET	DT	_	7	det	23	26
usc5-552-doj:u0235:s02	6	additional	additional	ADJ	JJ	Degree=Pos	7	amod	27	37
usc5-552-doj:u0235:s02	7	tools	tool	NOUN	NNS	Number=Plur	19	obj	38	43
usc5-552-doj:u0235:s02	8	the	the	DET	DT	Definite=Def|PronType=Art	9	det	44	47
usc5-552-doj:u0235:s02	9	Director	Director	NOUN	NN	Number=Sing	19	nsubj	48	56
usc5-552-doj:u0235:s02	10	of	of	ADP	IN	_	12	case	57	59
usc5-552-doj:u0235:s02	11	the	the	DET	DT	Definite=Def|PronType=Art	12	det	60	63
usc5-552-doj:u0235:s02	12	Office	Office	NOUN	NN	Number=Sing	9	nmod	64	70
usc5-552-doj:u0235:s02	13	of	of	ADP	IN	_	14	case	71	73
usc5-552-doj:u0235:s02	14	Management	management	NOUN	NN	Number=Sing	12	nmod	74	84
usc5-552-doj:u0235:s02	15	and	and	CCONJ	CC	_	17	cc	85	88
usc5-552-doj:u0235:s02	16	Budget	budget	NOUN	NN	Number=Sing	17	compound	89	95
usc5-552-doj:u0235:s02	17	finds	find	NOUN	NNS	Number=Plur	14	conj	96	101
usc5-552-doj:u0235:s02	18	will	will	AUX	MD	VerbForm=Fin	19	aux	102	106
usc5-552-doj:u0235:s02	19	improve	improve	VERB	VB	VerbForm=Inf	4	ccomp	107	114
usc5-552-doj:u0235:s02	20	the	the	DET	DT	Definite=Def|PronType=Art	21	det	115	118
usc5-552-doj:u0235:s02	21	implementation	implementation	NOUN	NN	Number=Sing	19	obj	119	133
usc5-552-doj:u0235:s02	22	of	of	ADP	IN	_	24	case	134	136
usc5-552-doj:u0235:s02	23	this	this	DET	DT	Number=Sing|PronType=Dem	24	det	137	141
usc5-552-doj:u0235:s02	24	section	section	NOUN	NN	Number=Sing	21	nmod	142	149
usc5-552-doj:u0235:s02	25	.	.	PUNCT	.	_	4	punct	149	150
usc5-552-doj:u0236:s00	1	(	(	PUNCT	-LRB-	_	2	punct	0	1
usc5-552-doj:u0236:s00	2	2	2	X	LS	_	9	nummod	1	2
usc5-552-doj:u0236:s00	3	)	)	PUNCT	-RRB-	_	2	punct	2	3
usc5-552-doj:u0236:s00	4	This	this	DET	DT	Number=Sing|PronType=Dem	5	det	4	8
usc5-552-doj:u0236:s00	5	subsection	subsection	NOUN	NN	Number=Sing	9	nsubj:pass	9	19
usc5-552-doj:u0236:s00	6	shall	shall	AUX	MD	VerbForm=Fin	9	aux	20	25
usc5-552-doj:u0236:s00	7	not	not	PART	RB	_	9	advmod	26	29
usc5-552-doj:u0236:s00	8	be	be	AUX	VB	VerbForm=Inf	9	aux:pass	30	32
usc5-552-doj:u0236:s00	9	construed	construe	VERB	VBN	Tense=Past|VerbForm=Part|Voice=Pass	0	root	33	42
usc5-552-doj:u0236:s00	10	to	to	PART	TO	_	11	mark	43	45
usc5-552-doj:u0236:s00	11	alter	alter	VERB	VB	VerbForm=Inf	9	xcomp	46	51
usc5-552-doj:u0236:s00	12	the	the	DET	DT	Definite=Def|PronType=Art	13	det	52	55
usc5-552-doj:u0236:s00	13	power	power	NOUN	NN	Number=Sing	11	obj	56	61
usc5-552-doj:u0236:s00	14	of	of	ADP	IN	_	17	case	62	64
usc5-552-doj:u0236:s00	15	any	any	DET	DT	_	17	det	65	68
usc5-552-doj:u0236:s00	16	other	other	ADJ	JJ	Degree=Pos	17	amod	69	74
usc5-552-doj:u0236:s00	17	agency	agency	NOUN	NN	Number=Sing	13	nmod	75	81
usc5-552-doj:u0236:s00	18	to	to	PART	TO	_	19	mark	82	84
usc5-552-doj:u0236:s00	19	create	create	VERB	VB	VerbForm=Inf	17	acl	85	91
usc5-552-doj:u0236:s00	20	or	or	CCONJ	CC	_	21	cc	92	94
usc5-552-doj:u0236:s00	21	maintain	maintain	VERB	VB	VerbForm=Inf	19	conj	95	103
usc5-552-doj:u0236:s00	22	an	a	DET	DT	Definite=Ind|PronType=Art	25	det	104	106
usc5-552-doj:u0236:s00	23	independent	independent	ADJ	JJ	Degree=Pos	25	amod	107	118
usc5-552-doj:u0236:s00	24	online	online	ADJ	JJ	Degree=Pos	25	amod	119	125
usc5-552-doj:u0236:s00	25	portal	portal	NOUN	NN	Number=Sing	19	obj	126	132
usc5-552-doj:u0236:s00	26	for	for	ADP	IN	_	28	case	133	136
usc5-552-doj:u0236:s00	27	the	the	DET	DT	Definite=Def|PronType=Art	28	det	137	140
usc5-552-doj:u0236:s00	28	submission	submission	NOUN	NN	Number=Sing	25	nmod	141	151
usc5-552-doj:u0236:s00	29	of	of	ADP	IN	_	31	case	152	154
usc5-552-doj:u0236:s00	30	a	a	DET	DT	Definite=Ind|PronType=Art	31	det	155	156
usc5-552-doj:u0236:s00	31	request	request	NOUN	NN	Number=Sing	28	nmod	157	164
usc5-552-doj:u0236:s00	32	for	for	ADP	IN	_	33	case	165	168
usc5-552-doj:u0236:s00	33	records	record	NOUN	NNS	Number=Plur	31	nmod	169	176
usc5-552-doj:u0236:s00	34	under	under	ADP	IN	_	36	case	177	182
usc5-552-doj:u0236:s00	35	this	this	DET	DT	Number=Sing|PronType=Dem	36	det	183	187
usc5-552-doj:u0236:s00	36	section	section	NOUN	NN	Number=Sing	19	obl	188	195
usc5-552-doj:u0236:s00	37	.	.	PUNCT	.	_	9	punct	195	196
usc5-552-doj:u0236:s01	1	The	the	DET	DT	Definite=Def|PronType=Art	2	det	0	3
usc5-552-doj:u0236:s01	2	Director	director	NOUN	NN	Number=Sing	11	nsubj	4	12
usc5-552-doj:u0236:s01	3	of	of	ADP	IN	_	5	case	13	15
usc5-552-doj:u0236:s01	4	the	the	DET	DT	Definite=Def|PronType=Art	5	det	16	19
usc5-552-doj:u0236:s01	5	Office	Office	PROPN	NNP	Number=Sing	2	nmod	20	26
usc5-552-doj:u0236:s01	6	of	of	ADP	IN	_	7	case	27	29
usc5-552-doj:u0236:s01	7	Management	management	PROPN	NNP	Number=Sing	5	nmod	30	40
usc5-552-doj:u0236:s01	8	and	and	CCONJ	CC	_	9	cc	41	44
usc5-552-doj:u0236:s01	9	Budget	budget	PROPN	NNP	Number=Sing	2	conj	45	51
usc5-552-doj:u0236:s01	10	shall	shall	AUX	MD	VerbForm=Fin	11	aux	52	57
usc5-552-doj:u0236:s01	11	establish	establish	VERB	VB	VerbForm=Inf	0	root	58	67
usc5-552-doj:u0236:s01	12	standards	standard	NOUN	NNS	Number=Plur	11	obj	68	77
usc5-552-doj:u0236:s01	13	for	for	ADP	IN	_	14	case	78	81
usc5-552-doj:u0236:s01	14	interoperability	interoperability	NOUN	NN	Number=Sing	11	obl	82	98
usc5-552-doj:u0236:s01	15	between	between	ADP	IN	_	17	case	99	106
usc5-552-doj:u0236:s01	16	the	the	DET	DT	Definite=Def|PronType=Art	17	det	107	110
usc5-552-doj:u0236:s01	17	portal	portal	NOUN	NN	Number=Sing	14	nmod	111	117
usc5-552-doj:u0236:s01	18	required	require	VERB	VBN	Tense=Past|VerbForm=Part	17	acl	118	126
usc5-552-doj:u0236:s01	19	under	under	ADP	IN	_	20	case	127	132
usc5-552-doj:u0236:s01	20	paragraph	paragraph	NOUN	NN	Number=Sing	18	obl	133	142
usc5-552-doj:u0236:s01	21	(	(	PUNCT	-LRB-	_	22	punct	143	144
usc5-552-doj:u0236:s01	22	1	1	NUM	CD	NumType=Card	14	appos	144	145
usc5-552-doj:u0236:s01	23	)	)	PUNCT	-RRB-	_	22	punct	145	146
usc5-552-doj:u0236:s01	24	and	and	CCONJ	CC	_	26	cc	147	150
usc5-552-doj:u0236:s01	25	other	other	ADJ	JJ	Degree=Pos	26	amod	151	156
usc5-552-doj:u0236:s01	26	request	request	NOUN	NN	Number=Sing	14	conj	157	164
usc5-552-doj:u0236:s01	27	processing	process	VERB	VBG	VerbForm=Ger	26	acl	165	175
usc5-552-doj:u0236:s01	28	software	software	NOUN	NN	Number=Sing	27	obj	176	184
usc5-552-doj:u0236:s01	29	used	use	VERB	VBN	Tense=Past|VerbForm=Part	28	acl	185	189
usc5-552-doj:u0236:s01	30	by	by	ADP	IN	_	31	case	190	192
usc5-552-doj:u0236:s01	31	agencies	agency	NOUN	NNS	Number=Plur	29	obl	193	201
usc5-552-doj:u0236:s01	32	subject	subject	ADJ	JJ	Degree=Pos	31	amod	202	209
usc5-552-doj:u0236:s01	33	to	to	ADP	IN	_	35	case	210	212
usc5-552-doj:u0236:s01	34	this	this	DET	DT	Number=Sing|PronType=Dem	35	det	213	217
usc5-552-doj:u0236:s01	35	section	section	NOUN	NN	Number=Sing	32	obl	218	225
usc5-552-doj:u0236:s01	36	.	.	PUNCT	.	_	11	punct	225	226
