sentence_id	id	form	lemma	upos	xpos	feats	head	deprel	start	end
nodejs-governance:u0000:s00	1	#	#	SYM	NN	Number=Sing	2	compound	0	1
nodejs-governance:u0000:s00	2	Node.js	Node.js	PROPN	NNP	Number=Sing	4	compound	2	9
nodejs-governance:u0000:s00	3	Project	project	PROPN	NNP	Number=Sing	4	compound	10	17
nodejs-governance:u0000:s00	4	Governance	Governance	PROPN	NNP	Number=Sing	0	root	18	28
nodejs-governance:u0001:s00	1	<!--	<!--	SYM	NFP	_	0	root	0	4
nodejs-governance:u0001:s00	2	TOC	Toc	SYM	NN	Number=Sing	1	compound	5	8
nodejs-governance:u0001:s00	3	-->	-->	SYM	NFP	_	1	discourse	9	12
nodejs-governance:u0002:s00	1	*	*	PUNCT	NFP	_	3	punct	0	1
nodejs-governance:u0002:s00	2	[	[	PUNCT	-LRB-	_	3	punct	2	3
nodejs-governance:u0002:s00	3	Triagers	Triagers	NOUN	NNS	Number=Plur	0	root	3	11
nodejs-governance:u0002:s00	4	]	]	PUNCT	-RRB-	_	3	punct	11	12
nodejs-governance:u0002:s00	5	(	(	PUNCT	-LRB-	_	6	punct	12	13
nodejs-governance:u0002:s00	6	#triagers	#triager	NOUN	NNS	Number=Plur	3	appos	13	22
nodejs-governance:u0002:s00	7	)	)	PUNCT	-RRB-	_	6	punct	22	23
nodejs-governance:u0002:s00	8	*	*	PUNCT	NFP	_	3	punct	24	25
nodejs-governance:u0002:s00	9	[	[	PUNCT	-LRB-	_	10	punct	26	27
nodejs-governance:u0002:s00	10	Collaborators	Collaborators	NOUN	NNS	Number=Plur	3	appos	27	40
nodejs-governance:u0002:s00	11	]	]	PUNCT	-RRB-	_	10	punct	40	41
nodejs-governance:u0002:s00	12	(	(	PUNCT	-LRB-	_	13	punct	41	42
nodejs-governance:u0002:s00	13	#collaborators	#collaborator	NOUN	NNS	Number=Plur	10	appos	42	56
nodejs-governance:u0002:s00	14	)	)	PUNCT	-RRB-	_	13	punct	56	57
nodejs-governance:u0002:s00	15	*	*	PUNCT	NFP	_	3	punct	58	59
nodejs-governance:u0002:s00	16	[	[	PUNCT	-LRB-	_	3	punct	60	61
nodejs-governance:u0002:s00	17	Collaborator	Collaborator	NOUN	NN	Number=Sing	18	compound	61	73
nodejs-governance:u0002:s00	18	activities	activity	NOUN	NNS	Number=Plur	21	appos	74	84
nodejs-governance:u0002:s00	19	]	]	PUNCT	-RRB-	_	18	punct	84	85
nodejs-governance:u0002:s00	20	(	(	PUNCT	-LRB-	_	18	punct	85	86
nodejs-governance:u0002:s00	21	#collaborator-activities	#collaborator-activity	NOUN	NNS	Number=Plur	3	conj	86	110
nodejs-governance:u0002:s00	22	)	)	PUNCT	-RRB-	_	21	punct	110	111
nodejs-governance:u0002:s00	23	*	*	PUNCT	NFP	_	3	punct	112	113
nodejs-governance:u0002:s00	24	[	[	PUNCT	-LRB-	_	3	punct	114	115
nodejs-governance:u0002:s00	25	Technical	technical	ADJ	JJ	Degree=Pos	27	amod	115	124
nodejs-governance:u0002:s00	26	steering	steering	NOUN	NN	Number=Sing	27	compound	125	133
nodejs-governance:u0002:s00	27	committee	committee	NOUN	NN	Number=Sing	3	appos	134	143
nodejs-governance:u0002:s00	28	]	]	PUNCT	-RRB-	_	27	punct	143	144
nodejs-governance:u0002:s00	29	(	(	PUNCT	-LRB-	_	34	punct	144	145
nodejs-governance:u0002:s00	30	#technical	#technical	ADJ	JJ	Degree=Pos	34	amod	145	155
nodejs-governance:u0002:s00	31	-	-	PUNCT	HYPH	_	32	punct	155	156
nodejs-governance:u0002:s00	32	steering	steering	NOUN	NN	Number=Sing	34	compound	156	164
nodejs-governance:u0002:s00	33	-	-	PUNCT	HYPH	_	32	punct	164	165
nodejs-governance:u0002:s00	34	committee	committee	NOUN	NN	Number=Sing	27	appos	165	174
nodejs-governance:u0002:s00	35	)	)	PUNCT	-RRB-	_	34	punct	174	175
nodejs-governance:u0002:s00	36	*	*	PUNCT	NFP	_	3	punct	176	177
nodejs-governance:u0002:s00	37	[	[	PUNCT	-LRB-	_	3	punct	178	179
nodejs-governance:u0002:s00	38	TSC	TSC	NOUN	NN	Number=Sing	39	compound	179	182
nodejs-governance:u0002:s00	39	meetings	meeting	NOUN	NNS	Number=Plur	42	appos	183	191
nodejs-governance:u0002:s00	40	]	]	PUNCT	-RRB-	_	39	punct	191	192
nodejs-governance:u0002:s00	41	(	(	PUNCT	-LRB-	_	39	punct	192	193
nodejs-governance:u0002:s00	42	#tsc-meetings	#tsc-meeting	NOUN	NNS	Number=Plur	3	appos	193	206
nodejs-governance:u0002:s00	43	)	)	PUNCT	-RRB-	_	42	punct	206	207
nodejs-governance:u0002:s00	44	*	*	PUNCT	NFP	_	3	punct	208	209
nodejs-governance:u0002:s00	45	[	[	PUNCT	-LRB-	_	3	punct	210	211
nodejs-governance:u0002:s00	46	Collaborator	Collaborator	NOUN	NN	Number=Sing	47	compound	211	223
nodejs-governance:u0002:s00	47	nominations	nomination	NOUN	NNS	Number=Plur	3	punct	224	235
nodejs-governance:u0002:s00	48	]	]	PUNCT	-RRB-	_	3	punct	235	236
nodejs-governance:u0002:s00	49	(	(	PUNCT	-LRB-	_	3	punct	236	237
nodejs-governance:u0002:s00	50	#collaborator-nominations	#collaborator-nomination	NOUN	NNS	Number=Plur	3	appos	237	262
nodejs-governance:u0002:s00	51	)	)	PUNCT	-RRB-	_	50	punct	262	263
nodejs-governance:u0002:s00	52	*	*	PUNCT	NFP	_	3	punct	264	265
nodejs-governance:u0002:s00	53	[	[	PUNCT	-LRB-	_	3	punct	266	267
nodejs-governance:u0002:s00	54	Who	who	PRON	WP	PronType=Int	56	nsubj	267	270
nodejs-governance:u0002:s00	55	can	can	AUX	MD	VerbForm=Fin	56	aux	271	274
nodejs-governance:u0002:s00	56	nominate	nominate	VERB	VB	VerbForm=Inf	3	parataxis	275	283
nodejs-governance:u0002:s00	57	Collaborators	Collaborator	NOUN	NNS	Number=Plur	56	obj	284	297
nodejs-governance:u0002:s00	58	?	?	PUNCT	.	_	3	punct	297	298
nodejs-governance:u0002:s00	59	]	]	PUNCT	-RRB-	_	3	punct	298	299
nodejs-governance:u0002:s00	60	(	(	PUNCT	-LRB-	_	62	punct	299	300
nodejs-governance:u0002:s00	61	#who-can	#who-can	ADJ	JJ	Degree=Pos	62	amod	300	308
nodejs-governance:u0002:s00	62	-nominate-collaborators	-nominate-collaborator	NOUN	NNS	Number=Plur	3	appos	308	331
nodejs-governance:u0002:s00	63	)	)	PUNCT	-RRB-	_	62	punct	331	332
nodejs-governance:u0002:s00	64	*	*	PUNCT	NFP	_	3	punct	333	334
nodejs-governance:u0002:s00	65	[	[	PUNCT	-LRB-	_	3	punct	335	336
nodejs-governance:u0002:s00	66	Ideal	ideal	PROPN	NNP	Number=Sing	67	compound	336	341
nodejs-governance:u0002:s00	67	Nominees	Nominees	PROPN	NNPS	Number=Plur	71	appos	342	350
nodejs-governance:u0002:s00	68	]	]	PUNCT	-RRB-	_	67	punct	350	351
nodejs-governance:u0002:s00	69	(	(	PUNCT	-LRB-	_	67	punct	351	352
nodejs-governance:u0002:s00	70	#ideal	#ideal	ADJ	JJ	Degree=Pos	71	amod	352	358
nodejs-governance:u0002:s00	71	-nominees	-nominee	NOUN	NNS	Number=Plur	3	appos	358	367
nodejs-governance:u0002:s00	72	)	)	PUNCT	-RRB-	_	3	punct	367	368
nodejs-governance:u0002:s00	73	*	*	PUNCT	NFP	_	3	punct	369	370
nodejs-governance:u0002:s00	74	[	[	PUNCT	-LRB-	_	3	punct	371	372
nodejs-governance:u0002:s00	75	Nominating	Nominat	VERB	VBG	VerbForm=Ger	3	acl	372	382
nodejs-governance:u0002:s00	76	a	a	DET	DT	Definite=Ind|PronType=Art	78	det	383	384
nodejs-governance:u0002:s00	77	new	new	ADJ	JJ	Degree=Pos	78	amod	385	388
nodejs-governance:u0002:s00	78	Collaborator	Collaborator	NOUN	NN	Number=Sing	75	obj	389	401
nodejs-governance:u0002:s00	79	]	]	PUNCT	-RRB-	_	75	punct	401	402
nodejs-governance:u0002:s00	80	(	(	PUNCT	-LRB-	_	81	punct	402	403
nodejs-governance:u0002:s00	81	#nominating	#nominat	VERB	VBG	VerbForm=Ger	75	parataxis	403	414
nodejs-governance:u0002:s00	82	-	-	PUNCT	,	_	81	punct	414	415
nodejs-governance:u0002:s00	83	a	a	DET	DT	Definite=Ind|PronType=Art	84	det	415	416
nodejs-governance:u0002:s00	84	-new-collaborator	-new-collaborator	NOUN	NN	Number=Sing	81	obj	416	433
nodejs-governance:u0002:s00	85	)	)	PUNCT	-RRB-	_	81	punct	433	434
nodejs-governance:u0002:s00	86	*	*	PUNCT	NFP	_	3	punct	435	436
nodejs-governance:u0002:s00	87	[	[	PUNCT	-LRB-	_	3	punct	437	438
nodejs-governance:u0002:s00	88	Onboarding	Onboarding	PROPN	NNP	Number=Sing	3	appos	438	448
nodejs-governance:u0002:s00	89	]	]	PUNCT	-RRB-	_	88	punct	448	449
nodejs-governance:u0002:s00	90	(	(	PUNCT	-LRB-	_	91	punct	449	450
nodejs-governance:u0002:s00	91	#onboarding	#onboard	NOUN	NN	Number=Sing	88	appos	450	461
nodejs-governance:u0002:s00	92	)	)	PUNCT	-RRB-	_	91	punct	461	462
nodejs-governance:u0002:s00	93	*	*	PUNCT	NFP	_	3	punct	463	464
nodejs-governance:u0002:s00	94	[	[	PUNCT	-LRB-	_	3	punct	465	466
nodejs-governance:u0002:s00	95	Consensus	consensus	PROPN	NNP	Number=Sing	3	appos	466	475
nodejs-governance:u0002:s00	96	seeking	seek	VERB	VBG	VerbForm=Ger	95	acl	476	483
nodejs-governance:u0002:s00	97	process	process	NOUN	NN	Number=Sing	96	obj	484	491
nodejs-governance:u0002:s00	98	]	]	PUNCT	-RRB-	_	97	punct	491	492
nodejs-governance:u0002:s00	99	(	(	PUNCT	-LRB-	_	97	punct	492	493
nodejs-governance:u0002:s00	100	#consensus	#consensus	CCONJ	CC	_	103	cc	493	503
nodejs-governance:u0002:s00	101	-seeking	-seeking	NOUN	NN	Number=Sing	103	compound	503	511
nodejs-governance:u0002:s00	102	-	-	PUNCT	HYPH	_	103	punct	511	512
nodejs-governance:u0002:s00	103	process	process	NOUN	NN	Number=Sing	97	conj	512	519
nodejs-governance:u0002:s00	104	)	)	PUNCT	-RRB-	_	97	punct	519	520
nodejs-governance:u0003:s00	1	<	<	PUNCT	-LRB-	_	3	punct	0	1
nodejs-governance:u0003:s00	2	!--	!--	PUNCT	.	_	3	punct	1	4
nodejs-governance:u0003:s00	3	/TOC	/TOC	NOUN	NN	Number=Sing	0	root	5	9
nodejs-governance:u0003:s00	4	-->	-->	SYM	NFP	_	3	discourse	10	13
nodejs-governance:u0004:s00	1	##	##	PUNCT	.	_	0	root	0	2
nodejs-governance:u0004:s01	1	Triagers	Triager	NOUN	NNS	Number=Plur	0	root	0	8
nodejs-governance:u0005:s00	1	Triagers	Triager	NOUN	NNS	Number=Plur	2	nsubj	0	8
nodejs-governance:u0005:s00	2	assess	assess	VERB	VBP	Mood=Ind|Tense=Pres|VerbForm=Fin	0	root	9	15
nodejs-governance:u0005:s00	3	newly	newly	ADV	RB	_	2	advmod	16	21
nodejs-governance:u0005:s00	4	-	-	PUNCT	HYPH	_	5	punct	21	22
nodejs-governance:u0005:s00	5	opened	open	VERB	VBN	Tense=Past|VerbForm=Part	6	amod	22	28
nodejs-governance:u0005:s00	6	issues	issue	NOUN	NNS	Number=Plur	2	obj	29	35
nodejs-governance:u0005:s00	7	in	in	ADP	IN	_	10	case	36	38
nodejs-governance:u0005:s00	8	the	the	DET	DT	Definite=Def|PronType=Art	10	det	39	42
nodejs-governance:u0005:s00	9	[	[	PUNCT	-LRB-	_	10	punct	43	44
nodejs-governance:u0005:s00	10	nodejs	nodej	NOUN	NNS	Number=Plur	6	nmod	44	50
nodejs-governance:u0005:s00	11	/	/	PUNCT	,	_	12	cc	50	51
nodejs-governance:u0005:s00	12	node	node	NOUN	NN	Number=Sing	10	conj	51	55
nodejs-governance:u0005:s00	13	]	]	PUNCT	-RRB-	_	2	punct	55	56
nodejs-governance:u0005:s00	14	[	[	PUNCT	-LRB-	_	2	punct	56	57
nodejs-governance:u0005:s00	15	]	]	PUNCT	-RRB-	_	2	punct	57	58
nodejs-governance:u0005:s00	16	and	and	CCONJ	CC	_	18	cc	59	62
nodejs-governance:u0005:s00	17	[	[	PUNCT	-LRB-	_	18	punct	63	64
nodejs-governance:u0005:s00	18	nodejs	nodej	NOUN	NNS	Number=Plur	20	conj	64	70
nodejs-governance:u0005:s00	19	/	/	PUNCT	,	_	18	punct	70	71
nodejs-governance:u0005:s00	20	help	help	NOUN	NN	Number=Sing	2	obj	71	75
nodejs-governance:u0005:s00	21	]	]	PUNCT	-RRB-	_	20	punct	75	76
nodejs-governance:u0005:s00	22	[	[	PUNCT	-LRB-	_	20	punct	76	77
nodejs-governance:u0005:s00	23	]	]	PUNCT	-RRB-	_	20	punct	77	78
nodejs-governance:u0005:s00	24	repositories	repository	NOUN	NNS	Number=Plur	20	appos	79	91
nodejs-governance:u0005:s00	25	.	.	PUNCT	.	_	2	punct	91	92
nodejs-governance:u0005:s01	1	The	the	DET	DT	Definite=Def|PronType=Art	3	det	0	3
nodejs-governance:u0005:s01	2	GitHub	GitHub	PROPN	NNP	Number=Sing	3	compound	4	10
nodejs-governance:u0005:s01	3	team	team	NOUN	NN	Number=Sing	8	nsubj	11	15
nodejs-governance:u0005:s01	4	for	for	ADP	IN	_	6	case	16	19
nodejs-governance:u0005:s01	5	Node.js	Node.js	PROPN	NNP	Number=Sing	6	compound	20	27
nodejs-governance:u0005:s01	6	triagers	triager	NOUN	NNS	Number=Plur	3	nmod	28	36
nodejs-governance:u0005:s01	7	is	be	AUX	VBZ	Mood=Ind|Number=Sing|Person=3|Tense=Pres|VerbForm=Fin	8	cop	37	39
nodejs-governance:u0005:s01	8	@nodejs	@nodejs	NOUN	NNS	Number=Plur	0	root	40	47
nodejs-governance:u0005:s01	9	/	/	PUNCT	,	_	12	punct	47	48
nodejs-governance:u0005:s01	10	issue	issue	NOUN	NN	Number=Sing	12	compound	48	53
nodejs-governance:u0005:s01	11	-	-	PUNCT	HYPH	_	12	punct	53	54
nodejs-governance:u0005:s01	12	triage	triage	NOUN	NN	Number=Sing	8	conj	54	60
nodejs-governance:u0005:s01	13	.	.	PUNCT	.	_	8	punct	60	61
nodejs-governance:u0005:s02	1	Triagers	Triager	NOUN	NNS	Number=Plur	3	nsubj:pass	0	8
nodejs-governance:u0005:s02	2	are	be	AUX	VBP	Mood=Ind|Tense=Pres|VerbForm=Fin	3	aux:pass	9	12
nodejs-governance:u0005:s02	3	given	give	VERB	VBN	Tense=Past|VerbForm=Part|Voice=Pass	0	root	13	18
nodejs-governance:u0005:s02	4	the	the	DET	DT	Definite=Def|PronType=Art	6	det	19	22
nodejs-governance:u0005:s02	5	"	"	PUNCT	``	_	6	punct	23	24
nodejs-governance:u0005:s02	6	Triage	triage	NOUN	NN	Number=Sing	3	obj	24	30
nodejs-governance:u0005:s02	7	"	"	PUNCT	''	_	6	punct	30	31
nodejs-governance:u0005:s03	1	GitHub	GitHub	VERB	VB	Mood=Imp|VerbForm=Fin	0	root	0	6
nodejs-governance:u0005:s03	2	role	role	NOUN	NN	Number=Sing	1	obj	7	11
nodejs-governance:u0005:s03	3	and	and	CCONJ	CC	_	4	cc	12	15
nodejs-governance:u0005:s03	4	have	have	VERB	VBP	Mood=Ind|Tense=Pres|VerbForm=Fin	1	conj	16	20
nodejs-governance:u0005:s03	5	:	:	PUNCT	:	_	1	punct	20	21
nodejs-governance:u0006:s00	1	*	*	PUNCT	NFP	_	2	punct	0	1
nodejs-governance:u0006:s00	2	Ability	ability	NOUN	NN	Number=Sing	0	root	2	9
nodejs-governance:u0006:s00	3	to	to	PART	TO	_	4	mark	10	12
nodejs-governance:u0006:s00	4	label	label	VERB	VB	VerbForm=Inf	2	acl	13	18
nodejs-governance:u0006:s00	5	issues	issue	NOUN	NNS	Number=Plur	4	obj	19	25
nodejs-governance:u0006:s00	6	and	and	CCONJ	CC	_	7	cc	26	29
nodejs-governance:u0006:s00	7	pull	pull	VERB	VB	VerbForm=Inf	4	conj	30	34
nodejs-governance:u0006:s00	8	requests	request	NOUN	NNS	Number=Plur	10	compound	35	43
nodejs-governance:u0006:s00	9	*	*	PUNCT	NFP	_	10	punct	44	45
nodejs-governance:u0006:s00	10	Ability	ability	NOUN	NN	Number=Sing	7	obj	46	53
nodejs-governance:u0006:s00	11	to	to	PART	TO	_	12	mark	54	56
nodejs-governance:u0006:s00	12	comment	comment	VERB	VB	VerbForm=Inf	7	xcomp	57	64
nodejs-governance:u0006:s00	13	,	,	PUNCT	,	_	14	punct	64	65
nodejs-governance:u0006:s00	14	close	close	ADJ	JJ	Degree=Pos	12	conj	66	71
nodejs-governance:u0006:s00	15	,	,	PUNCT	,	_	17	punct	71	72
nodejs-governance:u0006:s00	16	and	and	CCONJ	CC	_	17	cc	73	76
nodejs-governance:u0006:s00	17	reopen	reopen	VERB	VB	VerbForm=Inf	12	conj	77	83
nodejs-governance:u0006:s00	18	issues	issue	NOUN	NNS	Number=Plur	17	obj	84	90
nodejs-governance:u0006:s00	19	and	and	CCONJ	CC	_	20	cc	91	94
nodejs-governance:u0006:s00	20	pull	pull	VERB	VB	VerbForm=Inf	12	conj	95	99
nodejs-governance:u0006:s00	21	requests	request	NOUN	NNS	Number=Plur	20	obj	100	108
nodejs-governance:u0007:s00	1	See	see	VERB	VB	Mood=Imp|VerbForm=Fin	0	root	0	3
nodejs-governance:u0007:s00	2	:	:	PUNCT	:	_	1	punct	3	4
nodejs-governance:u0008:s00	1	*	*	PUNCT	NFP	_	0	root	0	1
nodejs-governance:u0008:s01	1	[	[	PUNCT	-LRB-	_	2	punct	0	1
nodejs-governance:u0008:s01	2	List	list	NOUN	NN	Number=Sing	0	root	1	5
nodejs-governance:u0008:s01	3	of	of	ADP	IN	_	4	case	6	8
nodejs-governance:u0008:s01	4	triagers	triager	NOUN	NNS	Number=Plur	2	nmod	9	17
nodejs-governance:u0008:s01	5	]	]	PUNCT	-RRB-	_	4	punct	17	18
nodejs-governance:u0008:s01	6	(	(	PUNCT	-LRB-	_	7	punct	18	19
nodejs-governance:u0008:s01	7	./README.md#triagers	./README.md#triagers	NOUN	NNS	Number=Plur	4	appos	19	39
nodejs-governance:u0008:s01	8	)	)	PUNCT	-RRB-	_	7	punct	39	40
nodejs-governance:u0008:s01	9	*	*	PUNCT	NFP	_	2	punct	41	42
nodejs-governance:u0008:s01	10	[	[	PUNCT	-LRB-	_	2	punct	43	44
nodejs-governance:u0008:s01	11	A	a	DET	DT	Definite=Ind|PronType=Art	12	det	44	45
nodejs-governance:u0008:s01	12	guide	guide	NOUN	NN	Number=Sing	2	appos	46	51
nodejs-governance:u0008:s01	13	for	for	ADP	IN	_	14	case	52	55
nodejs-governance:u0008:s01	14	triagers	triager	NOUN	NNS	Number=Plur	12	nmod	56	64
nodejs-governance:u0008:s01	15	]	]	PUNCT	-RRB-	_	12	punct	64	65
nodejs-governance:u0008:s01	16	(	(	PUNCT	-LRB-	_	17	punct	65	66
nodejs-governance:u0008:s01	17	./doc/contributing/issues.md#triaging	./doc/contributing/issues.md#triage	VERB	VBG	VerbForm=Ger	12	parataxis	66	103
nodejs-governance:u0008:s01	18	-a-bug-report	-a-bug-report	NOUN	NN	Number=Sing	17	obj	103	116
nodejs-governance:u0008:s01	19	)	)	PUNCT	-RRB-	_	17	punct	116	117
nodejs-governance:u0009:s00	1	##	##	PUNCT	.	_	0	root	0	2
nodejs-governance:u0009:s01	1	Collaborators	Collaborator	NOUN	NNS	Number=Plur	0	root	0	13
nodejs-governance:u0010:s00	1	Node.js	Node.js	ADJ	JJ	Degree=Pos	3	amod	0	7
nodejs-governance:u0010:s00	2	core	core	NOUN	NN	Number=Sing	3	compound	8	12
nodejs-governance:u0010:s00	3	collaborators	collaborator	NOUN	NNS	Number=Plur	4	nsubj	13	26
nodejs-governance:u0010:s00	4	maintain	maintain	VERB	VBP	Mood=Ind|Tense=Pres|VerbForm=Fin	0	root	27	35
nodejs-governance:u0010:s00	5	the	the	DET	DT	Definite=Def|PronType=Art	7	det	36	39
nodejs-governance:u0010:s00	6	[	[	PUNCT	-LRB-	_	7	punct	40	41
nodejs-governance:u0010:s00	7	nodejs	nodej	NOUN	NNS	Number=Plur	4	obj	41	47
nodejs-governance:u0010:s00	8	/	/	PUNCT	,	_	9	cc	47	48
nodejs-governance:u0010:s00	9	node	node	NOUN	NN	Number=Sing	7	conj	48	52
nodejs-governance:u0010:s00	10	]	]	PUNCT	-RRB-	_	7	punct	52	53
nodejs-governance:u0010:s00	11	[	[	PUNCT	-LRB-	_	4	punct	53	54
nodejs-governance:u0010:s00	12	]	]	PUNCT	-RRB-	_	4	punct	54	55
nodejs-governance:u0010:s01	1	GitHub	GitHub	PROPN	NNP	Number=Sing	2	compound	0	6
nodejs-governance:u0010:s01	2	repository	repository	NOUN	NN	Number=Sing	0	root	7	17
nodejs-governance:u0010:s01	3	.	.	PUNCT	.	_	2	punct	17	18
nodejs-governance:u0010:s02	1	The	the	DET	DT	Definite=Def|PronType=Art	3	det	0	3
nodejs-governance:u0010:s02	2	GitHub	GitHub	PROPN	NNP	Number=Sing	3	compound	4	10
nodejs-governance:u0010:s02	3	team	team	NOUN	NN	Number=Sing	0	root	11	15
nodejs-governance:u0010:s02	4	for	for	ADP	IN	_	5	case	16	19
nodejs-governance:u0010:s02	5	Node.js	Node.js	PROPN	NNP	Number=Sing	3	nmod	20	27
nodejs-governance:u0010:s03	1	core	core	NOUN	NN	Number=Sing	2	compound	0	4
nodejs-governance:u0010:s03	2	collaborators	collaborator	NOUN	NNS	Number=Plur	4	nsubj	5	18
nodejs-governance:u0010:s03	3	is	be	AUX	VBZ	Mood=Ind|Number=Sing|Person=3|Tense=Pres|VerbForm=Fin	4	cop	19	21
nodejs-governance:u0010:s03	4	@nodejs	@nodejs	NOUN	NNS	Number=Plur	0	root	22	29
nodejs-governance:u0010:s03	5	/	/	PUNCT	,	_	6	cc	29	30
nodejs-governance:u0010:s03	6	collaborators	collaborator	NOUN	NNS	Number=Plur	4	conj	30	43
nodejs-governance:u0010:s03	7	.	.	PUNCT	.	_	4	punct	43	44
nodejs-governance:u0010:s04	1	Collaborators	Collaborator	NOUN	NNS	Number=Plur	2	nsubj	0	13
nodejs-governance:u0010:s04	2	have	have	VERB	VBP	Mood=Ind|Tense=Pres|VerbForm=Fin	0	root	14	18
nodejs-governance:u0010:s04	3	:	:	PUNCT	:	_	2	punct	18	19
nodejs-governance:u0011:s00	1	*	*	PUNCT	NFP	_	3	punct	0	1
nodejs-governance:u0011:s00	2	Commit	commit	NOUN	NN	Number=Sing	3	compound	2	8
nodejs-governance:u0011:s00	3	access	access	NOUN	NN	Number=Sing	0	root	9	15
nodejs-governance:u0011:s00	4	to	to	ADP	IN	_	7	case	16	18
nodejs-governance:u0011:s00	5	the	the	DET	DT	Definite=Def|PronType=Art	7	det	19	22
nodejs-governance:u0011:s00	6	[	[	PUNCT	-LRB-	_	7	punct	23	24
nodejs-governance:u0011:s00	7	nodejs	nodej	NOUN	NNS	Number=Plur	3	nmod	24	30
nodejs-governance:u0011:s00	8	/	/	PUNCT	,	_	9	cc	30	31
nodejs-governance:u0011:s00	9	node	node	NOUN	NN	Number=Sing	7	conj	31	35
nodejs-governance:u0011:s00	10	]	]	PUNCT	-RRB-	_	3	punct	35	36
nodejs-governance:u0011:s00	11	[	[	PUNCT	-LRB-	_	3	punct	36	37
nodejs-governance:u0011:s00	12	]	]	PUNCT	-RRB-	_	3	punct	37	38
nodejs-governance:u0011:s00	13	repository	repository	NOUN	NN	Number=Sing	15	compound	39	49
nodejs-governance:u0011:s00	14	*	*	PUNCT	NFP	_	15	punct	50	51
nodejs-governance:u0011:s00	15	Access	access	NOUN	NN	Number=Sing	3	appos	52	58
nodejs-governance:u0011:s00	16	to	to	ADP	IN	_	20	case	59	61
nodejs-governance:u0011:s00	17	the	the	DET	DT	Definite=Def|PronType=Art	20	det	62	65
nodejs-governance:u0011:s00	18	Node.js	Node.js	PROPN	NNP	Number=Sing	20	compound	66	73
nodejs-governance:u0011:s00	19	continuous	continuous	ADJ	JJ	Degree=Pos	20	amod	74	84
nodejs-governance:u0011:s00	20	integration	integration	NOUN	NN	Number=Sing	15	nmod	85	96
nodejs-governance:u0011:s00	21	(	(	PUNCT	-LRB-	_	20	punct	97	98
nodejs-governance:u0011:s00	22	CI	CI	PROPN	NNP	Number=Sing	20	appos	98	100
nodejs-governance:u0011:s00	23	)	)	PUNCT	-RRB-	_	3	punct	100	101
nodejs-governance:u0011:s00	24	jobs	job	NOUN	NNS	Number=Plur	3	appos	102	106
nodejs-governance:u0012:s00	1	Both	both	DET	DT	_	2	det	0	4
nodejs-governance:u0012:s00	2	collaborators	collaborator	NOUN	NNS	Number=Plur	6	nsubj	5	18
nodejs-governance:u0012:s00	3	and	and	CCONJ	CC	_	4	cc	19	22
nodejs-governance:u0012:s00	4	non-collaborators	non-collaborator	NOUN	NNS	Number=Plur	2	conj	23	40
nodejs-governance:u0012:s00	5	may	may	AUX	MD	VerbForm=Fin	6	aux	41	44
nodejs-governance:u0012:s00	6	propose	propose	VERB	VB	VerbForm=Inf	0	root	45	52
nodejs-governance:u0012:s00	7	changes	change	NOUN	NNS	Number=Plur	6	obj	53	60
nodejs-governance:u0012:s00	8	to	to	ADP	IN	_	12	case	61	63
nodejs-governance:u0012:s00	9	the	the	DET	DT	Definite=Def|PronType=Art	12	det	64	67
nodejs-governance:u0012:s00	10	Node.js	Node.js	PROPN	NNP	Number=Sing	12	compound	68	75
nodejs-governance:u0012:s00	11	source	source	NOUN	NN	Number=Sing	12	compound	76	82
nodejs-governance:u0012:s00	12	code	code	NOUN	NN	Number=Sing	7	nmod	83	87
nodejs-governance:u0012:s00	13	.	.	PUNCT	.	_	6	punct	87	88
nodejs-governance:u0012:s01	1	The	the	DET	DT	Definite=Def|PronType=Art	2	det	0	3
nodejs-governance:u0012:s01	2	mechanism	mechanism	NOUN	NN	Number=Sing	12	nsubj	4	13
nodejs-governance:u0012:s01	3	to	to	PART	TO	_	4	mark	14	16
nodejs-governance:u0012:s01	4	propose	propose	VERB	VB	VerbForm=Inf	2	acl	17	24
nodejs-governance:u0012:s01	5	such	such	DET	PDT	_	7	det:predet	25	29
nodejs-governance:u0012:s01	6	a	a	DET	DT	Definite=Ind|PronType=Art	7	det	30	31
nodejs-governance:u0012:s01	7	change	change	NOUN	NN	Number=Sing	4	obj	32	38
nodejs-governance:u0012:s01	8	is	be	AUX	VBZ	Mood=Ind|Number=Sing|Person=3|Tense=Pres|VerbForm=Fin	12	cop	39	41
nodejs-governance:u0012:s01	9	a	a	DET	DT	Definite=Ind|PronType=Art	12	det	42	43
nodejs-governance:u0012:s01	10	GitHub	GitHub	PROPN	NNP	Number=Sing	12	compound	44	50
nodejs-governance:u0012:s01	11	pull	pull	NOUN	NN	Number=Sing	12	compound	51	55
nodejs-governance:u0012:s01	12	request	request	NOUN	NN	Number=Sing	0	root	56	63
nodejs-governance:u0012:s01	13	.	.	PUNCT	.	_	12	punct	63	64
nodejs-governance:u0012:s02	1	Collaborators	Collaborator	NOUN	NNS	Number=Plur	2	compound	0	13
nodejs-governance:u0012:s02	2	review	review	NOUN	NN	Number=Sing	10	compound	14	20
nodejs-governance:u0012:s02	3	and	and	CCONJ	CC	_	4	cc	21	24
nodejs-governance:u0012:s02	4	merge	merge	NOUN	NN	Number=Sing	2	conj	25	30
nodejs-governance:u0012:s02	5	(	(	PUNCT	-LRB-	_	6	punct	31	32
nodejs-governance:u0012:s02	6	_land	_land	NUM	CD	NumType=Card	4	appos	32	37
nodejs-governance:u0012:s02	7	_	_	SYM	NFP	_	6	punct	37	38
nodejs-governance:u0012:s02	8	)	)	PUNCT	-RRB-	_	6	punct	38	39
nodejs-governance:u0012:s02	9	pull	pull	NOUN	NN	Number=Sing	10	compound	40	44
nodejs-governance:u0012:s02	10	requests	request	NOUN	NNS	Number=Plur	0	root	45	53
nodejs-governance:u0012:s02	11	.	.	PUNCT	.	_	10	punct	53	54
nodejs-governance:u0013:s00	1	Two	two	NUM	CD	NumType=Card	2	nummod	0	3
nodejs-governance:u0013:s00	2	collaborators	collaborator	NOUN	NNS	Number=Plur	4	nsubj	4	17
nodejs-governance:u0013:s00	3	must	must	AUX	MD	VerbForm=Fin	4	aux	18	22
nodejs-governance:u0013:s00	4	approve	approve	VERB	VB	VerbForm=Inf	0	root	23	30
nodejs-governance:u0013:s00	5	a	a	DET	DT	Definite=Ind|PronType=Art	7	det	31	32
nodejs-governance:u0013:s00	6	pull	pull	NOUN	NN	Number=Sing	7	compound	33	37
nodejs-governance:u0013:s00	7	request	request	NOUN	NN	Number=Sing	4	obj	38	45
nodejs-governance:u0013:s00	8	before	before	ADP	IN	_	11	case	46	52
nodejs-governance:u0013:s00	9	the	the	DET	DT	Definite=Def|PronType=Art	11	det	53	56
nodejs-governance:u0013:s00	10	pull	pull	NOUN	NN	Number=Sing	11	compound	57	61
nodejs-governance:u0013:s00	11	request	request	NOUN	NN	Number=Sing	13	obl	62	69
nodejs-governance:u0013:s00	12	can	can	AUX	MD	VerbForm=Fin	13	aux	70	73
nodejs-governance:u0013:s00	13	land	land	VERB	VB	VerbForm=Inf	4	xcomp	74	78
nodejs-governance:u0013:s00	14	.	.	PUNCT	.	_	4	punct	78	79
nodejs-governance:u0013:s01	1	(	(	PUNCT	-LRB-	_	6	punct	0	1
nodejs-governance:u0013:s01	2	One	one	NUM	CD	NumType=Card	4	nummod	1	4
nodejs-governance:u0013:s01	3	collaborator	collaborator	NOUN	NN	Number=Sing	4	compound	5	17
nodejs-governance:u0013:s01	4	approval	approval	NOUN	NN	Number=Sing	6	nsubj	18	26
nodejs-governance:u0013:s01	5	is	be	AUX	VBZ	Mood=Ind|Number=Sing|Person=3|Tense=Pres|VerbForm=Fin	6	cop	27	29
nodejs-governance:u0013:s01	6	enough	enough	ADJ	JJ	Degree=Pos	0	root	30	36
nodejs-governance:u0013:s01	7	if	if	SCONJ	IN	_	13	mark	37	39
nodejs-governance:u0013:s01	8	the	the	DET	DT	Definite=Def|PronType=Art	10	det	40	43
nodejs-governance:u0013:s01	9	pull	pull	NOUN	NN	Number=Sing	10	compound	44	48
nodejs-governance:u0013:s01	10	request	request	NOUN	NN	Number=Sing	13	nsubj	49	56
nodejs-governance:u0013:s01	11	has	have	AUX	VBZ	Mood=Ind|Number=Sing|Person=3|Tense=Pres|VerbForm=Fin	13	aux	57	60
nodejs-governance:u0013:s01	12	been	be	AUX	VBN	Tense=Past|VerbForm=Part	13	cop	61	65
nodejs-governance:u0013:s01	13	open	open	ADJ	JJ	Degree=Pos	6	advcl	66	70
nodejs-governance:u0013:s01	14	for	for	ADP	IN	_	18	case	71	74
nodejs-governance:u0013:s01	15	more	more	ADJ	JJR	Degree=Cmp	17	advmod	75	79
nodejs-governance:u0013:s01	16	than	than	ADP	IN	_	15	fixed	80	84
nodejs-governance:u0013:s01	17	7	7	NUM	CD	NumType=Card	18	nummod	85	86
nodejs-governance:u0013:s01	18	days	day	NOUN	NNS	Number=Plur	13	obl	87	91
nodejs-governance:u0013:s01	19	.	.	PUNCT	.	_	6	punct	91	92
nodejs-governance:u0013:s01	20	)	)	PUNCT	-RRB-	_	6	punct	92	93
nodejs-governance:u0013:s02	1	Approving	Approve	VERB	VBG	VerbForm=Ger	5	csubj	0	9
nodejs-governance:u0013:s02	2	a	a	DET	DT	Definite=Ind|PronType=Art	4	det	10	11
nodejs-governance:u0013:s02	3	pull	pull	NOUN	NN	Number=Sing	4	compound	12	16
nodejs-governance:u0013:s02	4	request	request	NOUN	NN	Number=Sing	1	obj	17	24
nodejs-governance:u0013:s02	5	indicates	indicate	VERB	VBZ	Mood=Ind|Number=Sing|Person=3|Tense=Pres|VerbForm=Fin	0	root	25	34
nodejs-governance:u0013:s02	6	that	that	SCONJ	IN	_	9	mark	35	39
nodejs-governance:u0013:s02	7	the	the	DET	DT	Definite=Def|PronType=Art	8	det	40	43
nodejs-governance:u0013:s02	8	collaborator	collaborator	NOUN	NN	Number=Sing	9	nsubj	44	56
nodejs-governance:u0013:s02	9	accepts	accept	VERB	VBZ	Mood=Ind|Number=Sing|Person=3|Tense=Pres|VerbForm=Fin	5	ccomp	57	64
nodejs-governance:u0013:s02	10	responsibility	responsibility	NOUN	NN	Number=Sing	9	obj	65	79
nodejs-governance:u0013:s02	11	for	for	ADP	IN	_	13	case	80	83
nodejs-governance:u0013:s02	12	the	the	DET	DT	Definite=Def|PronType=Art	13	det	84	87
nodejs-governance:u0013:s02	13	change	change	NOUN	NN	Number=Sing	10	nmod	88	94
nodejs-governance:u0013:s02	14	.	.	PUNCT	.	_	5	punct	94	95
nodejs-governance:u0013:s03	1	Approval	approval	NOUN	NN	Number=Sing	5	nsubj	0	8
nodejs-governance:u0013:s03	2	must	must	AUX	MD	VerbForm=Fin	5	aux	9	13
nodejs-governance:u0013:s03	3	be	be	AUX	VB	VerbForm=Inf	5	cop	14	16
nodejs-governance:u0013:s03	4	from	from	ADP	IN	_	5	case	17	21
nodejs-governance:u0013:s03	5	collaborators	collaborator	NOUN	NNS	Number=Plur	0	root	22	35
nodejs-governance:u0013:s03	6	who	who	PRON	WP	PronType=Rel	9	nsubj	36	39
nodejs-governance:u0013:s03	7	are	be	AUX	VBP	Mood=Ind|Tense=Pres|VerbForm=Fin	9	cop	40	43
nodejs-governance:u0013:s03	8	not	not	PART	RB	_	9	advmod	44	47
nodejs-governance:u0013:s03	9	authors	author	NOUN	NNS	Number=Plur	5	acl:relcl	48	55
nodejs-governance:u0013:s03	10	of	of	ADP	IN	_	12	case	56	58
nodejs-governance:u0013:s03	11	the	the	DET	DT	Definite=Def|PronType=Art	12	det	59	62
nodejs-governance:u0013:s03	12	change	change	NOUN	NN	Number=Sing	9	nmod	63	69
nodejs-governance:u0013:s03	13	.	.	PUNCT	.	_	5	punct	69	70
nodejs-governance:u0014:s00	1	If	if	SCONJ	IN	_	4	mark	0	2
nodejs-governance:u0014:s00	2	a	a	DET	DT	Definite=Ind|PronType=Art	3	det	3	4
nodejs-governance:u0014:s00	3	collaborator	collaborator	NOUN	NN	Number=Sing	4	nsubj	5	17
nodejs-governance:u0014:s00	4	opposes	oppose	VERB	VBZ	Mood=Ind|Number=Sing|Person=3|Tense=Pres|VerbForm=Fin	14	advcl	18	25
nodejs-governance:u0014:s00	5	a	a	DET	DT	Definite=Ind|PronType=Art	7	det	26	27
nodejs-governance:u0014:s00	6	proposed	propose	VERB	VBN	Tense=Past|VerbForm=Part	7	amod	28	36
nodejs-governance:u0014:s00	7	change	change	NOUN	NN	Number=Sing	4	obj	37	43
nodejs-governance:u0014:s00	8	,	,	PUNCT	,	_	14	punct	43	44
nodejs-governance:u0014:s00	9	then	then	ADV	RB	PronType=Dem	14	advmod	45	49
nodejs-governance:u0014:s00	10	the	the	DET	DT	Definite=Def|PronType=Art	11	det	50	53
nodejs-governance:u0014:s00	11	change	change	NOUN	NN	Number=Sing	14	nsubj	54	60
nodejs-governance:u0014:s00	12	can	can	AUX	MD	VerbForm=Fin	14	aux	61	64
nodejs-governance:u0014:s00	13	not	not	PART	RB	_	14	advmod	64	67
nodejs-governance:u0014:s00	14	land	land	VERB	VB	VerbForm=Inf	0	root	68	72
nodejs-governance:u0014:s00	15	.	.	PUNCT	.	_	14	punct	72	73
nodejs-governance:u0014:s01	1	The	the	DET	DT	Definite=Def|PronType=Art	2	det	0	3
nodejs-governance:u0014:s01	2	exception	exception	NOUN	NN	Number=Sing	3	nsubj	4	13
nodejs-governance:u0014:s01	3	is	be	VERB	VBZ	Mood=Ind|Number=Sing|Person=3|Tense=Pres|VerbForm=Fin	0	root	14	16
nodejs-governance:u0014:s01	4	if	if	SCONJ	IN	_	7	mark	17	19
nodejs-governance:u0014:s01	5	the	the	DET	DT	Definite=Def|PronType=Art	6	det	20	23
nodejs-governance:u0014:s01	6	TSC	TSC	PROPN	NNP	Number=Sing	7	nsubj	24	27
nodejs-governance:u0014:s01	7	votes	vote	VERB	VBZ	Mood=Ind|Number=Sing|Person=3|Tense=Pres|VerbForm=Fin	3	ccomp	28	33
nodejs-governance:u0014:s01	8	to	to	PART	TO	_	9	mark	34	36
nodejs-governance:u0014:s01	9	approve	approve	VERB	VB	VerbForm=Inf	7	xcomp	37	44
nodejs-governance:u0014:s01	10	the	the	DET	DT	Definite=Def|PronType=Art	11	det	45	48
nodejs-governance:u0014:s01	11	change	change	NOUN	NN	Number=Sing	9	obj	49	55
nodejs-governance:u0014:s01	12	despite	despite	ADP	IN	_	14	case	56	63
nodejs-governance:u0014:s01	13	the	the	DET	DT	Definite=Def|PronType=Art	14	det	64	67
nodejs-governance:u0014:s01	14	opposition	opposition	NOUN	NN	Number=Sing	9	obl	68	78
nodejs-governance:u0014:s01	15	.	.	PUNCT	.	_	3	punct	78	79
nodejs-governance:u0014:s02	1	Usually	usually	ADV	RB	_	7	advmod	0	7
nodejs-governance:u0014:s02	2	,	,	PUNCT	,	_	7	punct	7	8
nodejs-governance:u0014:s02	3	involving	involve	VERB	VBG	VerbForm=Ger	7	csubj	9	18
nodejs-governance:u0014:s02	4	the	the	DET	DT	Definite=Def|PronType=Art	5	det	19	22
nodejs-governance:u0014:s02	5	TSC	TSC	NOUN	NN	Number=Sing	3	obj	23	26
nodejs-governance:u0014:s02	6	is	be	AUX	VBZ	Mood=Ind|Number=Sing|Person=3|Tense=Pres|VerbForm=Fin	7	cop	27	29
nodejs-governance:u0014:s02	7	unnecessary	unnecessary	ADJ	JJ	Degree=Pos	0	root	30	41
nodejs-governance:u0014:s02	8	.	.	PUNCT	.	_	7	punct	41	42
nodejs-governance:u0014:s03	1	Often	often	ADV	RB	_	3	advmod	0	5
nodejs-governance:u0014:s03	2	,	,	PUNCT	,	_	3	punct	5	6
nodejs-governance:u0014:s03	3	discussions	discussion	NOUN	NNS	Number=Plur	0	root	7	18
nodejs-governance:u0014:s03	4	or	or	CCONJ	CC	_	7	cc	19	21
nodejs-governance:u0014:s03	5	further	further	ADJ	JJ	Degree=Pos	7	amod	22	29
nodejs-governance:u0014:s03	6	changes	change	NOUN	NNS	Number=Plur	7	compound	30	37
nodejs-governance:u0014:s03	7	result	result	NOUN	NN	Number=Sing	3	conj	38	44
nodejs-governance:u0014:s03	8	in	in	ADP	IN	_	9	case	45	47
nodejs-governance:u0014:s03	9	collaborators	collaborator	NOUN	NNS	Number=Plur	7	nmod	48	61
nodejs-governance:u0014:s03	10	removing	remove	VERB	VBG	VerbForm=Ger	3	acl	62	70
nodejs-governance:u0014:s03	11	their	they	PRON	PRP$	Number=Plur|Person=3|Poss=Yes|PronType=Prs	12	nmod:poss	71	76
nodejs-governance:u0014:s03	12	opposition	opposition	NOUN	NN	Number=Sing	10	obj	77	87
nodejs-governance:u0014:s03	13	.	.	PUNCT	.	_	3	punct	87	88
nodejs-governance:u0015:s00	1	See	see	VERB	VB	Mood=Imp|VerbForm=Fin	0	root	0	3
nodejs-governance:u0015:s00	2	:	:	PUNCT	:	_	1	punct	3	4
nodejs-governance:u0016:s00	1	*	*	PUNCT	NFP	_	0	root	0	1
nodejs-governance:u0016:s01	1	[	[	PUNCT	-LRB-	_	2	punct	0	1
nodejs-governance:u0016:s01	2	List	list	NOUN	NN	Number=Sing	0	root	1	5
nodejs-governance:u0016:s01	3	of	of	ADP	IN	_	4	case	6	8
nodejs-governance:u0016:s01	4	collaborators	collaborator	NOUN	NNS	Number=Plur	2	nmod	9	22
nodejs-governance:u0016:s01	5	]	]	PUNCT	-RRB-	_	4	punct	22	23
nodejs-governance:u0016:s01	6	(	(	PUNCT	-LRB-	_	7	punct	23	24
nodejs-governance:u0016:s01	7	./README.md#current-project-team-members	./README.md#current-project-team-members	NOUN	NNS	Number=Plur	4	appos	24	64
nodejs-governance:u0016:s01	8	)	)	PUNCT	-RRB-	_	7	punct	64	65
nodejs-governance:u0016:s01	9	*	*	PUNCT	NFP	_	2	punct	66	67
nodejs-governance:u0016:s01	10	[	[	PUNCT	-LRB-	_	2	punct	68	69
nodejs-governance:u0016:s01	11	A	a	DET	DT	Definite=Ind|PronType=Art	12	det	69	70
nodejs-governance:u0016:s01	12	guide	guide	NOUN	NN	Number=Sing	2	appos	71	76
nodejs-governance:u0016:s01	13	for	for	ADP	IN	_	14	case	77	80
nodejs-governance:u0016:s01	14	collaborators	collaborator	NOUN	NNS	Number=Plur	12	nmod	81	94
nodejs-governance:u0016:s01	15	]	]	PUNCT	-RRB-	_	2	punct	94	95
nodejs-governance:u0016:s01	16	(	(	PUNCT	-LRB-	_	17	punct	95	96
nodejs-governance:u0016:s01	17	./doc/contributing/collaborator-guide.md	./doc/contributing/collaborator-guide.md	NOUN	NN	Number=Sing	2	appos	96	136
nodejs-governance:u0016:s01	18	)	)	PUNCT	-RRB-	_	17	punct	136	137
nodejs-governance:u0017:s00	1	###	###	SYM	NFP	_	0	root	0	3
nodejs-governance:u0017:s01	1	Collaborator	Collaborator	NOUN	NN	Number=Sing	2	compound	0	12
nodejs-governance:u0017:s01	2	activities	activity	NOUN	NNS	Number=Plur	0	root	13	23
nodejs-governance:u0018:s00	1	*	*	PUNCT	NFP	_	0	root	0	1
nodejs-governance:u0018:s01	1	Helping	help	VERB	VBG	VerbForm=Ger	0	root	0	7
nodejs-governance:u0018:s01	2	users	user	NOUN	NNS	Number=Plur	1	obj	8	13
nodejs-governance:u0018:s01	3	and	and	CCONJ	CC	_	5	cc	14	17
nodejs-governance:u0018:s01	4	novice	novice	NOUN	NN	Number=Sing	5	compound	18	24
nodejs-governance:u0018:s01	5	contributors	contributor	NOUN	NNS	Number=Plur	2	conj	25	37
nodejs-governance:u0018:s01	6	*	*	PUNCT	NFP	_	2	punct	38	39
nodejs-governance:u0018:s01	7	Contributing	Contribut	VERB	VBG	VerbForm=Ger	2	acl	40	52
nodejs-governance:u0018:s01	8	code	code	NOUN	NN	Number=Sing	11	compound	53	57
nodejs-governance:u0018:s01	9	and	and	CCONJ	CC	_	11	cc	58	61
nodejs-governance:u0018:s01	10	documentation	documentation	NOUN	NN	Number=Sing	11	compound	62	75
nodejs-governance:u0018:s01	11	changes	change	NOUN	NNS	Number=Plur	7	obj	76	83
nodejs-governance:u0018:s01	12	that	that	PRON	WDT	PronType=Rel	13	nsubj	84	88
nodejs-governance:u0018:s01	13	improve	improve	VERB	VBP	Mood=Ind|Tense=Pres|VerbForm=Fin	11	acl:relcl	89	96
nodejs-governance:u0018:s01	14	the	the	DET	DT	Definite=Def|PronType=Art	15	det	97	100
nodejs-governance:u0018:s01	15	project	project	NOUN	NN	Number=Sing	13	obj	101	108
nodejs-governance:u0018:s01	16	*	*	PUNCT	NFP	_	13	punct	109	110
nodejs-governance:u0018:s01	17	Reviewing	review	VERB	VBG	VerbForm=Ger	1	xcomp	111	120
nodejs-governance:u0018:s01	18	and	and	CCONJ	CC	_	19	cc	121	124
nodejs-governance:u0018:s01	19	commenting	comment	VERB	VBG	VerbForm=Ger	17	conj	125	135
nodejs-governance:u0018:s01	20	on	on	ADP	IN	_	21	case	136	138
nodejs-governance:u0018:s01	21	issues	issue	NOUN	NNS	Number=Plur	17	obl	139	145
nodejs-governance:u0018:s01	22	and	and	CCONJ	CC	_	24	cc	146	149
nodejs-governance:u0018:s01	23	pull	pull	NOUN	NN	Number=Sing	24	compound	150	154
nodejs-governance:u0018:s01	24	requests	request	NOUN	NNS	Number=Plur	21	conj	155	163
nodejs-governance:u0018:s01	25	*	*	PUNCT	NFP	_	21	punct	164	165
nodejs-governance:u0018:s01	26	Participation	participation	NOUN	NN	Number=Sing	21	nmod	166	179
nodejs-governance:u0018:s01	27	in	in	ADP	IN	_	29	case	180	182
nodejs-governance:u0018:s01	28	working	work	VERB	VBG	VerbForm=Ger	29	amod	183	190
nodejs-governance:u0018:s01	29	groups	group	NOUN	NNS	Number=Plur	26	nmod	191	197
nodejs-governance:u0018:s01	30	*	*	PUNCT	NFP	_	29	punct	198	199
nodejs-governance:u0018:s01	31	Merging	merge	VERB	VBG	VerbForm=Ger	33	amod	200	207
nodejs-governance:u0018:s01	32	pull	pull	NOUN	NN	Number=Sing	33	compound	208	212
nodejs-governance:u0018:s01	33	requests	request	NOUN	NNS	Number=Plur	29	conj	213	221
nodejs-governance:u0019:s00	1	The	the	DET	DT	Definite=Def|PronType=Art	2	det	0	3
nodejs-governance:u0019:s00	2	TSC	Tsc	NOUN	NN	Number=Sing	4	nsubj	4	7
nodejs-governance:u0019:s00	3	can	can	AUX	MD	VerbForm=Fin	4	aux	8	11
nodejs-governance:u0019:s00	4	remove	remove	VERB	VB	VerbForm=Inf	0	root	12	18
nodejs-governance:u0019:s00	5	inactive	inactive	ADJ	JJ	Degree=Pos	6	amod	19	27
nodejs-governance:u0019:s00	6	collaborators	collaborator	NOUN	NNS	Number=Plur	4	obj	28	41
nodejs-governance:u0019:s00	7	or	or	CCONJ	CC	_	8	cc	42	44
nodejs-governance:u0019:s00	8	provide	provide	VERB	VB	VerbForm=Inf	4	conj	45	52
nodejs-governance:u0019:s00	9	them	they	PRON	PRP	Case=Acc|Number=Plur|Person=3|PronType=Prs	8	obj	53	57
nodejs-governance:u0019:s00	10	with	with	ADP	IN	_	13	case	58	62
nodejs-governance:u0019:s00	11	_emeritus	_emeritus	NOUN	NN	Number=Sing	13	compound	63	72
nodejs-governance:u0019:s00	12	_	_	SYM	NFP	_	13	punct	72	73
nodejs-governance:u0019:s00	13	status	status	NOUN	NN	Number=Sing	8	obl	74	80
nodejs-governance:u0019:s00	14	.	.	PUNCT	.	_	4	punct	80	81
nodejs-governance:u0019:s01	1	Emeriti	iEmerit	PRON	PRP	Case=Nom|Gender=Neut|Number=Sing|Person=3|PronType=Prs|Typo=Yes	3	nsubj	0	7
nodejs-governance:u0019:s01	2	may	may	AUX	MD	VerbForm=Fin	3	aux	8	11
nodejs-governance:u0019:s01	3	request	request	VERB	VB	VerbForm=Inf	0	root	12	19
nodejs-governance:u0019:s01	4	that	that	SCONJ	IN	_	7	mark	20	24
nodejs-governance:u0019:s01	5	the	the	DET	DT	Definite=Def|PronType=Art	6	det	25	28
nodejs-governance:u0019:s01	6	TSC	Tsc	NOUN	NN	Number=Sing	7	nsubj	29	32
nodejs-governance:u0019:s01	7	restore	restore	VERB	VB	VerbForm=Inf	3	ccomp	33	40
nodejs-governance:u0019:s01	8	them	they	PRON	PRP	Case=Acc|Number=Plur|Person=3|PronType=Prs	7	obj	41	45
nodejs-governance:u0019:s01	9	to	to	ADP	IN	_	11	case	46	48
nodejs-governance:u0019:s01	10	active	active	ADJ	JJ	Degree=Pos	11	amod	49	55
nodejs-governance:u0019:s01	11	status	status	NOUN	NN	Number=Sing	7	obl	56	62
nodejs-governance:u0019:s01	12	.	.	PUNCT	.	_	3	punct	62	63
nodejs-governance:u0020:s00	1	A	a	DET	DT	Definite=Ind|PronType=Art	2	det	0	1
nodejs-governance:u0020:s00	2	collaborator	collaborator	NOUN	NN	Number=Sing	5	nsubj:pass	2	14
nodejs-governance:u0020:s00	3	is	be	AUX	VBZ	Mood=Ind|Number=Sing|Person=3|Tense=Pres|VerbForm=Fin	5	aux:pass	15	17
nodejs-governance:u0020:s00	4	automatically	automatically	ADV	RB	_	5	advmod	18	31
nodejs-governance:u0020:s00	5	made	make	VERB	VBN	Tense=Past|VerbForm=Part|Voice=Pass	0	root	32	36
nodejs-governance:u0020:s00	6	emeritus	emeritus	NOUN	NN	Number=Sing	5	obj	37	45
nodejs-governance:u0020:s00	7	(	(	PUNCT	-LRB-	_	6	punct	46	47
nodejs-governance:u0020:s00	8	and	and	CCONJ	CC	_	9	cc	47	50
nodejs-governance:u0020:s00	9	removed	remove	VERB	VBN	Tense=Past|VerbForm=Part	5	conj	51	58
nodejs-governance:u0020:s00	10	from	from	ADP	IN	_	13	case	59	63
nodejs-governance:u0020:s00	11	active	active	ADJ	JJ	Degree=Pos	13	amod	64	70
nodejs-governance:u0020:s00	12	collaborator	collaborator	NOUN	NN	Number=Sing	13	compound	71	83
nodejs-governance:u0020:s00	13	status	status	NOUN	NN	Number=Sing	9	obl	84	90
nodejs-governance:u0020:s00	14	)	)	PUNCT	-RRB-	_	5	punct	90	91
nodejs-governance:u0020:s00	15	if	if	SCONJ	IN	_	19	mark	92	94
nodejs-governance:u0020:s00	16	it	it	PRON	PRP	Case=Nom|Gender=Neut|Number=Sing|Person=3|PronType=Prs	19	nsubj	95	97
nodejs-governance:u0020:s00	17	has	have	AUX	VBZ	Mood=Ind|Number=Sing|Person=3|Tense=Pres|VerbForm=Fin	19	aux	98	101
nodejs-governance:u0020:s00	18	been	be	AUX	VBN	Tense=Past|VerbForm=Part	19	cop	102	106
nodejs-governance:u0020:s00	19	more	more	ADJ	JJR	Degree=Cmp	5	advcl	107	111
nodejs-governance:u0020:s00	20	than	than	ADP	IN	_	22	case	112	116
nodejs-governance:u0020:s00	21	12	12	NUM	CD	NumType=Card	22	nummod	117	119
nodejs-governance:u0020:s00	22	months	month	NOUN	NNS	Number=Plur	19	obl	120	126
nodejs-governance:u0020:s00	23	since	since	ADP	IN	_	25	case	127	132
nodejs-governance:u0020:s00	24	the	the	DET	DT	Definite=Def|PronType=Art	25	det	133	136
nodejs-governance:u0020:s00	25	collaborator	collaborator	NOUN	NN	Number=Sing	19	obl	137	149
nodejs-governance:u0020:s00	26	has	have	AUX	VBZ	Mood=Ind|Number=Sing|Person=3|Tense=Pres|VerbForm=Fin	27	aux	150	153
nodejs-governance:u0020:s00	27	authored	author	VERB	VBN	Tense=Past|VerbForm=Part	5	conj	154	162
nodejs-governance:u0020:s00	28	or	or	CCONJ	CC	_	29	cc	163	165
nodejs-governance:u0020:s00	29	approved	approve	VERB	VBN	Tense=Past|VerbForm=Part	27	conj	166	174
nodejs-governance:u0020:s00	30	a	a	DET	DT	Definite=Ind|PronType=Art	31	det	175	176
nodejs-governance:u0020:s00	31	commit	commit	NOUN	NN	Number=Sing	27	obj	177	183
nodejs-governance:u0020:s00	32	that	that	PRON	WDT	PronType=Rel	34	nsubj	184	188
nodejs-governance:u0020:s00	33	has	have	AUX	VBZ	Mood=Ind|Number=Sing|Person=3|Tense=Pres|VerbForm=Fin	34	aux	189	192
nodejs-governance:u0020:s00	34	landed	land	VERB	VBN	Tense=Past|VerbForm=Part	31	acl:relcl	193	199
nodejs-governance:u0020:s00	35	.	.	PUNCT	.	_	5	punct	199	200
nodejs-governance:u0021:s00	1	##	##	PUNCT	.	_	4	punct	0	2
nodejs-governance:u0021:s00	2	Technical	technical	ADJ	JJ	Degree=Pos	4	amod	3	12
nodejs-governance:u0021:s00	3	Steering	steering	NOUN	NN	Number=Sing	4	compound	13	21
nodejs-governance:u0021:s00	4	Committee	committee	NOUN	NN	Number=Sing	0	root	22	31
nodejs-governance:u0022:s00	1	A	a	DET	DT	Definite=Ind|PronType=Art	2	det	0	1
nodejs-governance:u0022:s00	2	subset	subset	NOUN	NN	Number=Sing	0	root	2	8
nodejs-governance:u0022:s00	3	of	of	ADP	IN	_	6	case	9	11
nodejs-governance:u0022:s00	4	the	the	DET	DT	Definite=Def|PronType=Art	6	det	12	15
nodejs-governance:u0022:s00	5	collaborators	collaborator	NOUN	NNS	Number=Plur	6	compound	16	29
nodejs-governance:u0022:s00	6	forms	form	NOUN	NNS	Number=Plur	2	nmod	30	35
nodejs-governance:u0022:s00	7	the	the	DET	DT	Definite=Def|PronType=Art	10	det	36	39
nodejs-governance:u0022:s00	8	Technical	technical	PROPN	NNP	Number=Sing	10	compound	40	49
nodejs-governance:u0022:s00	9	Steering	steering	PROPN	NNP	Number=Sing	10	compound	50	58
nodejs-governance:u0022:s00	10	Committee	committee	PROPN	NNP	Number=Sing	6	appos	59	68
nodejs-governance:u0022:s00	11	(	(	PUNCT	-LRB-	_	12	punct	69	70
nodejs-governance:u0022:s00	12	TSC	TSC	PROPN	NNP	Number=Sing	10	appos	70	73
nodejs-governance:u0022:s00	13	)	)	PUNCT	-RRB-	_	12	punct	73	74
nodejs-governance:u0022:s00	14	.	.	PUNCT	.	_	2	punct	74	75
nodejs-governance:u0022:s01	1	The	the	DET	DT	Definite=Def|PronType=Art	2	det	0	3
nodejs-governance:u0022:s01	2	TSC	Tsc	NOUN	NN	Number=Sing	3	nsubj	4	7
nodejs-governance:u0022:s01	3	has	have	VERB	VBZ	Mood=Ind|Number=Sing|Person=3|Tense=Pres|VerbForm=Fin	0	root	8	11
nodejs-governance:u0022:s01	4	final	final	ADJ	JJ	Degree=Pos	5	amod	12	17
nodejs-governance:u0022:s01	5	authority	authority	NOUN	NN	Number=Sing	3	obj	18	27
nodejs-governance:u0022:s01	6	over	over	ADP	IN	_	8	case	28	32
nodejs-governance:u0022:s01	7	this	this	DET	DT	Number=Sing|PronType=Dem	8	det	33	37
nodejs-governance:u0022:s01	8	project	project	NOUN	NN	Number=Sing	5	nmod	38	45
nodejs-governance:u0022:s01	9	,	,	PUNCT	,	_	5	punct	45	46
nodejs-governance:u0022:s01	10	including	include	VERB	VBG	VerbForm=Ger	3	acl	47	56
nodejs-governance:u0022:s01	11	:	:	PUNCT	:	_	3	punct	56	57
nodejs-governance:u0023:s00	1	*	*	PUNCT	NFP	_	6	punct	0	1
nodejs-governance:u0023:s00	2	Technical	technical	ADJ	JJ	Degree=Pos	3	amod	2	11
nodejs-governance:u0023:s00	3	direction	direction	NOUN	NN	Number=Sing	6	compound	12	21
nodejs-governance:u0023:s00	4	*	*	PUNCT	NFP	_	6	punct	22	23
nodejs-governance:u0023:s00	5	Project	project	NOUN	NN	Number=Sing	6	compound	24	31
nodejs-governance:u0023:s00	6	governance	governance	NOUN	NN	Number=Sing	20	nsubj	32	42
nodejs-governance:u0023:s00	7	and	and	CCONJ	CC	_	8	cc	43	46
nodejs-governance:u0023:s00	8	process	process	NOUN	NN	Number=Sing	6	conj	47	54
nodejs-governance:u0023:s00	9	(	(	PUNCT	-LRB-	_	6	punct	55	56
nodejs-governance:u0023:s00	10	including	include	VERB	VBG	VerbForm=Ger	12	case	56	65
nodejs-governance:u0023:s00	11	this	this	DET	DT	Number=Sing|PronType=Dem	12	det	66	70
nodejs-governance:u0023:s00	12	policy	policy	NOUN	NN	Number=Sing	6	nmod	71	77
nodejs-governance:u0023:s00	13	)	)	PUNCT	-RRB-	_	6	punct	77	78
nodejs-governance:u0023:s00	14	*	*	PUNCT	NFP	_	6	punct	79	80
nodejs-governance:u0023:s00	15	Contribution	contribution	NOUN	NN	Number=Sing	16	compound	81	93
nodejs-governance:u0023:s00	16	policy	policy	NOUN	NN	Number=Sing	19	compound	94	100
nodejs-governance:u0023:s00	17	*	*	PUNCT	NFP	_	19	punct	101	102
nodejs-governance:u0023:s00	18	GitHub	GitHub	PROPN	NNP	Number=Sing	19	compound	103	109
nodejs-governance:u0023:s00	19	repository	repository	NOUN	NN	Number=Sing	6	appos	110	120
nodejs-governance:u0023:s00	20	hosting	hosting	VERB	VBG	VerbForm=Ger	0	root	121	128
nodejs-governance:u0023:s00	21	*	*	PUNCT	NFP	_	20	punct	129	130
nodejs-governance:u0023:s00	22	Conduct	conduct	NOUN	NN	Number=Sing	23	compound	131	138
nodejs-governance:u0023:s00	23	guidelines	guideline	NOUN	NNS	Number=Plur	20	obj	139	149
nodejs-governance:u0023:s00	24	*	*	PUNCT	NFP	_	20	punct	150	151
nodejs-governance:u0023:s00	25	Maintaining	maintain	VERB	VBG	VerbForm=Ger	20	advcl	152	163
nodejs-governance:u0023:s00	26	the	the	DET	DT	Definite=Def|PronType=Art	27	det	164	167
nodejs-governance:u0023:s00	27	list	list	NOUN	NN	Number=Sing	25	obj	168	172
nodejs-governance:u0023:s00	28	of	of	ADP	IN	_	29	case	173	175
nodejs-governance:u0023:s00	29	collaborators	collaborator	NOUN	NNS	Number=Plur	27	nmod	176	189
nodejs-governance:u0024:s00	1	The	the	DET	DT	Definite=Def|PronType=Art	3	det	0	3
nodejs-governance:u0024:s00	2	current	current	ADJ	JJ	Degree=Pos	3	amod	4	11
nodejs-governance:u0024:s00	3	list	list	NOUN	NN	Number=Sing	12	nsubj	12	16
nodejs-governance:u0024:s00	4	of	of	ADP	IN	_	6	case	17	19
nodejs-governance:u0024:s00	5	TSC	Tsc	NOUN	NN	Number=Sing	6	compound	20	23
nodejs-governance:u0024:s00	6	members	member	NOUN	NNS	Number=Plur	3	nmod	24	31
nodejs-governance:u0024:s00	7	is	be	AUX	VBZ	Mood=Ind|Number=Sing|Person=3|Tense=Pres|VerbForm=Fin	12	cop	32	34
nodejs-governance:u0024:s00	8	in	in	ADP	IN	_	12	case	35	37
nodejs-governance:u0024:s00	9	[	[	PUNCT	-LRB-	_	12	punct	38	39
nodejs-governance:u0024:s00	10	the	the	DET	DT	Definite=Def|PronType=Art	12	det	39	42
nodejs-governance:u0024:s00	11	project	project	NOUN	NN	Number=Sing	12	compound	43	50
nodejs-governance:u0024:s00	12	README	Readme	NOUN	NN	Number=Sing	0	root	51	57
nodejs-governance:u0024:s00	13	]	]	PUNCT	-RRB-	_	12	punct	57	58
nodejs-governance:u0024:s00	14	(	(	PUNCT	-LRB-	_	15	punct	58	59
nodejs-governance:u0024:s00	15	./README.md#current-project-team-members	./README.md#current-project-team-members	NOUN	NNS	Number=Plur	12	appos	59	99
nodejs-governance:u0024:s00	16	)	)	PUNCT	-RRB-	_	15	punct	99	100
nodejs-governance:u0024:s00	17	.	.	PUNCT	.	_	12	punct	100	101
nodejs-governance:u0025:s00	1	The	the	DET	DT	Definite=Def|PronType=Art	3	det	0	3
nodejs-governance:u0025:s00	2	[	[	PUNCT	-LRB-	_	3	punct	4	5
nodejs-governance:u0025:s00	3	TSC	TSC	PROPN	NNP	Number=Sing	8	nsubj	5	8
nodejs-governance:u0025:s00	4	Charter	Charter	PROPN	NNP	Number=Sing	3	flat	9	16
nodejs-governance:u0025:s00	5	]	]	PUNCT	-RRB-	_	3	punct	16	17
nodejs-governance:u0025:s00	6	[	[	PUNCT	-LRB-	_	3	punct	17	18
nodejs-governance:u0025:s00	7	]	]	PUNCT	-RRB-	_	3	punct	18	19
nodejs-governance:u0025:s00	8	governs	govern	VERB	VBZ	Mood=Ind|Number=Sing|Person=3|Tense=Pres|VerbForm=Fin	0	root	20	27
nodejs-governance:u0025:s00	9	the	the	DET	DT	Definite=Def|PronType=Art	10	det	28	31
nodejs-governance:u0025:s00	10	operations	operation	NOUN	NNS	Number=Plur	8	obj	32	42
nodejs-governance:u0025:s00	11	of	of	ADP	IN	_	13	case	43	45
nodejs-governance:u0025:s00	12	the	the	DET	DT	Definite=Def|PronType=Art	13	det	46	49
nodejs-governance:u0025:s00	13	TSC	Tsc	NOUN	NN	Number=Sing	10	nmod	50	53
nodejs-governance:u0025:s00	14	.	.	PUNCT	.	_	8	punct	53	54
nodejs-governance:u0025:s01	1	All	all	DET	DT	_	2	det	0	3
nodejs-governance:u0025:s01	2	changes	change	NOUN	NNS	Number=Plur	6	nsubj	4	11
nodejs-governance:u0025:s01	3	to	to	ADP	IN	_	5	case	12	14
nodejs-governance:u0025:s01	4	the	the	DET	DT	Definite=Def|PronType=Art	5	det	15	18
nodejs-governance:u0025:s01	5	Charter	Charter	PROPN	NNP	Number=Sing	2	nmod	19	26
nodejs-governance:u0025:s01	6	need	need	VERB	VBP	Mood=Ind|Tense=Pres|VerbForm=Fin	0	root	27	31
nodejs-governance:u0025:s01	7	approval	approval	NOUN	NN	Number=Sing	6	obj	32	40
nodejs-governance:u0025:s01	8	by	by	ADP	IN	_	15	case	41	43
nodejs-governance:u0025:s01	9	the	the	DET	DT	Definite=Def|PronType=Art	15	det	44	47
nodejs-governance:u0025:s01	10	OpenJS	OpenJS	PROPN	NNP	Number=Sing	15	compound	48	54
nodejs-governance:u0025:s01	11	Foundation	foundation	PROPN	NNP	Number=Sing	15	compound	55	65
nodejs-governance:u0025:s01	12	Cross	Cross	PROPN	NNP	Number=Sing	14	compound	66	71
nodejs-governance:u0025:s01	13	-	-	PUNCT	HYPH	_	14	punct	71	72
nodejs-governance:u0025:s01	14	Project	project	PROPN	NNP	Number=Sing	15	compound	72	79
nodejs-governance:u0025:s01	15	Council	Council	PROPN	NNP	Number=Sing	6	nmod	80	87
nodejs-governance:u0025:s01	16	(	(	PUNCT	-LRB-	_	17	punct	88	89
nodejs-governance:u0025:s01	17	CPC	CPC	PROPN	NNP	Number=Sing	15	appos	89	92
nodejs-governance:u0025:s01	18	)	)	PUNCT	-RRB-	_	17	punct	92	93
nodejs-governance:u0025:s01	19	.	.	PUNCT	.	_	6	punct	93	94
nodejs-governance:u0026:s00	1	###	###	SYM	NFP	_	0	root	0	3
nodejs-governance:u0026:s01	1	TSC	Tsc	ADJ	JJ	Degree=Pos	2	amod	0	3
nodejs-governance:u0026:s01	2	meetings	meeting	NOUN	NNS	Number=Plur	0	root	4	12
nodejs-governance:u0027:s00	1	The	the	DET	DT	Definite=Def|PronType=Art	2	det	0	3
nodejs-governance:u0027:s00	2	TSC	Tsc	NOUN	NN	Number=Sing	3	nsubj	4	7
nodejs-governance:u0027:s00	3	meets	meet	VERB	VBZ	Mood=Ind|Number=Sing|Person=3|Tense=Pres|VerbForm=Fin	0	root	8	13
nodejs-governance:u0027:s00	4	in	in	ADP	IN	_	8	case	14	16
nodejs-governance:u0027:s00	5	a	a	DET	DT	Definite=Ind|PronType=Art	8	det	17	18
nodejs-governance:u0027:s00	6	video	video	NOUN	NN	Number=Sing	8	compound	19	24
nodejs-governance:u0027:s00	7	conference	conference	NOUN	NN	Number=Sing	8	compound	25	35
nodejs-governance:u0027:s00	8	call	call	NOUN	NN	Number=Sing	3	obl	36	40
nodejs-governance:u0027:s00	9	.	.	PUNCT	.	_	3	punct	40	41
nodejs-governance:u0027:s01	1	Each	each	DET	DT	_	2	det	0	4
nodejs-governance:u0027:s01	2	year	year	NOUN	NN	Number=Sing	6	obl:tmod	5	9
nodejs-governance:u0027:s01	3	,	,	PUNCT	,	_	6	punct	9	10
nodejs-governance:u0027:s01	4	the	the	DET	DT	Definite=Def|PronType=Art	5	det	11	14
nodejs-governance:u0027:s01	5	TSC	TSC	NOUN	NN	Number=Sing	6	nsubj	15	18
nodejs-governance:u0027:s01	6	elects	elect	VERB	VBZ	Mood=Ind|Number=Sing|Person=3|Tense=Pres|VerbForm=Fin	0	root	19	25
nodejs-governance:u0027:s01	7	a	a	DET	DT	Definite=Ind|PronType=Art	8	det	26	27
nodejs-governance:u0027:s01	8	chair	chair	NOUN	NN	Number=Sing	6	obj	28	33
nodejs-governance:u0027:s01	9	to	to	PART	TO	_	10	mark	34	36
nodejs-governance:u0027:s01	10	run	run	VERB	VB	VerbForm=Inf	8	acl	37	40
nodejs-governance:u0027:s01	11	the	the	DET	DT	Definite=Def|PronType=Art	12	det	41	44
nodejs-governance:u0027:s01	12	meetings	meeting	NOUN	NNS	Number=Plur	10	obj	45	53
nodejs-governance:u0027:s01	13	.	.	PUNCT	.	_	6	punct	53	54
nodejs-governance:u0027:s02	1	The	the	DET	DT	Definite=Def|PronType=Art	2	det	0	3
nodejs-governance:u0027:s02	2	TSC	TSC	NOUN	NN	Number=Sing	3	nsubj	4	7
nodejs-governance:u0027:s02	3	streams	stream	VERB	VBZ	Mood=Ind|Number=Sing|Person=3|Tense=Pres|VerbForm=Fin	0	root	8	15
nodejs-governance:u0027:s02	4	its	its	PRON	PRP$	Gender=Neut|Number=Sing|Person=3|Poss=Yes|PronType=Prs	5	nmod:poss	16	19
nodejs-governance:u0027:s02	5	meetings	meeting	NOUN	NNS	Number=Plur	3	obj	20	28
nodejs-governance:u0027:s02	6	for	for	ADP	IN	_	8	case	29	32
nodejs-governance:u0027:s02	7	public	public	ADJ	JJ	Degree=Pos	8	amod	33	39
nodejs-governance:u0027:s02	8	viewing	viewing	NOUN	NN	Number=Sing	5	nmod	40	47
nodejs-governance:u0027:s02	9	on	on	ADP	IN	_	10	case	48	50
nodejs-governance:u0027:s02	10	YouTube	youtube	PROPN	NNP	Number=Sing	8	nmod	51	58
nodejs-governance:u0027:s02	11	.	.	PUNCT	.	_	3	punct	58	59
nodejs-governance:u0028:s00	1	TSC	Tsc	ADJ	JJ	Degree=Pos	2	amod	0	3
nodejs-governance:u0028:s00	2	meetings	meeting	NOUN	NNS	Number=Plur	4	nsubj	4	12
nodejs-governance:u0028:s00	3	may	may	AUX	MD	VerbForm=Fin	4	aux	13	16
nodejs-governance:u0028:s00	4	consist	consist	VERB	VB	VerbForm=Inf	0	root	17	24
nodejs-governance:u0028:s00	5	of	of	ADP	IN	_	8	case	25	27
nodejs-governance:u0028:s00	6	a	a	DET	DT	Definite=Ind|PronType=Art	8	det	28	29
nodejs-governance:u0028:s00	7	public	public	ADJ	JJ	Degree=Pos	8	amod	30	36
nodejs-governance:u0028:s00	8	portion	portion	NOUN	NN	Number=Sing	4	obl	37	44
nodejs-governance:u0028:s00	9	and	and	CCONJ	CC	_	12	cc	45	48
nodejs-governance:u0028:s00	10	a	a	DET	DT	Definite=Ind|PronType=Art	12	det	49	50
nodejs-governance:u0028:s00	11	private	private	ADJ	JJ	Degree=Pos	12	amod	51	58
nodejs-governance:u0028:s00	12	portion	portion	NOUN	NN	Number=Sing	8	conj	59	66
nodejs-governance:u0028:s00	13	.	.	PUNCT	.	_	4	punct	66	67
nodejs-governance:u0028:s01	1	The	the	DET	DT	Definite=Def|PronType=Art	3	det	0	3
nodejs-governance:u0028:s01	2	private	private	ADJ	JJ	Degree=Pos	3	amod	4	11
nodejs-governance:u0028:s01	3	portion	portion	NOUN	NN	Number=Sing	5	nsubj:pass	12	19
nodejs-governance:u0028:s01	4	is	be	AUX	VBZ	Mood=Ind|Number=Sing|Person=3|Tense=Pres|VerbForm=Fin	5	aux:pass	20	22
nodejs-governance:u0028:s01	5	used	use	VERB	VBN	Tense=Past|VerbForm=Part|Voice=Pass	0	root	23	27
nodejs-governance:u0028:s01	6	to	to	PART	TO	_	7	mark	28	30
nodejs-governance:u0028:s01	7	discuss	discuss	VERB	VB	VerbForm=Inf	5	xcomp	31	38
nodejs-governance:u0028:s01	8	sensitive	sensitive	ADJ	JJ	Degree=Pos	9	amod	39	48
nodejs-governance:u0028:s01	9	topics	topics	NOUN	NNS	Number=Plur	7	obj	49	55
nodejs-governance:u0028:s01	10	,	,	PUNCT	,	_	9	punct	55	56
nodejs-governance:u0028:s01	11	such	such	ADJ	JJ	Degree=Pos	14	case	57	61
nodejs-governance:u0028:s01	12	as	as	ADP	IN	_	11	fixed	62	64
nodejs-governance:u0028:s01	13	personnel	personnel	NOUN	NN	Number=Sing	14	compound	65	74
nodejs-governance:u0028:s01	14	issues	issue	NOUN	NNS	Number=Plur	9	nmod	75	81
nodejs-governance:u0028:s01	15	,	,	PUNCT	,	_	17	punct	81	82
nodejs-governance:u0028:s01	16	security	security	NOUN	NN	Number=Sing	17	compound	83	91
nodejs-governance:u0028:s01	17	vulnerabilities	vulnerability	NOUN	NNS	Number=Plur	14	conj	92	107
nodejs-governance:u0028:s01	18	,	,	PUNCT	,	_	22	punct	107	108
nodejs-governance:u0028:s01	19	or	or	CCONJ	CC	_	22	cc	109	111
nodejs-governance:u0028:s01	20	other	other	ADJ	JJ	Degree=Pos	22	amod	112	117
nodejs-governance:u0028:s01	21	confidential	confidential	ADJ	JJ	Degree=Pos	22	amod	118	130
nodejs-governance:u0028:s01	22	matters	matters	NOUN	NNS	Number=Plur	14	conj	131	138
nodejs-governance:u0028:s01	23	.	.	PUNCT	.	_	5	punct	138	139
nodejs-governance:u0028:s02	1	Private	private	ADJ	JJ	Degree=Pos	2	amod	0	7
nodejs-governance:u0028:s02	2	discussions	discussion	NOUN	NNS	Number=Plur	5	nsubj:pass	8	19
nodejs-governance:u0028:s02	3	should	should	AUX	MD	VerbForm=Fin	5	aux	20	26
nodejs-governance:u0028:s02	4	be	be	AUX	VB	VerbForm=Inf	5	aux:pass	27	29
nodejs-governance:u0028:s02	5	avoided	avoid	VERB	VBN	Tense=Past|VerbForm=Part|Voice=Pass	0	root	30	37
nodejs-governance:u0028:s02	6	as	as	ADV	RB	_	7	advmod	38	40
nodejs-governance:u0028:s02	7	much	much	ADJ	JJ	Degree=Pos	5	obj	41	45
nodejs-governance:u0028:s02	8	as	as	SCONJ	IN	_	9	mark	46	48
nodejs-governance:u0028:s02	9	possible	possible	ADJ	JJ	Degree=Pos	7	advcl	49	57
nodejs-governance:u0028:s02	10	,	,	PUNCT	,	_	15	punct	57	58
nodejs-governance:u0028:s02	11	and	and	CCONJ	CC	_	15	cc	59	62
nodejs-governance:u0028:s02	12	the	the	DET	DT	Definite=Def|PronType=Art	13	det	63	66
nodejs-governance:u0028:s02	13	TSC	Tsc	NOUN	NN	Number=Sing	15	nsubj	67	70
nodejs-governance:u0028:s02	14	should	should	AUX	MD	VerbForm=Fin	15	aux	71	77
nodejs-governance:u0028:s02	15	strive	strive	VERB	VB	VerbForm=Inf	7	conj	78	84
nodejs-governance:u0028:s02	16	to	to	PART	TO	_	17	mark	85	87
nodejs-governance:u0028:s02	17	keep	keep	VERB	VB	VerbForm=Inf	15	xcomp	88	92
nodejs-governance:u0028:s02	18	discussions	discussion	NOUN	NNS	Number=Plur	17	obj	93	104
nodejs-governance:u0028:s02	19	in	in	ADP	IN	_	22	case	105	107
nodejs-governance:u0028:s02	20	the	the	DET	DT	Definite=Def|PronType=Art	22	det	108	111
nodejs-governance:u0028:s02	21	public	public	ADJ	JJ	Degree=Pos	22	amod	112	118
nodejs-governance:u0028:s02	22	portion	portion	NOUN	NN	Number=Sing	17	obl	119	126
nodejs-governance:u0028:s02	23	of	of	ADP	IN	_	25	case	127	129
nodejs-governance:u0028:s02	24	the	the	DET	DT	Definite=Def|PronType=Art	25	det	130	133
nodejs-governance:u0028:s02	25	meeting	meeting	NOUN	NN	Number=Sing	22	nmod	134	141
nodejs-governance:u0028:s02	26	,	,	PUNCT	,	_	29	punct	141	142
nodejs-governance:u0028:s02	27	but	but	CCONJ	CC	_	29	cc	143	146
nodejs-governance:u0028:s02	28	there	there	PRON	EX	_	29	expl	147	152
nodejs-governance:u0028:s02	29	are	be	VERB	VBP	Mood=Ind|Tense=Pres|VerbForm=Fin	5	conj	153	156
nodejs-governance:u0028:s02	30	times	time	NOUN	NNS	Number=Plur	29	nsubj	157	162
nodejs-governance:u0028:s02	31	when	when	ADV	WRB	PronType=Int	35	mark	163	167
nodejs-governance:u0028:s02	32	private	private	ADJ	JJ	Degree=Pos	33	amod	168	175
nodejs-governance:u0028:s02	33	discussions	discussion	NOUN	NNS	Number=Plur	35	nsubj	176	187
nodejs-governance:u0028:s02	34	are	be	AUX	VBP	Mood=Ind|Tense=Pres|VerbForm=Fin	35	cop	188	191
nodejs-governance:u0028:s02	35	necessary	necessary	ADJ	JJ	Degree=Pos	30	acl	192	201
nodejs-governance:u0028:s02	36	.	.	PUNCT	.	_	5	punct	201	202
nodejs-governance:u0029:s00	1	The	the	DET	DT	Definite=Def|PronType=Art	3	det	0	3
nodejs-governance:u0029:s00	2	TSC	TSC	PROPN	NNP	Number=Sing	3	compound	4	7
nodejs-governance:u0029:s00	3	agenda	agenday	NOUN	NN	Number=Sing	4	nsubj	8	14
nodejs-governance:u0029:s00	4	includes	include	VERB	VBZ	Mood=Ind|Number=Sing|Person=3|Tense=Pres|VerbForm=Fin	0	root	15	23
nodejs-governance:u0029:s00	5	issues	issue	NOUN	NNS	Number=Plur	4	obj	24	30
nodejs-governance:u0029:s00	6	that	that	PRON	WDT	PronType=Rel	10	nsubj	31	35
nodejs-governance:u0029:s00	7	are	be	AUX	VBP	Mood=Ind|Tense=Pres|VerbForm=Fin	10	cop	36	39
nodejs-governance:u0029:s00	8	at	at	ADP	IN	_	10	case	40	42
nodejs-governance:u0029:s00	9	an	a	DET	DT	Definite=Ind|PronType=Art	10	det	43	45
nodejs-governance:u0029:s00	10	impasse	impasse	NOUN	NN	Number=Sing	5	acl:relcl	46	53
nodejs-governance:u0029:s00	11	.	.	PUNCT	.	_	4	punct	53	54
nodejs-governance:u0029:s01	1	The	the	DET	DT	Definite=Def|PronType=Art	2	det	0	3
nodejs-governance:u0029:s01	2	intention	intention	NOUN	NN	Number=Sing	9	nsubj	4	13
nodejs-governance:u0029:s01	3	of	of	ADP	IN	_	5	case	14	16
nodejs-governance:u0029:s01	4	the	the	DET	DT	Definite=Def|PronType=Art	5	det	17	20
nodejs-governance:u0029:s01	5	agenda	agenda	NOUN	NN	Number=Sing	2	nmod	21	27
nodejs-governance:u0029:s01	6	is	be	AUX	VBZ	Mood=Ind|Number=Sing|Person=3|Tense=Pres|VerbForm=Fin	9	cop	28	30
nodejs-governance:u0029:s01	7	not	not	PART	RB	_	9	advmod	31	34
nodejs-governance:u0029:s01	8	to	to	PART	TO	_	9	mark	35	37
nodejs-governance:u0029:s01	9	review	review	VERB	VB	VerbForm=Inf	0	root	38	44
nodejs-governance:u0029:s01	10	or	or	CCONJ	CC	_	11	cc	45	47
nodejs-governance:u0029:s01	11	approve	approve	VERB	VB	VerbForm=Inf	9	conj	48	55
nodejs-governance:u0029:s01	12	all	all	DET	DT	_	13	det	56	59
nodejs-governance:u0029:s01	13	patches	patch	NOUN	NNS	Number=Plur	11	obj	60	67
nodejs-governance:u0029:s01	14	.	.	PUNCT	.	_	9	punct	67	68
nodejs-governance:u0029:s02	1	Collaborators	Collaborator	NOUN	NNS	Number=Plur	2	nsubj	0	13
nodejs-governance:u0029:s02	2	review	review	VERB	VBP	Mood=Ind|Tense=Pres|VerbForm=Fin	0	root	14	20
nodejs-governance:u0029:s02	3	and	and	CCONJ	CC	_	4	cc	21	24
nodejs-governance:u0029:s02	4	approve	approve	VERB	VBP	Mood=Ind|Tense=Pres|VerbForm=Fin	2	conj	25	32
nodejs-governance:u0029:s02	5	patches	patch	NOUN	NNS	Number=Plur	2	obj	33	40
nodejs-governance:u0029:s02	6	on	on	ADP	IN	_	7	case	41	43
nodejs-governance:u0029:s02	7	GitHub	GitHub	PROPN	NNP	Number=Sing	2	nmod	44	50
nodejs-governance:u0029:s02	8	.	.	PUNCT	.	_	2	punct	50	51
nodejs-governance:u0029:s03	1	The	the	DET	DT	Definite=Def|PronType=Art	2	det	0	3
nodejs-governance:u0029:s03	2	preference	preference	NOUN	NN	Number=Sing	3	nsubj	4	14
nodejs-governance:u0029:s03	3	is	be	VERB	VBZ	Mood=Ind|Number=Sing|Person=3|Tense=Pres|VerbForm=Fin	0	root	15	17
nodejs-governance:u0029:s03	4	to	to	PART	TO	_	5	mark	18	20
nodejs-governance:u0029:s03	5	minimize	minimize	VERB	VB	VerbForm=Inf	3	ccomp	21	29
nodejs-governance:u0029:s03	6	the	the	DET	DT	Definite=Def|PronType=Art	7	det	30	33
nodejs-governance:u0029:s03	7	need	need	NOUN	NN	Number=Sing	5	obj	34	38
nodejs-governance:u0029:s03	8	for	for	ADP	IN	_	10	case	39	42
nodejs-governance:u0029:s03	9	TSC	Tsc	NOUN	NN	Number=Sing	10	compound	43	46
nodejs-governance:u0029:s03	10	meetings	meeting	NOUN	NNS	Number=Plur	7	nmod	47	55
nodejs-governance:u0029:s03	11	to	to	PART	TO	_	12	mark	56	58
nodejs-governance:u0029:s03	12	make	make	VERB	VB	VerbForm=Inf	5	advcl	59	63
nodejs-governance:u0029:s03	13	decisions	decision	NOUN	NNS	Number=Plur	12	obj	64	73
nodejs-governance:u0029:s03	14	that	that	PRON	WDT	PronType=Rel	18	nsubj:pass	74	78
nodejs-governance:u0029:s03	15	can	can	AUX	MD	VerbForm=Fin	18	aux	79	82
nodejs-governance:u0029:s03	16	otherwise	otherwise	ADV	RB	_	18	advmod	83	92
nodejs-governance:u0029:s03	17	be	be	AUX	VB	VerbForm=Inf	18	aux:pass	93	95
nodejs-governance:u0029:s03	18	made	make	VERB	VBN	Tense=Past|VerbForm=Part|Voice=Pass	13	acl:relcl	96	100
nodejs-governance:u0029:s03	19	by	by	ADP	IN	_	20	case	101	103
nodejs-governance:u0029:s03	20	collaborators	collaborator	NOUN	NNS	Number=Plur	18	obl	104	117
nodejs-governance:u0029:s03	21	on	on	ADP	IN	_	22	case	118	120
nodejs-governance:u0029:s03	22	GitHub	GitHub	PROPN	NNP	Number=Sing	20	nmod	121	127
nodejs-governance:u0029:s03	23	.	.	PUNCT	.	_	3	punct	127	128
nodejs-governance:u0030:s00	1	Any	any	DET	DT	_	3	det	0	3
nodejs-governance:u0030:s00	2	community	community	NOUN	NN	Number=Sing	3	compound	4	13
nodejs-governance:u0030:s00	3	member	member	NOUN	NN	Number=Sing	5	nsubj	14	20
nodejs-governance:u0030:s00	4	can	can	AUX	MD	VerbForm=Fin	5	aux	21	24
nodejs-governance:u0030:s00	5	create	create	VERB	VB	VerbForm=Inf	0	root	25	31
nodejs-governance:u0030:s00	6	a	a	DET	DT	Definite=Ind|PronType=Art	8	det	32	33
nodejs-governance:u0030:s00	7	GitHub	GitHub	PROPN	NNP	Number=Sing	8	compound	34	40
nodejs-governance:u0030:s00	8	issue	issue	NOUN	NN	Number=Sing	5	obj	41	46
nodejs-governance:u0030:s00	9	asking	ask	VERB	VBG	VerbForm=Ger	8	acl	47	53
nodejs-governance:u0030:s00	10	that	that	SCONJ	IN	_	13	mark	54	58
nodejs-governance:u0030:s00	11	the	the	DET	DT	Definite=Def|PronType=Art	12	det	59	62
nodejs-governance:u0030:s00	12	TSC	TSC	PROPN	NNPS	Number=Plur	13	nsubj	63	66
nodejs-governance:u0030:s00	13	review	review	VERB	VBP	Mood=Ind|Tense=Pres|VerbForm=Fin	9	ccomp	67	73
nodejs-governance:u0030:s00	14	something	something	PRON	NN	Number=Sing	13	obj	74	83
nodejs-governance:u0030:s00	15	.	.	PUNCT	.	_	5	punct	83	84
nodejs-governance:u0030:s01	1	If	if	SCONJ	IN	_	2	mark	0	2
nodejs-governance:u0030:s01	2	consensus	consensus	NOUN	NN	Number=Sing	12	advcl	3	12
nodejs-governance:u0030:s01	3	-seeking	-seek	VERB	VBG	VerbForm=Ger	2	acl	12	20
nodejs-governance:u0030:s01	4	fails	fail	NOUN	NNS	Number=Plur	3	obj	21	26
nodejs-governance:u0030:s01	5	for	for	ADP	IN	_	7	case	27	30
nodejs-governance:u0030:s01	6	an	a	DET	DT	Definite=Ind|PronType=Art	7	det	31	33
nodejs-governance:u0030:s01	7	issue	issue	NOUN	NN	Number=Sing	3	obl	34	39
nodejs-governance:u0030:s01	8	,	,	PUNCT	,	_	12	punct	39	40
nodejs-governance:u0030:s01	9	a	a	DET	DT	Definite=Ind|PronType=Art	10	det	41	42
nodejs-governance:u0030:s01	10	collaborator	collaborator	NOUN	NN	Number=Sing	12	nsubj	43	55
nodejs-governance:u0030:s01	11	may	may	AUX	MD	VerbForm=Fin	12	aux	56	59
nodejs-governance:u0030:s01	12	apply	apply	VERB	VB	VerbForm=Inf	0	root	60	65
nodejs-governance:u0030:s01	13	the	the	DET	DT	Definite=Def|PronType=Art	17	det	66	69
nodejs-governance:u0030:s01	14	`tsc-	`tsc-	SYM	NFP	_	17	compound	70	75
nodejs-governance:u0030:s01	15	agenda	agenda	NOUN	NN	Number=Sing	17	compound	75	81
nodejs-governance:u0030:s01	16	`	`	PUNCT	``	_	15	punct	81	82
nodejs-governance:u0030:s01	17	label	label	NOUN	NN	Number=Sing	12	obj	83	88
nodejs-governance:u0030:s01	18	.	.	PUNCT	.	_	12	punct	88	89
nodejs-governance:u0030:s02	1	That	that	PRON	DT	Number=Sing|PronType=Dem	3	nsubj	0	4
nodejs-governance:u0030:s02	2	will	will	AUX	MD	VerbForm=Fin	3	aux	5	9
nodejs-governance:u0030:s02	3	add	add	VERB	VB	VerbForm=Inf	0	root	10	13
nodejs-governance:u0030:s02	4	it	it	PRON	PRP	Case=Acc|Gender=Neut|Number=Sing|Person=3|PronType=Prs	3	obj	14	16
nodejs-governance:u0030:s02	5	to	to	ADP	IN	_	9	case	17	19
nodejs-governance:u0030:s02	6	the	the	DET	DT	Definite=Def|PronType=Art	9	det	20	23
nodejs-governance:u0030:s02	7	TSC	Tsc	NOUN	NN	Number=Sing	8	compound	24	27
nodejs-governance:u0030:s02	8	meeting	meeting	NOUN	NN	Number=Sing	9	compound	28	35
nodejs-governance:u0030:s02	9	agenda	agenda	NOUN	NN	Number=Sing	3	obl	36	42
nodejs-governance:u0030:s02	10	.	.	PUNCT	.	_	3	punct	42	43
nodejs-governance:u0031:s00	1	Before	before	ADP	IN	_	4	case	0	6
nodejs-governance:u0031:s00	2	each	each	DET	DT	_	4	det	7	11
nodejs-governance:u0031:s00	3	TSC	TSC	PROPN	NNP	Number=Sing	4	compound	12	15
nodejs-governance:u0031:s00	4	meeting	meeting	NOUN	NN	Number=Sing	10	obl	16	23
nodejs-governance:u0031:s00	5	,	,	PUNCT	,	_	10	punct	23	24
nodejs-governance:u0031:s00	6	the	the	DET	DT	Definite=Def|PronType=Art	8	det	25	28
nodejs-governance:u0031:s00	7	meeting	meeting	NOUN	NN	Number=Sing	8	compound	29	36
nodejs-governance:u0031:s00	8	chair	chair	NOUN	NN	Number=Sing	10	nsubj	37	42
nodejs-governance:u0031:s00	9	will	will	AUX	MD	VerbForm=Fin	10	aux	43	47
nodejs-governance:u0031:s00	10	share	share	VERB	VB	VerbForm=Inf	0	root	48	53
nodejs-governance:u0031:s00	11	the	the	DET	DT	Definite=Def|PronType=Art	12	det	54	57
nodejs-governance:u0031:s00	12	agenda	agenda	NOUN	NN	Number=Sing	10	obj	58	64
nodejs-governance:u0031:s00	13	with	with	ADP	IN	_	14	case	65	69
nodejs-governance:u0031:s00	14	members	member	NOUN	NNS	Number=Plur	10	obl	70	77
nodejs-governance:u0031:s00	15	of	of	ADP	IN	_	17	case	78	80
nodejs-governance:u0031:s00	16	the	the	DET	DT	Definite=Def|PronType=Art	17	det	81	84
nodejs-governance:u0031:s00	17	TSC	Tsc	NOUN	NN	Number=Sing	14	nmod	85	88
nodejs-governance:u0031:s00	18	.	.	PUNCT	.	_	10	punct	88	89
nodejs-governance:u0031:s01	1	TSC	Tsc	NOUN	NN	Number=Sing	2	compound	0	3
nodejs-governance:u0031:s01	2	members	member	NOUN	NNS	Number=Plur	5	nsubj	4	11
nodejs-governance:u0031:s01	3	can	can	AUX	MD	VerbForm=Fin	5	aux	12	15
nodejs-governance:u0031:s01	4	also	also	ADV	RB	_	5	advmod	16	20
nodejs-governance:u0031:s01	5	add	add	VERB	VB	VerbForm=Inf	0	root	21	24
nodejs-governance:u0031:s01	6	items	item	NOUN	NNS	Number=Plur	5	obj	25	30
nodejs-governance:u0031:s01	7	to	to	ADP	IN	_	9	case	31	33
nodejs-governance:u0031:s01	8	the	the	DET	DT	Definite=Def|PronType=Art	9	det	34	37
nodejs-governance:u0031:s01	9	agenda	agenda	NOUN	NN	Number=Sing	5	obl	38	44
nodejs-governance:u0031:s01	10	at	at	ADP	IN	_	12	case	45	47
nodejs-governance:u0031:s01	11	the	the	DET	DT	Definite=Def|PronType=Art	12	det	48	51
nodejs-governance:u0031:s01	12	beginning	beginning	NOUN	NN	Number=Sing	5	obl	52	61
nodejs-governance:u0031:s01	13	of	of	ADP	IN	_	15	case	62	64
nodejs-governance:u0031:s01	14	each	each	DET	DT	_	15	det	65	69
nodejs-governance:u0031:s01	15	meeting	meeting	NOUN	NN	Number=Sing	12	nmod	70	77
nodejs-governance:u0031:s01	16	.	.	PUNCT	.	_	5	punct	77	78
nodejs-governance:u0031:s02	1	The	the	DET	DT	Definite=Def|PronType=Art	3	det	0	3
nodejs-governance:u0031:s02	2	meeting	meeting	NOUN	NN	Number=Sing	3	compound	4	11
nodejs-governance:u0031:s02	3	chair	chair	NOUN	NN	Number=Sing	9	nsubj	12	17
nodejs-governance:u0031:s02	4	and	and	CCONJ	CC	_	6	cc	18	21
nodejs-governance:u0031:s02	5	the	the	DET	DT	Definite=Def|PronType=Art	6	det	22	25
nodejs-governance:u0031:s02	6	TSC	Tsc	NOUN	NN	Number=Sing	3	conj	26	29
nodejs-governance:u0031:s02	7	can	can	AUX	MD	VerbForm=Fin	9	aux	30	33
nodejs-governance:u0031:s02	8	not	not	PART	RB	_	9	advmod	33	36
nodejs-governance:u0031:s02	9	veto	veto	VERB	VB	VerbForm=Inf	0	root	37	41
nodejs-governance:u0031:s02	10	or	or	CCONJ	CC	_	11	cc	42	44
nodejs-governance:u0031:s02	11	remove	remove	VERB	VB	VerbForm=Inf	9	conj	45	51
nodejs-governance:u0031:s02	12	items	item	NOUN	NNS	Number=Plur	9	obj	52	57
nodejs-governance:u0031:s02	13	.	.	PUNCT	.	_	9	punct	57	58
nodejs-governance:u0032:s00	1	The	the	DET	DT	Definite=Def|PronType=Art	2	det	0	3
nodejs-governance:u0032:s00	2	TSC	Tsc	NOUN	NN	Number=Sing	4	nsubj	4	7
nodejs-governance:u0032:s00	3	may	may	AUX	MD	VerbForm=Fin	4	aux	8	11
nodejs-governance:u0032:s00	4	invite	invite	VERB	VB	VerbForm=Inf	0	root	12	18
nodejs-governance:u0032:s00	5	people	people	NOUN	NNS	Number=Plur	4	obj	19	25
nodejs-governance:u0032:s00	6	to	to	PART	TO	_	7	mark	26	28
nodejs-governance:u0032:s00	7	take	take	VERB	VB	VerbForm=Inf	4	xcomp	29	33
nodejs-governance:u0032:s00	8	part	part	NOUN	NN	Number=Sing	7	obj	34	38
nodejs-governance:u0032:s00	9	in	in	ADP	IN	_	12	case	39	41
nodejs-governance:u0032:s00	10	a	a	DET	DT	Definite=Ind|PronType=Art	12	det	42	43
nodejs-governance:u0032:s00	11	non-voting	non-voting	NOUN	NN	Number=Sing	12	compound	44	54
nodejs-governance:u0032:s00	12	capacity	capacity	NOUN	NN	Number=Sing	7	obl	55	63
nodejs-governance:u0032:s00	13	in	in	ADP	IN	_	19	case	64	66
nodejs-governance:u0032:s00	14	either	either	CCONJ	CC	_	19	cc:preconj	67	73
nodejs-governance:u0032:s00	15	the	the	DET	DT	Definite=Def|PronType=Art	19	det	74	77
nodejs-governance:u0032:s00	16	public	public	ADJ	JJ	Degree=Pos	19	amod	78	84
nodejs-governance:u0032:s00	17	or	or	CCONJ	CC	_	18	cc	85	87
nodejs-governance:u0032:s00	18	private	private	ADJ	JJ	Degree=Pos	16	conj	88	95
nodejs-governance:u0032:s00	19	portions	portion	NOUN	NNS	Number=Plur	7	obl	96	104
nodejs-governance:u0032:s00	20	of	of	ADP	IN	_	22	case	105	107
nodejs-governance:u0032:s00	21	the	the	DET	DT	Definite=Def|PronType=Art	22	det	108	111
nodejs-governance:u0032:s00	22	meeting	meeting	NOUN	NN	Number=Sing	19	nmod	112	119
nodejs-governance:u0032:s00	23	.	.	PUNCT	.	_	4	punct	119	120
nodejs-governance:u0033:s00	1	During	during	ADP	IN	_	4	case	0	6
nodejs-governance:u0033:s00	2	the	the	DET	DT	Definite=Def|PronType=Art	4	det	7	10
nodejs-governance:u0033:s00	3	public	public	ADJ	JJ	Degree=Pos	4	amod	11	17
nodejs-governance:u0033:s00	4	portion	portion	NOUN	NN	Number=Sing	12	obl	18	25
nodejs-governance:u0033:s00	5	of	of	ADP	IN	_	7	case	26	28
nodejs-governance:u0033:s00	6	the	the	DET	DT	Definite=Def|PronType=Art	7	det	29	32
nodejs-governance:u0033:s00	7	meeting	meeting	NOUN	NN	Number=Sing	4	nmod	33	40
nodejs-governance:u0033:s00	8	,	,	PUNCT	,	_	12	punct	40	41
nodejs-governance:u0033:s00	9	the	the	DET	DT	Definite=Def|PronType=Art	11	det	42	45
nodejs-governance:u0033:s00	10	TSC	TSC	PROPN	NNP	Number=Sing	11	compound	46	49
nodejs-governance:u0033:s00	11	chair	chair	NOUN	NN	Number=Sing	12	nsubj	50	55
nodejs-governance:u0033:s00	12	ensures	ensure	VERB	VBZ	Mood=Ind|Number=Sing|Person=3|Tense=Pres|VerbForm=Fin	0	root	56	63
nodejs-governance:u0033:s00	13	that	that	SCONJ	IN	_	15	mark	64	68
nodejs-governance:u0033:s00	14	someone	someone	PRON	NN	Number=Sing	15	nsubj	69	76
nodejs-governance:u0033:s00	15	takes	take	VERB	VBZ	Mood=Ind|Number=Sing|Person=3|Tense=Pres|VerbForm=Fin	12	ccomp	77	82
nodejs-governance:u0033:s00	16	minutes	minute	NOUN	NNS	Number=Plur	15	obj	83	90
nodejs-governance:u0033:s00	17	that	that	PRON	WDT	PronType=Rel	18	nsubj	91	95
nodejs-governance:u0033:s00	18	include	include	VERB	VBP	Mood=Ind|Tense=Pres|VerbForm=Fin	16	acl:relcl	96	103
nodejs-governance:u0033:s00	19	a	a	DET	DT	Definite=Ind|PronType=Art	20	det	104	105
nodejs-governance:u0033:s00	20	summary	summary	NOUN	NN	Number=Sing	18	obj	106	113
nodejs-governance:u0033:s00	21	of	of	ADP	IN	_	23	case	114	116
nodejs-governance:u0033:s00	22	the	the	DET	DT	Definite=Def|PronType=Art	23	det	117	120
nodejs-governance:u0033:s00	23	discussion	discussion	NOUN	NN	Number=Sing	20	nmod	121	131
nodejs-governance:u0033:s00	24	and	and	CCONJ	CC	_	26	cc	132	135
nodejs-governance:u0033:s00	25	any	any	DET	DT	_	26	det	136	139
nodejs-governance:u0033:s00	26	decisions	decision	NOUN	NNS	Number=Plur	23	conj	140	149
nodejs-governance:u0033:s00	27	made	make	VERB	VBN	Tense=Past|VerbForm=Part	26	acl	150	154
nodejs-governance:u0033:s00	28	.	.	PUNCT	.	_	12	punct	154	155
nodejs-governance:u0033:s01	1	After	after	ADP	IN	_	3	case	0	5
nodejs-governance:u0033:s01	2	the	the	DET	DT	Definite=Def|PronType=Art	3	det	6	9
nodejs-governance:u0033:s01	3	meeting	meeting	NOUN	NN	Number=Sing	8	obl	10	17
nodejs-governance:u0033:s01	4	,	,	PUNCT	,	_	8	punct	17	18
nodejs-governance:u0033:s01	5	the	the	DET	DT	Definite=Def|PronType=Art	7	det	19	22
nodejs-governance:u0033:s01	6	TSC	TSC	PROPN	NNP	Number=Sing	7	compound	23	26
nodejs-governance:u0033:s01	7	chair	chair	NOUN	NN	Number=Sing	8	nsubj	27	32
nodejs-governance:u0033:s01	8	ensures	ensure	VERB	VBZ	Mood=Ind|Number=Sing|Person=3|Tense=Pres|VerbForm=Fin	0	root	33	40
nodejs-governance:u0033:s01	9	that	that	SCONJ	IN	_	11	mark	41	45
nodejs-governance:u0033:s01	10	someone	someone	PRON	NN	Number=Sing	11	nsubj	46	53
nodejs-governance:u0033:s01	11	opens	open	VERB	VBZ	Mood=Ind|Number=Sing|Person=3|Tense=Pres|VerbForm=Fin	8	ccomp	54	59
nodejs-governance:u0033:s01	12	a	a	DET	DT	Definite=Ind|PronType=Art	15	det	60	61
nodejs-governance:u0033:s01	13	public	public	ADJ	JJ	Degree=Pos	15	amod	62	68
nodejs-governance:u0033:s01	14	pull	pull	NOUN	NN	Number=Sing	15	compound	69	73
nodejs-governance:u0033:s01	15	request	request	NOUN	NN	Number=Sing	11	obj	74	81
nodejs-governance:u0033:s01	16	with	with	ADP	IN	_	18	case	82	86
nodejs-governance:u0033:s01	17	the	the	DET	DT	Definite=Def|PronType=Art	18	det	87	90
nodejs-governance:u0033:s01	18	minutes	minute	NOUN	NNS	Number=Plur	15	nmod	91	98
nodejs-governance:u0033:s01	19	from	from	ADP	IN	_	22	case	99	103
nodejs-governance:u0033:s01	20	the	the	DET	DT	Definite=Def|PronType=Art	22	det	104	107
nodejs-governance:u0033:s01	21	public	public	ADJ	JJ	Degree=Pos	22	amod	108	114
nodejs-governance:u0033:s01	22	portion	portion	NOUN	NN	Number=Sing	18	nmod	115	122
nodejs-governance:u0033:s01	23	of	of	ADP	IN	_	25	case	123	125
nodejs-governance:u0033:s01	24	the	the	DET	DT	Definite=Def|PronType=Art	25	det	126	129
nodejs-governance:u0033:s01	25	meeting	meeting	NOUN	NN	Number=Sing	22	nmod	130	137
nodejs-governance:u0033:s01	26	.	.	PUNCT	.	_	8	punct	137	138
nodejs-governance:u0034:s00	1	The	the	DET	DT	Definite=Def|PronType=Art	3	det	0	3
nodejs-governance:u0034:s00	2	public	public	ADJ	JJ	Degree=Pos	3	amod	4	10
nodejs-governance:u0034:s00	3	portion	portion	NOUN	NN	Number=Sing	9	nsubj:pass	11	18
nodejs-governance:u0034:s00	4	of	of	ADP	IN	_	7	case	19	21
nodejs-governance:u0034:s00	5	the	the	DET	DT	Definite=Def|PronType=Art	7	det	22	25
nodejs-governance:u0034:s00	6	TSC	TSC	PROPN	NNP	Number=Sing	7	compound	26	29
nodejs-governance:u0034:s00	7	meeting	meeting	NOUN	NN	Number=Sing	3	nmod	30	37
nodejs-governance:u0034:s00	8	is	be	AUX	VBZ	Mood=Ind|Number=Sing|Person=3|Tense=Pres|VerbForm=Fin	9	aux:pass	38	40
nodejs-governance:u0034:s00	9	expected	expect	VERB	VBN	Tense=Past|VerbForm=Part|Voice=Pass	0	root	41	49
nodejs-governance:u0034:s00	10	to	to	PART	TO	_	12	mark	50	52
nodejs-governance:u0034:s00	11	be	be	AUX	VB	VerbForm=Inf	12	aux:pass	53	55
nodejs-governance:u0034:s00	12	recorded	record	VERB	VBN	Tense=Past|VerbForm=Part|Voice=Pass	9	xcomp	56	64
nodejs-governance:u0034:s00	13	and	and	CCONJ	CC	_	14	cc	65	68
nodejs-governance:u0034:s00	14	made	make	VERB	VBN	Tense=Past|VerbForm=Part	9	conj	69	73
nodejs-governance:u0034:s00	15	available	available	ADJ	JJ	Degree=Pos	14	xcomp	74	83
nodejs-governance:u0034:s00	16	for	for	ADP	IN	_	18	case	84	87
nodejs-governance:u0034:s00	17	live	live	ADJ	JJ	Degree=Pos	18	amod	88	92
nodejs-governance:u0034:s00	18	streaming	stream	NOUN	NN	Number=Sing	14	obl	93	102
nodejs-governance:u0034:s00	19	during	during	ADP	IN	_	21	case	103	109
nodejs-governance:u0034:s00	20	the	the	DET	DT	Definite=Def|PronType=Art	21	det	110	113
nodejs-governance:u0034:s00	21	meeting	meeting	NOUN	NN	Number=Sing	18	nmod	114	121
nodejs-governance:u0034:s00	22	or	or	CCONJ	CC	_	23	cc	122	124
nodejs-governance:u0034:s00	23	download	download	NOUN	NN	Number=Sing	21	conj	125	133
nodejs-governance:u0034:s00	24	by	by	ADP	IN	_	25	case	134	136
nodejs-governance:u0034:s00	25	anyone	anyone	PRON	NN	Number=Sing	14	nmod	137	143
nodejs-governance:u0034:s00	26	after	after	ADP	IN	_	25	nmod	144	149
nodejs-governance:u0034:s00	27	.	.	PUNCT	.	_	9	punct	149	150
nodejs-governance:u0034:s01	1	This	this	DET	DT	Number=Sing|PronType=Dem	2	det	0	4
nodejs-governance:u0034:s01	2	expectation	expectation	NOUN	NN	Number=Sing	3	nsubj	5	16
nodejs-governance:u0034:s01	3	is	be	VERB	VBZ	Mood=Ind|Number=Sing|Person=3|Tense=Pres|VerbForm=Fin	0	root	17	19
nodejs-governance:u0034:s01	4	to	to	PART	TO	_	6	mark	20	22
nodejs-governance:u0034:s01	5	be	be	AUX	VB	VerbForm=Inf	6	aux:pass	23	25
nodejs-governance:u0034:s01	6	announced	announce	VERB	VBN	Tense=Past|VerbForm=Part|Voice=Pass	3	ccomp	26	35
nodejs-governance:u0034:s01	7	to	to	ADP	IN	_	9	case	36	38
nodejs-governance:u0034:s01	8	all	all	DET	DT	_	9	det	39	42
nodejs-governance:u0034:s01	9	participants	participant	NOUN	NNS	Number=Plur	6	obl	43	55
nodejs-governance:u0034:s01	10	at	at	ADP	IN	_	12	case	56	58
nodejs-governance:u0034:s01	11	the	the	DET	DT	Definite=Def|PronType=Art	12	det	59	62
nodejs-governance:u0034:s01	12	start	start	NOUN	NN	Number=Sing	9	nmod	63	68
nodejs-governance:u0034:s01	13	of	of	ADP	IN	_	16	case	69	71
nodejs-governance:u0034:s01	14	the	the	DET	DT	Definite=Def|PronType=Art	16	det	72	75
nodejs-governance:u0034:s01	15	each	each	DET	DT	_	16	det	76	80
nodejs-governance:u0034:s01	16	meeting	meeting	NOUN	NN	Number=Sing	12	nmod	81	88
nodejs-governance:u0034:s01	17	before	before	SCONJ	IN	_	21	mark	89	95
nodejs-governance:u0034:s01	18	the	the	DET	DT	Definite=Def|PronType=Art	19	det	96	99
nodejs-governance:u0034:s01	19	recording	recording	NOUN	NN	Number=Sing	21	nsubj:pass	100	109
nodejs-governance:u0034:s01	20	is	be	AUX	VBZ	Mood=Ind|Number=Sing|Person=3|Tense=Pres|VerbForm=Fin	21	aux:pass	110	112
nodejs-governance:u0034:s01	21	started	start	VERB	VBN	Tense=Past|VerbForm=Part|Voice=Pass	16	advcl	113	120
nodejs-governance:u0034:s01	22	.	.	PUNCT	.	_	3	punct	120	121
nodejs-governance:u0034:s02	1	Continued	continue	VERB	VBD	Mood=Ind|Tense=Past|VerbForm=Fin	14	nsubj:pass	0	9
nodejs-governance:u0034:s02	2	participation	participation	NOUN	NN	Number=Sing	1	obj	10	23
nodejs-governance:u0034:s02	3	in	in	ADP	IN	_	6	case	24	26
nodejs-governance:u0034:s02	4	the	the	DET	DT	Definite=Def|PronType=Art	6	det	27	30
nodejs-governance:u0034:s02	5	public	public	ADJ	JJ	Degree=Pos	6	amod	31	37
nodejs-governance:u0034:s02	6	portion	portion	NOUN	NN	Number=Sing	2	nmod	38	45
nodejs-governance:u0034:s02	7	of	of	ADP	IN	_	9	case	46	48
nodejs-governance:u0034:s02	8	the	the	DET	DT	Definite=Def|PronType=Art	9	det	49	52
nodejs-governance:u0034:s02	9	meeting	meeting	NOUN	NN	Number=Sing	6	nmod	53	60
nodejs-governance:u0034:s02	10	after	after	ADP	IN	_	12	case	61	66
nodejs-governance:u0034:s02	11	this	this	DET	DT	Number=Sing|PronType=Dem	12	det	67	71
nodejs-governance:u0034:s02	12	announcement	announcement	NOUN	NN	Number=Sing	1	nmod	72	84
nodejs-governance:u0034:s02	13	is	be	AUX	VBZ	Mood=Ind|Number=Sing|Person=3|Tense=Pres|VerbForm=Fin	14	aux:pass	85	87
nodejs-governance:u0034:s02	14	interpreted	interpret	VERB	VBN	Tense=Past|VerbForm=Part|Voice=Pass	0	root	88	99
nodejs-governance:u0034:s02	15	as	as	SCONJ	IN	_	16	mark	100	102
nodejs-governance:u0034:s02	16	consent	consent	VERB	VBN	Tense=Past|VerbForm=Part	14	advcl	103	110
nodejs-governance:u0034:s02	17	to	to	ADP	IN	_	19	case	111	113
nodejs-governance:u0034:s02	18	the	the	DET	DT	Definite=Def|PronType=Art	19	det	114	117
nodejs-governance:u0034:s02	19	recording	recording	NOUN	NN	Number=Sing	16	obl	118	127
nodejs-governance:u0034:s02	20	.	.	PUNCT	.	_	14	punct	127	128
nodejs-governance:u0035:s00	1	For	for	ADP	IN	_	4	case	0	3
nodejs-governance:u0035:s00	2	the	the	DET	DT	Definite=Def|PronType=Art	4	det	4	7
nodejs-governance:u0035:s00	3	private	private	ADJ	JJ	Degree=Pos	4	amod	8	15
nodejs-governance:u0035:s00	4	portion	portion	NOUN	NN	Number=Sing	12	obl	16	23
nodejs-governance:u0035:s00	5	of	of	ADP	IN	_	7	case	24	26
nodejs-governance:u0035:s00	6	the	the	DET	DT	Definite=Def|PronType=Art	7	det	27	30
nodejs-governance:u0035:s00	7	meeting	meeting	NOUN	NN	Number=Sing	4	nmod	31	38
nodejs-governance:u0035:s00	8	,	,	PUNCT	,	_	12	punct	38	39
nodejs-governance:u0035:s00	9	the	the	DET	DT	Definite=Def|PronType=Art	11	det	40	43
nodejs-governance:u0035:s00	10	TSC	TSC	PROPN	NNP	Number=Sing	11	compound	44	47
nodejs-governance:u0035:s00	11	chair	chair	NOUN	NN	Number=Sing	12	nsubj	48	53
nodejs-governance:u0035:s00	12	ensures	ensure	VERB	VBZ	Mood=Ind|Number=Sing|Person=3|Tense=Pres|VerbForm=Fin	0	root	54	61
nodejs-governance:u0035:s00	13	that	that	SCONJ	IN	_	15	mark	62	66
nodejs-governance:u0035:s00	14	someone	someone	PRON	NN	Number=Sing	15	nsubj	67	74
nodejs-governance:u0035:s00	15	produces	produce	VERB	VBZ	Mood=Ind|Number=Sing|Person=3|Tense=Pres|VerbForm=Fin	12	ccomp	75	83
nodejs-governance:u0035:s00	16	a	a	DET	DT	Definite=Ind|PronType=Art	17	det	84	85
nodejs-governance:u0035:s00	17	summary	summary	NOUN	NN	Number=Sing	15	obj	86	93
nodejs-governance:u0035:s00	18	of	of	ADP	IN	_	20	case	94	96
nodejs-governance:u0035:s00	19	the	the	DET	DT	Definite=Def|PronType=Art	20	det	97	100
nodejs-governance:u0035:s00	20	discussions	discussion	NOUN	NNS	Number=Plur	17	nmod	101	112
nodejs-governance:u0035:s00	21	,	,	PUNCT	,	_	22	punct	112	113
nodejs-governance:u0035:s00	22	gets	get	VERB	VBZ	Mood=Ind|Number=Sing|Person=3|Tense=Pres|VerbForm=Fin	12	conj	114	118
nodejs-governance:u0035:s00	23	it	it	PRON	PRP	Case=Nom|Gender=Neut|Number=Sing|Person=3|PronType=Prs	24	nsubj	119	121
nodejs-governance:u0035:s00	24	reviewed	review	VERB	VBN	Tense=Past|VerbForm=Part	22	ccomp	122	130
nodejs-governance:u0035:s00	25	by	by	ADP	IN	_	27	case	131	133
nodejs-governance:u0035:s00	26	the	the	DET	DT	Definite=Def|PronType=Art	27	det	134	137
nodejs-governance:u0035:s00	27	attendees	attendee	NOUN	NNS	Number=Plur	24	obl	138	147
nodejs-governance:u0035:s00	28	,	,	PUNCT	,	_	30	punct	147	148
nodejs-governance:u0035:s00	29	and	and	CCONJ	CC	_	30	cc	149	152
nodejs-governance:u0035:s00	30	shares	share	VERB	VBZ	Mood=Ind|Number=Sing|Person=3|Tense=Pres|VerbForm=Fin	12	conj	153	159
nodejs-governance:u0035:s00	31	it	it	PRON	PRP	Case=Nom|Gender=Neut|Number=Sing|Person=3|PronType=Prs	30	obj	160	162
nodejs-governance:u0035:s00	32	to	to	ADP	IN	_	36	case	163	165
nodejs-governance:u0035:s00	33	all	all	DET	PDT	_	36	det:predet	166	169
nodejs-governance:u0035:s00	34	the	the	DET	DT	Definite=Def|PronType=Art	36	det	170	173
nodejs-governance:u0035:s00	35	TSC	Tsc	NOUN	NN	Number=Sing	36	compound	174	177
nodejs-governance:u0035:s00	36	members	member	NOUN	NNS	Number=Plur	30	obl	178	185
nodejs-governance:u0035:s00	37	once	once	ADV	RB	NumType=Mult	38	advmod	186	190
nodejs-governance:u0035:s00	38	approved	approve	VERB	VBN	Tense=Past|VerbForm=Part	36	acl	191	199
nodejs-governance:u0035:s00	39	by	by	ADP	IN	_	41	case	200	202
nodejs-governance:u0035:s00	40	the	the	DET	DT	Definite=Def|PronType=Art	41	det	203	206
nodejs-governance:u0035:s00	41	attendees	attendee	NOUN	NNS	Number=Plur	38	obl	207	216
nodejs-governance:u0035:s00	42	via	via	ADP	IN	_	46	case	217	220
nodejs-governance:u0035:s00	43	a	a	DET	DT	Definite=Ind|PronType=Art	46	det	221	222
nodejs-governance:u0035:s00	44	private	private	ADJ	JJ	Degree=Pos	46	amod	223	230
nodejs-governance:u0035:s00	45	discussion	discussion	NOUN	NN	Number=Sing	46	compound	231	241
nodejs-governance:u0035:s00	46	channel	channel	NOUN	NN	Number=Sing	38	obl	242	249
nodejs-governance:u0035:s00	47	such	such	ADJ	JJ	Degree=Pos	53	case	250	254
nodejs-governance:u0035:s00	48	as	as	ADP	IN	_	47	fixed	255	257
nodejs-governance:u0035:s00	49	the	the	DET	DT	Definite=Def|PronType=Art	53	det	258	261
nodejs-governance:u0035:s00	50	TSC	TSC	PROPN	NNP	Number=Sing	53	compound	262	265
nodejs-governance:u0035:s00	51	private	private	ADJ	JJ	Degree=Pos	52	amod	266	273
nodejs-governance:u0035:s00	52	mailing	mailing	NOUN	NN	Number=Sing	53	compound	274	281
nodejs-governance:u0035:s00	53	list	list	NOUN	NN	Number=Sing	46	nmod	282	286
nodejs-governance:u0035:s00	54	.	.	PUNCT	.	_	12	punct	286	287
nodejs-governance:u0035:s01	1	The	the	DET	DT	Definite=Def|PronType=Art	2	det	0	3
nodejs-governance:u0035:s01	2	summary	summary	NOUN	NN	Number=Sing	5	nsubj:pass	4	11
nodejs-governance:u0035:s01	3	may	may	AUX	MD	VerbForm=Fin	5	aux	12	15
nodejs-governance:u0035:s01	4	be	be	AUX	VB	VerbForm=Inf	5	aux:pass	16	18
nodejs-governance:u0035:s01	5	made	make	VERB	VBN	Tense=Past|VerbForm=Part|Voice=Pass	0	root	19	23
nodejs-governance:u0035:s01	6	public	public	ADJ	JJ	Degree=Pos	5	xcomp	24	30
nodejs-governance:u0035:s01	7	if	if	SCONJ	IN	_	9	mark	31	33
nodejs-governance:u0035:s01	8	there	there	PRON	EX	_	9	expl	34	39
nodejs-governance:u0035:s01	9	is	be	VERB	VBZ	Mood=Ind|Number=Sing|Person=3|Tense=Pres|VerbForm=Fin	5	advcl	40	42
nodejs-governance:u0035:s01	10	consensus	consensus	NOUN	NN	Number=Sing	9	nsubj	43	52
nodejs-governance:u0035:s01	11	within	within	ADP	IN	_	13	case	53	59
nodejs-governance:u0035:s01	12	the	the	DET	DT	Definite=Def|PronType=Art	13	det	60	63
nodejs-governance:u0035:s01	13	TSC	Tsc	NOUN	NN	Number=Sing	10	nmod	64	67
nodejs-governance:u0035:s01	14	and	and	CCONJ	CC	_	18	cc	68	71
nodejs-governance:u0035:s01	15	the	the	DET	DT	Definite=Def|PronType=Art	18	det	72	75
nodejs-governance:u0035:s01	16	non	non	X	AFX	_	17	advmod	76	79
nodejs-governance:u0035:s01	17	-TSC	-tsc	ADJ	JJ	Degree=Pos	18	amod	79	83
nodejs-governance:u0035:s01	18	attendees	attendee	NOUN	NNS	Number=Plur	5	conj	84	93
nodejs-governance:u0035:s01	19	to	to	PART	TO	_	20	mark	94	96
nodejs-governance:u0035:s01	20	make	make	VERB	VB	VerbForm=Inf	18	acl	97	101
nodejs-governance:u0035:s01	21	it	it	PRON	PRP	Case=Acc|Gender=Neut|Number=Sing|Person=3|PronType=Prs	20	obj	102	104
nodejs-governance:u0035:s01	22	public	public	ADJ	JJ	Degree=Pos	20	xcomp	105	111
nodejs-governance:u0035:s01	23	.	.	PUNCT	.	_	5	punct	111	112
nodejs-governance:u0036:s00	1	Recording	record	VERB	VBG	VerbForm=Ger	17	advcl	0	9
nodejs-governance:u0036:s00	2	the	the	DET	DT	Definite=Def|PronType=Art	4	det	10	13
nodejs-governance:u0036:s00	3	private	private	ADJ	JJ	Degree=Pos	4	amod	14	21
nodejs-governance:u0036:s00	4	portion	portion	NOUN	NN	Number=Sing	1	obj	22	29
nodejs-governance:u0036:s00	5	of	of	ADP	IN	_	7	case	30	32
nodejs-governance:u0036:s00	6	a	a	DET	DT	Definite=Ind|PronType=Art	7	det	33	34
nodejs-governance:u0036:s00	7	meeting	meeting	NOUN	NN	Number=Sing	4	nmod	35	42
nodejs-governance:u0036:s00	8	or	or	CCONJ	CC	_	9	cc	43	45
nodejs-governance:u0036:s00	9	maintaining	maintain	VERB	VBG	VerbForm=Ger	1	conj	46	57
nodejs-governance:u0036:s00	10	or	or	CCONJ	CC	_	11	cc	58	60
nodejs-governance:u0036:s00	11	publishing	publish	VERB	VBG	VerbForm=Ger	9	conj	61	71
nodejs-governance:u0036:s00	12	a	a	DET	DT	Definite=Ind|PronType=Art	14	det	72	73
nodejs-governance:u0036:s00	13	detailed	detailed	ADJ	JJ	Degree=Pos	14	amod	74	82
nodejs-governance:u0036:s00	14	transcript	transcript	NOUN	NN	Number=Sing	9	obj	83	93
nodejs-governance:u0036:s00	15	is	be	AUX	VBZ	Mood=Ind|Number=Sing|Person=3|Tense=Pres|VerbForm=Fin	17	aux:pass	94	96
nodejs-governance:u0036:s00	16	only	only	ADV	RB	_	17	advmod	97	101
nodejs-governance:u0036:s00	17	permitted	permit	VERB	VBN	Tense=Past|VerbForm=Part|Voice=Pass	0	root	102	111
nodejs-governance:u0036:s00	18	when	when	ADV	WRB	PronType=Int	30	mark	112	116
nodejs-governance:u0036:s00	19	all	all	DET	DT	_	20	det	117	120
nodejs-governance:u0036:s00	20	participants	participant	NOUN	NNS	Number=Plur	30	nsubj	121	133
nodejs-governance:u0036:s00	21	present	present	ADJ	JJ	Degree=Pos	20	amod	134	141
nodejs-governance:u0036:s00	22	during	during	ADP	IN	_	25	case	142	148
nodejs-governance:u0036:s00	23	the	the	DET	DT	Definite=Def|PronType=Art	25	det	149	152
nodejs-governance:u0036:s00	24	private	private	ADJ	JJ	Degree=Pos	25	amod	153	160
nodejs-governance:u0036:s00	25	portion	portion	NOUN	NN	Number=Sing	21	obl	161	168
nodejs-governance:u0036:s00	26	of	of	ADP	IN	_	28	case	169	171
nodejs-governance:u0036:s00	27	the	the	DET	DT	Definite=Def|PronType=Art	28	det	172	175
nodejs-governance:u0036:s00	28	meeting	meeting	NOUN	NN	Number=Sing	25	nmod	176	183
nodejs-governance:u0036:s00	29	explicitly	explicitly	ADV	RB	_	30	advmod	184	194
nodejs-governance:u0036:s00	30	agree	agree	VERB	VBP	Mood=Ind|Tense=Pres|VerbForm=Fin	17	advcl	195	200
nodejs-governance:u0036:s00	31	to	to	ADP	IN	_	33	case	201	203
nodejs-governance:u0036:s00	32	the	the	DET	DT	Definite=Def|PronType=Art	33	det	204	207
nodejs-governance:u0036:s00	33	recording	recording	NOUN	NN	Number=Sing	30	obl	208	217
nodejs-governance:u0036:s00	34	and	and	CCONJ	CC	_	36	cc	218	221
nodejs-governance:u0036:s00	35	/	/	PUNCT	,	_	36	punct	221	222
nodejs-governance:u0036:s00	36	or	or	CCONJ	CC	_	37	cc	222	224
nodejs-governance:u0036:s00	37	transcript	transcript	NOUN	NN	Number=Sing	33	conj	225	235
nodejs-governance:u0036:s00	38	,	,	PUNCT	,	_	30	punct	235	236
nodejs-governance:u0036:s00	39	in	in	ADP	IN	_	42	mark	237	239
nodejs-governance:u0036:s00	40	order	order	NOUN	NN	Number=Sing	39	fixed	240	245
nodejs-governance:u0036:s00	41	to	to	PART	TO	_	42	mark	246	248
nodejs-governance:u0036:s00	42	comply	comply	VERB	VB	VerbForm=Inf	30	advcl	249	255
nodejs-governance:u0036:s00	43	to	to	ADP	IN	_	45	case	256	258
nodejs-governance:u0036:s00	44	privacy	privacy	NOUN	NN	Number=Sing	45	compound	259	266
nodejs-governance:u0036:s00	45	regulations	regulation	NOUN	NNS	Number=Plur	42	obl	267	278
nodejs-governance:u0036:s00	46	.	.	PUNCT	.	_	17	punct	278	279
nodejs-governance:u0037:s00	1	All	all	DET	DT	_	2	det	0	3
nodejs-governance:u0037:s00	2	discussions	discussion	NOUN	NNS	Number=Plur	7	nsubj:pass	4	15
nodejs-governance:u0037:s00	3	made	make	VERB	VBN	Tense=Past|VerbForm=Part	2	acl	16	20
nodejs-governance:u0037:s00	4	during	during	ADP	IN	_	5	case	21	27
nodejs-governance:u0037:s00	5	meetings	meeting	NOUN	NNS	Number=Plur	3	obl	28	36
nodejs-governance:u0037:s00	6	are	be	AUX	VBP	Mood=Ind|Tense=Pres|VerbForm=Fin	7	aux:pass	37	40
nodejs-governance:u0037:s00	7	considered	consider	VERB	VBN	Tense=Past|VerbForm=Part|Voice=Pass	0	root	41	51
nodejs-governance:u0037:s00	8	provisional	provisional	ADJ	JJ	Degree=Pos	7	xcomp	52	63
nodejs-governance:u0037:s00	9	,	,	PUNCT	,	_	7	punct	63	64
nodejs-governance:u0037:s00	10	receiving	receive	VERB	VBG	VerbForm=Ger	7	advcl	65	74
nodejs-governance:u0037:s00	11	no	no	DET	DT	_	12	det	75	77
nodejs-governance:u0037:s00	12	objections	objection	NOUN	NNS	Number=Plur	10	obj	78	88
nodejs-governance:u0037:s00	13	from	from	ADP	IN	_	14	case	89	93
nodejs-governance:u0037:s00	14	folks	folk	NOUN	NNS	Number=Plur	10	obl	94	99
nodejs-governance:u0037:s00	15	at	at	ADP	IN	_	18	case	100	102
nodejs-governance:u0037:s00	16	the	the	DET	DT	Definite=Def|PronType=Art	18	det	103	106
nodejs-governance:u0037:s00	17	TSC	TSC	PROPN	NNP	Number=Sing	18	compound	107	110
nodejs-governance:u0037:s00	18	meeting	meeting	NOUN	NN	Number=Sing	14	nmod	111	118
nodejs-governance:u0037:s00	19	to	to	PART	TO	_	20	mark	119	121
nodejs-governance:u0037:s00	20	take	take	VERB	VB	VerbForm=Inf	10	advcl	122	126
nodejs-governance:u0037:s00	21	an	a	DET	DT	Definite=Ind|PronType=Art	22	det	127	129
nodejs-governance:u0037:s00	22	action	action	NOUN	NN	Number=Sing	25	nsubj	130	136
nodejs-governance:u0037:s00	23	is	be	AUX	VBZ	Mood=Ind|Number=Sing|Person=3|Tense=Pres|VerbForm=Fin	25	cop	137	139
nodejs-governance:u0037:s00	24	not	not	PART	RB	_	25	advmod	140	143
nodejs-governance:u0037:s00	25	equivalent	equivalent	ADJ	JJ	Degree=Pos	20	ccomp	144	154
nodejs-governance:u0037:s00	26	to	to	ADP	IN	_	28	case	155	157
nodejs-governance:u0037:s00	27	the	the	DET	DT	Definite=Def|PronType=Art	28	det	158	161
nodejs-governance:u0037:s00	28	TSC	TSC	NOUN	NN	Number=Sing	25	obl	162	165
nodejs-governance:u0037:s00	29	endorsing	endorse	VERB	VBG	VerbForm=Ger	28	acl	166	175
nodejs-governance:u0037:s00	30	that	that	DET	DT	Number=Sing|PronType=Dem	31	det	176	180
nodejs-governance:u0037:s00	31	action	action	NOUN	NN	Number=Sing	29	obj	181	187
nodejs-governance:u0037:s00	32	.	.	PUNCT	.	_	7	punct	187	188
nodejs-governance:u0038:s00	1	If	if	SCONJ	IN	_	9	mark	0	2
nodejs-governance:u0038:s00	2	a	a	DET	DT	Definite=Ind|PronType=Art	3	det	3	4
nodejs-governance:u0038:s00	3	quorum	quorum	NOUN	NN	Number=Sing	9	nsubj	5	11
nodejs-governance:u0038:s00	4	of	of	ADP	IN	_	7	case	12	14
nodejs-governance:u0038:s00	5	TSC	TSC	NOUN	NN	Number=Sing	7	compound	15	18
nodejs-governance:u0038:s00	6	voting	voting	NOUN	NN	Number=Sing	7	compound	19	25
nodejs-governance:u0038:s00	7	members	member	NOUN	NNS	Number=Plur	3	nmod	26	33
nodejs-governance:u0038:s00	8	is	be	AUX	VBZ	Mood=Ind|Number=Sing|Person=3|Tense=Pres|VerbForm=Fin	9	cop	34	36
nodejs-governance:u0038:s00	9	present	present	ADJ	JJ	Degree=Pos	13	advcl	37	44
nodejs-governance:u0038:s00	10	,	,	PUNCT	,	_	13	punct	44	45
nodejs-governance:u0038:s00	11	it	it	PRON	PRP	Case=Nom|Gender=Neut|Number=Sing|Person=3|PronType=Prs	13	expl	46	48
nodejs-governance:u0038:s00	12	is	be	AUX	VBZ	Mood=Ind|Number=Sing|Person=3|Tense=Pres|VerbForm=Fin	13	cop	49	51
nodejs-governance:u0038:s00	13	possible	possible	ADJ	JJ	Degree=Pos	0	root	52	60
nodejs-governance:u0038:s00	14	to	to	PART	TO	_	15	mark	61	63
nodejs-governance:u0038:s00	15	call	call	VERB	VB	VerbForm=Inf	13	csubj	64	68
nodejs-governance:u0038:s00	16	for	for	ADP	IN	_	19	case	69	72
nodejs-governance:u0038:s00	17	an	a	DET	DT	Definite=Ind|PronType=Art	19	det	73	75
nodejs-governance:u0038:s00	18	explicit	explicit	ADJ	JJ	Degree=Pos	19	amod	76	84
nodejs-governance:u0038:s00	19	vote	vote	NOUN	NN	Number=Sing	15	obl	85	89
nodejs-governance:u0038:s00	20	,	,	PUNCT	,	_	22	punct	89	90
nodejs-governance:u0038:s00	21	and	and	CCONJ	CC	_	22	cc	91	94
nodejs-governance:u0038:s00	22	take	take	VERB	VB	VerbForm=Inf	15	conj	95	99
nodejs-governance:u0038:s00	23	the	the	DET	DT	Definite=Def|PronType=Art	24	det	100	103
nodejs-governance:u0038:s00	24	vote	vote	NOUN	NN	Number=Sing	22	obj	104	108
nodejs-governance:u0038:s00	25	immediately	immediately	ADV	RB	_	22	advmod	109	120
nodejs-governance:u0038:s00	26	if	if	SCONJ	IN	_	28	mark	121	123
nodejs-governance:u0038:s00	27	there	there	PRON	EX	_	28	expl	124	129
nodejs-governance:u0038:s00	28	are	be	VERB	VBP	Mood=Ind|Tense=Pres|VerbForm=Fin	22	advcl	130	133
nodejs-governance:u0038:s00	29	no	no	DET	DT	_	30	det	134	136
nodejs-governance:u0038:s00	30	objections	objection	NOUN	NNS	Number=Plur	28	nsubj	137	147
nodejs-governance:u0038:s00	31	.	.	PUNCT	.	_	13	punct	147	148
nodejs-governance:u0038:s01	1	The	the	DET	DT	Definite=Def|PronType=Art	2	det	0	3
nodejs-governance:u0038:s01	2	decision	decision	NOUN	NN	Number=Sing	4	nsubj:pass	4	12
nodejs-governance:u0038:s01	3	is	be	AUX	VBZ	Mood=Ind|Number=Sing|Person=3|Tense=Pres|VerbForm=Fin	4	aux:pass	13	15
nodejs-governance:u0038:s01	4	considered	consider	VERB	VBN	Tense=Past|VerbForm=Part|Voice=Pass	0	root	16	26
nodejs-governance:u0038:s01	5	confirmed	confirm	VERB	VBN	Tense=Past|VerbForm=Part|Voice=Pass	4	xcomp	27	36
nodejs-governance:u0038:s01	6	once	once	SCONJ	IN	_	16	mark	37	41
nodejs-governance:u0038:s01	7	the	the	DET	DT	Definite=Def|PronType=Art	8	det	42	45
nodejs-governance:u0038:s01	8	rest	rest	NOUN	NN	Number=Sing	16	nsubj:pass	46	50
nodejs-governance:u0038:s01	9	of	of	ADP	IN	_	13	case	51	53
nodejs-governance:u0038:s01	10	the	the	DET	DT	Definite=Def|PronType=Art	13	det	54	57
nodejs-governance:u0038:s01	11	TSC	TSC	PROPN	NNP	Number=Sing	13	compound	58	61
nodejs-governance:u0038:s01	12	voting	voting	NOUN	NN	Number=Sing	13	compound	62	68
nodejs-governance:u0038:s01	13	members	member	NOUN	NNS	Number=Plur	8	nmod	69	76
nodejs-governance:u0038:s01	14	have	have	AUX	VBP	Mood=Ind|Tense=Pres|VerbForm=Fin	16	aux	77	81
nodejs-governance:u0038:s01	15	been	be	AUX	VBN	Tense=Past|VerbForm=Part	16	aux:pass	82	86
nodejs-governance:u0038:s01	16	informed	inform	VERB	VBN	Tense=Past|VerbForm=Part|Voice=Pass	5	advcl	87	95
nodejs-governance:u0038:s01	17	and	and	CCONJ	CC	_	19	cc	96	99
nodejs-governance:u0038:s01	18	no	no	DET	DT	_	19	det	100	102
nodejs-governance:u0038:s01	19	objection	objection	NOUN	NN	Number=Sing	16	conj	103	112
nodejs-governance:u0038:s01	20	for	for	SCONJ	IN	_	21	mark	113	116
nodejs-governance:u0038:s01	21	taking	take	VERB	VBG	VerbForm=Ger	19	acl	117	123
nodejs-governance:u0038:s01	22	that	that	DET	DT	Number=Sing|PronType=Dem	23	det	124	128
nodejs-governance:u0038:s01	23	vote	vote	NOUN	NN	Number=Sing	21	obj	129	133
nodejs-governance:u0038:s01	24	has	have	AUX	VBZ	Mood=Ind|Number=Sing|Person=3|Tense=Pres|VerbForm=Fin	26	aux	134	137
nodejs-governance:u0038:s01	25	been	be	AUX	VBN	Tense=Past|VerbForm=Part	26	aux:pass	138	142
nodejs-governance:u0038:s01	26	raised	raise	VERB	VBN	Tense=Past|VerbForm=Part|Voice=Pass	4	conj	143	149
nodejs-governance:u0038:s01	27	in	in	ADP	IN	_	29	case	150	152
nodejs-governance:u0038:s01	28	48	48	NUM	CD	NumType=Card	29	nummod	153	155
nodejs-governance:u0038:s01	29	hours	hour	NOUN	NNS	Number=Plur	26	obl	156	161
nodejs-governance:u0038:s01	30	.	.	PUNCT	.	_	4	punct	161	162
nodejs-governance:u0038:s02	1	To	to	PART	TO	_	2	mark	0	2
nodejs-governance:u0038:s02	2	clarify	clarify	VERB	VB	VerbForm=Inf	8	advcl	3	10
nodejs-governance:u0038:s02	3	,	,	PUNCT	,	_	8	punct	10	11
nodejs-governance:u0038:s02	4	TSC	TSC	PROPN	NNP	Number=Sing	6	compound	12	15
nodejs-governance:u0038:s02	5	voting	voting	NOUN	NN	Number=Sing	6	compound	16	22
nodejs-governance:u0038:s02	6	members	member	NOUN	NNS	Number=Plur	8	nsubj	23	30
nodejs-governance:u0038:s02	7	can	can	AUX	MD	VerbForm=Fin	8	aux	31	34
nodejs-governance:u0038:s02	8	object	object	VERB	VB	VerbForm=Inf	0	root	35	41
nodejs-governance:u0038:s02	9	to	to	ADP	IN	_	11	case	42	44
nodejs-governance:u0038:s02	10	the	the	DET	DT	Definite=Def|PronType=Art	11	det	45	48
nodejs-governance:u0038:s02	11	vote	vote	NOUN	NN	Number=Sing	8	obl	49	53
nodejs-governance:u0038:s02	12	taking	take	VERB	VBG	VerbForm=Ger	11	acl	54	60
nodejs-governance:u0038:s02	13	place	place	NOUN	NN	Number=Sing	12	obj	61	66
nodejs-governance:u0038:s02	14	during	during	ADP	IN	_	16	case	67	73
nodejs-governance:u0038:s02	15	the	the	DET	DT	Definite=Def|PronType=Art	16	det	74	77
nodejs-governance:u0038:s02	16	meeting	meeting	NOUN	NN	Number=Sing	12	obl	78	85
nodejs-governance:u0038:s02	17	,	,	PUNCT	,	_	22	punct	85	86
nodejs-governance:u0038:s02	18	but	but	CCONJ	CC	_	22	cc	87	90
nodejs-governance:u0038:s02	19	not	not	ADV	RB	_	22	advmod	91	94
nodejs-governance:u0038:s02	20	to	to	ADP	IN	_	22	case	95	97
nodejs-governance:u0038:s02	21	the	the	DET	DT	Definite=Def|PronType=Art	22	det	98	101
nodejs-governance:u0038:s02	22	vote	vote	NOUN	NN	Number=Sing	8	conj	102	106
nodejs-governance:u0038:s02	23	itself	itself	PRON	PRP	Gender=Neut|Number=Sing|Person=3|PronType=Prs	22	nmod:npmod	107	113
nodejs-governance:u0038:s02	24	.	.	PUNCT	.	_	8	punct	113	114
nodejs-governance:u0039:s00	1	For	for	ADP	IN	_	2	case	0	3
nodejs-governance:u0039:s00	2	discussions	discussion	NOUN	NNS	Number=Plur	0	root	4	15
nodejs-governance:u0039:s00	3	outside	outside	ADP	IN	_	5	case	16	23
nodejs-governance:u0039:s00	4	of	of	ADP	IN	_	5	case	24	26
nodejs-governance:u0039:s00	5	meetings	meeting	NOUN	NNS	Number=Plur	2	nmod	27	35
nodejs-governance:u0039:s00	6	,	,	PUNCT	,	_	9	punct	35	36
nodejs-governance:u0039:s00	7	the	the	DET	DT	Definite=Def|PronType=Art	9	det	37	40
nodejs-governance:u0039:s00	8	TSC	TSC	NOUN	NN	Number=Sing	9	compound	41	44
nodejs-governance:u0039:s00	9	uses	use	NOUN	NNS	Number=Plur	2	parataxis	45	49
nodejs-governance:u0039:s00	10	[	[	PUNCT	-LRB-	_	14	punct	50	51
nodejs-governance:u0039:s00	11	the	the	DET	DT	Definite=Def|PronType=Art	14	det	51	54
nodejs-governance:u0039:s00	12	TSC	TSC	NOUN	NN	Number=Sing	13	compound	55	58
nodejs-governance:u0039:s00	13	issue	issue	NOUN	NN	Number=Sing	14	compound	59	64
nodejs-governance:u0039:s00	14	tracker	tracker	NOUN	NN	Number=Sing	9	appos	65	72
nodejs-governance:u0039:s00	15	]	]	PUNCT	-RRB-	_	9	punct	72	73
nodejs-governance:u0039:s00	16	(	(	PUNCT	-LRB-	_	9	punct	73	74
nodejs-governance:u0039:s00	17	https://github.com/nodejs/TSC/issues	https://github.com/nodejs/TSC/issues	INTJ	UH	_	9	discourse	74	110
nodejs-governance:u0039:s00	18	)	)	PUNCT	-RRB-	_	9	punct	110	111
nodejs-governance:u0039:s00	19	for	for	ADP	IN	_	21	case	112	115
nodejs-governance:u0039:s00	20	public	public	ADJ	JJ	Degree=Pos	21	amod	116	122
nodejs-governance:u0039:s00	21	issues	issue	NOUN	NNS	Number=Plur	2	nmod	123	129
nodejs-governance:u0039:s00	22	,	,	PUNCT	,	_	28	punct	129	130
nodejs-governance:u0039:s00	23	and	and	CCONJ	CC	_	28	cc	131	134
nodejs-governance:u0039:s00	24	the	the	DET	DT	Definite=Def|PronType=Art	28	det	135	138
nodejs-governance:u0039:s00	25	private	private	ADJ	JJ	Degree=Pos	28	amod	139	146
nodejs-governance:u0039:s00	26	TSC	TSC	NOUN	NN	Number=Sing	28	compound	147	150
nodejs-governance:u0039:s00	27	email	email	NOUN	NN	Number=Sing	28	compound	151	156
nodejs-governance:u0039:s00	28	list	list	NOUN	NN	Number=Sing	2	conj	157	161
nodejs-governance:u0039:s00	29	for	for	ADP	IN	_	31	case	162	165
nodejs-governance:u0039:s00	30	private	private	ADJ	JJ	Degree=Pos	31	amod	166	173
nodejs-governance:u0039:s00	31	matters	matter	NOUN	NNS	Number=Plur	28	nmod	174	181
nodejs-governance:u0039:s00	32	.	.	PUNCT	.	_	2	punct	181	182
nodejs-governance:u0039:s01	1	The	the	DET	DT	Definite=Def|PronType=Art	2	det	0	3
nodejs-governance:u0039:s01	2	process	process	NOUN	NN	Number=Sing	10	nsubj	4	11
nodejs-governance:u0039:s01	3	for	for	ADP	IN	_	5	case	12	15
nodejs-governance:u0039:s01	4	public	public	ADJ	JJ	Degree=Pos	5	amod	16	22
nodejs-governance:u0039:s01	5	issues	issue	NOUN	NNS	Number=Plur	2	nmod	23	29
nodejs-governance:u0039:s01	6	in	in	ADP	IN	_	9	case	30	32
nodejs-governance:u0039:s01	7	the	the	DET	DT	Definite=Def|PronType=Art	9	det	33	36
nodejs-governance:u0039:s01	8	issue	issue	NOUN	NN	Number=Sing	9	compound	37	42
nodejs-governance:u0039:s01	9	tracker	tracker	NOUN	NN	Number=Sing	5	nmod	43	50
nodejs-governance:u0039:s01	10	is	be	AUX	VBZ	Mood=Ind|Number=Sing|Person=3|Tense=Pres|VerbForm=Fin	0	root	51	53
nodejs-governance:u0039:s01	11	:	:	PUNCT	:	_	10	punct	53	54
nodejs-governance:u0040:s00	1	*	*	PUNCT	NFP	_	5	punct	0	1
nodejs-governance:u0040:s00	2	A	a	DET	DT	Definite=Ind|PronType=Art	4	det	2	3
nodejs-governance:u0040:s00	3	TSC	TSC	PROPN	NNP	Number=Sing	4	compound	4	7
nodejs-governance:u0040:s00	4	member	member	NOUN	NN	Number=Sing	5	nsubj	8	14
nodejs-governance:u0040:s00	5	opens	open	VERB	VBZ	Mood=Ind|Number=Sing|Person=3|Tense=Pres|VerbForm=Fin	0	root	15	20
nodejs-governance:u0040:s00	6	an	a	DET	DT	Definite=Ind|PronType=Art	7	det	21	23
nodejs-governance:u0040:s00	7	issue	issue	NOUN	NN	Number=Sing	5	obj	24	29
nodejs-governance:u0040:s00	8	explaining	explain	VERB	VBG	VerbForm=Ger	7	acl	30	40
nodejs-governance:u0040:s00	9	the	the	DET	DT	Definite=Def|PronType=Art	10	det	41	44
nodejs-governance:u0040:s00	10	proposal	proposal	NOUN	NN	Number=Sing	8	obj	45	53
nodejs-governance:u0040:s00	11	/	/	PUNCT	,	_	12	cc	53	54
nodejs-governance:u0040:s00	12	issue	issue	NOUN	NN	Number=Sing	10	conj	54	59
nodejs-governance:u0040:s00	13	and	and	CCONJ	CC	_	14	cc	60	63
nodejs-governance:u0040:s00	14	@	at	SYM	NFP	_	10	conj	64	65
nodejs-governance:u0040:s00	15	-	-	PUNCT	,	_	5	punct	65	66
nodejs-governance:u0040:s00	16	mentions	mentions	VERB	VBZ	Mood=Ind|Number=Sing|Person=3|Tense=Pres|VerbForm=Fin	5	conj	66	74
nodejs-governance:u0040:s00	17	@nodejs	@nodej	NOUN	NNS	Number=Plur	16	compound	75	82
nodejs-governance:u0040:s00	18	/	/	PUNCT	,	_	19	cc	82	83
nodejs-governance:u0040:s00	19	tsc.	tsc.	NOUN	NN	Number=Sing	17	conj	83	87
nodejs-governance:u0040:s00	20	*	*	PUNCT	NFP	_	5	punct	88	89
nodejs-governance:u0040:s01	1	The	the	DET	DT	Definite=Def|PronType=Art	2	det	0	3
nodejs-governance:u0040:s01	2	proposal	proposal	NOUN	NN	Number=Sing	3	nsubj	4	12
nodejs-governance:u0040:s01	3	passes	pass	VERB	VBZ	Mood=Ind|Number=Sing|Person=3|Tense=Pres|VerbForm=Fin	0	root	13	19
nodejs-governance:u0040:s01	4	if	if	SCONJ	IN	_	11	mark	20	22
nodejs-governance:u0040:s01	5	,	,	PUNCT	,	_	11	punct	22	23
nodejs-governance:u0040:s01	6	after	after	ADP	IN	_	8	case	24	29
nodejs-governance:u0040:s01	7	72	72	NUM	CD	NumType=Card	8	nummod	30	32
nodejs-governance:u0040:s01	8	hours	hour	NOUN	NNS	Number=Plur	11	obl	33	38
nodejs-governance:u0040:s01	9	,	,	PUNCT	,	_	11	punct	38	39
nodejs-governance:u0040:s01	10	there	there	PRON	EX	_	11	expl	40	45
nodejs-governance:u0040:s01	11	are	be	VERB	VBP	Mood=Ind|Tense=Pres|VerbForm=Fin	3	advcl	46	49
nodejs-governance:u0040:s01	12	two	two	NUM	CD	NumType=Card	15	nummod	50	53
nodejs-governance:u0040:s01	13	or	or	CCONJ	CC	_	14	cc	54	56
nodejs-governance:u0040:s01	14	more	more	ADJ	JJR	Degree=Cmp	12	conj	57	61
nodejs-governance:u0040:s01	15	TSC	TSC	PROPN	NNP	Number=Sing	11	nsubj	62	65
nodejs-governance:u0040:s01	16	voting	voting	VERB	VBG	VerbForm=Ger	15	acl	66	72
nodejs-governance:u0040:s01	17	member	member	NOUN	NN	Number=Sing	18	compound	73	79
nodejs-governance:u0040:s01	18	approvals	approval	NOUN	NNS	Number=Plur	16	obj	80	89
nodejs-governance:u0040:s01	19	and	and	CCONJ	CC	_	24	cc	90	93
nodejs-governance:u0040:s01	20	no	no	DET	DT	_	24	det	94	96
nodejs-governance:u0040:s01	21	TSC	Tsc	NOUN	NN	Number=Sing	23	compound	97	100
nodejs-governance:u0040:s01	22	voting	voting	NOUN	NN	Number=Sing	23	compound	101	107
nodejs-governance:u0040:s01	23	member	member	NOUN	NN	Number=Sing	24	compound	108	114
nodejs-governance:u0040:s01	24	opposition	opposition	NOUN	NN	Number=Sing	15	conj	115	125
nodejs-governance:u0040:s01	25	.	.	PUNCT	.	_	3	punct	125	126
nodejs-governance:u0040:s01	26	*	*	PUNCT	NFP	_	3	punct	127	128
nodejs-governance:u0040:s02	1	If	if	SCONJ	IN	_	3	mark	0	2
nodejs-governance:u0040:s02	2	there	there	PRON	EX	_	3	expl	3	8
nodejs-governance:u0040:s02	3	is	be	VERB	VBZ	Mood=Ind|Number=Sing|Person=3|Tense=Pres|VerbForm=Fin	12	advcl	9	11
nodejs-governance:u0040:s02	4	an	a	DET	DT	Definite=Ind|PronType=Art	6	det	12	14
nodejs-governance:u0040:s02	5	extended	extended	VERB	VBN	Tense=Past|VerbForm=Part	6	amod	15	23
nodejs-governance:u0040:s02	6	impasse	impasse	NOUN	NN	Number=Sing	12	nsubj	24	31
nodejs-governance:u0040:s02	7	,	,	PUNCT	,	_	6	punct	31	32
nodejs-governance:u0040:s02	8	a	a	DET	DT	Definite=Ind|PronType=Art	10	det	33	34
nodejs-governance:u0040:s02	9	TSC	Tsc	NOUN	NN	Number=Sing	10	compound	35	38
nodejs-governance:u0040:s02	10	member	member	NOUN	NN	Number=Sing	6	appos	39	45
nodejs-governance:u0040:s02	11	may	may	AUX	MD	VerbForm=Fin	12	aux	46	49
nodejs-governance:u0040:s02	12	ask	ask	VERB	VB	VerbForm=Inf	0	root	50	53
nodejs-governance:u0040:s02	13	for	for	ADP	IN	_	15	case	54	57
nodejs-governance:u0040:s02	14	the	the	DET	DT	Definite=Def|PronType=Art	15	det	58	61
nodejs-governance:u0040:s02	15	issue	issue	NOUN	NN	Number=Sing	12	obl	62	67
nodejs-governance:u0040:s02	16	to	to	PART	TO	_	18	mark	68	70
nodejs-governance:u0040:s02	17	be	be	AUX	VB	VerbForm=Inf	18	aux:pass	71	73
nodejs-governance:u0040:s02	18	added	add	VERB	VBN	Tense=Past|VerbForm=Part|Voice=Pass	12	xcomp	74	79
nodejs-governance:u0040:s02	19	to	to	ADP	IN	_	22	case	80	82
nodejs-governance:u0040:s02	20	the	the	DET	DT	Definite=Def|PronType=Art	22	det	83	86
nodejs-governance:u0040:s02	21	TSC	Tsc	PROPN	NNP	Number=Sing	22	compound	87	90
nodejs-governance:u0040:s02	22	agenda	agenda	NOUN	NN	Number=Sing	18	obl	91	97
nodejs-governance:u0040:s02	23	,	,	PUNCT	,	_	25	punct	97	98
nodejs-governance:u0040:s02	24	or	or	CCONJ	CC	_	25	cc	99	101
nodejs-governance:u0040:s02	25	make	make	VERB	VB	VerbForm=Inf	18	conj	102	106
nodejs-governance:u0040:s02	26	a	a	DET	DT	Definite=Ind|PronType=Art	27	det	107	108
nodejs-governance:u0040:s02	27	motion	motion	NOUN	NN	Number=Sing	25	obj	109	115
nodejs-governance:u0040:s02	28	for	for	ADP	IN	_	30	case	116	119
nodejs-governance:u0040:s02	29	a	a	DET	DT	Definite=Ind|PronType=Art	30	det	120	121
nodejs-governance:u0040:s02	30	vote	vote	NOUN	NN	Number=Sing	27	nmod	122	126
nodejs-governance:u0040:s02	31	.	.	PUNCT	.	_	12	punct	126	127
nodejs-governance:u0041:s00	1	##	##	PUNCT	.	_	0	root	0	2
nodejs-governance:u0041:s01	1	Collaborator	Collaborator	NOUN	NN	Number=Sing	2	compound	0	12
nodejs-governance:u0041:s01	2	nominations	nomination	NOUN	NNS	Number=Plur	0	root	13	24
nodejs-governance:u0042:s00	1	###	###	SYM	NFP	_	0	root	0	3
nodejs-governance:u0042:s01	1	Who	who	PRON	WP	PronType=Int	3	nsubj	0	3
nodejs-governance:u0042:s01	2	can	can	AUX	MD	VerbForm=Fin	3	aux	4	7
nodejs-governance:u0042:s01	3	nominate	nominate	VERB	VB	VerbForm=Inf	0	root	8	16
nodejs-governance:u0042:s01	4	Collaborators	Collaborators	NOUN	NNS	Number=Plur	3	obj	17	30
nodejs-governance:u0042:s01	5	?	?	PUNCT	.	_	3	punct	30	31
nodejs-governance:u0043:s00	1	Existing	exist	ADJ	JJ	Degree=Pos	2	amod	0	8
nodejs-governance:u0043:s00	2	Collaborators	Collaborators	NOUN	NNS	Number=Plur	4	nsubj	9	22
nodejs-governance:u0043:s00	3	can	can	AUX	MD	VerbForm=Fin	4	aux	23	26
nodejs-governance:u0043:s00	4	nominate	nominate	VERB	VB	VerbForm=Inf	0	root	27	35
nodejs-governance:u0043:s00	5	someone	someone	PRON	NN	Number=Sing	4	obj	36	43
nodejs-governance:u0043:s00	6	to	to	PART	TO	_	7	mark	44	46
nodejs-governance:u0043:s00	7	become	become	VERB	VB	VerbForm=Inf	5	acl	47	53
nodejs-governance:u0043:s00	8	a	a	DET	DT	Definite=Ind|PronType=Art	9	det	54	55
nodejs-governance:u0043:s00	9	Collaborator	Collaborator	NOUN	NN	Number=Sing	7	obj	56	68
nodejs-governance:u0043:s00	10	.	.	PUNCT	.	_	4	punct	68	69
nodejs-governance:u0044:s00	1	###	###	SYM	NFP	_	0	root	0	3
nodejs-governance:u0044:s01	1	Ideal	ideal	ADJ	JJ	Degree=Pos	2	amod	0	5
nodejs-governance:u0044:s01	2	Nominees	Nominees	NOUN	NNS	Number=Plur	0	root	6	14
nodejs-governance:u0045:s00	1	Nominees	Nominees	NOUN	NNS	Number=Plur	3	nsubj	0	8
nodejs-governance:u0045:s00	2	should	should	AUX	MD	VerbForm=Fin	3	aux	9	15
nodejs-governance:u0045:s00	3	have	have	VERB	VB	VerbForm=Inf	0	root	16	20
nodejs-governance:u0045:s00	4	significant	significant	ADJ	JJ	Degree=Pos	7	amod	21	32
nodejs-governance:u0045:s00	5	and	and	CCONJ	CC	_	6	cc	33	36
nodejs-governance:u0045:s00	6	valuable	valuable	ADJ	JJ	Degree=Pos	4	conj	37	45
nodejs-governance:u0045:s00	7	contributions	contribution	NOUN	NNS	Number=Plur	3	obj	46	59
nodejs-governance:u0045:s00	8	across	across	ADP	IN	_	11	case	60	66
nodejs-governance:u0045:s00	9	the	the	DET	DT	Definite=Def|PronType=Art	11	det	67	70
nodejs-governance:u0045:s00	10	Node.js	Node.js	PROPN	NNP	Number=Sing	11	compound	71	78
nodejs-governance:u0045:s00	11	organization	organization	NOUN	NN	Number=Sing	7	nmod	79	91
nodejs-governance:u0045:s00	12	.	.	PUNCT	.	_	3	punct	91	92
nodejs-governance:u0046:s00	1	Contributions	contribution	NOUN	NNS	Number=Plur	3	nsubj	0	13
nodejs-governance:u0046:s00	2	can	can	AUX	MD	VerbForm=Fin	3	aux	14	17
nodejs-governance:u0046:s00	3	be	be	AUX	VB	VerbForm=Inf	0	root	18	20
nodejs-governance:u0046:s00	4	:	:	PUNCT	:	_	3	punct	20	21
nodejs-governance:u0047:s00	1	*	*	PUNCT	NFP	_	0	root	0	1
nodejs-governance:u0047:s01	1	Opening	open	VERB	VBG	VerbForm=Ger	3	amod	0	7
nodejs-governance:u0047:s01	2	pull	pull	NOUN	NN	Number=Sing	3	compound	8	12
nodejs-governance:u0047:s01	3	requests	request	NOUN	NNS	Number=Plur	0	root	13	21
nodejs-governance:u0047:s01	4	.	.	PUNCT	.	_	3	punct	21	22
nodejs-governance:u0047:s02	1	*	*	PUNCT	NFP	_	2	punct	0	1
nodejs-governance:u0047:s02	2	Comments	comment	NOUN	NNS	Number=Plur	0	root	2	10
nodejs-governance:u0047:s02	3	and	and	CCONJ	CC	_	4	cc	11	14
nodejs-governance:u0047:s02	4	reviews	review	NOUN	NNS	Number=Plur	2	conj	15	22
nodejs-governance:u0047:s02	5	.	.	PUNCT	.	_	2	punct	22	23
nodejs-governance:u0047:s02	6	*	*	PUNCT	NFP	_	2	punct	24	25
nodejs-governance:u0047:s02	7	Opening	open	VERB	VBG	VerbForm=Ger	2	acl	26	33
nodejs-governance:u0047:s02	8	new	new	ADJ	JJ	Degree=Pos	9	amod	34	37
nodejs-governance:u0047:s02	9	issues	issue	NOUN	NNS	Number=Plur	7	obj	38	44
nodejs-governance:u0047:s02	10	.	.	PUNCT	.	_	2	punct	44	45
nodejs-governance:u0047:s03	1	*	*	PUNCT	NFP	_	2	punct	0	1
nodejs-governance:u0047:s03	2	Participation	participation	NOUN	NN	Number=Sing	0	root	2	15
nodejs-governance:u0047:s03	3	in	in	ADP	IN	_	5	case	16	18
nodejs-governance:u0047:s03	4	other	other	ADJ	JJ	Degree=Pos	5	amod	19	24
nodejs-governance:u0047:s03	5	projects	project	NOUN	NNS	Number=Plur	2	nmod	25	33
nodejs-governance:u0047:s03	6	,	,	PUNCT	,	_	7	punct	33	34
nodejs-governance:u0047:s03	7	teams	team	NOUN	NNS	Number=Plur	5	conj	35	40
nodejs-governance:u0047:s03	8	,	,	PUNCT	,	_	10	punct	40	41
nodejs-governance:u0047:s03	9	and	and	CCONJ	CC	_	10	cc	42	45
nodejs-governance:u0047:s03	10	working	work	VERB	VBG	VerbForm=Ger	5	conj	46	53
nodejs-governance:u0047:s03	11	groups	group	NOUN	NNS	Number=Plur	10	obj	54	60
nodejs-governance:u0047:s03	12	of	of	ADP	IN	_	15	case	61	63
nodejs-governance:u0047:s03	13	the	the	DET	DT	Definite=Def|PronType=Art	15	det	64	67
nodejs-governance:u0047:s03	14	Node.js	Node.js	PROPN	NNP	Number=Sing	15	compound	68	75
nodejs-governance:u0047:s03	15	organization	organization	NOUN	NN	Number=Sing	11	nmod	76	88
nodejs-governance:u0047:s03	16	.	.	PUNCT	.	_	2	punct	88	89
nodejs-governance:u0048:s00	1	Collaborators	Collaborator	NOUN	NNS	Number=Plur	4	nsubj	0	13
nodejs-governance:u0048:s00	2	should	should	AUX	MD	VerbForm=Fin	4	aux	14	20
nodejs-governance:u0048:s00	3	be	be	AUX	VB	VerbForm=Inf	4	cop	21	23
nodejs-governance:u0048:s00	4	people	people	NOUN	NNS	Number=Plur	0	root	24	30
nodejs-governance:u0048:s00	5	volunteering	volunteer	VERB	VBG	VerbForm=Ger	4	acl	31	43
nodejs-governance:u0048:s00	6	to	to	PART	TO	_	7	mark	44	46
nodejs-governance:u0048:s00	7	do	do	VERB	VB	VerbForm=Inf	5	xcomp	47	49
nodejs-governance:u0048:s00	8	unglamorous	unglamorous	ADJ	JJ	Degree=Pos	9	amod	50	61
nodejs-governance:u0048:s00	9	work	work	NOUN	NN	Number=Sing	7	obj	62	66
nodejs-governance:u0048:s00	10	because	because	SCONJ	IN	_	15	mark	67	74
nodejs-governance:u0048:s00	11	it	it	PRON	PRP	Case=Nom|Gender=Neut|Number=Sing|Person=3|PronType=Prs	15	nsubj	75	77
nodejs-governance:u0048:s00	12	's	be	AUX	VBZ	Mood=Ind|Number=Sing|Person=3|Tense=Pres|VerbForm=Fin	15	cop	77	79
nodejs-governance:u0048:s00	13	the	the	DET	DT	Definite=Def|PronType=Art	15	det	80	83
nodejs-governance:u0048:s00	14	right	right	ADJ	JJ	Degree=Pos	15	amod	84	89
nodejs-governance:u0048:s00	15	thing	thing	NOUN	NN	Number=Sing	4	advcl	90	95
nodejs-governance:u0048:s00	16	to	to	PART	TO	_	17	mark	96	98
nodejs-governance:u0048:s00	17	do	do	VERB	VB	VerbForm=Inf	15	acl	99	101
nodejs-governance:u0048:s00	18	,	,	PUNCT	,	_	4	punct	101	102
nodejs-governance:u0048:s00	19	they	they	PRON	PRP	Case=Nom|Number=Plur|Person=3|PronType=Prs	20	nsubj	103	107
nodejs-governance:u0048:s00	20	find	find	VERB	VBP	Mood=Ind|Tense=Pres|VerbForm=Fin	4	parataxis	108	112
nodejs-governance:u0048:s00	21	the	the	DET	DT	Definite=Def|PronType=Art	22	det	113	116
nodejs-governance:u0048:s00	22	work	work	NOUN	NN	Number=Sing	20	obj	117	121
nodejs-governance:u0048:s00	23	itself	itself	PRON	PRP	Gender=Neut|Number=Sing|Person=3|PronType=Prs	22	nmod:npmod	122	128
nodejs-governance:u0048:s00	24	satisfying	satisfye	VERB	VBG	VerbForm=Ger	20	xcomp	129	139
nodejs-governance:u0048:s00	25	,	,	PUNCT	,	_	28	punct	139	140
nodejs-governance:u0048:s00	26	and	and	CCONJ	CC	_	28	cc	141	144
nodejs-governance:u0048:s00	27	they	they	PRON	PRP	Case=Nom|Number=Plur|Person=3|PronType=Prs	28	nsubj	145	149
nodejs-governance:u0048:s00	28	care	care	VERB	VBP	Mood=Ind|Tense=Pres|VerbForm=Fin	4	conj	150	154
nodejs-governance:u0048:s00	29	about	about	ADP	IN	_	30	case	155	160
nodejs-governance:u0048:s00	30	Node.js	Node.js	PROPN	NNP	Number=Sing	28	obl	161	168
nodejs-governance:u0048:s00	31	and	and	CCONJ	CC	_	33	cc	169	172
nodejs-governance:u0048:s00	32	its	its	PRON	PRP$	Gender=Neut|Number=Sing|Person=3|Poss=Yes|PronType=Prs	33	nmod:poss	173	176
nodejs-governance:u0048:s00	33	users	user	NOUN	NNS	Number=Plur	30	conj	177	182
nodejs-governance:u0048:s00	34	.	.	PUNCT	.	_	4	punct	182	183
nodejs-governance:u0048:s01	1	People	people	NOUN	NNS	Number=Plur	3	nsubj	0	6
nodejs-governance:u0048:s01	2	should	should	AUX	MD	VerbForm=Fin	3	aux	7	13
nodejs-governance:u0048:s01	3	get	get	VERB	VB	VerbForm=Inf	0	root	14	17
nodejs-governance:u0048:s01	4	collaborator	collaborator	NOUN	NN	Number=Sing	5	compound	18	30
nodejs-governance:u0048:s01	5	status	status	NOUN	NN	Number=Sing	3	obj	31	37
nodejs-governance:u0048:s01	6	because	because	SCONJ	IN	_	9	mark	38	45
nodejs-governance:u0048:s01	7	they	they	PRON	PRP	Case=Nom|Number=Plur|Person=3|PronType=Prs	9	nsubj	46	50
nodejs-governance:u0048:s01	8	're	be	AUX	VBP	Mood=Ind|Tense=Pres|VerbForm=Fin	9	aux	50	53
nodejs-governance:u0048:s01	9	doing	do	VERB	VBG	Tense=Pres|VerbForm=Part	3	advcl	54	59
nodejs-governance:u0048:s01	10	work	work	NOUN	NN	Number=Sing	9	obj	60	64
nodejs-governance:u0048:s01	11	and	and	CCONJ	CC	_	13	cc	65	68
nodejs-governance:u0048:s01	12	are	be	AUX	VBP	Mood=Ind|Tense=Pres|VerbForm=Fin	13	cop	69	72
nodejs-governance:u0048:s01	13	likely	likely	ADJ	JJ	Degree=Pos	3	conj	73	79
nodejs-governance:u0048:s01	14	to	to	PART	TO	_	15	mark	80	82
nodejs-governance:u0048:s01	15	continue	continue	VERB	VB	VerbForm=Inf	13	xcomp	83	91
nodejs-governance:u0048:s01	16	doing	do	VERB	VBG	VerbForm=Ger	15	xcomp	92	97
nodejs-governance:u0048:s01	17	work	work	NOUN	NN	Number=Sing	16	obj	98	102
nodejs-governance:u0048:s01	18	where	where	ADV	WRB	PronType=Rel	28	advmod	103	108
nodejs-governance:u0048:s01	19	having	have	VERB	VBG	VerbForm=Ger	28	csubj	109	115
nodejs-governance:u0048:s01	20	the	the	DET	DT	Definite=Def|PronType=Art	21	det	116	119
nodejs-governance:u0048:s01	21	abilities	ability	NOUN	NNS	Number=Plur	19	obj	120	129
nodejs-governance:u0048:s01	22	that	that	PRON	WDT	PronType=Rel	23	nsubj	130	134
nodejs-governance:u0048:s01	23	come	come	VERB	VBP	Mood=Ind|Tense=Pres|VerbForm=Fin	21	acl:relcl	135	139
nodejs-governance:u0048:s01	24	with	with	ADP	IN	_	26	case	140	144
nodejs-governance:u0048:s01	25	collaborator	collaborator	NOUN	NN	Number=Sing	26	compound	145	157
nodejs-governance:u0048:s01	26	status	status	NOUN	NN	Number=Sing	23	obl	158	164
nodejs-governance:u0048:s01	27	are	be	AUX	VBP	Mood=Ind|Tense=Pres|VerbForm=Fin	28	cop	165	168
nodejs-governance:u0048:s01	28	helpful	helpful	ADJ	JJ	Degree=Pos	17	acl:relcl	169	176
nodejs-governance:u0048:s01	29	(	(	PUNCT	-LRB-	_	30	punct	177	178
nodejs-governance:u0048:s01	30	abilities	abilitie	NOUN	NNS	Number=Plur	3	parataxis	178	187
nodejs-governance:u0048:s01	31	like	like	SCONJ	IN	_	32	mark	188	192
nodejs-governance:u0048:s01	32	starting	start	VERB	VBG	VerbForm=Ger	36	advcl	193	201
nodejs-governance:u0048:s01	33	CI	Ci	PROPN	NNP	Number=Sing	34	compound	202	204
nodejs-governance:u0048:s01	34	jobs	job	NOUN	NNS	Number=Plur	32	obj	205	209
nodejs-governance:u0048:s01	35	,	,	PUNCT	,	_	32	punct	209	210
nodejs-governance:u0048:s01	36	reviewing	review	VERB	VBG	VerbForm=Ger	30	acl	211	220
nodejs-governance:u0048:s01	37	and	and	CCONJ	CC	_	38	cc	221	224
nodejs-governance:u0048:s01	38	approving	approve	VERB	VBG	VerbForm=Ger	36	conj	225	234
nodejs-governance:u0048:s01	39	PRs	pr	NOUN	NNS	Number=Plur	36	conj	235	238
nodejs-governance:u0048:s01	40	,	,	PUNCT	,	_	39	punct	238	239
nodejs-governance:u0048:s01	41	etc.	etc.	X	FW	_	36	conj	240	244
nodejs-governance:u0048:s01	42	)	)	PUNCT	-RRB-	_	30	punct	244	245
nodejs-governance:u0048:s01	43	.	.	PUNCT	.	_	30	punct	245	246
nodejs-governance:u0048:s02	1	That	that	PRON	DT	Number=Sing|PronType=Dem	14	nsubj	0	4
nodejs-governance:u0048:s02	2	will	will	AUX	MD	VerbForm=Fin	14	aux	5	9
nodejs-governance:u0048:s02	3	usually	usually	ADV	RB	_	14	advmod	10	17
nodejs-governance:u0048:s02	4	--	--	PUNCT	,	_	3	punct	17	19
nodejs-governance:u0048:s02	5	but	but	CCONJ	CC	_	11	cc	19	22
nodejs-governance:u0048:s02	6	,	,	PUNCT	,	_	11	punct	22	23
nodejs-governance:u0048:s02	7	very	very	ADV	RB	_	8	advmod	24	28
nodejs-governance:u0048:s02	8	importantly	importantly	ADV	RB	_	11	advmod	29	40
nodejs-governance:u0048:s02	9	,	,	PUNCT	,	_	11	punct	40	41
nodejs-governance:u0048:s02	10	not	not	PART	RB	_	11	advmod	42	45
nodejs-governance:u0048:s02	11	always	always	ADV	RB	_	3	conj	46	52
nodejs-governance:u0048:s02	12	--	--	PUNCT	:	_	14	punct	52	54
nodejs-governance:u0048:s02	13	be	be	AUX	VB	VerbForm=Inf	14	cop	54	56
nodejs-governance:u0048:s02	14	work	work	NOUN	NN	Number=Sing	0	root	57	61
nodejs-governance:u0048:s02	15	involving	involve	VERB	VBG	VerbForm=Ger	14	acl	62	71
nodejs-governance:u0048:s02	16	committing	committ	VERB	VBG	VerbForm=Ger	15	xcomp	72	82
nodejs-governance:u0048:s02	17	to	to	ADP	IN	_	24	case	83	85
nodejs-governance:u0048:s02	18	the	the	DET	DT	Definite=Def|PronType=Art	24	det	86	89
nodejs-governance:u0048:s02	19	`	`	PUNCT	``	_	20	punct	90	91
nodejs-governance:u0048:s02	20	nodejs	nodej	NOUN	NNS	Number=Plur	24	compound	91	97
nodejs-governance:u0048:s02	21	/	/	PUNCT	,	_	22	cc	97	98
nodejs-governance:u0048:s02	22	node	node	NOUN	NN	Number=Sing	20	conj	98	102
nodejs-governance:u0048:s02	23	`	`	PUNCT	``	_	20	punct	102	103
nodejs-governance:u0048:s02	24	repository	repository	NOUN	NN	Number=Sing	16	obl	104	114
nodejs-governance:u0048:s02	25	.	.	PUNCT	.	_	14	punct	114	115
nodejs-governance:u0048:s03	1	For	for	ADP	IN	_	3	case	0	3
nodejs-governance:u0048:s03	2	an	a	DET	DT	Definite=Ind|PronType=Art	3	det	4	6
nodejs-governance:u0048:s03	3	example	example	NOUN	NN	Number=Sing	15	obl	7	14
nodejs-governance:u0048:s03	4	of	of	ADP	IN	_	6	case	15	17
nodejs-governance:u0048:s03	5	an	a	DET	DT	Definite=Ind|PronType=Art	6	det	18	20
nodejs-governance:u0048:s03	6	exception	exception	NOUN	NN	Number=Sing	3	nmod	21	30
nodejs-governance:u0048:s03	7	,	,	PUNCT	,	_	15	punct	30	31
nodejs-governance:u0048:s03	8	someone	someone	PRON	NN	Number=Sing	15	nsubj	32	39
nodejs-governance:u0048:s03	9	working	work	VERB	VBG	VerbForm=Ger	8	amod	40	47
nodejs-governance:u0048:s03	10	primarily	primarily	ADV	RB	_	9	advmod	48	57
nodejs-governance:u0048:s03	11	on	on	ADP	IN	_	13	case	58	60
nodejs-governance:u0048:s03	12	the	the	DET	DT	Definite=Def|PronType=Art	13	det	61	64
nodejs-governance:u0048:s03	13	website	website	NOUN	NN	Number=Sing	9	obl	65	72
nodejs-governance:u0048:s03	14	might	might	AUX	MD	VerbForm=Fin	15	aux	73	78
nodejs-governance:u0048:s03	15	benefit	benefit	VERB	VB	VerbForm=Inf	0	root	79	86
nodejs-governance:u0048:s03	16	from	from	SCONJ	IN	_	18	mark	87	91
nodejs-governance:u0048:s03	17	being	be	AUX	VBG	VerbForm=Ger	18	cop	92	97
nodejs-governance:u0048:s03	18	able	able	ADJ	JJ	Degree=Pos	15	advcl	98	102
nodejs-governance:u0048:s03	19	to	to	PART	TO	_	20	mark	103	105
nodejs-governance:u0048:s03	20	start	start	VERB	VB	VerbForm=Inf	18	xcomp	106	111
nodejs-governance:u0048:s03	21	Jenkins	Jenkins	PROPN	NNP	Number=Sing	22	compound	112	119
nodejs-governance:u0048:s03	22	CI	CI	PROPN	NNP	Number=Sing	23	compound	120	122
nodejs-governance:u0048:s03	23	jobs	job	NOUN	NNS	Number=Plur	20	obj	123	127
nodejs-governance:u0048:s03	24	to	to	PART	TO	_	25	mark	128	130
nodejs-governance:u0048:s03	25	test	test	VERB	VB	VerbForm=Inf	20	xcomp	131	135
nodejs-governance:u0048:s03	26	changes	change	NOUN	NNS	Number=Plur	25	obj	136	143
nodejs-governance:u0048:s03	27	to	to	ADP	IN	_	29	case	144	146
nodejs-governance:u0048:s03	28	documentation	documentation	NOUN	NN	Number=Sing	29	compound	147	160
nodejs-governance:u0048:s03	29	tooling	tooling	NOUN	NN	Number=Sing	26	nmod	161	168
nodejs-governance:u0048:s03	30	.	.	PUNCT	.	_	15	punct	168	169
nodejs-governance:u0048:s04	1	That	that	PRON	DT	Number=Sing|PronType=Dem	18	nsubj	0	4
nodejs-governance:u0048:s04	2	,	,	PUNCT	,	_	18	punct	4	5
nodejs-governance:u0048:s04	3	along	along	ADP	IN	_	5	case	6	11
nodejs-governance:u0048:s04	4	with	with	ADP	IN	_	5	case	12	16
nodejs-governance:u0048:s04	5	signals	signal	NOUN	NNS	Number=Plur	18	obl	17	24
nodejs-governance:u0048:s04	6	indicating	indicate	VERB	VBG	VerbForm=Ger	5	acl	25	35
nodejs-governance:u0048:s04	7	commitment	commitment	NOUN	NN	Number=Sing	6	obj	36	46
nodejs-governance:u0048:s04	8	to	to	ADP	IN	_	9	case	47	49
nodejs-governance:u0048:s04	9	Node.js	Node.js	PROPN	NNP	Number=Sing	6	obl	50	57
nodejs-governance:u0048:s04	10	,	,	PUNCT	,	_	12	punct	57	58
nodejs-governance:u0048:s04	11	personal	personal	ADJ	JJ	Degree=Pos	12	amod	59	67
nodejs-governance:u0048:s04	12	integrity	integrity	NOUN	NN	Number=Sing	9	conj	68	77
nodejs-governance:u0048:s04	13	,	,	PUNCT	,	_	14	punct	77	78
nodejs-governance:u0048:s04	14	etc.	etc.	X	FW	_	9	conj	79	83
nodejs-governance:u0048:s04	15	,	,	PUNCT	,	_	18	punct	83	84
nodejs-governance:u0048:s04	16	should	should	AUX	MD	VerbForm=Fin	18	aux	85	91
nodejs-governance:u0048:s04	17	be	be	AUX	VB	VerbForm=Inf	18	cop	92	94
nodejs-governance:u0048:s04	18	enough	enough	ADJ	JJ	Degree=Pos	0	root	95	101
nodejs-governance:u0048:s04	19	for	for	ADP	IN	_	22	case	102	105
nodejs-governance:u0048:s04	20	a	a	DET	DT	Definite=Ind|PronType=Art	22	det	106	107
nodejs-governance:u0048:s04	21	successful	successful	ADJ	JJ	Degree=Pos	22	amod	108	118
nodejs-governance:u0048:s04	22	nomination	nomination	NOUN	NN	Number=Sing	18	obl	119	129
nodejs-governance:u0048:s04	23	.	.	PUNCT	.	_	18	punct	129	130
nodejs-governance:u0049:s00	1	It	it	PRON	PRP	Case=Nom|Gender=Neut|Number=Sing|Person=3|PronType=Prs	3	expl	0	2
nodejs-governance:u0049:s00	2	is	be	AUX	VBZ	Mood=Ind|Number=Sing|Person=3|Tense=Pres|VerbForm=Fin	3	cop	3	5
nodejs-governance:u0049:s00	3	important	important	ADJ	JJ	Degree=Pos	0	root	6	15
nodejs-governance:u0049:s00	4	to	to	PART	TO	_	5	mark	16	18
nodejs-governance:u0049:s00	5	understand	understand	VERB	VB	VerbForm=Inf	3	csubj	19	29
nodejs-governance:u0049:s00	6	that	that	SCONJ	IN	_	10	mark	30	34
nodejs-governance:u0049:s00	7	potential	potential	ADJ	JJ	Degree=Pos	8	amod	35	44
nodejs-governance:u0049:s00	8	collaborators	collaborator	NOUN	NNS	Number=Plur	10	nsubj	45	58
nodejs-governance:u0049:s00	9	may	may	AUX	MD	VerbForm=Fin	10	aux	59	62
nodejs-governance:u0049:s00	10	have	have	VERB	VB	VerbForm=Inf	5	ccomp	63	67
nodejs-governance:u0049:s00	11	vastly	vastly	ADV	RB	_	12	advmod	68	74
nodejs-governance:u0049:s00	12	different	different	ADJ	JJ	Degree=Pos	13	amod	75	84
nodejs-governance:u0049:s00	13	areas	area	NOUN	NNS	Number=Plur	10	obj	85	90
nodejs-governance:u0049:s00	14	and	and	CCONJ	CC	_	15	cc	91	94
nodejs-governance:u0049:s00	15	levels	level	NOUN	NNS	Number=Plur	13	conj	95	101
nodejs-governance:u0049:s00	16	of	of	ADP	IN	_	17	case	102	104
nodejs-governance:u0049:s00	17	expertise	expertise	NOUN	NN	Number=Sing	13	nmod	105	114
nodejs-governance:u0049:s00	18	,	,	PUNCT	,	_	19	punct	114	115
nodejs-governance:u0049:s00	19	interest	interest	NOUN	NN	Number=Sing	17	conj	116	124
nodejs-governance:u0049:s00	20	,	,	PUNCT	,	_	22	punct	124	125
nodejs-governance:u0049:s00	21	and	and	CCONJ	CC	_	22	cc	126	129
nodejs-governance:u0049:s00	22	skill	skill	NOUN	NN	Number=Sing	17	conj	130	135
nodejs-governance:u0049:s00	23	.	.	PUNCT	.	_	3	punct	135	136
nodejs-governance:u0049:s01	1	The	the	DET	DT	Definite=Def|PronType=Art	3	det	0	3
nodejs-governance:u0049:s01	2	Node.js	Node.js	PROPN	NNP	Number=Sing	3	compound	4	11
nodejs-governance:u0049:s01	3	project	project	NOUN	NN	Number=Sing	5	nsubj	12	19
nodejs-governance:u0049:s01	4	is	be	AUX	VBZ	Mood=Ind|Number=Sing|Person=3|Tense=Pres|VerbForm=Fin	5	cop	20	22
nodejs-governance:u0049:s01	5	large	large	ADJ	JJ	Degree=Pos	0	root	23	28
nodejs-governance:u0049:s01	6	and	and	CCONJ	CC	_	7	cc	29	32
nodejs-governance:u0049:s01	7	complex	complex	ADJ	JJ	Degree=Pos	5	conj	33	40
nodejs-governance:u0049:s01	8	,	,	PUNCT	,	_	13	punct	40	41
nodejs-governance:u0049:s01	9	and	and	CCONJ	CC	_	13	cc	42	45
nodejs-governance:u0049:s01	10	it	it	PRON	PRP	Case=Nom|Gender=Neut|Number=Sing|Person=3|PronType=Prs	13	nsubj:pass	46	48
nodejs-governance:u0049:s01	11	is	be	AUX	VBZ	Mood=Ind|Number=Sing|Person=3|Tense=Pres|VerbForm=Fin	13	aux:pass	49	51
nodejs-governance:u0049:s01	12	not	not	PART	RB	_	13	advmod	52	55
nodejs-governance:u0049:s01	13	expected	expect	VERB	VBN	Tense=Past|VerbForm=Part|Voice=Pass	5	conj	56	64
nodejs-governance:u0049:s01	14	that	that	SCONJ	IN	_	18	mark	65	69
nodejs-governance:u0049:s01	15	every	every	DET	DT	_	16	det	70	75
nodejs-governance:u0049:s01	16	collaborator	collaborator	NOUN	NN	Number=Sing	18	nsubj	76	88
nodejs-governance:u0049:s01	17	will	will	AUX	MD	VerbForm=Fin	18	aux	89	93
nodejs-governance:u0049:s01	18	have	have	VERB	VB	VerbForm=Inf	13	ccomp	94	98
nodejs-governance:u0049:s01	19	the	the	DET	DT	Definite=Def|PronType=Art	21	det	99	102
nodejs-governance:u0049:s01	20	same	same	ADJ	JJ	Degree=Pos	21	amod	103	107
nodejs-governance:u0049:s01	21	level	level	NOUN	NN	Number=Sing	18	obj	108	113
nodejs-governance:u0049:s01	22	of	of	ADP	IN	_	23	case	114	116
nodejs-governance:u0049:s01	23	expertise	expertise	NOUN	NN	Number=Sing	21	nmod	117	126
nodejs-governance:u0049:s01	24	in	in	ADP	IN	_	26	case	127	129
nodejs-governance:u0049:s01	25	every	every	DET	DT	_	26	det	130	135
nodejs-governance:u0049:s01	26	area	area	NOUN	NN	Number=Sing	23	nmod	136	140
nodejs-governance:u0049:s01	27	of	of	ADP	IN	_	29	case	141	143
nodejs-governance:u0049:s01	28	the	the	DET	DT	Definite=Def|PronType=Art	29	det	144	147
nodejs-governance:u0049:s01	29	project	project	NOUN	NN	Number=Sing	26	nmod	148	155
nodejs-governance:u0049:s01	30	.	.	PUNCT	.	_	5	punct	155	156
nodejs-governance:u0049:s02	1	The	the	DET	DT	Definite=Def|PronType=Art	2	det	0	3
nodejs-governance:u0049:s02	2	complexity	complexity	NOUN	NN	Number=Sing	26	nsubj	4	14
nodejs-governance:u0049:s02	3	or	or	CCONJ	CC	_	5	cc	15	17
nodejs-governance:u0049:s02	4	"	"	PUNCT	``	_	5	punct	18	19
nodejs-governance:u0049:s02	5	sophistication	sophistication	NOUN	NN	Number=Sing	2	conj	19	33
nodejs-governance:u0049:s02	6	"	"	PUNCT	''	_	2	punct	33	34
nodejs-governance:u0049:s02	7	of	of	ADP	IN	_	11	case	35	37
nodejs-governance:u0049:s02	8	an	a	DET	DT	Definite=Ind|PronType=Art	11	det	38	40
nodejs-governance:u0049:s02	9	individual	individual	ADJ	JJ	Degree=Pos	10	amod	41	51
nodejs-governance:u0049:s02	10	’s	's	NOUN	NN	Number=Sing	11	compound	51	53
nodejs-governance:u0049:s02	11	contributions	contribution	NOUN	NNS	Number=Plur	2	nmod	54	67
nodejs-governance:u0049:s02	12	,	,	PUNCT	,	_	19	punct	67	68
nodejs-governance:u0049:s02	13	or	or	CCONJ	CC	_	19	cc	69	71
nodejs-governance:u0049:s02	14	even	even	ADV	RB	_	19	advmod	72	76
nodejs-governance:u0049:s02	15	their	they	PRON	PRP$	Number=Plur|Person=3|Poss=Yes|PronType=Prs	19	nmod:poss	77	82
nodejs-governance:u0049:s02	16	relative	relative	ADJ	JJ	Degree=Pos	19	amod	83	91
nodejs-governance:u0049:s02	17	engineering	engineering	NOUN	NN	Number=Sing	19	compound	92	103
nodejs-governance:u0049:s02	18	"	"	PUNCT	``	_	19	punct	104	105
nodejs-governance:u0049:s02	19	skill	skill	NOUN	NN	Number=Sing	21	compound	105	110
nodejs-governance:u0049:s02	20	"	"	PUNCT	''	_	21	punct	110	111
nodejs-governance:u0049:s02	21	level	level	NOUN	NN	Number=Sing	11	appos	112	117
nodejs-governance:u0049:s02	22	,	,	PUNCT	,	_	26	punct	117	118
nodejs-governance:u0049:s02	23	are	be	AUX	VBP	Mood=Ind|Tense=Pres|VerbForm=Fin	26	cop	119	122
nodejs-governance:u0049:s02	24	not	not	PART	RB	_	26	advmod	123	126
nodejs-governance:u0049:s02	25	primary	primary	ADJ	JJ	Degree=Pos	26	amod	127	134
nodejs-governance:u0049:s02	26	factors	factor	NOUN	NNS	Number=Plur	0	root	135	142
nodejs-governance:u0049:s02	27	in	in	SCONJ	IN	_	28	mark	143	145
nodejs-governance:u0049:s02	28	determining	determine	VERB	VBG	VerbForm=Ger	26	acl	146	157
nodejs-governance:u0049:s02	29	whether	whether	SCONJ	IN	_	34	mark	158	165
nodejs-governance:u0049:s02	30	they	they	PRON	PRP	Case=Nom|Number=Plur|Person=3|PronType=Prs	34	nsubj	166	170
nodejs-governance:u0049:s02	31	should	should	AUX	MD	VerbForm=Fin	34	aux	171	177
nodejs-governance:u0049:s02	32	be	be	AUX	VB	VerbForm=Inf	34	cop	178	180
nodejs-governance:u0049:s02	33	a	a	DET	DT	Definite=Ind|PronType=Art	34	det	181	182
nodejs-governance:u0049:s02	34	collaborator	collaborator	NOUN	NN	Number=Sing	28	ccomp	183	195
nodejs-governance:u0049:s02	35	.	.	PUNCT	.	_	26	punct	195	196
nodejs-governance:u0049:s03	1	The	the	DET	DT	Definite=Def|PronType=Art	3	det	0	3
nodejs-governance:u0049:s03	2	primary	primary	ADJ	JJ	Degree=Pos	3	amod	4	11
nodejs-governance:u0049:s03	3	factors	factor	NOUN	NNS	Number=Plur	5	nsubj	12	19
nodejs-governance:u0049:s03	4	do	do	AUX	VBP	Mood=Ind|Tense=Pres|VerbForm=Fin	5	aux	20	22
nodejs-governance:u0049:s03	5	include	include	VERB	VB	VerbForm=Inf	0	root	23	30
nodejs-governance:u0049:s03	6	the	the	DET	DT	Definite=Def|PronType=Art	7	det	31	34
nodejs-governance:u0049:s03	7	quality	quality	NOUN	NN	Number=Sing	5	obj	35	42
nodejs-governance:u0049:s03	8	of	of	ADP	IN	_	10	case	43	45
nodejs-governance:u0049:s03	9	their	they	PRON	PRP$	Number=Plur|Person=3|Poss=Yes|PronType=Prs	10	nmod:poss	46	51
nodejs-governance:u0049:s03	10	contributions	contribution	NOUN	NNS	Number=Plur	7	nmod	52	65
nodejs-governance:u0049:s03	11	(	(	PUNCT	-LRB-	_	12	punct	66	67
nodejs-governance:u0049:s03	12	do	do	VERB	VB	VerbForm=Inf	5	ccomp	67	69
nodejs-governance:u0049:s03	13	the	the	DET	DT	Definite=Def|PronType=Art	14	det	70	73
nodejs-governance:u0049:s03	14	contributions	contributions	NOUN	NNS	Number=Plur	15	nsubj	74	87
nodejs-governance:u0049:s03	15	make	make	VERB	VBP	Mood=Ind|Tense=Pres|VerbForm=Fin	12	parataxis	88	92
nodejs-governance:u0049:s03	16	sense	sense	NOUN	NN	Number=Sing	15	obj	93	98
nodejs-governance:u0049:s03	17	,	,	PUNCT	,	_	12	punct	98	99
nodejs-governance:u0049:s03	18	do	do	AUX	VBP	Mood=Ind|Tense=Pres|VerbForm=Fin	20	aux	100	102
nodejs-governance:u0049:s03	19	they	they	PRON	PRP	Case=Nom|Number=Plur|Person=3|PronType=Prs	20	nsubj	103	107
nodejs-governance:u0049:s03	20	add	add	VERB	VB	VerbForm=Inf	12	parataxis	108	111
nodejs-governance:u0049:s03	21	value	value	NOUN	NN	Number=Sing	20	obj	112	117
nodejs-governance:u0049:s03	22	,	,	PUNCT	,	_	20	punct	117	118
nodejs-governance:u0049:s03	23	do	do	AUX	VBP	Mood=Ind|Tense=Pres|VerbForm=Fin	25	aux	119	121
nodejs-governance:u0049:s03	24	they	they	PRON	PRP	Case=Nom|Number=Plur|Person=3|PronType=Prs	25	nsubj	122	126
nodejs-governance:u0049:s03	25	follow	follow	VERB	VB	VerbForm=Inf	20	ccomp	127	133
nodejs-governance:u0049:s03	26	documented	document	VERB	VBN	Tense=Past|VerbForm=Part	27	amod	134	144
nodejs-governance:u0049:s03	27	guidelines	guideline	NOUN	NNS	Number=Plur	25	obj	145	155
nodejs-governance:u0049:s03	28	,	,	PUNCT	,	_	30	punct	155	156
nodejs-governance:u0049:s03	29	are	be	AUX	VBP	Mood=Ind|Tense=Pres|VerbForm=Fin	30	cop	157	160
nodejs-governance:u0049:s03	30	they	they	PRON	PRP	Case=Nom|Number=Plur|Person=3|PronType=Prs	25	conj	161	165
nodejs-governance:u0049:s03	31	authentic	authentic	ADJ	JJ	Degree=Pos	30	amod	166	175
nodejs-governance:u0049:s03	32	and	and	CCONJ	CC	_	35	cc	176	179
nodejs-governance:u0049:s03	33	well	well	ADV	RB	Degree=Pos	35	advmod	180	184
nodejs-governance:u0049:s03	34	-	-	PUNCT	HYPH	_	35	punct	184	185
nodejs-governance:u0049:s03	35	intentioned	intentione	VERB	VBN	Tense=Past|VerbForm=Part	31	conj	185	196
nodejs-governance:u0049:s03	36	,	,	PUNCT	,	_	37	punct	196	197
nodejs-governance:u0049:s03	37	etc.	etc.	X	FW	_	31	conj	198	202
nodejs-governance:u0049:s03	38	)	)	PUNCT	-RRB-	_	31	punct	202	203
nodejs-governance:u0049:s03	39	,	,	PUNCT	,	_	30	punct	203	204
nodejs-governance:u0049:s03	40	their	they	PRON	PRP$	Number=Plur|Person=3|Poss=Yes|PronType=Prs	41	nmod:poss	205	210
nodejs-governance:u0049:s03	41	commitment	commitment	NOUN	NN	Number=Sing	30	nmod:npmod	211	221
nodejs-governance:u0049:s03	42	to	to	ADP	IN	_	44	case	222	224
nodejs-governance:u0049:s03	43	the	the	DET	DT	Definite=Def|PronType=Art	44	det	225	228
nodejs-governance:u0049:s03	44	project	project	NOUN	NN	Number=Sing	41	nmod	229	236
nodejs-governance:u0049:s03	45	,	,	PUNCT	,	_	50	punct	236	237
nodejs-governance:u0049:s03	46	can	can	AUX	MD	VerbForm=Fin	50	aux	238	241
nodejs-governance:u0049:s03	47	their	they	PRON	PRP$	Number=Plur|Person=3|Poss=Yes|PronType=Prs	48	nmod:poss	242	247
nodejs-governance:u0049:s03	48	judgement	judgement	NOUN	NN	Number=Sing	50	nsubj:pass	248	257
nodejs-governance:u0049:s03	49	be	be	AUX	VB	VerbForm=Inf	50	aux:pass	258	260
nodejs-governance:u0049:s03	50	trusted	truste	VERB	VBN	Tense=Past|VerbForm=Part|Voice=Pass	30	conj	261	268
nodejs-governance:u0049:s03	51	,	,	PUNCT	,	_	55	punct	268	269
nodejs-governance:u0049:s03	52	and	and	CCONJ	CC	_	55	cc	270	273
nodejs-governance:u0049:s03	53	do	do	AUX	VBP	Mood=Ind|Tense=Pres|VerbForm=Fin	55	aux	274	276
nodejs-governance:u0049:s03	54	they	they	PRON	PRP	Case=Nom|Number=Plur|Person=3|PronType=Prs	55	nsubj	277	281
nodejs-governance:u0049:s03	55	have	have	VERB	VB	VerbForm=Inf	25	conj	282	286
nodejs-governance:u0049:s03	56	the	the	DET	DT	Definite=Def|PronType=Art	57	det	287	290
nodejs-governance:u0049:s03	57	ability	ability	NOUN	NN	Number=Sing	55	obj	291	298
nodejs-governance:u0049:s03	58	to	to	PART	TO	_	59	mark	299	301
nodejs-governance:u0049:s03	59	work	work	VERB	VB	VerbForm=Inf	57	acl	302	306
nodejs-governance:u0049:s03	60	well	well	ADV	RB	Degree=Pos	59	advmod	307	311
nodejs-governance:u0049:s03	61	with	with	ADP	IN	_	62	case	312	316
nodejs-governance:u0049:s03	62	others	other	NOUN	NNS	Number=Plur	59	obl	317	323
nodejs-governance:u0049:s03	63	.	.	PUNCT	.	_	20	punct	323	324
nodejs-governance:u0050:s00	1	####	####	PUNCT	.	_	0	root	0	4
nodejs-governance:u0050:s01	1	The	the	DET	DT	Definite=Def|PronType=Art	2	det	0	3
nodejs-governance:u0050:s01	2	Authenticity	Authenticity	NOUN	NN	Number=Sing	0	root	4	16
nodejs-governance:u0050:s01	3	of	of	ADP	IN	_	4	case	17	19
nodejs-governance:u0050:s01	4	Contributors	Contributors	NOUN	NNS	Number=Plur	2	nmod	20	32
nodejs-governance:u0051:s00	1	The	the	DET	DT	Definite=Def|PronType=Art	2	det	0	3
nodejs-governance:u0051:s00	2	Node.js	Node.js	PROPN	NNPS	Number=Plur	0	root	4	11
nodejs-governance:u0051:s01	1	project	project	NOUN	NN	Number=Sing	4	nsubj	0	7
nodejs-governance:u0051:s01	2	does	do	AUX	VBZ	Mood=Ind|Number=Sing|Person=3|Tense=Pres|VerbForm=Fin	4	aux	8	12
nodejs-governance:u0051:s01	3	not	not	PART	RB	_	4	advmod	13	16
nodejs-governance:u0051:s01	4	require	require	VERB	VB	VerbForm=Inf	0	root	17	24
nodejs-governance:u0051:s01	5	that	that	SCONJ	IN	_	7	mark	25	29
nodejs-governance:u0051:s01	6	contributors	contributor	NOUN	NNS	Number=Plur	7	nsubj	30	42
nodejs-governance:u0051:s01	7	use	use	VERB	VBP	Mood=Ind|Tense=Pres|VerbForm=Fin	4	ccomp	43	46
nodejs-governance:u0051:s01	8	their	they	PRON	PRP$	Number=Plur|Person=3|Poss=Yes|PronType=Prs	10	nmod:poss	47	52
nodejs-governance:u0051:s01	9	legal	legal	ADJ	JJ	Degree=Pos	10	amod	53	58
nodejs-governance:u0051:s01	10	names	name	NOUN	NNS	Number=Plur	7	obj	59	64
nodejs-governance:u0051:s01	11	or	or	CCONJ	CC	_	12	cc	65	67
nodejs-governance:u0051:s01	12	provide	provide	VERB	VB	VerbForm=Inf	7	conj	68	75
nodejs-governance:u0051:s01	13	any	any	DET	DT	_	15	det	76	79
nodejs-governance:u0051:s01	14	personal	personal	ADJ	JJ	Degree=Pos	15	amod	80	88
nodejs-governance:u0051:s01	15	information	information	NOUN	NN	Number=Sing	12	obj	89	100
nodejs-governance:u0051:s01	16	verifying	verify	VERB	VBG	VerbForm=Ger	15	acl	101	110
nodejs-governance:u0051:s01	17	their	they	PRON	PRP$	Number=Plur|Person=3|Poss=Yes|PronType=Prs	18	nmod:poss	111	116
nodejs-governance:u0051:s01	18	identity	identity	NOUN	NN	Number=Sing	16	obj	117	125
nodejs-governance:u0051:s01	19	.	.	PUNCT	.	_	4	punct	125	126
nodejs-governance:u0052:s00	1	It	it	PRON	PRP	Case=Nom|Gender=Neut|Number=Sing|Person=3|PronType=Prs	4	nsubj	0	2
nodejs-governance:u0052:s00	2	is	be	AUX	VBZ	Mood=Ind|Number=Sing|Person=3|Tense=Pres|VerbForm=Fin	4	cop	3	5
nodejs-governance:u0052:s00	3	not	not	PART	RB	_	4	advmod	6	9
nodejs-governance:u0052:s00	4	uncommon	uncommon	ADJ	JJ	Degree=Pos	0	root	10	18
nodejs-governance:u0052:s00	5	for	for	ADP	IN	_	7	case	19	22
nodejs-governance:u0052:s00	6	malicious	malicious	ADJ	JJ	Degree=Pos	7	amod	23	32
nodejs-governance:u0052:s00	7	actors	actor	NOUN	NNS	Number=Plur	4	obl	33	39
nodejs-governance:u0052:s00	8	to	to	PART	TO	_	9	mark	40	42
nodejs-governance:u0052:s00	9	attempt	attempt	VERB	VB	VerbForm=Inf	7	acl	43	50
nodejs-governance:u0052:s00	10	to	to	PART	TO	_	11	mark	51	53
nodejs-governance:u0052:s00	11	gain	gain	VERB	VB	VerbForm=Inf	9	xcomp	54	58
nodejs-governance:u0052:s00	12	commit	commit	NOUN	NN	Number=Sing	13	compound	59	65
nodejs-governance:u0052:s00	13	access	access	NOUN	NN	Number=Sing	11	obj	66	72
nodejs-governance:u0052:s00	14	to	to	ADP	IN	_	18	case	73	75
nodejs-governance:u0052:s00	15	open	open	ADJ	JJ	Degree=Pos	17	amod	76	80
nodejs-governance:u0052:s00	16	-	-	PUNCT	HYPH	_	17	punct	80	81
nodejs-governance:u0052:s00	17	source	source	NOUN	NN	Number=Sing	18	compound	81	87
nodejs-governance:u0052:s00	18	projects	project	NOUN	NNS	Number=Plur	13	nmod	88	96
nodejs-governance:u0052:s00	19	in	in	ADP	IN	_	22	mark	97	99
nodejs-governance:u0052:s00	20	order	order	NOUN	NN	Number=Sing	19	fixed	100	105
nodejs-governance:u0052:s00	21	to	to	PART	TO	_	22	mark	106	108
nodejs-governance:u0052:s00	22	inject	inject	VERB	VB	VerbForm=Inf	18	acl	109	115
nodejs-governance:u0052:s00	23	malicious	malicious	ADJ	JJ	Degree=Pos	24	amod	116	125
nodejs-governance:u0052:s00	24	code	code	NOUN	NN	Number=Sing	22	obj	126	130
nodejs-governance:u0052:s00	25	or	or	CCONJ	CC	_	29	cc	131	133
nodejs-governance:u0052:s00	26	for	for	ADP	IN	_	29	case	134	137
nodejs-governance:u0052:s00	27	other	other	ADJ	JJ	Degree=Pos	29	amod	138	143
nodejs-governance:u0052:s00	28	nefarious	nefarious	ADJ	JJ	Degree=Pos	29	amod	144	153
nodejs-governance:u0052:s00	29	purposes	purpose	NOUN	NNS	Number=Plur	24	conj	154	162
nodejs-governance:u0052:s00	30	.	.	PUNCT	.	_	4	punct	162	163
nodejs-governance:u0052:s01	1	The	the	DET	DT	Definite=Def|PronType=Art	3	det	0	3
nodejs-governance:u0052:s01	2	Node.js	Node.js	PROPN	NNP	Number=Sing	3	compound	4	11
nodejs-governance:u0052:s01	3	project	project	NOUN	NN	Number=Sing	4	nsubj	12	19
nodejs-governance:u0052:s01	4	has	have	VERB	VBZ	Mood=Ind|Number=Sing|Person=3|Tense=Pres|VerbForm=Fin	0	root	20	23
nodejs-governance:u0052:s01	5	a	a	DET	DT	Definite=Ind|PronType=Art	6	det	24	25
nodejs-governance:u0052:s01	6	number	number	NOUN	NN	Number=Sing	4	obj	26	32
nodejs-governance:u0052:s01	7	of	of	ADP	IN	_	8	case	33	35
nodejs-governance:u0052:s01	8	mechanisms	mechanism	NOUN	NNS	Number=Plur	6	nmod	36	46
nodejs-governance:u0052:s01	9	in	in	ADP	IN	_	10	case	47	49
nodejs-governance:u0052:s01	10	place	place	NOUN	NN	Number=Sing	4	nmod	50	55
nodejs-governance:u0052:s01	11	to	to	PART	TO	_	12	mark	56	58
nodejs-governance:u0052:s01	12	prevent	prevent	VERB	VB	VerbForm=Inf	10	acl	59	66
nodejs-governance:u0052:s01	13	this	this	PRON	DT	Number=Sing|PronType=Dem	12	obj	67	71
nodejs-governance:u0052:s01	14	,	,	PUNCT	,	_	18	punct	71	72
nodejs-governance:u0052:s01	15	but	but	CCONJ	CC	_	18	cc	73	76
nodejs-governance:u0052:s01	16	it	it	PRON	PRP	Case=Nom|Gender=Neut|Number=Sing|Person=3|PronType=Prs	18	nsubj	77	79
nodejs-governance:u0052:s01	17	is	be	AUX	VBZ	Mood=Ind|Number=Sing|Person=3|Tense=Pres|VerbForm=Fin	18	cop	80	82
nodejs-governance:u0052:s01	18	important	important	ADJ	JJ	Degree=Pos	4	conj	83	92
nodejs-governance:u0052:s01	19	to	to	PART	TO	_	21	mark	93	95
nodejs-governance:u0052:s01	20	be	be	AUX	VB	VerbForm=Inf	21	cop	96	98
nodejs-governance:u0052:s01	21	vigilant	vigilant	ADJ	JJ	Degree=Pos	18	xcomp	99	107
nodejs-governance:u0052:s01	22	.	.	PUNCT	.	_	4	punct	107	108
nodejs-governance:u0052:s02	1	If	if	SCONJ	IN	_	3	mark	0	2
nodejs-governance:u0052:s02	2	you	you	PRON	PRP	Case=Nom|Person=2|PronType=Prs	3	nsubj	3	6
nodejs-governance:u0052:s02	3	have	have	VERB	VBP	Mood=Ind|Tense=Pres|VerbForm=Fin	13	advcl	7	11
nodejs-governance:u0052:s02	4	concerns	concern	NOUN	NNS	Number=Plur	3	obj	12	20
nodejs-governance:u0052:s02	5	about	about	ADP	IN	_	7	case	21	26
nodejs-governance:u0052:s02	6	the	the	DET	DT	Definite=Def|PronType=Art	7	det	27	30
nodejs-governance:u0052:s02	7	authenticity	authenticity	NOUN	NN	Number=Sing	4	nmod	31	43
nodejs-governance:u0052:s02	8	of	of	ADP	IN	_	10	case	44	46
nodejs-governance:u0052:s02	9	a	a	DET	DT	Definite=Ind|PronType=Art	10	det	47	48
nodejs-governance:u0052:s02	10	contributor	contributor	NOUN	NN	Number=Sing	7	nmod	49	60
nodejs-governance:u0052:s02	11	,	,	PUNCT	,	_	13	punct	60	61
nodejs-governance:u0052:s02	12	please	please	INTJ	UH	_	13	discourse	62	68
nodejs-governance:u0052:s02	13	raise	raise	VERB	VB	Mood=Imp|VerbForm=Fin	0	root	69	74
nodejs-governance:u0052:s02	14	them	they	PRON	PRP	Case=Acc|Number=Plur|Person=3|PronType=Prs	13	obj	75	79
nodejs-governance:u0052:s02	15	with	with	ADP	IN	_	17	case	80	84
nodejs-governance:u0052:s02	16	the	the	DET	DT	Definite=Def|PronType=Art	17	det	85	88
nodejs-governance:u0052:s02	17	TSC	Tsc	NOUN	NN	Number=Sing	13	obl	89	92
nodejs-governance:u0052:s02	18	.	.	PUNCT	.	_	13	punct	92	93
nodejs-governance:u0052:s03	1	Anyone	anyone	PRON	NN	Number=Sing	7	nsubj	0	6
nodejs-governance:u0052:s03	2	nominating	nominate	VERB	VBG	VerbForm=Ger	1	acl	7	17
nodejs-governance:u0052:s03	3	a	a	DET	DT	Definite=Ind|PronType=Art	5	det	18	19
nodejs-governance:u0052:s03	4	new	new	ADJ	JJ	Degree=Pos	5	amod	20	23
nodejs-governance:u0052:s03	5	collaborator	collaborator	NOUN	NN	Number=Sing	2	obj	24	36
nodejs-governance:u0052:s03	6	should	should	AUX	MD	VerbForm=Fin	7	aux	37	43
nodejs-governance:u0052:s03	7	take	take	VERB	VB	VerbForm=Inf	0	root	44	48
nodejs-governance:u0052:s03	8	reasonable	reasonable	ADJ	JJ	Degree=Pos	9	amod	49	59
nodejs-governance:u0052:s03	9	steps	step	NOUN	NNS	Number=Plur	7	obj	60	65
nodejs-governance:u0052:s03	10	to	to	PART	TO	_	11	mark	66	68
nodejs-governance:u0052:s03	11	verify	verify	VERB	VB	VerbForm=Inf	7	advcl	69	75
nodejs-governance:u0052:s03	12	that	that	SCONJ	IN	_	19	mark	76	80
nodejs-governance:u0052:s03	13	the	the	DET	DT	Definite=Def|PronType=Art	14	det	81	84
nodejs-governance:u0052:s03	14	contributions	contributions	NOUN	NNS	Number=Plur	19	nsubj	85	98
nodejs-governance:u0052:s03	15	of	of	ADP	IN	_	17	case	99	101
nodejs-governance:u0052:s03	16	the	the	DET	DT	Definite=Def|PronType=Art	17	det	102	105
nodejs-governance:u0052:s03	17	nominee	nominee	NOUN	NN	Number=Sing	14	nmod	106	113
nodejs-governance:u0052:s03	18	are	be	AUX	VBP	Mood=Ind|Tense=Pres|VerbForm=Fin	19	cop	114	117
nodejs-governance:u0052:s03	19	authentic	authentic	ADJ	JJ	Degree=Pos	11	ccomp	118	127
nodejs-governance:u0052:s03	20	and	and	CCONJ	CC	_	21	cc	128	131
nodejs-governance:u0052:s03	21	made	make	VERB	VBN	Tense=Past|VerbForm=Part	19	conj	132	136
nodejs-governance:u0052:s03	22	in	in	ADP	IN	_	24	case	137	139
nodejs-governance:u0052:s03	23	good	good	ADJ	JJ	Degree=Pos	24	amod	140	144
nodejs-governance:u0052:s03	24	faith	faith	NOUN	NN	Number=Sing	21	obl	145	150
nodejs-governance:u0052:s03	25	.	.	PUNCT	.	_	7	punct	150	151
nodejs-governance:u0052:s04	1	This	this	PRON	DT	Number=Sing|PronType=Dem	5	nsubj	0	4
nodejs-governance:u0052:s04	2	is	be	AUX	VBZ	Mood=Ind|Number=Sing|Person=3|Tense=Pres|VerbForm=Fin	5	cop	5	7
nodejs-governance:u0052:s04	3	not	not	PART	RB	_	5	advmod	8	11
nodejs-governance:u0052:s04	4	always	always	ADV	RB	_	5	advmod	12	18
nodejs-governance:u0052:s04	5	easy	easy	ADJ	JJ	Degree=Pos	0	root	19	23
nodejs-governance:u0052:s04	6	,	,	PUNCT	,	_	10	punct	23	24
nodejs-governance:u0052:s04	7	but	but	CCONJ	CC	_	10	cc	25	28
nodejs-governance:u0052:s04	8	it	it	PRON	PRP	Case=Nom|Gender=Neut|Number=Sing|Person=3|PronType=Prs	10	nsubj	29	31
nodejs-governance:u0052:s04	9	is	be	AUX	VBZ	Mood=Ind|Number=Sing|Person=3|Tense=Pres|VerbForm=Fin	10	cop	32	34
nodejs-governance:u0052:s04	10	important	important	ADJ	JJ	Degree=Pos	5	conj	35	44
nodejs-governance:u0052:s04	11	.	.	PUNCT	.	_	5	punct	44	45
nodejs-governance:u0053:s00	1	###	###	SYM	NFP	_	0	root	0	3
nodejs-governance:u0053:s01	1	Nominating	Nominat	VERB	VBG	VerbForm=Ger	0	root	0	10
nodejs-governance:u0053:s01	2	a	a	DET	DT	Definite=Ind|PronType=Art	4	det	11	12
nodejs-governance:u0053:s01	3	new	new	ADJ	JJ	Degree=Pos	4	amod	13	16
nodejs-governance:u0053:s01	4	Collaborator	Collaborator	NOUN	NN	Number=Sing	1	obj	17	29
nodejs-governance:u0054:s00	1	To	to	PART	TO	_	2	mark	0	2
nodejs-governance:u0054:s00	2	nominate	nominate	VERB	VB	VerbForm=Inf	0	root	3	11
nodejs-governance:u0054:s00	3	a	a	DET	DT	Definite=Ind|PronType=Art	5	det	12	13
nodejs-governance:u0054:s00	4	new	new	ADJ	JJ	Degree=Pos	5	amod	14	17
nodejs-governance:u0054:s00	5	Collaborator	Collaborator	NOUN	NN	Number=Sing	2	obj	18	30
nodejs-governance:u0054:s00	6	:	:	PUNCT	:	_	2	punct	30	31
nodejs-governance:u0055:s00	1	1	1	X	LS	_	0	root	0	1
nodejs-governance:u0055:s00	2	.	.	PUNCT	.	_	1	punct	1	2
nodejs-governance:u0055:s01	1	**	**	PUNCT	NFP	_	2	punct	0	2
nodejs-governance:u0055:s01	2	Optional	Optional	ADJ	JJ	Degree=Pos	0	root	2	10
nodejs-governance:u0055:s01	3	but	but	CCONJ	CC	_	5	cc	11	14
nodejs-governance:u0055:s01	4	strongly	strongly	ADV	RB	_	5	advmod	15	23
nodejs-governance:u0055:s01	5	recommended	recommend	VERB	VBN	Tense=Past|VerbForm=Part	2	conj	24	35
nodejs-governance:u0055:s01	6	**:	**:	PUNCT	.	_	5	punct	35	38
nodejs-governance:u0055:s01	7	open	open	VERB	VB	VerbForm=Inf	5	parataxis	39	43
nodejs-governance:u0055:s01	8	a	a	DET	DT	Definite=Ind|PronType=Art	10	det	44	45
nodejs-governance:u0055:s01	9	[	[	PUNCT	-LRB-	_	10	punct	46	47
nodejs-governance:u0055:s01	10	discussion	discussion	NOUN	NN	Number=Sing	7	obj	47	57
nodejs-governance:u0055:s01	11	in	in	ADP	IN	_	13	case	58	60
nodejs-governance:u0055:s01	12	the	the	DET	DT	Definite=Def|PronType=Art	13	det	61	64
nodejs-governance:u0055:s01	13	nodejs	nodej	NOUN	NNS	Number=Plur	10	nmod	65	71
nodejs-governance:u0055:s01	14	/	/	PUNCT	,	_	15	cc	71	72
nodejs-governance:u0055:s01	15	collaborators	collaborator	NOUN	NNS	Number=Plur	13	conj	72	85
nodejs-governance:u0055:s01	16	]	]	PUNCT	-RRB-	_	7	punct	85	86
nodejs-governance:u0055:s01	17	[	[	PUNCT	-LRB-	_	7	punct	86	87
nodejs-governance:u0055:s01	18	]	]	PUNCT	-RRB-	_	7	punct	87	88
nodejs-governance:u0055:s01	19	repository	repository	INTJ	UH	_	7	discourse	89	99
nodejs-governance:u0055:s01	20	.	.	PUNCT	.	_	2	punct	99	100
nodejs-governance:u0055:s02	1	Provide	provide	VERB	VB	Mood=Imp|VerbForm=Fin	0	root	0	7
nodejs-governance:u0055:s02	2	a	a	DET	DT	Definite=Ind|PronType=Art	3	det	8	9
nodejs-governance:u0055:s02	3	summary	summary	NOUN	NN	Number=Sing	1	obj	10	17
nodejs-governance:u0055:s02	4	of	of	ADP	IN	_	8	case	18	20
nodejs-governance:u0055:s02	5	the	the	DET	DT	Definite=Def|PronType=Art	6	det	21	24
nodejs-governance:u0055:s02	6	nominee	nominee	NOUN	NN	Number=Sing	8	nmod:poss	25	32
nodejs-governance:u0055:s02	7	's	's	PART	POS	_	6	case	32	34
nodejs-governance:u0055:s02	8	contributions	contribution	NOUN	NNS	Number=Plur	3	nmod	35	48
nodejs-governance:u0055:s02	9	(	(	PUNCT	-LRB-	_	10	punct	49	50
nodejs-governance:u0055:s02	10	see	see	VERB	VB	Mood=Imp|VerbForm=Fin	1	parataxis	50	53
nodejs-governance:u0055:s02	11	below	below	ADV	RB	_	10	advmod	54	59
nodejs-governance:u0055:s02	12	for	for	ADP	IN	_	14	case	60	63
nodejs-governance:u0055:s02	13	an	a	DET	DT	Definite=Ind|PronType=Art	14	det	64	66
nodejs-governance:u0055:s02	14	example	example	NOUN	NN	Number=Sing	10	obl	67	74
nodejs-governance:u0055:s02	15	)	)	PUNCT	-RRB-	_	10	punct	74	75
nodejs-governance:u0055:s02	16	.	.	PUNCT	.	_	1	punct	75	76
nodejs-governance:u0055:s03	1	2	2	X	LS	_	4	nummod	0	1
nodejs-governance:u0055:s03	2	.	.	PUNCT	.	_	1	punct	1	2
nodejs-governance:u0055:s03	3	**	**	PUNCT	NFP	_	1	punct	3	5
nodejs-governance:u0055:s03	4	Optional	Optional	ADJ	JJ	Degree=Pos	0	root	5	13
nodejs-governance:u0055:s03	5	but	but	CCONJ	CC	_	7	cc	14	17
nodejs-governance:u0055:s03	6	strongly	strongly	ADV	RB	_	7	advmod	18	26
nodejs-governance:u0055:s03	7	recommended	recommend	VERB	VBN	Tense=Past|VerbForm=Part	4	conj	27	38
nodejs-governance:u0055:s03	8	**:	**:	PUNCT	.	_	4	punct	38	41
nodejs-governance:u0055:s04	1	After	after	ADP	IN	_	4	case	0	5
nodejs-governance:u0055:s04	2	sufficient	sufficient	ADJ	JJ	Degree=Pos	4	amod	6	16
nodejs-governance:u0055:s04	3	wait	wait	NOUN	NN	Number=Sing	4	compound	17	21
nodejs-governance:u0055:s04	4	time	time	NOUN	NN	Number=Sing	33	obl	22	26
nodejs-governance:u0055:s04	5	(	(	PUNCT	-LRB-	_	8	punct	27	28
nodejs-governance:u0055:s04	6	e.g.	e.g.	ADV	RB	_	8	advmod	28	32
nodejs-governance:u0055:s04	7	72	72	NUM	CD	NumType=Card	8	nummod	33	35
nodejs-governance:u0055:s04	8	hours	hour	NOUN	NNS	Number=Plur	4	appos	36	41
nodejs-governance:u0055:s04	9	)	)	PUNCT	-RRB-	_	8	punct	41	42
nodejs-governance:u0055:s04	10	,	,	PUNCT	,	_	33	punct	42	43
nodejs-governance:u0055:s04	11	if	if	SCONJ	IN	_	16	mark	44	46
nodejs-governance:u0055:s04	12	the	the	DET	DT	Definite=Def|PronType=Art	14	det	47	50
nodejs-governance:u0055:s04	13	nomination	nomination	NOUN	NN	Number=Sing	14	compound	51	61
nodejs-governance:u0055:s04	14	proposal	proposal	NOUN	NN	Number=Sing	16	nsubj	62	70
nodejs-governance:u0055:s04	15	has	have	AUX	VBZ	Mood=Ind|Number=Sing|Person=3|Tense=Pres|VerbForm=Fin	16	aux	71	74
nodejs-governance:u0055:s04	16	received	receive	VERB	VBN	Tense=Past|VerbForm=Part	33	advcl	75	83
nodejs-governance:u0055:s04	17	some	some	DET	DT	_	18	det	84	88
nodejs-governance:u0055:s04	18	support	support	NOUN	NN	Number=Sing	16	obj	89	96
nodejs-governance:u0055:s04	19	and	and	CCONJ	CC	_	22	cc	97	100
nodejs-governance:u0055:s04	20	no	no	DET	DT	_	22	det	101	103
nodejs-governance:u0055:s04	21	explicit	explicit	NOUN	NN	Number=Sing	22	compound	104	112
nodejs-governance:u0055:s04	22	block	block	NOUN	NN	Number=Sing	18	conj	113	118
nodejs-governance:u0055:s04	23	,	,	PUNCT	,	_	31	punct	118	119
nodejs-governance:u0055:s04	24	and	and	CCONJ	CC	_	31	cc	120	123
nodejs-governance:u0055:s04	25	any	any	DET	DT	_	26	det	124	127
nodejs-governance:u0055:s04	26	questions	question	NOUN	NNS	Number=Plur	31	nsubj:pass	128	137
nodejs-governance:u0055:s04	27	/	/	PUNCT	,	_	28	cc	137	138
nodejs-governance:u0055:s04	28	concerns	concern	NOUN	NNS	Number=Plur	26	conj	138	146
nodejs-governance:u0055:s04	29	have	have	AUX	VBP	Mood=Ind|Tense=Pres|VerbForm=Fin	31	aux	147	151
nodejs-governance:u0055:s04	30	been	be	AUX	VBN	Tense=Past|VerbForm=Part	31	aux:pass	152	156
nodejs-governance:u0055:s04	31	addressed	address	VERB	VBN	Tense=Past|VerbForm=Part|Voice=Pass	16	conj	157	166
nodejs-governance:u0055:s04	32	,	,	PUNCT	,	_	33	punct	166	167
nodejs-governance:u0055:s04	33	add	add	VERB	VB	Mood=Imp|VerbForm=Fin	0	root	168	171
nodejs-governance:u0055:s04	34	a	a	DET	DT	Definite=Ind|PronType=Art	35	det	172	173
nodejs-governance:u0055:s04	35	comment	comment	NOUN	NN	Number=Sing	33	obj	174	181
nodejs-governance:u0055:s04	36	in	in	ADP	IN	_	39	case	182	184
nodejs-governance:u0055:s04	37	the	the	DET	DT	Definite=Def|PronType=Art	39	det	185	188
nodejs-governance:u0055:s04	38	private	private	ADJ	JJ	Degree=Pos	39	amod	189	196
nodejs-governance:u0055:s04	39	discussion	discussion	NOUN	NN	Number=Sing	35	nmod	197	207
nodejs-governance:u0055:s04	40	stating	sta	VERB	VBG	VerbForm=Ger	39	acl	208	215
nodejs-governance:u0055:s04	41	you	you	PRON	PRP	Case=Nom|Person=2|PronType=Prs	43	nsubj	216	219
nodejs-governance:u0055:s04	42	're	be	AUX	VBP	Mood=Ind|Tense=Pres|VerbForm=Fin	43	aux	219	222
nodejs-governance:u0055:s04	43	planning	plan	VERB	VBG	Tense=Pres|VerbForm=Part	40	ccomp	223	231
nodejs-governance:u0055:s04	44	on	on	SCONJ	IN	_	45	mark	232	234
nodejs-governance:u0055:s04	45	opening	open	VERB	VBG	VerbForm=Ger	43	advcl	235	242
nodejs-governance:u0055:s04	46	a	a	DET	DT	Definite=Ind|PronType=Art	48	det	243	244
nodejs-governance:u0055:s04	47	public	public	ADJ	JJ	Degree=Pos	48	amod	245	251
nodejs-governance:u0055:s04	48	issue	issue	NOUN	NN	Number=Sing	45	obj	252	257
nodejs-governance:u0055:s04	49	,	,	PUNCT	,	_	50	punct	257	258
nodejs-governance:u0055:s04	50	e.g	e.g	X	FW	_	43	conj	259	262
nodejs-governance:u0055:s04	51	.	.	PUNCT	.	_	33	punct	262	263
nodejs-governance:u0055:s05	1	"	"	PUNCT	``	_	3	punct	0	1
nodejs-governance:u0055:s05	2	I	I	PRON	PRP	Case=Nom|Number=Sing|Person=1|PronType=Prs	3	nsubj	1	2
nodejs-governance:u0055:s05	3	see	see	VERB	VBP	Mood=Ind|Tense=Pres|VerbForm=Fin	0	root	3	6
nodejs-governance:u0055:s05	4	a	a	DET	DT	Definite=Ind|PronType=Art	5	det	7	8
nodejs-governance:u0055:s05	5	number	number	NOUN	NN	Number=Sing	3	obj	9	15
nodejs-governance:u0055:s05	6	of	of	ADP	IN	_	7	case	16	18
nodejs-governance:u0055:s05	7	approvals	approval	NOUN	NNS	Number=Plur	5	nmod	19	28
nodejs-governance:u0055:s05	8	and	and	CCONJ	CC	_	10	cc	29	32
nodejs-governance:u0055:s05	9	no	no	DET	DT	_	10	det	33	35
nodejs-governance:u0055:s05	10	block	block	NOUN	NN	Number=Sing	5	conj	36	41
nodejs-governance:u0055:s05	11	,	,	PUNCT	,	_	15	punct	41	42
nodejs-governance:u0055:s05	12	I	I	PRON	PRP	Case=Nom|Number=Sing|Person=1|PronType=Prs	15	nsubj	43	44
nodejs-governance:u0055:s05	13	'll	will	AUX	MD	VerbForm=Fin	15	aux	44	47
nodejs-governance:u0055:s05	14	be	be	AUX	VB	VerbForm=Inf	15	aux	48	50
nodejs-governance:u0055:s05	15	opening	open	VERB	VBG	VerbForm=Ger	3	advcl	51	58
nodejs-governance:u0055:s05	16	a	a	DET	DT	Definite=Ind|PronType=Art	19	det	59	60
nodejs-governance:u0055:s05	17	public	public	ADJ	JJ	Degree=Pos	18	amod	61	67
nodejs-governance:u0055:s05	18	nomination	nomination	NOUN	NN	Number=Sing	19	compound	68	78
nodejs-governance:u0055:s05	19	issue	issue	NOUN	NN	Number=Sing	15	obj	79	84
nodejs-governance:u0055:s05	20	if	if	SCONJ	IN	_	24	mark	85	87
nodejs-governance:u0055:s05	21	I	I	PRON	PRP	Case=Nom|Number=Sing|Person=1|PronType=Prs	24	nsubj	88	89
nodejs-governance:u0055:s05	22	do	do	AUX	VBP	Mood=Ind|Tense=Pres|VerbForm=Fin	24	aux	90	92
nodejs-governance:u0055:s05	23	n't	not	PART	RB	_	24	advmod	92	95
nodejs-governance:u0055:s05	24	hear	hear	VERB	VB	VerbForm=Inf	15	advcl	96	100
nodejs-governance:u0055:s05	25	any	any	DET	DT	_	26	det	101	104
nodejs-governance:u0055:s05	26	objections	objection	NOUN	NNS	Number=Plur	24	obj	105	115
nodejs-governance:u0055:s05	27	in	in	ADP	IN	_	31	case	116	118
nodejs-governance:u0055:s05	28	the	the	DET	DT	Definite=Def|PronType=Art	31	det	119	122
nodejs-governance:u0055:s05	29	next	next	ADJ	JJ	Degree=Pos	31	amod	123	127
nodejs-governance:u0055:s05	30	72	72	NUM	CD	NumType=Card	31	nummod	128	130
nodejs-governance:u0055:s05	31	hours	hour	NOUN	NNS	Number=Plur	26	nmod	131	136
nodejs-governance:u0055:s05	32	"	"	PUNCT	''	_	3	punct	136	137
nodejs-governance:u0055:s05	33	.	.	PUNCT	.	_	3	punct	137	138
nodejs-governance:u0055:s06	1	3	3	X	LS	_	4	nummod	0	1
nodejs-governance:u0055:s06	2	.	.	PUNCT	.	_	1	punct	1	2
nodejs-governance:u0055:s06	3	**	**	PUNCT	NFP	_	1	punct	3	5
nodejs-governance:u0055:s06	4	Optional	Optional	ADJ	JJ	Degree=Pos	0	root	5	13
nodejs-governance:u0055:s06	5	but	but	CCONJ	CC	_	7	cc	14	17
nodejs-governance:u0055:s06	6	strongly	strongly	ADV	RB	_	7	advmod	18	26
nodejs-governance:u0055:s06	7	recommended	recommend	VERB	VBN	Tense=Past|VerbForm=Part	4	conj	27	38
nodejs-governance:u0055:s06	8	**:	**:	PUNCT	.	_	4	punct	38	41
nodejs-governance:u0055:s07	1	Privately	Privately	ADV	RB	_	2	advmod	0	9
nodejs-governance:u0055:s07	2	contact	contact	VERB	VB	Mood=Imp|VerbForm=Fin	0	root	10	17
nodejs-governance:u0055:s07	3	the	the	DET	DT	Definite=Def|PronType=Art	4	det	18	21
nodejs-governance:u0055:s07	4	nominee	nominee	NOUN	NN	Number=Sing	2	obj	22	29
nodejs-governance:u0055:s07	5	to	to	PART	TO	_	6	mark	30	32
nodejs-governance:u0055:s07	6	make	make	VERB	VB	VerbForm=Inf	2	advcl	33	37
nodejs-governance:u0055:s07	7	sure	sure	ADJ	JJ	Degree=Pos	6	xcomp	38	42
nodejs-governance:u0055:s07	8	they	they	PRON	PRP	Case=Nom|Number=Plur|Person=3|PronType=Prs	10	nsubj	43	47
nodejs-governance:u0055:s07	9	're	be	AUX	VBP	Mood=Ind|Tense=Pres|VerbForm=Fin	10	cop	47	50
nodejs-governance:u0055:s07	10	comfortable	comfortable	ADJ	JJ	Degree=Pos	7	ccomp	51	62
nodejs-governance:u0055:s07	11	with	with	ADP	IN	_	13	case	63	67
nodejs-governance:u0055:s07	12	the	the	DET	DT	Definite=Def|PronType=Art	13	det	68	71
nodejs-governance:u0055:s07	13	nomination	nomination	NOUN	NN	Number=Sing	10	obl	72	82
nodejs-governance:u0055:s07	14	.	.	PUNCT	.	_	2	punct	82	83
nodejs-governance:u0055:s08	1	4	4	X	LS	_	3	nummod	0	1
nodejs-governance:u0055:s08	2	.	.	PUNCT	.	_	1	punct	1	2
nodejs-governance:u0055:s08	3	Open	open	VERB	VB	Mood=Imp|VerbForm=Fin	0	root	3	7
nodejs-governance:u0055:s08	4	an	a	DET	DT	Definite=Ind|PronType=Art	5	det	8	10
nodejs-governance:u0055:s08	5	issue	issue	NOUN	NN	Number=Sing	3	obj	11	16
nodejs-governance:u0055:s08	6	in	in	ADP	IN	_	9	case	17	19
nodejs-governance:u0055:s08	7	the	the	DET	DT	Definite=Def|PronType=Art	9	det	20	23
nodejs-governance:u0055:s08	8	[	[	PUNCT	-LRB-	_	9	punct	24	25
nodejs-governance:u0055:s08	9	nodejs	nodej	NOUN	NNS	Number=Plur	5	nmod	25	31
nodejs-governance:u0055:s08	10	/	/	PUNCT	,	_	11	cc	31	32
nodejs-governance:u0055:s08	11	node	node	NOUN	NN	Number=Sing	9	conj	32	36
nodejs-governance:u0055:s08	12	]	]	PUNCT	-RRB-	_	9	punct	36	37
nodejs-governance:u0055:s08	13	[	[	PUNCT	-LRB-	_	3	punct	37	38
nodejs-governance:u0055:s08	14	]	]	PUNCT	-RRB-	_	3	punct	38	39
nodejs-governance:u0055:s08	15	repository	repository	INTJ	UH	_	3	discourse	40	50
nodejs-governance:u0055:s08	16	.	.	PUNCT	.	_	3	punct	50	51
nodejs-governance:u0055:s09	1	Provide	provide	VERB	VB	Mood=Imp|VerbForm=Fin	0	root	0	7
nodejs-governance:u0055:s09	2	a	a	DET	DT	Definite=Ind|PronType=Art	3	det	8	9
nodejs-governance:u0055:s09	3	summary	summary	NOUN	NN	Number=Sing	1	obj	10	17
nodejs-governance:u0055:s09	4	of	of	ADP	IN	_	8	case	18	20
nodejs-governance:u0055:s09	5	the	the	DET	DT	Definite=Def|PronType=Art	6	det	21	24
nodejs-governance:u0055:s09	6	nominee	nominee	NOUN	NN	Number=Sing	8	nmod:poss	25	32
nodejs-governance:u0055:s09	7	's	's	PART	POS	_	6	case	32	34
nodejs-governance:u0055:s09	8	contributions	contribution	NOUN	NNS	Number=Plur	3	nmod	35	48
nodejs-governance:u0055:s09	9	(	(	PUNCT	-LRB-	_	10	punct	49	50
nodejs-governance:u0055:s09	10	see	see	VERB	VB	Mood=Imp|VerbForm=Fin	1	parataxis	50	53
nodejs-governance:u0055:s09	11	below	below	ADV	RB	_	10	advmod	54	59
nodejs-governance:u0055:s09	12	for	for	ADP	IN	_	14	case	60	63
nodejs-governance:u0055:s09	13	an	a	DET	DT	Definite=Ind|PronType=Art	14	det	64	66
nodejs-governance:u0055:s09	14	example	example	NOUN	NN	Number=Sing	10	obl	67	74
nodejs-governance:u0055:s09	15	)	)	PUNCT	-RRB-	_	10	punct	74	75
nodejs-governance:u0055:s09	16	.	.	PUNCT	.	_	1	punct	75	76
nodejs-governance:u0055:s10	1	Mention	mention	NOUN	NN	Number=Sing	0	root	0	7
nodejs-governance:u0055:s10	2	@nodejs	@nodej	NOUN	NNS	Number=Plur	1	appos	8	15
nodejs-governance:u0055:s10	3	/	/	PUNCT	,	_	4	cc	15	16
nodejs-governance:u0055:s10	4	collaborators	collaborator	NOUN	NNS	Number=Plur	2	conj	16	29
nodejs-governance:u0055:s10	5	in	in	ADP	IN	_	7	case	30	32
nodejs-governance:u0055:s10	6	the	the	DET	DT	Definite=Def|PronType=Art	7	det	33	36
nodejs-governance:u0055:s10	7	issue	issue	NOUN	NN	Number=Sing	2	nmod	37	42
nodejs-governance:u0055:s10	8	to	to	PART	TO	_	9	mark	43	45
nodejs-governance:u0055:s10	9	notify	notify	VERB	VB	VerbForm=Inf	2	acl	46	52
nodejs-governance:u0055:s10	10	other	other	ADJ	JJ	Degree=Pos	11	amod	53	58
nodejs-governance:u0055:s10	11	collaborators	collaborator	NOUN	NNS	Number=Plur	9	obj	59	72
nodejs-governance:u0055:s10	12	about	about	ADP	IN	_	14	case	73	78
nodejs-governance:u0055:s10	13	the	the	DET	DT	Definite=Def|PronType=Art	14	det	79	82
nodejs-governance:u0055:s10	14	nomination	nomination	NOUN	NN	Number=Sing	11	nmod	83	93
nodejs-governance:u0055:s10	15	.	.	PUNCT	.	_	1	punct	93	94
nodejs-governance:u0056:s00	1	The	the	DET	DT	Definite=Def|PronType=Art	7	det	0	3
nodejs-governance:u0056:s00	2	_Optional	_Optional	ADJ	JJ	Degree=Pos	7	amod	4	13
nodejs-governance:u0056:s00	3	but	but	CCONJ	CC	_	5	cc	14	17
nodejs-governance:u0056:s00	4	strongly	strongly	ADV	RB	_	5	advmod	18	26
nodejs-governance:u0056:s00	5	recommended	recommend	VERB	VBN	Tense=Past|VerbForm=Part	2	conj	27	38
nodejs-governance:u0056:s00	6	_	_	SYM	NFP	_	7	punct	38	39
nodejs-governance:u0056:s00	7	steps	step	NOUN	NNS	Number=Plur	9	nsubj	40	45
nodejs-governance:u0056:s00	8	are	be	AUX	VBP	Mood=Ind|Tense=Pres|VerbForm=Fin	9	cop	46	49
nodejs-governance:u0056:s00	9	optional	optional	ADJ	JJ	Degree=Pos	0	root	50	58
nodejs-governance:u0056:s00	10	in	in	ADP	IN	_	12	case	59	61
nodejs-governance:u0056:s00	11	the	the	DET	DT	Definite=Def|PronType=Art	12	det	62	65
nodejs-governance:u0056:s00	12	sense	sense	NOUN	NN	Number=Sing	9	obl	66	71
nodejs-governance:u0056:s00	13	that	that	SCONJ	IN	_	18	mark	72	76
nodejs-governance:u0056:s00	14	skipping	skip	VERB	VBG	VerbForm=Ger	18	nsubj	77	85
nodejs-governance:u0056:s00	15	them	they	PRON	PRP	Case=Acc|Number=Plur|Person=3|PronType=Prs	14	obj	86	90
nodejs-governance:u0056:s00	16	would	would	AUX	MD	VerbForm=Fin	18	aux	91	96
nodejs-governance:u0056:s00	17	not	not	PART	RB	_	18	advmod	97	100
nodejs-governance:u0056:s00	18	invalidate	invalidate	VERB	VB	VerbForm=Inf	9	ccomp	101	111
nodejs-governance:u0056:s00	19	the	the	DET	DT	Definite=Def|PronType=Art	20	det	112	115
nodejs-governance:u0056:s00	20	nomination	nomination	NOUN	NN	Number=Sing	18	obj	116	126
nodejs-governance:u0056:s00	21	,	,	PUNCT	,	_	25	punct	126	127
nodejs-governance:u0056:s00	22	but	but	CCONJ	CC	_	25	cc	128	131
nodejs-governance:u0056:s00	23	it	it	PRON	PRP	Case=Nom|Gender=Neut|Number=Sing|Person=3|PronType=Prs	25	nsubj	132	134
nodejs-governance:u0056:s00	24	could	could	AUX	MD	VerbForm=Fin	25	aux	135	140
nodejs-governance:u0056:s00	25	put	put	VERB	VB	VerbForm=Inf	9	conj	141	144
nodejs-governance:u0056:s00	26	the	the	DET	DT	Definite=Def|PronType=Art	27	det	145	148
nodejs-governance:u0056:s00	27	nominee	nominee	NOUN	NN	Number=Sing	25	obj	149	156
nodejs-governance:u0056:s00	28	in	in	ADP	IN	_	32	case	157	159
nodejs-governance:u0056:s00	29	a	a	DET	DT	Definite=Ind|PronType=Art	32	det	160	161
nodejs-governance:u0056:s00	30	very	very	ADV	RB	_	31	advmod	162	166
nodejs-governance:u0056:s00	31	awkward	awkward	ADJ	JJ	Degree=Pos	32	amod	167	174
nodejs-governance:u0056:s00	32	situation	situation	NOUN	NN	Number=Sing	25	obl	175	184
nodejs-governance:u0056:s00	33	if	if	SCONJ	IN	_	35	mark	185	187
nodejs-governance:u0056:s00	34	a	a	DET	DT	Definite=Ind|PronType=Art	35	det	188	189
nodejs-governance:u0056:s00	35	nomination	nomination	NOUN	NN	Number=Sing	25	advcl	190	200
nodejs-governance:u0056:s00	36	they	they	PRON	PRP	Case=Nom|Number=Plur|Person=3|PronType=Prs	39	nsubj	201	205
nodejs-governance:u0056:s00	37	did	do	AUX	VBD	Mood=Ind|Tense=Past|VerbForm=Fin	39	aux	206	209
nodejs-governance:u0056:s00	38	n't	not	PART	RB	_	39	advmod	209	212
nodejs-governance:u0056:s00	39	ask	ask	VERB	VB	VerbForm=Inf	35	acl:relcl	213	216
nodejs-governance:u0056:s00	40	for	for	ADP	IN	_	41	case	217	220
nodejs-governance:u0056:s00	41	pops	pop	NOUN	NNS	Number=Plur	39	obl	221	225
nodejs-governance:u0056:s00	42	out	out	ADP	IN	_	44	case	226	229
nodejs-governance:u0056:s00	43	of	of	ADP	IN	_	44	case	230	232
nodejs-governance:u0056:s00	44	nowhere	nowhere	ADV	RB	_	39	obl	233	240
nodejs-governance:u0056:s00	45	only	only	ADV	RB	_	48	advmod	241	245
nodejs-governance:u0056:s00	46	to	to	PART	TO	_	48	mark	246	248
nodejs-governance:u0056:s00	47	be	be	AUX	VB	VerbForm=Inf	48	aux:pass	249	251
nodejs-governance:u0056:s00	48	rejected	reject	VERB	VBN	Tense=Past|VerbForm=Part|Voice=Pass	39	advcl	252	260
nodejs-governance:u0056:s00	49	.	.	PUNCT	.	_	9	punct	260	261
nodejs-governance:u0056:s01	1	Do	do	AUX	VBP	Mood=Ind|Tense=Pres|VerbForm=Fin	3	aux	0	2
nodejs-governance:u0056:s01	2	not	not	PART	RB	_	3	advmod	3	6
nodejs-governance:u0056:s01	3	skip	skip	VERB	VB	VerbForm=Inf	0	root	7	11
nodejs-governance:u0056:s01	4	those	those	DET	DT	Number=Plur|PronType=Dem	5	det	12	17
nodejs-governance:u0056:s01	5	steps	step	NOUN	NNS	Number=Plur	3	obj	18	23
nodejs-governance:u0056:s01	6	unless	unless	SCONJ	IN	_	10	mark	24	30
nodejs-governance:u0056:s01	7	you	you	PRON	PRP	Case=Nom|Person=2|PronType=Prs	10	nsubj	31	34
nodejs-governance:u0056:s01	8	're	be	AUX	VBP	Mood=Ind|Tense=Pres|VerbForm=Fin	10	cop	34	37
nodejs-governance:u0056:s01	9	absolutely	absolutely	ADV	RB	_	10	advmod	38	48
nodejs-governance:u0056:s01	10	certain	certain	ADJ	JJ	Degree=Pos	3	advcl	49	56
nodejs-governance:u0056:s01	11	the	the	DET	DT	Definite=Def|PronType=Art	12	det	57	60
nodejs-governance:u0056:s01	12	nominee	nominee	NOUN	NN	Number=Sing	14	nsubj	61	68
nodejs-governance:u0056:s01	13	is	be	AUX	VBZ	Mood=Ind|Number=Sing|Person=3|Tense=Pres|VerbForm=Fin	14	cop	69	71
nodejs-governance:u0056:s01	14	fine	fine	ADJ	JJ	Degree=Pos	10	conj	72	76
nodejs-governance:u0056:s01	15	with	with	ADP	IN	_	18	case	77	81
nodejs-governance:u0056:s01	16	the	the	DET	DT	Definite=Def|PronType=Art	18	det	82	85
nodejs-governance:u0056:s01	17	public	public	ADJ	JJ	Degree=Pos	18	amod	86	92
nodejs-governance:u0056:s01	18	scrutiny	scrutiny	NOUN	NN	Number=Sing	14	obl	93	101
nodejs-governance:u0056:s01	19	.	.	PUNCT	.	_	3	punct	101	102
nodejs-governance:u0057:s00	1	Example	example	NOUN	NN	Number=Sing	0	root	0	7
nodejs-governance:u0057:s00	2	of	of	ADP	IN	_	3	case	8	10
nodejs-governance:u0057:s00	3	list	list	NOUN	NN	Number=Sing	1	nmod	11	15
nodejs-governance:u0057:s00	4	of	of	ADP	IN	_	5	case	16	18
nodejs-governance:u0057:s00	5	contributions	contribution	NOUN	NNS	Number=Plur	3	nmod	19	32
nodejs-governance:u0057:s00	6	:	:	PUNCT	:	_	1	punct	32	33
nodejs-governance:u0058:s00	1	*	*	PUNCT	NFP	_	2	punct	0	1
nodejs-governance:u0058:s00	2	Commits	Commit	NOUN	NNS	Number=Plur	0	root	2	9
nodejs-governance:u0058:s00	3	in	in	ADP	IN	_	6	case	10	12
nodejs-governance:u0058:s00	4	the	the	DET	DT	Definite=Def|PronType=Art	6	det	13	16
nodejs-governance:u0058:s00	5	[	[	PUNCT	-LRB-	_	6	punct	17	18
nodejs-governance:u0058:s00	6	nodejs	nodej	NOUN	NNS	Number=Plur	2	nmod	18	24
nodejs-governance:u0058:s00	7	/	/	PUNCT	,	_	8	cc	24	25
nodejs-governance:u0058:s00	8	node	node	NOUN	NN	Number=Sing	6	conj	25	29
nodejs-governance:u0058:s00	9	]	]	PUNCT	-RRB-	_	6	punct	29	30
nodejs-governance:u0058:s00	10	[	[	PUNCT	-LRB-	_	2	punct	30	31
nodejs-governance:u0058:s00	11	]	]	PUNCT	-RRB-	_	2	punct	31	32
nodejs-governance:u0058:s00	12	repository	repository	INTJ	UH	_	2	discourse	33	43
nodejs-governance:u0058:s00	13	.	.	PUNCT	.	_	2	punct	43	44
nodejs-governance:u0058:s00	14	*	*	PUNCT	NFP	_	2	punct	45	46
nodejs-governance:u0058:s00	15	Use	use	VERB	VB	Mood=Imp|VerbForm=Fin	2	appos	47	50
nodejs-governance:u0058:s00	16	the	the	DET	DT	Definite=Def|PronType=Art	17	det	51	54
nodejs-governance:u0058:s00	17	link	link	NOUN	NN	Number=Sing	15	obj	55	59
nodejs-governance:u0058:s00	18	`	`	PUNCT	``	_	15	punct	60	61
nodejs-governance:u0058:s00	19	https://github.com/nodejs/node/commits?author=GITHUB_ID	https://github.com/nodejs/node/commits?author=github_id	VERB	VB	Mood=Imp|VerbForm=Fin	15	parataxis	61	116
nodejs-governance:u0058:s00	20	`	`	PUNCT	``	_	19	punct	116	117
nodejs-governance:u0058:s00	21	*	*	PUNCT	NFP	_	23	punct	118	119
nodejs-governance:u0058:s00	22	Pull	pull	NOUN	NN	Number=Sing	23	compound	120	124
nodejs-governance:u0058:s00	23	requests	request	NOUN	NNS	Number=Plur	19	obj	125	133
nodejs-governance:u0058:s00	24	and	and	CCONJ	CC	_	25	cc	134	137
nodejs-governance:u0058:s00	25	issues	issue	NOUN	NNS	Number=Plur	23	conj	138	144
nodejs-governance:u0058:s00	26	opened	open	VERB	VBN	Tense=Past|VerbForm=Part	25	acl	145	151
nodejs-governance:u0058:s00	27	in	in	ADP	IN	_	36	case	152	154
nodejs-governance:u0058:s00	28	the	the	DET	DT	Definite=Def|PronType=Art	36	det	155	158
nodejs-governance:u0058:s00	29	[	[	PUNCT	-LRB-	_	30	punct	159	160
nodejs-governance:u0058:s00	30	nodejs	nodej	NOUN	NNS	Number=Plur	36	compound	160	166
nodejs-governance:u0058:s00	31	/	/	PUNCT	,	_	32	cc	166	167
nodejs-governance:u0058:s00	32	node	node	NOUN	NN	Number=Sing	30	conj	167	171
nodejs-governance:u0058:s00	33	]	]	PUNCT	-RRB-	_	30	punct	171	172
nodejs-governance:u0058:s00	34	[	[	PUNCT	-LRB-	_	30	punct	172	173
nodejs-governance:u0058:s00	35	]	]	PUNCT	-RRB-	_	30	punct	173	174
nodejs-governance:u0058:s00	36	repository	repository	NOUN	NN	Number=Sing	26	obl	175	185
nodejs-governance:u0058:s00	37	.	.	PUNCT	.	_	2	punct	185	186
nodejs-governance:u0058:s00	38	*	*	PUNCT	NFP	_	2	punct	187	188
nodejs-governance:u0058:s01	1	Use	use	VERB	VB	Mood=Imp|VerbForm=Fin	0	root	0	3
nodejs-governance:u0058:s01	2	the	the	DET	DT	Definite=Def|PronType=Art	3	det	4	7
nodejs-governance:u0058:s01	3	link	link	NOUN	NN	Number=Sing	1	obj	8	12
nodejs-governance:u0058:s01	4	`	`	PUNCT	``	_	1	punct	13	14
nodejs-governance:u0058:s01	5	https://github.com/nodejs/node/issues?q=author:GITHUB_ID	https://github.com/nodejs/node/issues?q=author:github_id	VERB	VB	Mood=Imp|VerbForm=Fin	1	parataxis	14	70
nodejs-governance:u0058:s01	6	`	`	PUNCT	``	_	5	punct	70	71
nodejs-governance:u0058:s01	7	*	*	PUNCT	NFP	_	5	punct	72	73
nodejs-governance:u0058:s01	8	Comments	comment	NOUN	NNS	Number=Plur	1	obj	74	82
nodejs-governance:u0058:s01	9	on	on	ADP	IN	_	11	case	83	85
nodejs-governance:u0058:s01	10	pull	pull	NOUN	NN	Number=Sing	11	compound	86	90
nodejs-governance:u0058:s01	11	requests	request	NOUN	NNS	Number=Plur	8	nmod	91	99
nodejs-governance:u0058:s01	12	and	and	CCONJ	CC	_	13	cc	100	103
nodejs-governance:u0058:s01	13	issues	issue	NOUN	NNS	Number=Plur	11	conj	104	110
nodejs-governance:u0058:s01	14	in	in	ADP	IN	_	17	case	111	113
nodejs-governance:u0058:s01	15	the	the	DET	DT	Definite=Def|PronType=Art	17	det	114	117
nodejs-governance:u0058:s01	16	[	[	PUNCT	-LRB-	_	17	punct	118	119
nodejs-governance:u0058:s01	17	nodejs	nodej	NOUN	NNS	Number=Plur	13	nmod	119	125
nodejs-governance:u0058:s01	18	/	/	PUNCT	,	_	19	cc	125	126
nodejs-governance:u0058:s01	19	node	node	NOUN	NN	Number=Sing	17	conj	126	130
nodejs-governance:u0058:s01	20	]	]	PUNCT	-RRB-	_	17	punct	130	131
nodejs-governance:u0058:s01	21	[	[	PUNCT	-LRB-	_	1	punct	131	132
nodejs-governance:u0058:s01	22	]	]	PUNCT	-RRB-	_	1	punct	132	133
nodejs-governance:u0058:s01	23	repository	repository	INTJ	UH	_	1	discourse	134	144
nodejs-governance:u0058:s01	24	*	*	PUNCT	NFP	_	1	punct	145	146
nodejs-governance:u0058:s01	25	Use	use	VERB	VB	Mood=Imp|VerbForm=Fin	1	parataxis	147	150
nodejs-governance:u0058:s01	26	the	the	DET	DT	Definite=Def|PronType=Art	30	det	151	154
nodejs-governance:u0058:s01	27	link	link	NOUN	NN	Number=Sing	30	compound	155	159
nodejs-governance:u0058:s01	28	`https://github.com/nodejs/node/issues?q=commenter:GITHUB_ID`	`https://github.com/nodejs/node/issues?q=commenter:github_id`	NOUN	NN	Number=Sing	30	compound	160	221
nodejs-governance:u0058:s01	29	*	*	PUNCT	NFP	_	30	punct	222	223
nodejs-governance:u0058:s01	30	Reviews	review	NOUN	NNS	Number=Plur	25	obj	224	231
nodejs-governance:u0058:s01	31	on	on	ADP	IN	_	33	case	232	234
nodejs-governance:u0058:s01	32	pull	pull	NOUN	NN	Number=Sing	33	compound	235	239
nodejs-governance:u0058:s01	33	requests	request	NOUN	NNS	Number=Plur	25	obl	240	248
nodejs-governance:u0058:s01	34	in	in	ADP	IN	_	37	case	249	251
nodejs-governance:u0058:s01	35	the	the	DET	DT	Definite=Def|PronType=Art	37	det	252	255
nodejs-governance:u0058:s01	36	[	[	PUNCT	-LRB-	_	37	punct	256	257
nodejs-governance:u0058:s01	37	nodejs	nodej	NOUN	NNS	Number=Plur	33	nmod	257	263
nodejs-governance:u0058:s01	38	/	/	PUNCT	,	_	39	cc	263	264
nodejs-governance:u0058:s01	39	node	node	NOUN	NN	Number=Sing	37	conj	264	268
nodejs-governance:u0058:s01	40	]	]	PUNCT	-RRB-	_	37	punct	268	269
nodejs-governance:u0058:s01	41	[	[	PUNCT	-LRB-	_	33	punct	269	270
nodejs-governance:u0058:s01	42	]	]	PUNCT	-RRB-	_	33	punct	270	271
nodejs-governance:u0058:s01	43	repository	repository	INTJ	UH	_	25	discourse	272	282
nodejs-governance:u0058:s01	44	*	*	PUNCT	NFP	_	1	punct	283	284
nodejs-governance:u0058:s01	45	Use	use	VERB	VB	Mood=Imp|VerbForm=Fin	1	parataxis	285	288
nodejs-governance:u0058:s01	46	the	the	DET	DT	Definite=Def|PronType=Art	48	det	289	292
nodejs-governance:u0058:s01	47	link	link	NOUN	NN	Number=Sing	48	compound	293	297
nodejs-governance:u0058:s01	48	`https://github.com/nodejs/node/pulls?q=reviewed-by:GITHUB_ID`	`https://github.com/nodejs/node/pulls?q=reviewed-by:github_id`	NOUN	NN	Number=Sing	45	obj	298	360
nodejs-governance:u0058:s01	49	*	*	PUNCT	NFP	_	1	punct	361	362
nodejs-governance:u0058:s02	1	Help	help	NOUN	NN	Number=Sing	2	nsubj	0	4
nodejs-governance:u0058:s02	2	provided	provide	VERB	VBD	Mood=Ind|Tense=Past|VerbForm=Fin	0	root	5	13
nodejs-governance:u0058:s02	3	to	to	ADP	IN	_	4	case	14	16
nodejs-governance:u0058:s02	4	end-users	end-user	NOUN	NNS	Number=Plur	2	obl	17	26
nodejs-governance:u0058:s02	5	and	and	CCONJ	CC	_	7	cc	27	30
nodejs-governance:u0058:s02	6	novice	novice	NOUN	NN	Number=Sing	7	compound	31	37
nodejs-governance:u0058:s02	7	contributors	contributor	NOUN	NNS	Number=Plur	4	conj	38	50
nodejs-governance:u0058:s02	8	*	*	PUNCT	NFP	_	10	punct	51	52
nodejs-governance:u0058:s02	9	Pull	pull	NOUN	NN	Number=Sing	10	compound	53	57
nodejs-governance:u0058:s02	10	requests	request	NOUN	NNS	Number=Plur	4	conj	58	66
nodejs-governance:u0058:s02	11	and	and	CCONJ	CC	_	12	cc	67	70
nodejs-governance:u0058:s02	12	issues	issue	NOUN	NNS	Number=Plur	4	conj	71	77
nodejs-governance:u0058:s02	13	opened	open	VERB	VBN	Tense=Past|VerbForm=Part	12	acl	78	84
nodejs-governance:u0058:s02	14	throughout	throughout	ADP	IN	_	17	case	85	95
nodejs-governance:u0058:s02	15	the	the	DET	DT	Definite=Def|PronType=Art	17	det	96	99
nodejs-governance:u0058:s02	16	Node.js	Node.js	PROPN	NNP	Number=Sing	17	compound	100	107
nodejs-governance:u0058:s02	17	organization	organization	NOUN	NN	Number=Sing	13	obl	108	120
nodejs-governance:u0058:s02	18	*	*	PUNCT	NFP	_	2	punct	121	122
nodejs-governance:u0058:s02	19	Use	use	SCONJ	IN	_	23	mark	123	126
nodejs-governance:u0058:s02	20	the	the	DET	DT	Definite=Def|PronType=Art	21	det	127	130
nodejs-governance:u0058:s02	21	link	link	NOUN	NN	Number=Sing	23	nsubj	131	135
nodejs-governance:u0058:s02	22	`	`	PUNCT	``	_	23	punct	136	137
nodejs-governance:u0058:s02	23	https://github.com/search?q=author:GITHUB_ID+org:nodejs	https://github.com/search?q=author:GITHUB_ID+org:nodej	VERB	VBZ	Mood=Ind|Number=Sing|Person=3|Tense=Pres|VerbForm=Fin	2	ccomp	137	192
nodejs-governance:u0058:s02	24	`	`	PUNCT	``	_	23	punct	192	193
nodejs-governance:u0058:s02	25	*	*	PUNCT	NFP	_	23	punct	194	195
nodejs-governance:u0058:s02	26	Comments	comment	NOUN	NNS	Number=Plur	23	obj	196	204
nodejs-governance:u0058:s02	27	on	on	ADP	IN	_	29	case	205	207
nodejs-governance:u0058:s02	28	pull	pull	NOUN	NN	Number=Sing	29	compound	208	212
nodejs-governance:u0058:s02	29	requests	request	NOUN	NNS	Number=Plur	26	nmod	213	221
nodejs-governance:u0058:s02	30	and	and	CCONJ	CC	_	31	cc	222	225
nodejs-governance:u0058:s02	31	issues	issue	NOUN	NNS	Number=Plur	29	conj	226	232
nodejs-governance:u0058:s02	32	throughout	throughout	ADP	IN	_	35	case	233	243
nodejs-governance:u0058:s02	33	the	the	DET	DT	Definite=Def|PronType=Art	35	det	244	247
nodejs-governance:u0058:s02	34	Node.js	Node.js	PROPN	NNP	Number=Sing	35	compound	248	255
nodejs-governance:u0058:s02	35	organization	organization	NOUN	NN	Number=Sing	31	nmod	256	268
nodejs-governance:u0058:s02	36	*	*	PUNCT	NFP	_	29	punct	269	270
nodejs-governance:u0058:s02	37	Use	use	SCONJ	IN	_	42	case	271	274
nodejs-governance:u0058:s02	38	the	the	DET	DT	Definite=Def|PronType=Art	42	det	275	278
nodejs-governance:u0058:s02	39	link	link	NOUN	NN	Number=Sing	42	compound	279	283
nodejs-governance:u0058:s02	40	`https://github.com/search?q=commenter:GITHUB_ID+org:nodejs`	`https://github.com/search?q=commenter:github_id+org:nodejs`	NOUN	NN	Number=Sing	42	compound	284	344
nodejs-governance:u0058:s02	41	*	*	PUNCT	NFP	_	42	punct	345	346
nodejs-governance:u0058:s02	42	Participation	participation	NOUN	NN	Number=Sing	26	nmod	347	360
nodejs-governance:u0058:s02	43	in	in	ADP	IN	_	45	case	361	363
nodejs-governance:u0058:s02	44	other	other	ADJ	JJ	Degree=Pos	45	amod	364	369
nodejs-governance:u0058:s02	45	projects	project	NOUN	NNS	Number=Plur	42	nmod	370	378
nodejs-governance:u0058:s02	46	,	,	PUNCT	,	_	47	punct	378	379
nodejs-governance:u0058:s02	47	teams	team	NOUN	NNS	Number=Plur	45	conj	380	385
nodejs-governance:u0058:s02	48	,	,	PUNCT	,	_	50	punct	385	386
nodejs-governance:u0058:s02	49	and	and	CCONJ	CC	_	50	cc	387	390
nodejs-governance:u0058:s02	50	working	work	VERB	VBG	VerbForm=Ger	45	conj	391	398
nodejs-governance:u0058:s02	51	groups	group	NOUN	NNS	Number=Plur	50	obj	399	405
nodejs-governance:u0058:s02	52	of	of	ADP	IN	_	58	case	406	408
nodejs-governance:u0058:s02	53	the	the	DET	DT	Definite=Def|PronType=Art	58	det	409	412
nodejs-governance:u0058:s02	54	Node.js	Node.js	PROPN	NNP	Number=Sing	55	compound	413	420
nodejs-governance:u0058:s02	55	organization	organization	NOUN	NN	Number=Sing	58	compound	421	433
nodejs-governance:u0058:s02	56	*	*	PUNCT	NFP	_	58	punct	434	435
nodejs-governance:u0058:s02	57	Other	other	ADJ	JJ	Degree=Pos	58	amod	436	441
nodejs-governance:u0058:s02	58	participation	participation	NOUN	NN	Number=Sing	51	nmod	442	455
nodejs-governance:u0058:s02	59	in	in	ADP	IN	_	62	case	456	458
nodejs-governance:u0058:s02	60	the	the	DET	DT	Definite=Def|PronType=Art	62	det	459	462
nodejs-governance:u0058:s02	61	wider	wider	ADJ	JJR	Degree=Cmp	62	amod	463	468
nodejs-governance:u0058:s02	62	Node.js	Node.js	PROPN	NNP	Number=Sing	58	nmod	469	476
nodejs-governance:u0058:s03	1	community	community	NOUN	NN	Number=Sing	0	root	0	9
nodejs-governance:u0059:s00	1	The	the	DET	DT	Definite=Def|PronType=Art	2	det	0	3
nodejs-governance:u0059:s00	2	nomination	nomination	NOUN	NN	Number=Sing	3	nsubj	4	14
nodejs-governance:u0059:s00	3	passes	pass	VERB	VBZ	Mood=Ind|Number=Sing|Person=3|Tense=Pres|VerbForm=Fin	0	root	15	21
nodejs-governance:u0059:s00	4	if	if	SCONJ	IN	_	7	mark	22	24
nodejs-governance:u0059:s00	5	no	no	DET	DT	_	6	det	25	27
nodejs-governance:u0059:s00	6	collaborators	collaborator	NOUN	NNS	Number=Plur	7	nsubj	28	41
nodejs-governance:u0059:s00	7	oppose	oppose	VERB	VBP	Mood=Ind|Tense=Pres|VerbForm=Fin	3	advcl	42	48
nodejs-governance:u0059:s00	8	it	it	PRON	PRP	Case=Nom|Gender=Neut|Number=Sing|Person=3|PronType=Prs	7	obj	49	51
nodejs-governance:u0059:s00	9	(	(	PUNCT	-LRB-	_	11	punct	52	53
nodejs-governance:u0059:s00	10	as	as	SCONJ	IN	_	11	mark	53	55
nodejs-governance:u0059:s00	11	described	describe	VERB	VBN	Tense=Past|VerbForm=Part	7	advcl	56	65
nodejs-governance:u0059:s00	12	in	in	ADP	IN	_	15	case	66	68
nodejs-governance:u0059:s00	13	the	the	DET	DT	Definite=Def|PronType=Art	15	det	69	72
nodejs-governance:u0059:s00	14	following	follow	VERB	VBG	VerbForm=Ger	15	amod	73	82
nodejs-governance:u0059:s00	15	section	section	NOUN	NN	Number=Sing	11	obl	83	90
nodejs-governance:u0059:s00	16	)	)	PUNCT	-RRB-	_	11	punct	90	91
nodejs-governance:u0059:s00	17	after	after	ADP	IN	_	19	case	92	97
nodejs-governance:u0059:s00	18	one	one	NUM	CD	NumType=Card	19	nummod	98	101
nodejs-governance:u0059:s00	19	week	week	NOUN	NN	Number=Sing	7	obl	102	106
nodejs-governance:u0059:s00	20	.	.	PUNCT	.	_	3	punct	106	107
nodejs-governance:u0059:s01	1	In	in	ADP	IN	_	3	case	0	2
nodejs-governance:u0059:s01	2	the	the	DET	DT	Definite=Def|PronType=Art	3	det	3	6
nodejs-governance:u0059:s01	3	case	case	NOUN	NN	Number=Sing	11	obl	7	11
nodejs-governance:u0059:s01	4	of	of	ADP	IN	_	6	case	12	14
nodejs-governance:u0059:s01	5	an	a	DET	DT	Definite=Ind|PronType=Art	6	det	15	17
nodejs-governance:u0059:s01	6	objection	objection	NOUN	NN	Number=Sing	3	nmod	18	27
nodejs-governance:u0059:s01	7	,	,	PUNCT	,	_	11	punct	27	28
nodejs-governance:u0059:s01	8	the	the	DET	DT	Definite=Def|PronType=Art	9	det	29	32
nodejs-governance:u0059:s01	9	TSC	Tsc	NOUN	NN	Number=Sing	11	nsubj	33	36
nodejs-governance:u0059:s01	10	is	be	AUX	VBZ	Mood=Ind|Number=Sing|Person=3|Tense=Pres|VerbForm=Fin	11	cop	37	39
nodejs-governance:u0059:s01	11	responsible	responsible	ADJ	JJ	Degree=Pos	0	root	40	51
nodejs-governance:u0059:s01	12	for	for	SCONJ	IN	_	13	mark	52	55
nodejs-governance:u0059:s01	13	working	work	VERB	VBG	VerbForm=Ger	11	advcl	56	63
nodejs-governance:u0059:s01	14	with	with	ADP	IN	_	16	case	64	68
nodejs-governance:u0059:s01	15	the	the	DET	DT	Definite=Def|PronType=Art	16	det	69	72
nodejs-governance:u0059:s01	16	individuals	individual	NOUN	NNS	Number=Plur	13	obl	73	84
nodejs-governance:u0059:s01	17	involved	involved	ADJ	JJ	Degree=Pos	16	acl	85	93
nodejs-governance:u0059:s01	18	and	and	CCONJ	CC	_	19	cc	94	97
nodejs-governance:u0059:s01	19	finding	find	VERB	VBG	VerbForm=Ger	17	conj	98	105
nodejs-governance:u0059:s01	20	a	a	DET	DT	Definite=Ind|PronType=Art	21	det	106	107
nodejs-governance:u0059:s01	21	resolution	resolution	NOUN	NN	Number=Sing	19	obj	108	118
nodejs-governance:u0059:s01	22	.	.	PUNCT	.	_	11	punct	118	119
nodejs-governance:u0059:s02	1	The	the	DET	DT	Definite=Def|PronType=Art	8	det	0	3
nodejs-governance:u0059:s02	2	TSC	TSC	PROPN	NNP	Number=Sing	8	compound	4	7
nodejs-governance:u0059:s02	3	may	may	PROPN	NNP	Number=Sing	2	flat	8	11
nodejs-governance:u0059:s02	4	,	,	PUNCT	,	_	2	punct	11	12
nodejs-governance:u0059:s02	5	following	follow	VERB	VBG	VerbForm=Ger	2	amod	13	22
nodejs-governance:u0059:s02	6	typical	typical	ADJ	JJ	Degree=Pos	8	amod	23	30
nodejs-governance:u0059:s02	7	TSC	TSC	NOUN	NN	Number=Sing	8	compound	31	34
nodejs-governance:u0059:s02	8	consensus	consensus	NOUN	NN	Number=Sing	12	nsubj	35	44
nodejs-governance:u0059:s02	9	seeking	seek	VERB	VBG	VerbForm=Ger	8	acl	45	52
nodejs-governance:u0059:s02	10	processes	process	NOUN	NNS	Number=Plur	9	obj	53	62
nodejs-governance:u0059:s02	11	,	,	PUNCT	,	_	12	punct	62	63
nodejs-governance:u0059:s02	12	choose	choose	VERB	VB	Mood=Imp|VerbForm=Fin	0	root	64	70
nodejs-governance:u0059:s02	13	to	to	PART	TO	_	14	mark	71	73
nodejs-governance:u0059:s02	14	advance	advance	VERB	VB	VerbForm=Inf	12	xcomp	74	81
nodejs-governance:u0059:s02	15	a	a	DET	DT	Definite=Ind|PronType=Art	16	det	82	83
nodejs-governance:u0059:s02	16	nomination	nomination	NOUN	NN	Number=Sing	14	obj	84	94
nodejs-governance:u0059:s02	17	that	that	PRON	WDT	PronType=Rel	20	nsubj	95	99
nodejs-governance:u0059:s02	18	has	have	AUX	VBZ	Mood=Ind|Number=Sing|Person=3|Tense=Pres|VerbForm=Fin	20	aux	100	103
nodejs-governance:u0059:s02	19	otherwise	otherwise	ADV	RB	_	20	advmod	104	113
nodejs-governance:u0059:s02	20	failed	fail	VERB	VBN	Tense=Past|VerbForm=Part	16	acl:relcl	114	120
nodejs-governance:u0059:s02	21	to	to	PART	TO	_	22	mark	121	123
nodejs-governance:u0059:s02	22	reach	reach	VERB	VB	VerbForm=Inf	20	xcomp	124	129
nodejs-governance:u0059:s02	23	a	a	DET	DT	Definite=Ind|PronType=Art	25	det	130	131
nodejs-governance:u0059:s02	24	natural	natural	ADJ	JJ	Degree=Pos	25	amod	132	139
nodejs-governance:u0059:s02	25	consensus	consensus	NOUN	NN	Number=Sing	22	obj	140	149
nodejs-governance:u0059:s02	26	or	or	CCONJ	CC	_	28	cc	150	152
nodejs-governance:u0059:s02	27	clear	clear	ADJ	JJ	Degree=Pos	28	amod	153	158
nodejs-governance:u0059:s02	28	path	path	NOUN	NN	Number=Sing	25	conj	159	163
nodejs-governance:u0059:s02	29	forward	forward	ADV	RB	_	22	advmod	164	171
nodejs-governance:u0059:s02	30	even	even	ADV	RB	_	33	advmod	172	176
nodejs-governance:u0059:s02	31	if	if	SCONJ	IN	_	33	mark	177	179
nodejs-governance:u0059:s02	32	there	there	PRON	EX	_	33	expl	180	185
nodejs-governance:u0059:s02	33	are	be	VERB	VBP	Mood=Ind|Tense=Pres|VerbForm=Fin	22	advcl	186	189
nodejs-governance:u0059:s02	34	outstanding	outstanding	ADJ	JJ	Degree=Pos	35	amod	190	201
nodejs-governance:u0059:s02	35	objections	objection	NOUN	NNS	Number=Plur	33	nsubj	202	212
nodejs-governance:u0059:s02	36	.	.	PUNCT	.	_	12	punct	212	213
nodejs-governance:u0059:s03	1	The	the	DET	DT	Definite=Def|PronType=Art	2	det	0	3
nodejs-governance:u0059:s03	2	TSC	Tsc	NOUN	NN	Number=Sing	5	nsubj	4	7
nodejs-governance:u0059:s03	3	may	may	AUX	MD	VerbForm=Fin	5	aux	8	11
nodejs-governance:u0059:s03	4	also	also	ADV	RB	_	5	advmod	12	16
nodejs-governance:u0059:s03	5	choose	choose	VERB	VB	VerbForm=Inf	0	root	17	23
nodejs-governance:u0059:s03	6	to	to	PART	TO	_	7	mark	24	26
nodejs-governance:u0059:s03	7	prevent	prevent	VERB	VB	VerbForm=Inf	5	xcomp	27	34
nodejs-governance:u0059:s03	8	a	a	DET	DT	Definite=Ind|PronType=Art	9	det	35	36
nodejs-governance:u0059:s03	9	nomination	nomination	NOUN	NN	Number=Sing	7	obj	37	47
nodejs-governance:u0059:s03	10	from	from	ADP	IN	_	11	case	48	52
nodejs-governance:u0059:s03	11	advancing	advancing	NOUN	NN	Number=Sing	7	obl	53	62
nodejs-governance:u0059:s03	12	if	if	SCONJ	IN	_	15	mark	63	65
nodejs-governance:u0059:s03	13	the	the	DET	DT	Definite=Def|PronType=Art	14	det	66	69
nodejs-governance:u0059:s03	14	TSC	TSC	PROPN	NNP	Number=Sing	15	nsubj	70	73
nodejs-governance:u0059:s03	15	determines	determine	VERB	VBZ	Mood=Ind|Number=Sing|Person=3|Tense=Pres|VerbForm=Fin	7	advcl	74	84
nodejs-governance:u0059:s03	16	that	that	SCONJ	IN	_	23	mark	85	89
nodejs-governance:u0059:s03	17	any	any	DET	DT	_	18	det	90	93
nodejs-governance:u0059:s03	18	objections	objection	NOUN	NNS	Number=Plur	23	nsubj:pass	94	104
nodejs-governance:u0059:s03	19	have	have	AUX	VBP	Mood=Ind|Tense=Pres|VerbForm=Fin	23	aux	105	109
nodejs-governance:u0059:s03	20	not	not	PART	RB	_	23	advmod	110	113
nodejs-governance:u0059:s03	21	been	be	AUX	VBN	Tense=Past|VerbForm=Part	23	aux:pass	114	118
nodejs-governance:u0059:s03	22	adequately	adequately	ADV	RB	_	23	advmod	119	129
nodejs-governance:u0059:s03	23	addressed	address	VERB	VBN	Tense=Past|VerbForm=Part|Voice=Pass	15	ccomp	130	139
nodejs-governance:u0059:s03	24	.	.	PUNCT	.	_	5	punct	139	140
nodejs-governance:u0060:s00	1	####	####	PUNCT	.	_	0	root	0	4
nodejs-governance:u0060:s01	1	How	how	ADV	WRB	PronType=Int	3	advmod	0	3
nodejs-governance:u0060:s01	2	to	to	PART	TO	_	3	mark	4	6
nodejs-governance:u0060:s01	3	review	review	VERB	VB	VerbForm=Inf	0	root	7	13
nodejs-governance:u0060:s01	4	a	a	DET	DT	Definite=Ind|PronType=Art	6	det	14	15
nodejs-governance:u0060:s01	5	collaborator	collaborator	NOUN	NN	Number=Sing	6	compound	16	28
nodejs-governance:u0060:s01	6	nomination	nomination	NOUN	NN	Number=Sing	3	obj	29	39
nodejs-governance:u0061:s00	1	A	a	DET	DT	Definite=Ind|PronType=Art	3	det	0	1
nodejs-governance:u0061:s00	2	collaborator	collaborator	NOUN	NN	Number=Sing	3	compound	2	14
nodejs-governance:u0061:s00	3	nomination	nomination	NOUN	NN	Number=Sing	6	nsubj:pass	15	25
nodejs-governance:u0061:s00	4	can	can	AUX	MD	VerbForm=Fin	6	aux	26	29
nodejs-governance:u0061:s00	5	be	be	AUX	VB	VerbForm=Inf	6	aux:pass	30	32
nodejs-governance:u0061:s00	6	reviewed	review	VERB	VBN	Tense=Past|VerbForm=Part|Voice=Pass	0	root	33	41
nodejs-governance:u0061:s00	7	in	in	ADP	IN	_	10	case	42	44
nodejs-governance:u0061:s00	8	the	the	DET	DT	Definite=Def|PronType=Art	10	det	45	48
nodejs-governance:u0061:s00	9	same	same	ADJ	JJ	Degree=Pos	10	amod	49	53
nodejs-governance:u0061:s00	10	way	way	NOUN	NN	Number=Sing	6	obl	54	57
nodejs-governance:u0061:s00	11	one	one	PRON	PRP	_	13	nsubj	58	61
nodejs-governance:u0061:s00	12	would	would	AUX	MD	VerbForm=Fin	13	aux	62	67
nodejs-governance:u0061:s00	13	review	review	VERB	VB	VerbForm=Inf	10	acl:relcl	68	74
nodejs-governance:u0061:s00	14	a	a	DET	DT	Definite=Ind|PronType=Art	15	det	75	76
nodejs-governance:u0061:s00	15	PR	pr	NOUN	NN	Number=Sing	13	obj	77	79
nodejs-governance:u0061:s00	16	adding	add	VERB	VBG	VerbForm=Ger	15	acl	80	86
nodejs-governance:u0061:s00	17	a	a	DET	DT	Definite=Ind|PronType=Art	18	det	87	88
nodejs-governance:u0061:s00	18	feature	feature	NOUN	NN	Number=Sing	16	obj	89	96
nodejs-governance:u0061:s00	19	:	:	PUNCT	:	_	6	punct	96	97
nodejs-governance:u0062:s00	1	*	*	PUNCT	NFP	_	0	root	0	1
nodejs-governance:u0062:s01	1	If	if	SCONJ	IN	_	3	mark	0	2
nodejs-governance:u0062:s01	2	you	you	PRON	PRP	Case=Nom|Person=2|PronType=Prs	3	nsubj	3	6
nodejs-governance:u0062:s01	3	see	see	VERB	VBP	Mood=Ind|Tense=Pres|VerbForm=Fin	13	advcl	7	10
nodejs-governance:u0062:s01	4	the	the	DET	DT	Definite=Def|PronType=Art	5	det	11	14
nodejs-governance:u0062:s01	5	nomination	nomination	NOUN	NN	Number=Sing	3	obj	15	25
nodejs-governance:u0062:s01	6	as	as	ADP	IN	_	7	case	26	28
nodejs-governance:u0062:s01	7	something	something	PRON	NN	Number=Sing	3	obl	29	38
nodejs-governance:u0062:s01	8	positive	positive	ADJ	JJ	Degree=Pos	7	amod	39	47
nodejs-governance:u0062:s01	9	to	to	ADP	IN	_	11	case	48	50
nodejs-governance:u0062:s01	10	the	the	DET	DT	Definite=Def|PronType=Art	11	det	51	54
nodejs-governance:u0062:s01	11	project	project	NOUN	NN	Number=Sing	8	obl	55	62
nodejs-governance:u0062:s01	12	,	,	PUNCT	,	_	13	punct	62	63
nodejs-governance:u0062:s01	13	say	say	VERB	VB	Mood=Imp|VerbForm=Fin	0	root	64	67
nodejs-governance:u0062:s01	14	so	so	ADV	RB	_	13	advmod	68	70
nodejs-governance:u0062:s01	15	!	!	PUNCT	.	_	13	punct	70	71
nodejs-governance:u0062:s01	16	*	*	PUNCT	NFP	_	13	punct	72	73
nodejs-governance:u0062:s02	1	If	if	SCONJ	IN	_	4	mark	0	2
nodejs-governance:u0062:s02	2	you	you	PRON	PRP	Case=Nom|Person=2|PronType=Prs	4	nsubj	3	6
nodejs-governance:u0062:s02	3	are	be	AUX	VBP	Mood=Ind|Tense=Pres|VerbForm=Fin	4	cop	7	10
nodejs-governance:u0062:s02	4	neutral	neutral	ADJ	JJ	Degree=Pos	22	advcl	11	18
nodejs-governance:u0062:s02	5	,	,	PUNCT	,	_	7	punct	18	19
nodejs-governance:u0062:s02	6	or	or	CCONJ	CC	_	7	cc	20	22
nodejs-governance:u0062:s02	7	feel	feel	VERB	VBP	Mood=Ind|Tense=Pres|VerbForm=Fin	4	conj	23	27
nodejs-governance:u0062:s02	8	you	you	PRON	PRP	Case=Nom|Person=2|PronType=Prs	11	nsubj	28	31
nodejs-governance:u0062:s02	9	do	do	AUX	VBP	Mood=Ind|Tense=Pres|VerbForm=Fin	11	aux	32	34
nodejs-governance:u0062:s02	10	n't	not	PART	RB	_	11	advmod	34	37
nodejs-governance:u0062:s02	11	know	know	VERB	VB	VerbForm=Inf	7	xcomp	38	42
nodejs-governance:u0062:s02	12	enough	enough	ADV	RB	_	11	advmod	43	49
nodejs-governance:u0062:s02	13	to	to	PART	TO	_	14	mark	50	52
nodejs-governance:u0062:s02	14	have	have	VERB	VB	VerbForm=Inf	11	xcomp	53	57
nodejs-governance:u0062:s02	15	an	a	DET	DT	Definite=Ind|PronType=Art	17	det	58	60
nodejs-governance:u0062:s02	16	informed	informed	VERB	VBN	Tense=Past|VerbForm=Part	17	amod	61	69
nodejs-governance:u0062:s02	17	opinion	opinion	NOUN	NN	Number=Sing	14	obj	70	77
nodejs-governance:u0062:s02	18	,	,	PUNCT	,	_	22	punct	77	78
nodejs-governance:u0062:s02	19	it	it	PRON	PRP	Case=Nom|Gender=Neut|Number=Sing|Person=3|PronType=Prs	22	nsubj	79	81
nodejs-governance:u0062:s02	20	's	be	AUX	VBZ	Mood=Ind|Number=Sing|Person=3|Tense=Pres|VerbForm=Fin	22	cop	81	83
nodejs-governance:u0062:s02	21	certainly	certainly	ADV	RB	_	22	advmod	84	93
nodejs-governance:u0062:s02	22	OK	ok	ADJ	JJ	Degree=Pos	0	root	94	96
nodejs-governance:u0062:s02	23	to	to	PART	TO	_	25	mark	97	99
nodejs-governance:u0062:s02	24	not	not	PART	RB	_	25	advmod	100	103
nodejs-governance:u0062:s02	25	interact	interact	VERB	VB	VerbForm=Inf	22	xcomp	104	112
nodejs-governance:u0062:s02	26	with	with	ADP	IN	_	28	case	113	117
nodejs-governance:u0062:s02	27	the	the	DET	DT	Definite=Def|PronType=Art	28	det	118	121
nodejs-governance:u0062:s02	28	nomination	nomination	NOUN	NN	Number=Sing	25	obl	122	132
nodejs-governance:u0062:s02	29	.	.	PUNCT	.	_	22	punct	132	133
nodejs-governance:u0062:s02	30	*	*	PUNCT	NFP	_	22	punct	134	135
nodejs-governance:u0062:s03	1	If	if	SCONJ	IN	_	3	mark	0	2
nodejs-governance:u0062:s03	2	you	you	PRON	PRP	Case=Nom|Person=2|PronType=Prs	3	nsubj	3	6
nodejs-governance:u0062:s03	3	think	think	VERB	VBP	Mood=Ind|Tense=Pres|VerbForm=Fin	19	advcl	7	12
nodejs-governance:u0062:s03	4	the	the	DET	DT	Definite=Def|PronType=Art	5	det	13	16
nodejs-governance:u0062:s03	5	nomination	nomination	NOUN	NN	Number=Sing	7	nsubj:pass	17	27
nodejs-governance:u0062:s03	6	was	be	AUX	VBD	Mood=Ind|Number=Sing|Person=3|Tense=Past|VerbForm=Fin	7	aux:pass	28	31
nodejs-governance:u0062:s03	7	made	make	VERB	VBN	Tense=Past|VerbForm=Part|Voice=Pass	3	ccomp	32	36
nodejs-governance:u0062:s03	8	too	too	ADV	RB	_	9	advmod	37	40
nodejs-governance:u0062:s03	9	soon	soon	ADV	RB	Degree=Pos	7	advmod	41	45
nodejs-governance:u0062:s03	10	,	,	PUNCT	,	_	14	punct	45	46
nodejs-governance:u0062:s03	11	or	or	CCONJ	CC	_	14	cc	47	49
nodejs-governance:u0062:s03	12	can	can	AUX	MD	VerbForm=Fin	14	aux	50	53
nodejs-governance:u0062:s03	13	be	be	AUX	VB	VerbForm=Inf	14	cop	54	56
nodejs-governance:u0062:s03	14	detrimental	detrimental	ADJ	JJ	Degree=Pos	3	conj	57	68
nodejs-governance:u0062:s03	15	to	to	ADP	IN	_	17	case	69	71
nodejs-governance:u0062:s03	16	the	the	DET	DT	Definite=Def|PronType=Art	17	det	72	75
nodejs-governance:u0062:s03	17	project	project	NOUN	NN	Number=Sing	14	obl	76	83
nodejs-governance:u0062:s03	18	,	,	PUNCT	,	_	19	punct	83	84
nodejs-governance:u0062:s03	19	share	share	VERB	VB	Mood=Imp|VerbForm=Fin	0	root	85	90
nodejs-governance:u0062:s03	20	your	you	PRON	PRP$	Person=2|Poss=Yes|PronType=Prs	21	nmod:poss	91	95
nodejs-governance:u0062:s03	21	concerns	concern	NOUN	NNS	Number=Plur	19	obj	96	104
nodejs-governance:u0062:s03	22	.	.	PUNCT	.	_	19	punct	104	105
nodejs-governance:u0062:s04	1	See	see	VERB	VB	Mood=Imp|VerbForm=Fin	0	root	0	3
nodejs-governance:u0062:s04	2	the	the	DET	DT	Definite=Def|PronType=Art	3	det	4	7
nodejs-governance:u0062:s04	3	section	section	NOUN	NN	Number=Sing	1	obj	8	15
nodejs-governance:u0062:s04	4	"	"	PUNCT	''	_	1	punct	16	17
nodejs-governance:u0062:s04	5	How	how	ADV	WRB	PronType=Int	7	advmod	17	20
nodejs-governance:u0062:s04	6	to	to	PART	TO	_	7	mark	21	23
nodejs-governance:u0062:s04	7	oppose	oppose	VERB	VB	VerbForm=Inf	1	ccomp	24	30
nodejs-governance:u0062:s04	8	a	a	DET	DT	Definite=Ind|PronType=Art	10	det	31	32
nodejs-governance:u0062:s04	9	collaborator	collaborator	NOUN	NN	Number=Sing	10	compound	33	45
nodejs-governance:u0062:s04	10	nomination	nomination	NOUN	NN	Number=Sing	7	obj	46	56
nodejs-governance:u0062:s04	11	"	"	PUNCT	''	_	10	punct	56	57
nodejs-governance:u0062:s04	12	below	below	ADV	RB	_	10	advmod	58	63
nodejs-governance:u0062:s04	13	.	.	PUNCT	.	_	1	punct	63	64
nodejs-governance:u0063:s00	1	Our	we	PRON	PRP$	Number=Plur|Person=1|Poss=Yes|PronType=Prs	2	nmod:poss	0	3
nodejs-governance:u0063:s00	2	goal	goal	NOUN	NN	Number=Sing	3	nsubj	4	8
nodejs-governance:u0063:s00	3	is	be	VERB	VBZ	Mood=Ind|Number=Sing|Person=3|Tense=Pres|VerbForm=Fin	0	root	9	11
nodejs-governance:u0063:s00	4	to	to	PART	TO	_	5	mark	12	14
nodejs-governance:u0063:s00	5	keep	keep	VERB	VB	VerbForm=Inf	3	ccomp	15	19
nodejs-governance:u0063:s00	6	gate	gate	NOUN	NN	Number=Sing	5	obj	20	24
nodejs-governance:u0063:s00	7	-	-	PUNCT	HYPH	_	6	punct	24	25
nodejs-governance:u0063:s00	8	keeping	keep	VERB	VBG	VerbForm=Ger	6	acl	25	32
nodejs-governance:u0063:s00	9	at	at	ADP	IN	_	11	case	33	35
nodejs-governance:u0063:s00	10	a	a	DET	DT	Definite=Ind|PronType=Art	11	det	36	37
nodejs-governance:u0063:s00	11	minimal	minimal	NOUN	NN	Number=Sing	8	obl	38	45
nodejs-governance:u0063:s00	12	,	,	PUNCT	,	_	18	punct	45	46
nodejs-governance:u0063:s00	13	but	but	CCONJ	CC	_	18	cc	47	50
nodejs-governance:u0063:s00	14	it	it	PRON	PRP	Case=Nom|Gender=Neut|Number=Sing|Person=3|PronType=Prs	18	nsubj	51	53
nodejs-governance:u0063:s00	15	can	can	AUX	MD	VerbForm=Fin	18	aux	54	57
nodejs-governance:u0063:s00	16	not	not	PART	RB	_	18	advmod	57	60
nodejs-governance:u0063:s00	17	be	be	AUX	VB	VerbForm=Inf	18	cop	61	63
nodejs-governance:u0063:s00	18	zero	zero	ADJ	JJ	Degree=Pos	3	conj	64	68
nodejs-governance:u0063:s00	19	since	since	SCONJ	IN	_	23	mark	69	74
nodejs-governance:u0063:s00	20	being	be	AUX	VBG	VerbForm=Ger	22	cop	75	80
nodejs-governance:u0063:s00	21	a	a	DET	DT	Definite=Ind|PronType=Art	22	det	81	82
nodejs-governance:u0063:s00	22	collaborator	collaborator	NOUN	NN	Number=Sing	23	nsubj	83	95
nodejs-governance:u0063:s00	23	requires	require	VERB	VBZ	Mood=Ind|Number=Sing|Person=3|Tense=Pres|VerbForm=Fin	18	advcl	96	104
nodejs-governance:u0063:s00	24	trust	trust	NOUN	NN	Number=Sing	23	obj	105	110
nodejs-governance:u0063:s00	25	(	(	PUNCT	-LRB-	_	26	punct	111	112
nodejs-governance:u0063:s00	26	collaborators	collaborator	NOUN	NNS	Number=Plur	28	nsubj	112	125
nodejs-governance:u0063:s00	27	can	can	AUX	MD	VerbForm=Fin	28	aux	126	129
nodejs-governance:u0063:s00	28	start	start	VERB	VB	VerbForm=Inf	24	parataxis	130	135
nodejs-governance:u0063:s00	29	CI	CI	PROPN	NNP	Number=Sing	30	compound	136	138
nodejs-governance:u0063:s00	30	jobs	job	NOUN	NNS	Number=Plur	28	obj	139	143
nodejs-governance:u0063:s00	31	,	,	PUNCT	,	_	32	punct	143	144
nodejs-governance:u0063:s00	32	use	use	VERB	VB	VerbForm=Inf	28	conj	145	148
nodejs-governance:u0063:s00	33	their	they	PRON	PRP$	Number=Plur|Person=3|Poss=Yes|PronType=Prs	34	nmod:poss	149	154
nodejs-governance:u0063:s00	34	veto	veto	NOUN	NN	Number=Sing	32	obj	155	159
nodejs-governance:u0063:s00	35	,	,	PUNCT	,	_	37	punct	159	160
nodejs-governance:u0063:s00	36	push	push	NOUN	NN	Number=Sing	37	compound	161	165
nodejs-governance:u0063:s00	37	commits	commit	NOUN	NNS	Number=Plur	34	conj	166	173
nodejs-governance:u0063:s00	38	,	,	PUNCT	,	_	39	punct	173	174
nodejs-governance:u0063:s00	39	etc.	etc.	X	FW	_	34	conj	175	179
nodejs-governance:u0063:s00	40	)	)	PUNCT	-RRB-	_	28	punct	179	180
nodejs-governance:u0063:s00	41	,	,	PUNCT	,	_	3	punct	180	181
nodejs-governance:u0063:s00	42	so	so	ADV	RB	_	43	advmod	182	184
nodejs-governance:u0063:s00	43	what	what	PRON	WP	PronType=Int	3	parataxis	185	189
nodejs-governance:u0063:s00	44	's	be	AUX	VBZ	Mood=Ind|Number=Sing|Person=3|Tense=Pres|VerbForm=Fin	49	cop	189	191
nodejs-governance:u0063:s00	45	the	the	DET	DT	Definite=Def|PronType=Art	47	det	192	195
nodejs-governance:u0063:s00	46	minimal	minimal	ADJ	JJ	Degree=Pos	47	amod	196	203
nodejs-governance:u0063:s00	47	amount	amount	NOUN	NN	Number=Sing	49	nsubj	204	210
nodejs-governance:u0063:s00	48	is	be	AUX	VBZ	Mood=Ind|Number=Sing|Person=3|Tense=Pres|VerbForm=Fin	49	cop	211	213
nodejs-governance:u0063:s00	49	subjective	subjective	ADJ	JJ	Degree=Pos	43	acl:relcl	214	224
nodejs-governance:u0063:s00	50	,	,	PUNCT	,	_	54	punct	224	225
nodejs-governance:u0063:s00	51	and	and	CCONJ	CC	_	54	cc	226	229
nodejs-governance:u0063:s00	52	there	there	PRON	EX	_	54	expl	230	235
nodejs-governance:u0063:s00	53	will	will	AUX	MD	VerbForm=Fin	54	aux	236	240
nodejs-governance:u0063:s00	54	be	be	VERB	VB	VerbForm=Inf	43	conj	241	243
nodejs-governance:u0063:s00	55	cases	case	NOUN	NNS	Number=Plur	54	nsubj	244	249
nodejs-governance:u0063:s00	56	where	where	ADV	WRB	PronType=Int	58	mark	250	255
nodejs-governance:u0063:s00	57	collaborators	collaborator	NOUN	NNS	Number=Plur	58	nsubj	256	269
nodejs-governance:u0063:s00	58	disagree	disagree	VERB	VBP	Mood=Ind|Tense=Pres|VerbForm=Fin	55	acl	270	278
nodejs-governance:u0063:s00	59	on	on	SCONJ	IN	_	64	mark	279	281
nodejs-governance:u0063:s00	60	whether	whether	SCONJ	IN	_	64	mark	282	289
nodejs-governance:u0063:s00	61	a	a	DET	DT	Definite=Ind|PronType=Art	62	det	290	291
nodejs-governance:u0063:s00	62	nomination	nomination	NOUN	NN	Number=Sing	64	nsubj	292	302
nodejs-governance:u0063:s00	63	should	should	AUX	MD	VerbForm=Fin	64	aux	303	309
nodejs-governance:u0063:s00	64	move	move	VERB	VB	VerbForm=Inf	58	advcl	310	314
nodejs-governance:u0063:s00	65	forward	forward	ADV	RB	_	64	advmod	315	322
nodejs-governance:u0063:s00	66	.	.	PUNCT	.	_	3	punct	322	323
nodejs-governance:u0064:s00	1	Refrain	Refrain	ADP	IN	_	3	case	0	7
nodejs-governance:u0064:s00	2	from	from	ADP	IN	_	3	case	8	12
nodejs-governance:u0064:s00	3	discussing	discuss	NOUN	NN	Number=Sing	0	root	13	23
nodejs-governance:u0064:s00	4	or	or	CCONJ	CC	_	5	cc	24	26
nodejs-governance:u0064:s00	5	debating	debat	VERB	VBG	VerbForm=Ger	3	conj	27	35
nodejs-governance:u0064:s00	6	aspects	aspect	NOUN	NNS	Number=Plur	5	obj	36	43
nodejs-governance:u0064:s00	7	of	of	ADP	IN	_	10	case	44	46
nodejs-governance:u0064:s00	8	the	the	DET	DT	Definite=Def|PronType=Art	10	det	47	50
nodejs-governance:u0064:s00	9	nomination	nomination	NOUN	NN	Number=Sing	10	compound	51	61
nodejs-governance:u0064:s00	10	process	process	NOUN	NN	Number=Sing	6	nmod	62	69
nodejs-governance:u0064:s00	11	itself	itself	PRON	PRP	Gender=Neut|Number=Sing|Person=3|PronType=Prs	10	nmod:npmod	70	76
nodejs-governance:u0064:s00	12	directly	directly	ADV	RB	_	5	advmod	77	85
nodejs-governance:u0064:s00	13	within	within	ADP	IN	_	20	case	86	92
nodejs-governance:u0064:s00	14	a	a	DET	DT	Definite=Ind|PronType=Art	20	det	93	94
nodejs-governance:u0064:s00	15	nomination	nomination	NOUN	NN	Number=Sing	20	compound	95	105
nodejs-governance:u0064:s00	16	private	private	ADJ	JJ	Degree=Pos	17	amod	106	113
nodejs-governance:u0064:s00	17	discussion	discussion	NOUN	NN	Number=Sing	20	compound	114	124
nodejs-governance:u0064:s00	18	or	or	CCONJ	CC	_	19	cc	125	127
nodejs-governance:u0064:s00	19	public	public	ADJ	JJ	Degree=Pos	17	conj	128	134
nodejs-governance:u0064:s00	20	issue	issue	NOUN	NN	Number=Sing	5	obl	135	140
nodejs-governance:u0064:s00	21	.	.	PUNCT	.	_	3	punct	140	141
nodejs-governance:u0064:s01	1	Such	such	ADJ	JJ	Degree=Pos	2	amod	0	4
nodejs-governance:u0064:s01	2	discussions	discussion	NOUN	NNS	Number=Plur	4	nsubj	5	16
nodejs-governance:u0064:s01	3	can	can	AUX	MD	VerbForm=Fin	4	aux	17	20
nodejs-governance:u0064:s01	4	derail	derail	VERB	VB	VerbForm=Inf	0	root	21	27
nodejs-governance:u0064:s01	5	and	and	CCONJ	CC	_	6	cc	28	31
nodejs-governance:u0064:s01	6	frustrate	frustrate	VERB	VB	VerbForm=Inf	4	conj	32	41
nodejs-governance:u0064:s01	7	the	the	DET	DT	Definite=Def|PronType=Art	8	det	42	45
nodejs-governance:u0064:s01	8	nomination	nomination	NOUN	NN	Number=Sing	6	obj	46	56
nodejs-governance:u0064:s01	9	causing	cause	VERB	VBG	VerbForm=Ger	8	acl	57	64
nodejs-governance:u0064:s01	10	unnecessary	unnecessary	ADJ	JJ	Degree=Pos	11	amod	65	76
nodejs-governance:u0064:s01	11	friction	friction	NOUN	NN	Number=Sing	9	obj	77	85
nodejs-governance:u0064:s01	12	.	.	PUNCT	.	_	4	punct	85	86
nodejs-governance:u0064:s02	1	Move	move	ADP	IN	_	3	case	0	4
nodejs-governance:u0064:s02	2	such	such	ADJ	JJ	Degree=Pos	3	amod	5	9
nodejs-governance:u0064:s02	3	discussions	discussion	NOUN	NNS	Number=Plur	0	root	10	21
nodejs-governance:u0064:s02	4	to	to	ADP	IN	_	7	case	22	24
nodejs-governance:u0064:s02	5	a	a	DET	DT	Definite=Ind|PronType=Art	7	det	25	26
nodejs-governance:u0064:s02	6	separate	separate	ADJ	JJ	Degree=Pos	7	amod	27	35
nodejs-governance:u0064:s02	7	issue	issue	NOUN	NN	Number=Sing	3	nmod	36	41
nodejs-governance:u0064:s02	8	or	or	CCONJ	CC	_	10	cc	42	44
nodejs-governance:u0064:s02	9	discussion	discussion	NOUN	NN	Number=Sing	10	compound	45	55
nodejs-governance:u0064:s02	10	thread	thread	NOUN	NN	Number=Sing	7	conj	56	62
nodejs-governance:u0064:s02	11	.	.	PUNCT	.	_	3	punct	62	63
nodejs-governance:u0065:s00	1	#####	#####	PUNCT	.	_	0	root	0	5
nodejs-governance:u0065:s01	1	How	how	ADV	WRB	PronType=Int	3	advmod	0	3
nodejs-governance:u0065:s01	2	to	to	PART	TO	_	3	mark	4	6
nodejs-governance:u0065:s01	3	oppose	oppose	VERB	VB	VerbForm=Inf	0	root	7	13
nodejs-governance:u0065:s01	4	a	a	DET	DT	Definite=Ind|PronType=Art	6	det	14	15
nodejs-governance:u0065:s01	5	collaborator	collaborator	NOUN	NN	Number=Sing	6	compound	16	28
nodejs-governance:u0065:s01	6	nomination	nomination	NOUN	NN	Number=Sing	3	obj	29	39
nodejs-governance:u0066:s00	1	An	a	DET	DT	Definite=Ind|PronType=Art	3	det	0	2
nodejs-governance:u0066:s00	2	important	important	ADJ	JJ	Degree=Pos	3	amod	3	12
nodejs-governance:u0066:s00	3	rule	rule	NOUN	NN	Number=Sing	6	nsubj	13	17
nodejs-governance:u0066:s00	4	of	of	ADP	IN	_	5	case	18	20
nodejs-governance:u0066:s00	5	thumb	thumb	NOUN	NN	Number=Sing	3	nmod	21	26
nodejs-governance:u0066:s00	6	is	be	VERB	VBZ	Mood=Ind|Number=Sing|Person=3|Tense=Pres|VerbForm=Fin	0	root	27	29
nodejs-governance:u0066:s00	7	that	that	SCONJ	IN	_	12	mark	30	34
nodejs-governance:u0066:s00	8	the	the	DET	DT	Definite=Def|PronType=Art	10	det	35	38
nodejs-governance:u0066:s00	9	nomination	nomination	NOUN	NN	Number=Sing	10	compound	39	49
nodejs-governance:u0066:s00	10	process	process	NOUN	NN	Number=Sing	12	nsubj:pass	50	57
nodejs-governance:u0066:s00	11	is	be	AUX	VBZ	Mood=Ind|Number=Sing|Person=3|Tense=Pres|VerbForm=Fin	12	aux:pass	58	60
nodejs-governance:u0066:s00	12	intended	intend	VERB	VBN	Tense=Past|VerbForm=Part|Voice=Pass	6	ccomp	61	69
nodejs-governance:u0066:s00	13	to	to	PART	TO	_	15	mark	70	72
nodejs-governance:u0066:s00	14	be	be	AUX	VB	VerbForm=Inf	15	aux:pass	73	75
nodejs-governance:u0066:s00	15	biased	biase	VERB	VBN	Tense=Past|VerbForm=Part|Voice=Pass	12	xcomp	76	82
nodejs-governance:u0066:s00	16	strongly	strongly	ADV	RB	_	19	advmod	83	91
nodejs-governance:u0066:s00	17	towards	towards	ADP	IN	_	19	case	92	99
nodejs-governance:u0066:s00	18	implicit	implicit	ADJ	JJ	Degree=Pos	19	amod	100	108
nodejs-governance:u0066:s00	19	approval	approval	NOUN	NN	Number=Sing	15	obl	109	117
nodejs-governance:u0066:s00	20	of	of	ADP	IN	_	22	case	118	120
nodejs-governance:u0066:s00	21	the	the	DET	DT	Definite=Def|PronType=Art	22	det	121	124
nodejs-governance:u0066:s00	22	nomination	nomination	NOUN	NN	Number=Sing	19	nmod	125	135
nodejs-governance:u0066:s00	23	.	.	PUNCT	.	_	6	punct	135	136
nodejs-governance:u0066:s01	1	This	this	PRON	DT	Number=Sing|PronType=Dem	2	nsubj	0	4
nodejs-governance:u0066:s01	2	means	mean	VERB	VBZ	Mood=Ind|Number=Sing|Person=3|Tense=Pres|VerbForm=Fin	0	root	5	10
nodejs-governance:u0066:s01	3	discussion	discussion	NOUN	NN	Number=Sing	12	nsubj	11	21
nodejs-governance:u0066:s01	4	and	and	CCONJ	CC	_	5	cc	22	25
nodejs-governance:u0066:s01	5	review	review	NOUN	NN	Number=Sing	3	conj	26	32
nodejs-governance:u0066:s01	6	around	around	ADP	IN	_	8	case	33	39
nodejs-governance:u0066:s01	7	the	the	DET	DT	Definite=Def|PronType=Art	8	det	40	43
nodejs-governance:u0066:s01	8	proposal	proposal	NOUN	NN	Number=Sing	3	nmod	44	52
nodejs-governance:u0066:s01	9	should	should	AUX	MD	VerbForm=Fin	12	aux	53	59
nodejs-governance:u0066:s01	10	be	be	AUX	VB	VerbForm=Inf	12	cop	60	62
nodejs-governance:u0066:s01	11	more	more	ADV	RBR	_	12	advmod	63	67
nodejs-governance:u0066:s01	12	geared	gear	ADJ	JJ	Degree=Pos	2	ccomp	68	74
nodejs-governance:u0066:s01	13	towards	towards	ADP	IN	_	16	mark	75	82
nodejs-governance:u0066:s01	14	"	"	PUNCT	``	_	16	punct	83	84
nodejs-governance:u0066:s01	15	I	I	PRON	PRP	Case=Nom|Number=Sing|Person=1|PronType=Prs	16	nsubj	84	85
nodejs-governance:u0066:s01	16	have	have	VERB	VBP	Mood=Ind|Tense=Pres|VerbForm=Fin	12	advcl	86	90
nodejs-governance:u0066:s01	17	reasons	reason	NOUN	NNS	Number=Plur	16	obj	91	98
nodejs-governance:u0066:s01	18	to	to	PART	TO	_	19	mark	99	101
nodejs-governance:u0066:s01	19	say	say	VERB	VB	VerbForm=Inf	17	acl	102	105
nodejs-governance:u0066:s01	20	no	no	INTJ	UH	_	19	discourse	106	108
nodejs-governance:u0066:s01	21	...	...	PUNCT	,	_	19	punct	108	111
nodejs-governance:u0066:s01	22	"	"	PUNCT	''	_	19	punct	111	112
nodejs-governance:u0066:s01	23	as	as	SCONJ	IN	_	27	mark	113	115
nodejs-governance:u0066:s01	24	opposed	oppose	VERB	VBN	Tense=Past|VerbForm=Part	23	fixed	116	123
nodejs-governance:u0066:s01	25	to	to	ADP	IN	_	23	fixed	124	126
nodejs-governance:u0066:s01	26	"	"	PUNCT	``	_	27	punct	127	128
nodejs-governance:u0066:s01	27	Give	give	VERB	VB	Mood=Imp|VerbForm=Fin	19	advcl	128	132
nodejs-governance:u0066:s01	28	me	I	PRON	PRP	Case=Acc|Number=Sing|Person=1|PronType=Prs	27	iobj	133	135
nodejs-governance:u0066:s01	29	reasons	reason	NOUN	NNS	Number=Plur	27	obj	136	143
nodejs-governance:u0066:s01	30	to	to	PART	TO	_	31	mark	144	146
nodejs-governance:u0066:s01	31	say	say	VERB	VB	VerbForm=Inf	27	xcomp	147	150
nodejs-governance:u0066:s01	32	yes	yes	INTJ	UH	_	31	discourse	151	154
nodejs-governance:u0066:s01	33	...	...	PUNCT	,	_	27	punct	154	157
nodejs-governance:u0066:s01	34	"	"	PUNCT	''	_	27	punct	157	158
nodejs-governance:u0066:s01	35	.	.	PUNCT	.	_	2	punct	158	159
nodejs-governance:u0067:s00	1	Given	give	VERB	VBN	Tense=Past|VerbForm=Part	0	root	0	5
nodejs-governance:u0067:s00	2	that	that	SCONJ	IN	_	4	mark	6	10
nodejs-governance:u0067:s00	3	there	there	PRON	EX	_	4	expl	11	16
nodejs-governance:u0067:s00	4	is	be	VERB	VBZ	Mood=Ind|Number=Sing|Person=3|Tense=Pres|VerbForm=Fin	1	ccomp	17	19
nodejs-governance:u0067:s00	5	no	no	DET	DT	_	7	det	20	22
nodejs-governance:u0067:s00	6	"	"	PUNCT	``	_	7	punct	23	24
nodejs-governance:u0067:s00	7	Request	request	NOUN	NN	Number=Sing	4	nsubj	24	31
nodejs-governance:u0067:s00	8	for	for	ADP	IN	_	9	case	32	35
nodejs-governance:u0067:s00	9	changes	change	NOUN	NNS	Number=Plur	7	nmod	36	43
nodejs-governance:u0067:s00	10	"	"	PUNCT	``	_	11	punct	43	44
nodejs-governance:u0067:s00	11	feature	feature	NOUN	NN	Number=Sing	9	nmod	45	52
nodejs-governance:u0067:s00	12	in	in	ADP	IN	_	13	case	53	55
nodejs-governance:u0067:s00	13	discussions	discussion	NOUN	NNS	Number=Plur	11	nmod	56	67
nodejs-governance:u0067:s00	14	and	and	CCONJ	CC	_	15	cc	68	71
nodejs-governance:u0067:s00	15	issues	issue	NOUN	NNS	Number=Plur	13	conj	72	78
nodejs-governance:u0067:s00	16	,	,	PUNCT	,	_	7	punct	78	79
nodejs-governance:u0067:s00	17	try	try	VERB	VB	VerbForm=Inf	7	acl	80	83
nodejs-governance:u0067:s00	18	to	to	PART	TO	_	20	mark	84	86
nodejs-governance:u0067:s00	19	be	be	AUX	VB	VerbForm=Inf	20	aux	87	89
nodejs-governance:u0067:s00	20	explicit	explicit	VERB	VB	VerbForm=Inf	17	xcomp	90	98
nodejs-governance:u0067:s00	21	when	when	ADV	WRB	PronType=Int	25	mark	99	103
nodejs-governance:u0067:s00	22	your	you	PRON	PRP$	Person=2|Poss=Yes|PronType=Prs	23	nmod:poss	104	108
nodejs-governance:u0067:s00	23	comment	comment	NOUN	NN	Number=Sing	25	nsubj	109	116
nodejs-governance:u0067:s00	24	is	be	AUX	VBZ	Mood=Ind|Number=Sing|Person=3|Tense=Pres|VerbForm=Fin	25	aux	117	119
nodejs-governance:u0067:s00	25	expressing	express	VERB	VBG	Tense=Pres|VerbForm=Part	20	advcl	120	130
nodejs-governance:u0067:s00	26	a	a	DET	DT	Definite=Ind|PronType=Art	28	det	131	132
nodejs-governance:u0067:s00	27	blocking	blocking	NOUN	NN	Number=Sing	28	compound	133	141
nodejs-governance:u0067:s00	28	concern	concern	NOUN	NN	Number=Sing	25	obj	142	149
nodejs-governance:u0067:s00	29	.	.	PUNCT	.	_	1	punct	149	150
nodejs-governance:u0067:s01	1	Similarly	similarly	ADV	RB	_	12	advmod	0	9
nodejs-governance:u0067:s01	2	,	,	PUNCT	,	_	12	punct	9	10
nodejs-governance:u0067:s01	3	once	once	SCONJ	IN	_	9	mark	11	15
nodejs-governance:u0067:s01	4	the	the	DET	DT	Definite=Def|PronType=Art	6	det	16	19
nodejs-governance:u0067:s01	5	blocking	blocking	NOUN	NN	Number=Sing	6	compound	20	28
nodejs-governance:u0067:s01	6	concern	concern	NOUN	NN	Number=Sing	9	nsubj:pass	29	36
nodejs-governance:u0067:s01	7	has	have	AUX	VBZ	Mood=Ind|Number=Sing|Person=3|Tense=Pres|VerbForm=Fin	9	aux	37	40
nodejs-governance:u0067:s01	8	been	be	AUX	VBN	Tense=Past|VerbForm=Part	9	aux:pass	41	45
nodejs-governance:u0067:s01	9	addressed	address	VERB	VBN	Tense=Past|VerbForm=Part|Voice=Pass	12	advcl	46	55
nodejs-governance:u0067:s01	10	,	,	PUNCT	,	_	12	punct	55	56
nodejs-governance:u0067:s01	11	explicitly	explicitly	ADV	RB	_	12	advmod	57	67
nodejs-governance:u0067:s01	12	say	say	VERB	VB	Mood=Imp|VerbForm=Fin	0	root	68	71
nodejs-governance:u0067:s01	13	so	so	ADV	RB	_	12	advmod	72	74
nodejs-governance:u0067:s01	14	.	.	PUNCT	.	_	12	punct	74	75
nodejs-governance:u0068:s00	1	Explicit	Explicit	ADJ	JJ	Degree=Pos	2	amod	0	8
nodejs-governance:u0068:s00	2	opposition	opposition	NOUN	NN	Number=Sing	6	nsubj:pass	9	19
nodejs-governance:u0068:s00	3	would	would	AUX	MD	VerbForm=Fin	6	aux	20	25
nodejs-governance:u0068:s00	4	typically	typically	ADV	RB	_	6	advmod	26	35
nodejs-governance:u0068:s00	5	be	be	AUX	VB	VerbForm=Inf	6	aux:pass	36	38
nodejs-governance:u0068:s00	6	signaled	signal	VERB	VBN	Tense=Past|VerbForm=Part|Voice=Pass	0	root	39	47
nodejs-governance:u0068:s00	7	as	as	SCONJ	IN	_	21	mark	48	50
nodejs-governance:u0068:s00	8	some	some	DET	DT	_	9	det	51	55
nodejs-governance:u0068:s00	9	form	form	NOUN	NN	Number=Sing	21	nsubj	56	60
nodejs-governance:u0068:s00	10	of	of	ADP	IN	_	14	case	61	63
nodejs-governance:u0068:s00	11	clear	clear	ADJ	JJ	Degree=Pos	14	amod	64	69
nodejs-governance:u0068:s00	12	and	and	CCONJ	CC	_	13	cc	70	73
nodejs-governance:u0068:s00	13	unambiguous	unambiguous	ADJ	JJ	Degree=Pos	11	conj	74	85
nodejs-governance:u0068:s00	14	comment	comment	NOUN	NN	Number=Sing	9	nmod	86	93
nodejs-governance:u0068:s00	15	like	like	INTJ	UH	_	9	discourse	94	98
nodejs-governance:u0068:s00	16	,	,	PUNCT	,	_	21	punct	98	99
nodejs-governance:u0068:s00	17	"	"	PUNCT	``	_	21	punct	100	101
nodejs-governance:u0068:s00	18	I	I	PRON	PRP	Case=Nom|Number=Sing|Person=1|PronType=Prs	21	nsubj	101	102
nodejs-governance:u0068:s00	19	do	do	AUX	VBP	Mood=Ind|Tense=Pres|VerbForm=Fin	21	aux	103	105
nodejs-governance:u0068:s00	20	n't	not	PART	RB	_	21	advmod	105	108
nodejs-governance:u0068:s00	21	believe	believe	VERB	VB	VerbForm=Inf	6	advcl	109	116
nodejs-governance:u0068:s00	22	this	this	DET	DT	Number=Sing|PronType=Dem	23	det	117	121
nodejs-governance:u0068:s00	23	nomination	nomination	NOUN	NN	Number=Sing	25	nsubj	122	132
nodejs-governance:u0068:s00	24	should	should	AUX	MD	VerbForm=Fin	25	aux	133	139
nodejs-governance:u0068:s00	25	pass	pass	VERB	VB	VerbForm=Inf	21	ccomp	140	144
nodejs-governance:u0068:s00	26	"	"	PUNCT	''	_	6	punct	144	145
nodejs-governance:u0068:s00	27	.	.	PUNCT	.	_	6	punct	145	146
nodejs-governance:u0068:s01	1	Asking	ask	VERB	VBG	VerbForm=Ger	11	csubj	0	6
nodejs-governance:u0068:s01	2	clarifying	clarify	VERB	VBG	VerbForm=Ger	1	xcomp	7	17
nodejs-governance:u0068:s01	3	questions	question	NOUN	NNS	Number=Plur	2	obj	18	27
nodejs-governance:u0068:s01	4	or	or	CCONJ	CC	_	5	cc	28	30
nodejs-governance:u0068:s01	5	expressing	express	VERB	VBG	VerbForm=Ger	2	conj	31	41
nodejs-governance:u0068:s01	6	general	general	ADJ	JJ	Degree=Pos	7	amod	42	49
nodejs-governance:u0068:s01	7	concerns	concern	NOUN	NNS	Number=Plur	1	obj	50	58
nodejs-governance:u0068:s01	8	is	be	AUX	VBZ	Mood=Ind|Number=Sing|Person=3|Tense=Pres|VerbForm=Fin	11	cop	59	61
nodejs-governance:u0068:s01	9	not	not	PART	RB	_	11	advmod	62	65
nodejs-governance:u0068:s01	10	the	the	DET	DT	Definite=Def|PronType=Art	11	det	66	69
nodejs-governance:u0068:s01	11	same	same	ADJ	JJ	Degree=Pos	0	root	70	74
nodejs-governance:u0068:s01	12	as	as	ADP	IN	_	14	case	75	77
nodejs-governance:u0068:s01	13	explicit	explicit	ADJ	JJ	Degree=Pos	14	amod	78	86
nodejs-governance:u0068:s01	14	opposition	opposition	NOUN	NN	Number=Sing	11	obl	87	97
nodejs-governance:u0068:s01	15	;	;	PUNCT	,	_	11	punct	97	98
nodejs-governance:u0068:s01	16	however	however	ADV	RB	_	23	advmod	99	106
nodejs-governance:u0068:s01	17	,	,	PUNCT	,	_	23	punct	106	107
nodejs-governance:u0068:s01	18	a	a	DET	DT	Definite=Ind|PronType=Art	20	det	108	109
nodejs-governance:u0068:s01	19	best	best	ADJ	JJS	Degree=Sup	20	amod	110	114
nodejs-governance:u0068:s01	20	effort	effort	NOUN	NN	Number=Sing	23	nsubj:pass	115	121
nodejs-governance:u0068:s01	21	should	should	AUX	MD	VerbForm=Fin	23	aux	122	128
nodejs-governance:u0068:s01	22	be	be	AUX	VB	VerbForm=Inf	23	aux:pass	129	131
nodejs-governance:u0068:s01	23	made	make	VERB	VBN	Tense=Past|VerbForm=Part|Voice=Pass	11	parataxis	132	136
nodejs-governance:u0068:s01	24	to	to	PART	TO	_	25	mark	137	139
nodejs-governance:u0068:s01	25	answer	answer	VERB	VB	VerbForm=Inf	23	xcomp	140	146
nodejs-governance:u0068:s01	26	such	such	ADJ	JJ	Degree=Pos	27	amod	147	151
nodejs-governance:u0068:s01	27	questions	question	NOUN	NNS	Number=Plur	25	obj	152	161
nodejs-governance:u0068:s01	28	or	or	CCONJ	CC	_	29	cc	162	164
nodejs-governance:u0068:s01	29	addressing	address	VERB	VBG	VerbForm=Ger	25	conj	165	175
nodejs-governance:u0068:s01	30	those	those	DET	DT	Number=Plur|PronType=Dem	31	det	176	181
nodejs-governance:u0068:s01	31	concerns	concern	NOUN	NNS	Number=Plur	29	obj	182	190
nodejs-governance:u0068:s01	32	before	before	SCONJ	IN	_	33	mark	191	197
nodejs-governance:u0068:s01	33	advancing	advance	VERB	VBG	VerbForm=Ger	29	advcl	198	207
nodejs-governance:u0068:s01	34	the	the	DET	DT	Definite=Def|PronType=Art	35	det	208	211
nodejs-governance:u0068:s01	35	nomination	nomination	NOUN	NN	Number=Sing	33	obj	212	222
nodejs-governance:u0068:s01	36	.	.	PUNCT	.	_	11	punct	222	223
nodejs-governance:u0069:s00	1	Opposition	opposition	NOUN	NN	Number=Sing	4	nsubj	0	10
nodejs-governance:u0069:s00	2	does	do	AUX	VBZ	Mood=Ind|Number=Sing|Person=3|Tense=Pres|VerbForm=Fin	4	aux	11	15
nodejs-governance:u0069:s00	3	not	not	PART	RB	_	4	advmod	16	19
nodejs-governance:u0069:s00	4	need	need	VERB	VB	VerbForm=Inf	0	root	20	24
nodejs-governance:u0069:s00	5	to	to	PART	TO	_	7	mark	25	27
nodejs-governance:u0069:s00	6	be	be	AUX	VB	VerbForm=Inf	7	cop	28	30
nodejs-governance:u0069:s00	7	public	public	ADJ	JJ	Degree=Pos	4	xcomp	31	37
nodejs-governance:u0069:s00	8	.	.	PUNCT	.	_	4	punct	37	38
nodejs-governance:u0069:s01	1	Ideally	ideally	ADV	RB	_	4	advmod	0	7
nodejs-governance:u0069:s01	2	,	,	PUNCT	,	_	4	punct	7	8
nodejs-governance:u0069:s01	3	the	the	DET	DT	Definite=Def|PronType=Art	4	det	9	12
nodejs-governance:u0069:s01	4	comment	comment	NOUN	NN	Number=Sing	0	root	13	20
nodejs-governance:u0069:s01	5	showing	show	VERB	VBG	VerbForm=Ger	4	acl	21	28
nodejs-governance:u0069:s01	6	opposition	opposition	NOUN	NN	Number=Sing	5	obj	29	39
nodejs-governance:u0069:s01	7	,	,	PUNCT	,	_	15	punct	39	40
nodejs-governance:u0069:s01	8	and	and	CCONJ	CC	_	15	cc	41	44
nodejs-governance:u0069:s01	9	any	any	DET	DT	_	10	det	45	48
nodejs-governance:u0069:s01	10	discussion	discussion	NOUN	NN	Number=Sing	15	nsubj:pass	49	59
nodejs-governance:u0069:s01	11	thereof	thereof	ADV	RB	_	10	advmod	60	67
nodejs-governance:u0069:s01	12	,	,	PUNCT	,	_	15	punct	67	68
nodejs-governance:u0069:s01	13	should	should	AUX	MD	VerbForm=Fin	15	aux	69	75
nodejs-governance:u0069:s01	14	be	be	AUX	VB	VerbForm=Inf	15	aux:pass	76	78
nodejs-governance:u0069:s01	15	done	do	VERB	VBN	Tense=Past|VerbForm=Part|Voice=Pass	6	conj	79	83
nodejs-governance:u0069:s01	16	in	in	ADP	IN	_	19	case	84	86
nodejs-governance:u0069:s01	17	the	the	DET	DT	Definite=Def|PronType=Art	19	det	87	90
nodejs-governance:u0069:s01	18	private	private	ADJ	JJ	Degree=Pos	19	amod	91	98
nodejs-governance:u0069:s01	19	discussion	discussion	NOUN	NN	Number=Sing	25	obl	99	109
nodejs-governance:u0069:s01	20	_before_	_before_	SYM	NFP	_	23	case	110	118
nodejs-governance:u0069:s01	21	the	the	DET	DT	Definite=Def|PronType=Art	23	det	119	122
nodejs-governance:u0069:s01	22	public	public	ADJ	JJ	Degree=Pos	23	amod	123	129
nodejs-governance:u0069:s01	23	issue	issue	NOUN	NN	Number=Sing	25	nsubj:pass	130	135
nodejs-governance:u0069:s01	24	is	be	AUX	VBZ	Mood=Ind|Number=Sing|Person=3|Tense=Pres|VerbForm=Fin	25	aux:pass	136	138
nodejs-governance:u0069:s01	25	opened	open	VERB	VBN	Tense=Past|VerbForm=Part|Voice=Pass	15	ccomp	139	145
nodejs-governance:u0069:s01	26	.	.	PUNCT	.	_	4	punct	145	146
nodejs-governance:u0069:s02	1	Opposition	opposition	NOUN	NN	Number=Sing	5	nsubj:pass	0	10
nodejs-governance:u0069:s02	2	_should	_should	AUX	MD	VerbForm=Fin	5	aux	11	18
nodejs-governance:u0069:s02	3	_	_	SYM	NFP	_	5	punct	18	19
nodejs-governance:u0069:s02	4	be	be	AUX	VB	VerbForm=Inf	5	aux:pass	20	22
nodejs-governance:u0069:s02	5	paired	paire	VERB	VBN	Tense=Past|VerbForm=Part|Voice=Pass	0	root	23	29
nodejs-governance:u0069:s02	6	with	with	ADP	IN	_	8	case	30	34
nodejs-governance:u0069:s02	7	clear	clear	ADJ	JJ	Degree=Pos	8	amod	35	40
nodejs-governance:u0069:s02	8	suggestions	suggestion	NOUN	NNS	Number=Plur	5	obl	41	52
nodejs-governance:u0069:s02	9	for	for	ADP	IN	_	17	case	53	56
nodejs-governance:u0069:s02	10	positive	positive	ADJ	JJ	Degree=Pos	17	amod	57	65
nodejs-governance:u0069:s02	11	,	,	PUNCT	,	_	12	punct	65	66
nodejs-governance:u0069:s02	12	concrete	concrete	NOUN	NN	Number=Sing	10	conj	67	75
nodejs-governance:u0069:s02	13	,	,	PUNCT	,	_	15	punct	75	76
nodejs-governance:u0069:s02	14	and	and	CCONJ	CC	_	15	cc	77	80
nodejs-governance:u0069:s02	15	unambiguous	unambiguous	ADJ	JJ	Degree=Pos	10	conj	81	92
nodejs-governance:u0069:s02	16	next	next	ADJ	JJ	Degree=Pos	17	amod	93	97
nodejs-governance:u0069:s02	17	steps	step	NOUN	NNS	Number=Plur	8	nmod	98	103
nodejs-governance:u0069:s02	18	that	that	SCONJ	IN	_	22	mark	104	108
nodejs-governance:u0069:s02	19	the	the	DET	DT	Definite=Def|PronType=Art	20	det	109	112
nodejs-governance:u0069:s02	20	nominee	nominee	NOUN	NN	Number=Sing	22	nsubj	113	120
nodejs-governance:u0069:s02	21	can	can	AUX	MD	VerbForm=Fin	22	aux	121	124
nodejs-governance:u0069:s02	22	take	take	VERB	VB	VerbForm=Inf	17	acl	125	129
nodejs-governance:u0069:s02	23	to	to	PART	TO	_	24	mark	130	132
nodejs-governance:u0069:s02	24	overcome	overcome	VERB	VB	VerbForm=Inf	22	advcl	133	141
nodejs-governance:u0069:s02	25	the	the	DET	DT	Definite=Def|PronType=Art	26	det	142	145
nodejs-governance:u0069:s02	26	objection	objection	NOUN	NN	Number=Sing	24	obj	146	155
nodejs-governance:u0069:s02	27	and	and	CCONJ	CC	_	28	cc	156	159
nodejs-governance:u0069:s02	28	allow	allow	VERB	VB	VerbForm=Inf	22	conj	160	165
nodejs-governance:u0069:s02	29	it	it	PRON	PRP	Case=Acc|Gender=Neut|Number=Sing|Person=3|PronType=Prs	28	obj	166	168
nodejs-governance:u0069:s02	30	to	to	PART	TO	_	31	mark	169	171
nodejs-governance:u0069:s02	31	move	move	VERB	VB	VerbForm=Inf	28	xcomp	172	176
nodejs-governance:u0069:s02	32	forward	forward	ADV	RB	_	31	advmod	177	184
nodejs-governance:u0069:s02	33	.	.	PUNCT	.	_	5	punct	184	185
nodejs-governance:u0069:s03	1	While	while	SCONJ	IN	_	6	mark	0	5
nodejs-governance:u0069:s03	2	such	such	ADJ	JJ	Degree=Pos	3	amod	6	10
nodejs-governance:u0069:s03	3	suggestions	suggestion	NOUN	NNS	Number=Plur	6	nsubj	11	22
nodejs-governance:u0069:s03	4	are	be	AUX	VBP	Mood=Ind|Tense=Pres|VerbForm=Fin	6	cop	23	26
nodejs-governance:u0069:s03	5	technically	technically	ADV	RB	_	6	advmod	27	38
nodejs-governance:u0069:s03	6	optional	optional	ADJ	JJ	Degree=Pos	11	advcl	39	47
nodejs-governance:u0069:s03	7	,	,	PUNCT	,	_	11	punct	47	48
nodejs-governance:u0069:s03	8	they	they	PRON	PRP	Case=Nom|Number=Plur|Person=3|PronType=Prs	11	nsubj:pass	49	53
nodejs-governance:u0069:s03	9	are	be	AUX	VBP	Mood=Ind|Tense=Pres|VerbForm=Fin	11	aux:pass	54	57
nodejs-governance:u0069:s03	10	_strongly	_strongly	ADV	RB	_	11	advmod	58	67
nodejs-governance:u0069:s03	11	encouraged	encourage	VERB	VBN	Tense=Past|VerbForm=Part|Voice=Pass	0	root	68	78
nodejs-governance:u0069:s03	12	_	_	SYM	NFP	_	11	punct	78	79
nodejs-governance:u0069:s03	13	to	to	PART	TO	_	14	mark	80	82
nodejs-governance:u0069:s03	14	prevent	prevent	VERB	VB	VerbForm=Inf	11	advcl	83	90
nodejs-governance:u0069:s03	15	the	the	DET	DT	Definite=Def|PronType=Art	16	det	91	94
nodejs-governance:u0069:s03	16	nomination	nomination	NOUN	NN	Number=Sing	14	obj	95	105
nodejs-governance:u0069:s03	17	from	from	SCONJ	IN	_	18	mark	106	110
nodejs-governance:u0069:s03	18	stalling	stalling	VERB	VBG	VerbForm=Ger	14	advcl	111	119
nodejs-governance:u0069:s03	19	indefinitely	indefinitely	ADV	RB	_	18	advmod	120	132
nodejs-governance:u0069:s03	20	or	or	CCONJ	CC	_	21	cc	133	135
nodejs-governance:u0069:s03	21	objections	objection	NOUN	NNS	Number=Plur	18	conj	136	146
nodejs-governance:u0069:s03	22	from	from	SCONJ	IN	_	24	mark	147	151
nodejs-governance:u0069:s03	23	being	be	AUX	VBG	VerbForm=Ger	24	aux:pass	152	157
nodejs-governance:u0069:s03	24	overridden	overridden	VERB	VBN	Tense=Past|VerbForm=Part|Voice=Pass	18	advcl	158	168
nodejs-governance:u0069:s03	25	by	by	ADP	IN	_	27	case	169	171
nodejs-governance:u0069:s03	26	the	the	DET	DT	Definite=Def|PronType=Art	27	det	172	175
nodejs-governance:u0069:s03	27	TSC	Tsc	NOUN	NN	Number=Sing	24	obl	176	179
nodejs-governance:u0069:s03	28	.	.	PUNCT	.	_	11	punct	179	180
nodejs-governance:u0070:s00	1	Remember	remember	VERB	VB	Mood=Imp|VerbForm=Fin	0	root	0	8
nodejs-governance:u0070:s00	2	that	that	SCONJ	IN	_	11	mark	9	13
nodejs-governance:u0070:s00	3	all	all	DET	DT	_	5	det	14	17
nodejs-governance:u0070:s00	4	private	private	ADJ	JJ	Degree=Pos	5	amod	18	25
nodejs-governance:u0070:s00	5	discussions	discussion	NOUN	NNS	Number=Plur	11	nsubj	26	37
nodejs-governance:u0070:s00	6	about	about	ADP	IN	_	8	case	38	43
nodejs-governance:u0070:s00	7	a	a	DET	DT	Definite=Ind|PronType=Art	8	det	44	45
nodejs-governance:u0070:s00	8	nomination	nomination	NOUN	NN	Number=Sing	5	nmod	46	56
nodejs-governance:u0070:s00	9	will	will	AUX	MD	VerbForm=Fin	11	aux	57	61
nodejs-governance:u0070:s00	10	be	be	AUX	VB	VerbForm=Inf	11	cop	62	64
nodejs-governance:u0070:s00	11	visible	visible	ADJ	JJ	Degree=Pos	1	ccomp	65	72
nodejs-governance:u0070:s00	12	to	to	ADP	IN	_	14	case	73	75
nodejs-governance:u0070:s00	13	the	the	DET	DT	Definite=Def|PronType=Art	14	det	76	79
nodejs-governance:u0070:s00	14	nominee	nominee	NOUN	NN	Number=Sing	11	obl	80	87
nodejs-governance:u0070:s00	15	once	once	SCONJ	IN	_	18	mark	88	92
nodejs-governance:u0070:s00	16	they	they	PRON	PRP	Case=Nom|Number=Plur|Person=3|PronType=Prs	18	nsubj	93	97
nodejs-governance:u0070:s00	17	are	be	AUX	VBP	Mood=Ind|Tense=Pres|VerbForm=Fin	18	cop	98	101
nodejs-governance:u0070:s00	18	onboarded	onboarded	ADJ	JJ	Degree=Pos	11	advcl	102	111
nodejs-governance:u0070:s00	19	.	.	PUNCT	.	_	1	punct	111	112
nodejs-governance:u0071:s00	1	###	###	SYM	NFP	_	0	root	0	3
nodejs-governance:u0071:s01	1	Onboarding	Onboard	NOUN	NN	Number=Sing	0	root	0	10
nodejs-governance:u0072:s00	1	After	after	SCONJ	IN	_	4	mark	0	5
nodejs-governance:u0072:s00	2	the	the	DET	DT	Definite=Def|PronType=Art	3	det	6	9
nodejs-governance:u0072:s00	3	nomination	nomination	NOUN	NN	Number=Sing	4	nsubj	10	20
nodejs-governance:u0072:s00	4	passes	pass	VERB	VBZ	Mood=Ind|Number=Sing|Person=3|Tense=Pres|VerbForm=Fin	0	root	21	27
nodejs-governance:u0072:s00	5	,	,	PUNCT	,	_	8	punct	27	28
nodejs-governance:u0072:s00	6	a	a	DET	DT	Definite=Ind|PronType=Art	8	det	29	30
nodejs-governance:u0072:s00	7	TSC	TSC	PROPN	NNP	Number=Sing	8	compound	31	34
nodejs-governance:u0072:s00	8	member	member	NOUN	NN	Number=Sing	4	obj	35	41
nodejs-governance:u0072:s00	9	onboards	onboards	ADP	IN	_	12	case	42	50
nodejs-governance:u0072:s00	10	the	the	DET	DT	Definite=Def|PronType=Art	12	det	51	54
nodejs-governance:u0072:s00	11	new	new	ADJ	JJ	Degree=Pos	12	amod	55	58
nodejs-governance:u0072:s00	12	collaborator	collaborator	NOUN	NN	Number=Sing	8	nmod	59	71
nodejs-governance:u0072:s00	13	.	.	PUNCT	.	_	4	punct	71	72
nodejs-governance:u0072:s01	1	See	see	VERB	VB	Mood=Imp|VerbForm=Fin	0	root	0	3
nodejs-governance:u0072:s01	2	[	[	PUNCT	-LRB-	_	1	punct	4	5
nodejs-governance:u0072:s01	3	the	the	DET	DT	Definite=Def|PronType=Art	5	det	5	8
nodejs-governance:u0072:s01	4	onboarding	onboarding	ADJ	JJ	Degree=Pos	5	amod	9	19
nodejs-governance:u0072:s01	5	guide	guide	NOUN	NN	Number=Sing	1	obj	20	25
nodejs-governance:u0072:s01	6	]	]	PUNCT	-RRB-	_	1	punct	25	26
nodejs-governance:u0072:s01	7	(	(	PUNCT	-LRB-	_	8	punct	26	27
nodejs-governance:u0072:s01	8	./onboarding.md	./onboarding.m	VERB	VB	Mood=Imp|VerbForm=Fin	1	parataxis	27	42
nodejs-governance:u0072:s01	9	)	)	PUNCT	-RRB-	_	8	punct	42	43
nodejs-governance:u0072:s01	10	for	for	ADP	IN	_	11	case	44	47
nodejs-governance:u0072:s01	11	details	detail	NOUN	NNS	Number=Plur	1	obl	48	55
nodejs-governance:u0072:s01	12	of	of	ADP	IN	_	15	case	56	58
nodejs-governance:u0072:s01	13	the	the	DET	DT	Definite=Def|PronType=Art	15	det	59	62
nodejs-governance:u0072:s01	14	onboarding	onboarding	ADJ	JJ	Degree=Pos	15	amod	63	73
nodejs-governance:u0072:s01	15	process	process	NOUN	NN	Number=Sing	11	nmod	74	81
nodejs-governance:u0072:s01	16	.	.	PUNCT	.	_	1	punct	81	82
nodejs-governance:u0073:s00	1	##	##	PUNCT	.	_	0	root	0	2
nodejs-governance:u0073:s01	1	Consensus	consensus	CCONJ	CC	_	2	cc	0	9
nodejs-governance:u0073:s01	2	seeking	seek	VERB	VBG	VerbForm=Ger	0	root	10	17
nodejs-governance:u0073:s01	3	process	process	NOUN	NN	Number=Sing	2	obj	18	25
nodejs-governance:u0074:s00	1	The	the	DET	DT	Definite=Def|PronType=Art	2	det	0	3
nodejs-governance:u0074:s00	2	TSC	Tsc	NOUN	NN	Number=Sing	3	nsubj	4	7
nodejs-governance:u0074:s00	3	follows	follow	VERB	VBZ	Mood=Ind|Number=Sing|Person=3|Tense=Pres|VerbForm=Fin	0	root	8	15
nodejs-governance:u0074:s00	4	a	a	DET	DT	Definite=Ind|PronType=Art	7	det	16	17
nodejs-governance:u0074:s00	5	[	[	PUNCT	-LRB-	_	7	punct	18	19
nodejs-governance:u0074:s00	6	Consensus	consensus	NOUN	NN	Number=Sing	7	compound	19	28
nodejs-governance:u0074:s00	7	Seeking	seek	NOUN	NN	Number=Sing	3	obj	29	36
nodejs-governance:u0074:s00	8	]	]	PUNCT	-RRB-	_	7	punct	36	37
nodejs-governance:u0074:s00	9	[	[	PUNCT	-LRB-	_	7	punct	37	38
nodejs-governance:u0074:s00	10	]	]	PUNCT	-RRB-	_	7	punct	38	39
nodejs-governance:u0074:s00	11	decision	decision	NOUN	NN	Number=Sing	7	appos	40	48
nodejs-governance:u0074:s00	12	-	-	PUNCT	HYPH	_	11	punct	48	49
nodejs-governance:u0074:s00	13	making	make	VERB	VBG	VerbForm=Ger	11	acl	49	55
nodejs-governance:u0074:s00	14	model	model	NOUN	NN	Number=Sing	13	obj	56	61
nodejs-governance:u0074:s00	15	per	per	ADP	IN	_	18	case	62	65
nodejs-governance:u0074:s00	16	the	the	DET	DT	Definite=Def|PronType=Art	18	det	66	69
nodejs-governance:u0074:s00	17	[	[	PUNCT	-LRB-	_	18	punct	70	71
nodejs-governance:u0074:s00	18	TSC	TSC	PROPN	NNP	Number=Sing	13	obl	71	74
nodejs-governance:u0074:s00	19	Charter	Charter	PROPN	NNP	Number=Sing	18	flat	75	82
nodejs-governance:u0074:s00	20	]	]	PUNCT	-RRB-	_	18	punct	82	83
nodejs-governance:u0074:s00	21	[	[	PUNCT	-LRB-	_	18	punct	83	84
nodejs-governance:u0074:s00	22	]	]	PUNCT	-RRB-	_	18	punct	84	85
nodejs-governance:u0074:s00	23	.	.	PUNCT	.	_	3	punct	85	86
nodejs-governance:u0075:s00	1	[	[	PUNCT	-LRB-	_	3	punct	0	1
nodejs-governance:u0075:s00	2	Consensus	consensus	ADJ	JJ	Degree=Pos|Typo=Yes	3	amod	1	10
nodejs-governance:u0075:s00	3	Seeking	seeking	NOUN	NN	Number=Sing	0	root	11	18
nodejs-governance:u0075:s00	4	]	]	PUNCT	-RRB-	_	3	punct	18	19
nodejs-governance:u0075:s00	5	:	:	PUNCT	:	_	3	punct	19	20
nodejs-governance:u0075:s00	6	https://en.wikipedia.org/wiki/Consensus-seeking_decision-making	https://en.wikipedia.org/wiki/Consensus-seeking_decision-mak	VERB	VBG	VerbForm=Ger	3	acl	21	84
nodejs-governance:u0075:s01	1	[	[	PUNCT	-LRB-	_	2	punct	0	1
nodejs-governance:u0075:s01	2	TSC	TSC	PROPN	NNP	Number=Sing	0	root	1	4
nodejs-governance:u0075:s01	3	Charter	Charter	PROPN	NNP	Number=Sing	2	flat	5	12
nodejs-governance:u0075:s01	4	]	]	PUNCT	-RRB-	_	2	punct	12	13
nodejs-governance:u0075:s01	5	:	:	PUNCT	:	_	2	punct	13	14
nodejs-governance:u0075:s01	6	https://github.com/nodejs/TSC/blob/HEAD/TSC-Charter.md	https://github.com/nodejs/TSC/blob/HEAD/TSC-Charter.md	ADJ	JJ	Degree=Pos	2	appos	15	69
nodejs-governance:u0075:s02	1	[	[	PUNCT	-LRB-	_	2	punct	0	1
nodejs-governance:u0075:s02	2	discussion	discussion	NOUN	NN	Number=Sing	0	root	1	11
nodejs-governance:u0075:s02	3	in	in	ADP	IN	_	5	case	12	14
nodejs-governance:u0075:s02	4	the	the	DET	DT	Definite=Def|PronType=Art	5	det	15	18
nodejs-governance:u0075:s02	5	nodejs	nodej	NOUN	NNS	Number=Plur	2	nmod	19	25
nodejs-governance:u0075:s02	6	/	/	PUNCT	,	_	7	cc	25	26
nodejs-governance:u0075:s02	7	collaborators	collaborator	NOUN	NNS	Number=Plur	5	conj	26	39
nodejs-governance:u0075:s02	8	]	]	PUNCT	-RRB-	_	5	punct	39	40
nodejs-governance:u0075:s02	9	:	:	PUNCT	:	_	2	punct	40	41
nodejs-governance:u0075:s02	10	https://github.com/nodejs/collaborators/discussions/categories/collaborator-nominations	https://github.com/nodejs/collaborators/discussions/categories/collaborator-nominations	NOUN	NNS	Number=Plur	12	compound	42	129
nodejs-governance:u0075:s02	11	[	[	PUNCT	-LRB-	_	12	punct	130	131
nodejs-governance:u0075:s02	12	nodejs	nodej	NOUN	NNS	Number=Plur	2	appos	131	137
nodejs-governance:u0075:s02	13	/	/	PUNCT	,	_	14	cc	137	138
nodejs-governance:u0075:s02	14	help	help	NOUN	NN	Number=Sing	12	conj	138	142
nodejs-governance:u0075:s02	15	]	]	PUNCT	-RRB-	_	14	punct	142	143
nodejs-governance:u0075:s02	16	:	:	PUNCT	:	_	12	punct	143	144
nodejs-governance:u0075:s02	17	https://github.com/nodejs/help	https://github.com/nodejs/help	X	ADD	_	12	appos	145	175
nodejs-governance:u0075:s03	1	[	[	PUNCT	-LRB-	_	2	punct	0	1
nodejs-governance:u0075:s03	2	nodejs	nodej	NOUN	NNS	Number=Plur	0	root	1	7
nodejs-governance:u0075:s03	3	/	/	PUNCT	,	_	4	cc	7	8
nodejs-governance:u0075:s03	4	node	node	NOUN	NN	Number=Sing	2	conj	8	12
nodejs-governance:u0075:s03	5	]	]	PUNCT	-RRB-	_	2	punct	12	13
nodejs-governance:u0075:s03	6	:	:	PUNCT	:	_	2	punct	13	14
nodejs-governance:u0075:s03	7	https://github.com/nodejs/node	https://github.com/nodejs/node	NOUN	NN	Number=Sing	2	appos	15	45
