sentence_id	id	form	lemma	upos	xpos	feats	head	deprel	start	end
nodejs-tsc-charter:u0000:s00	1	#	#	SYM	NN	Number=Sing	2	compound	0	1
nodejs-tsc-charter:u0000:s00	2	Technical	technical	ADJ	JJ	Degree=Pos	4	amod	2	11
nodejs-tsc-charter:u0000:s00	3	Steering	steering	PROPN	NNP	Number=Sing	4	compound	12	20
nodejs-tsc-charter:u0000:s00	4	Committee	committee	PROPN	NNP	Number=Sing	8	compound	21	30
nodejs-tsc-charter:u0000:s00	5	(	(	PUNCT	-LRB-	_	6	punct	31	32
nodejs-tsc-charter:u0000:s00	6	TSC	TSC	PROPN	NNP	Number=Sing	4	appos	32	35
nodejs-tsc-charter:u0000:s00	7	)	)	PUNCT	-RRB-	_	6	punct	35	36
nodejs-tsc-charter:u0000:s00	8	Charter	Charter	PROPN	NNP	Number=Sing	0	root	37	44
nodejs-tsc-charter:u0001:s00	1	##	##	PUNCT	.	_	2	punct	0	2
nodejs-tsc-charter:u0001:s00	2	Section	section	NOUN	NN	Number=Sing	0	root	3	10
nodejs-tsc-charter:u0001:s01	1	1	1	X	LS	_	0	root	0	1
nodejs-tsc-charter:u0001:s01	2	.	.	PUNCT	.	_	1	punct	1	2
nodejs-tsc-charter:u0001:s02	1	Guiding	guide	VERB	VBG	VerbForm=Ger	0	root	0	7
nodejs-tsc-charter:u0001:s02	2	Principle	principle	PROPN	NNP	Number=Sing	1	obj	8	17
nodejs-tsc-charter:u0002:s00	1	The	the	DET	DT	Definite=Def|PronType=Art	3	det	0	3
nodejs-tsc-charter:u0002:s00	2	Node.js	Node.js	PROPN	NNP	Number=Sing	3	compound	4	11
nodejs-tsc-charter:u0002:s00	3	project	project	NOUN	NN	Number=Sing	5	nsubj	12	19
nodejs-tsc-charter:u0002:s00	4	is	be	AUX	VBZ	Mood=Ind|Number=Sing|Person=3|Tense=Pres|VerbForm=Fin	5	cop	20	22
nodejs-tsc-charter:u0002:s00	5	part	part	NOUN	NN	Number=Sing	0	root	23	27
nodejs-tsc-charter:u0002:s00	6	of	of	ADP	IN	_	9	case	28	30
nodejs-tsc-charter:u0002:s00	7	the	the	DET	DT	Definite=Def|PronType=Art	9	det	31	34
nodejs-tsc-charter:u0002:s00	8	OpenJS	OpenJS	ADJ	JJ	Degree=Pos	9	amod	35	41
nodejs-tsc-charter:u0002:s00	9	Foundation	foundation	NOUN	NN	Number=Sing	5	nmod	42	52
nodejs-tsc-charter:u0002:s00	10	.	.	PUNCT	.	_	5	punct	52	53
nodejs-tsc-charter:u0002:s01	1	The	the	DET	DT	Definite=Def|PronType=Art	2	det	0	3
nodejs-tsc-charter:u0002:s01	2	project	project	NOUN	NN	Number=Sing	3	nsubj	4	11
nodejs-tsc-charter:u0002:s01	3	operates	operate	VERB	VBZ	Mood=Ind|Number=Sing|Person=3|Tense=Pres|VerbForm=Fin	0	root	12	20
nodejs-tsc-charter:u0002:s01	4	transparently	transparently	ADV	RB	_	3	advmod	21	34
nodejs-tsc-charter:u0002:s01	5	,	,	PUNCT	,	_	3	punct	34	35
nodejs-tsc-charter:u0002:s01	6	openly	openly	ADV	RB	_	8	advmod	36	42
nodejs-tsc-charter:u0002:s01	7	,	,	PUNCT	,	_	8	punct	42	43
nodejs-tsc-charter:u0002:s01	8	collaboratively	collaboratively	ADV	RB	_	3	advmod	44	59
nodejs-tsc-charter:u0002:s01	9	,	,	PUNCT	,	_	11	punct	59	60
nodejs-tsc-charter:u0002:s01	10	and	and	CCONJ	CC	_	11	cc	61	64
nodejs-tsc-charter:u0002:s01	11	ethically	ethically	ADV	RB	_	8	conj	65	74
nodejs-tsc-charter:u0002:s01	12	.	.	PUNCT	.	_	3	punct	74	75
nodejs-tsc-charter:u0002:s02	1	Project	project	NOUN	NN	Number=Sing	2	compound	0	7
nodejs-tsc-charter:u0002:s02	2	proposals	proposal	NOUN	NNS	Number=Plur	12	nsubj	8	17
nodejs-tsc-charter:u0002:s02	3	,	,	PUNCT	,	_	4	punct	17	18
nodejs-tsc-charter:u0002:s02	4	timelines	timeline	NOUN	NNS	Number=Plur	2	conj	19	28
nodejs-tsc-charter:u0002:s02	5	,	,	PUNCT	,	_	7	punct	28	29
nodejs-tsc-charter:u0002:s02	6	and	and	CCONJ	CC	_	7	cc	30	33
nodejs-tsc-charter:u0002:s02	7	status	status	NOUN	NN	Number=Sing	2	conj	34	40
nodejs-tsc-charter:u0002:s02	8	must	must	AUX	MD	VerbForm=Fin	12	aux	41	45
nodejs-tsc-charter:u0002:s02	9	not	not	PART	RB	_	12	advmod	46	49
nodejs-tsc-charter:u0002:s02	10	merely	merely	ADV	RB	_	12	advmod	50	56
nodejs-tsc-charter:u0002:s02	11	be	be	AUX	VB	VerbForm=Inf	12	cop	57	59
nodejs-tsc-charter:u0002:s02	12	open	open	ADJ	JJ	Degree=Pos	0	root	60	64
nodejs-tsc-charter:u0002:s02	13	,	,	PUNCT	,	_	17	punct	64	65
nodejs-tsc-charter:u0002:s02	14	but	but	CCONJ	CC	_	17	cc	66	69
nodejs-tsc-charter:u0002:s02	15	also	also	ADV	RB	_	17	advmod	70	74
nodejs-tsc-charter:u0002:s02	16	easily	easily	ADV	RB	_	17	advmod	75	81
nodejs-tsc-charter:u0002:s02	17	visible	visible	ADJ	JJ	Degree=Pos	12	conj	82	89
nodejs-tsc-charter:u0002:s02	18	to	to	ADP	IN	_	19	case	90	92
nodejs-tsc-charter:u0002:s02	19	outsiders	outsider	NOUN	NNS	Number=Plur	17	obl	93	102
nodejs-tsc-charter:u0002:s02	20	.	.	PUNCT	.	_	12	punct	102	103
nodejs-tsc-charter:u0003:s00	1	##	##	PUNCT	.	_	2	punct	0	2
nodejs-tsc-charter:u0003:s00	2	Section	section	NOUN	NN	Number=Sing	0	root	3	10
nodejs-tsc-charter:u0003:s00	3	2	2	NUM	CD	NumType=Card	2	nummod	11	12
nodejs-tsc-charter:u0003:s00	4	.	.	PUNCT	.	_	2	punct	12	13
nodejs-tsc-charter:u0003:s00	5	Evolution	evolution	NOUN	NN	Number=Sing	2	appos	14	23
nodejs-tsc-charter:u0003:s00	6	of	of	ADP	IN	_	9	case	24	26
nodejs-tsc-charter:u0003:s00	7	OpenJS	OpenJS	PROPN	NNP	Number=Sing	9	compound	27	33
nodejs-tsc-charter:u0003:s00	8	Foundation	foundation	PROPN	NNP	Number=Sing	9	compound	34	44
nodejs-tsc-charter:u0003:s00	9	Governance	Governance	PROPN	NNP	Number=Sing	5	nmod	45	55
nodejs-tsc-charter:u0004:s00	1	Most	most	ADJ	JJS	Degree=Sup	8	amod	0	4
nodejs-tsc-charter:u0004:s00	2	large	large	ADJ	JJ	Degree=Pos	8	amod	5	10
nodejs-tsc-charter:u0004:s00	3	,	,	PUNCT	,	_	8	punct	10	11
nodejs-tsc-charter:u0004:s00	4	complex	complex	ADJ	JJ	Degree=Pos	7	amod	12	19
nodejs-tsc-charter:u0004:s00	5	open	open	ADJ	JJ	Degree=Pos	7	amod	20	24
nodejs-tsc-charter:u0004:s00	6	source	source	NOUN	NN	Number=Sing	7	compound	25	31
nodejs-tsc-charter:u0004:s00	7	communities	communities	NOUN	NNS	Number=Plur	8	nsubj	32	43
nodejs-tsc-charter:u0004:s00	8	have	have	VERB	VBP	Mood=Ind|Tense=Pres|VerbForm=Fin	0	root	44	48
nodejs-tsc-charter:u0004:s00	9	both	both	CCONJ	CC	_	11	cc:preconj	49	53
nodejs-tsc-charter:u0004:s00	10	a	a	DET	DT	Definite=Ind|PronType=Art	11	det	54	55
nodejs-tsc-charter:u0004:s00	11	business	business	NOUN	NN	Number=Sing	8	obj	56	64
nodejs-tsc-charter:u0004:s00	12	and	and	CCONJ	CC	_	16	cc	65	68
nodejs-tsc-charter:u0004:s00	13	a	a	DET	DT	Definite=Ind|PronType=Art	16	det	69	70
nodejs-tsc-charter:u0004:s00	14	technical	technical	ADJ	JJ	Degree=Pos	16	amod	71	80
nodejs-tsc-charter:u0004:s00	15	governance	governance	NOUN	NN	Number=Sing	16	compound	81	91
nodejs-tsc-charter:u0004:s00	16	model	model	NOUN	NN	Number=Sing	11	conj	92	97
nodejs-tsc-charter:u0004:s00	17	.	.	PUNCT	.	_	8	punct	97	98
nodejs-tsc-charter:u0004:s01	1	Technical	technical	ADJ	JJ	Degree=Pos	2	amod	0	9
nodejs-tsc-charter:u0004:s01	2	leadership	leadership	NOUN	NN	Number=Sing	11	nsubj:pass	10	20
nodejs-tsc-charter:u0004:s01	3	for	for	ADP	IN	_	5	case	21	24
nodejs-tsc-charter:u0004:s01	4	the	the	DET	DT	Definite=Def|PronType=Art	5	det	25	28
nodejs-tsc-charter:u0004:s01	5	projects	project	NOUN	NNS	Number=Plur	2	nmod	29	37
nodejs-tsc-charter:u0004:s01	6	within	within	ADP	IN	_	9	case	38	44
nodejs-tsc-charter:u0004:s01	7	the	the	DET	DT	Definite=Def|PronType=Art	9	det	45	48
nodejs-tsc-charter:u0004:s01	8	OpenJS	Openj	NOUN	NN	Number=Sing	9	compound	49	55
nodejs-tsc-charter:u0004:s01	9	Foundation	foundation	NOUN	NN	Number=Sing	5	nmod	56	66
nodejs-tsc-charter:u0004:s01	10	is	be	AUX	VBZ	Mood=Ind|Number=Sing|Person=3|Tense=Pres|VerbForm=Fin	11	aux:pass	67	69
nodejs-tsc-charter:u0004:s01	11	delegated	delegate	VERB	VBN	Tense=Past|VerbForm=Part|Voice=Pass	0	root	70	79
nodejs-tsc-charter:u0004:s01	12	to	to	ADP	IN	_	14	case	80	82
nodejs-tsc-charter:u0004:s01	13	the	the	DET	DT	Definite=Def|PronType=Art	14	det	83	86
nodejs-tsc-charter:u0004:s01	14	projects	project	NOUN	NNS	Number=Plur	11	obl	87	95
nodejs-tsc-charter:u0004:s01	15	through	through	ADP	IN	_	18	case	96	103
nodejs-tsc-charter:u0004:s01	16	their	they	PRON	PRP$	Number=Plur|Person=3|Poss=Yes|PronType=Prs	18	nmod:poss	104	109
nodejs-tsc-charter:u0004:s01	17	project	project	NOUN	NN	Number=Sing	18	compound	110	117
nodejs-tsc-charter:u0004:s01	18	charters	charter	NOUN	NNS	Number=Plur	14	nmod	118	126
nodejs-tsc-charter:u0004:s01	19	by	by	ADP	IN	_	24	case	127	129
nodejs-tsc-charter:u0004:s01	20	the	the	DET	DT	Definite=Def|PronType=Art	24	det	130	133
nodejs-tsc-charter:u0004:s01	21	OpenJS	OpenJS	PROPN	NNP	Number=Sing	24	compound	134	140
nodejs-tsc-charter:u0004:s01	22	Cross	Cross	PROPN	NNP	Number=Sing	24	compound	141	146
nodejs-tsc-charter:u0004:s01	23	Project	project	PROPN	NNP	Number=Sing	24	compound	147	154
nodejs-tsc-charter:u0004:s01	24	Council	Council	PROPN	NNP	Number=Sing	18	nmod	155	162
nodejs-tsc-charter:u0004:s01	25	(	(	PUNCT	-LRB-	_	26	punct	163	164
nodejs-tsc-charter:u0004:s01	26	CPC	CPC	PROPN	NNP	Number=Sing	24	appos	164	167
nodejs-tsc-charter:u0004:s01	27	)	)	PUNCT	-RRB-	_	26	punct	167	168
nodejs-tsc-charter:u0004:s01	28	.	.	PUNCT	.	_	11	punct	168	169
nodejs-tsc-charter:u0004:s02	1	In	in	ADP	IN	_	3	case	0	2
nodejs-tsc-charter:u0004:s02	2	the	the	DET	DT	Definite=Def|PronType=Art	3	det	3	6
nodejs-tsc-charter:u0004:s02	3	case	case	NOUN	NN	Number=Sing	11	obl	7	11
nodejs-tsc-charter:u0004:s02	4	of	of	ADP	IN	_	7	case	12	14
nodejs-tsc-charter:u0004:s02	5	the	the	DET	DT	Definite=Def|PronType=Art	7	det	15	18
nodejs-tsc-charter:u0004:s02	6	Node.js	Node.js	PROPN	NNP	Number=Sing	7	compound	19	26
nodejs-tsc-charter:u0004:s02	7	project	project	NOUN	NN	Number=Sing	3	nmod	27	34
nodejs-tsc-charter:u0004:s02	8	,	,	PUNCT	,	_	11	punct	34	35
nodejs-tsc-charter:u0004:s02	9	it	it	PRON	PRP	Case=Nom|Gender=Neut|Number=Sing|Person=3|PronType=Prs	11	nsubj:pass	36	38
nodejs-tsc-charter:u0004:s02	10	is	be	AUX	VBZ	Mood=Ind|Number=Sing|Person=3|Tense=Pres|VerbForm=Fin	11	aux:pass	39	41
nodejs-tsc-charter:u0004:s02	11	delegated	delegate	VERB	VBN	Tense=Past|VerbForm=Part|Voice=Pass	0	root	42	51
nodejs-tsc-charter:u0004:s02	12	to	to	ADP	IN	_	17	case	52	54
nodejs-tsc-charter:u0004:s02	13	the	the	DET	DT	Definite=Def|PronType=Art	17	det	55	58
nodejs-tsc-charter:u0004:s02	14	Node.js	Node.js	PROPN	NNP	Number=Sing	17	compound	59	66
nodejs-tsc-charter:u0004:s02	15	Technical	technical	PROPN	NNP	Number=Sing	17	compound	67	76
nodejs-tsc-charter:u0004:s02	16	Steering	steer	PROPN	NNP	Number=Sing	15	flat	77	85
nodejs-tsc-charter:u0004:s02	17	Committee	Committee	PROPN	NNP	Number=Sing	11	obl	86	95
nodejs-tsc-charter:u0004:s02	18	(	(	PUNCT	-LRB-	_	20	punct	96	97
nodejs-tsc-charter:u0004:s02	19	“	"	PUNCT	``	_	20	punct	97	98
nodejs-tsc-charter:u0004:s02	20	TSC	Tsc	NOUN	NN	Number=Sing	17	appos	98	101
nodejs-tsc-charter:u0004:s02	21	”	"	PUNCT	''	_	20	punct	101	102
nodejs-tsc-charter:u0004:s02	22	)	)	PUNCT	-RRB-	_	20	punct	102	103
nodejs-tsc-charter:u0004:s02	23	.	.	PUNCT	.	_	11	punct	103	104
nodejs-tsc-charter:u0004:s03	1	OpenJS	Openjs	PROPN	NNP	Number=Sing	5	nmod:poss	0	6
nodejs-tsc-charter:u0004:s03	2	Foundation	foundation	PROPN	NNP	Number=Sing	1	flat	7	17
nodejs-tsc-charter:u0004:s03	3	’s	's	PART	POS	_	1	case	17	19
nodejs-tsc-charter:u0004:s03	4	business	business	NOUN	NN	Number=Sing	5	compound	20	28
nodejs-tsc-charter:u0004:s03	5	leadership	leadership	NOUN	NN	Number=Sing	8	nsubj	29	39
nodejs-tsc-charter:u0004:s03	6	is	be	AUX	VBZ	Mood=Ind|Number=Sing|Person=3|Tense=Pres|VerbForm=Fin	8	cop	40	42
nodejs-tsc-charter:u0004:s03	7	the	the	DET	DT	Definite=Def|PronType=Art	8	det	43	46
nodejs-tsc-charter:u0004:s03	8	Board	board	NOUN	NN	Number=Sing	0	root	47	52
nodejs-tsc-charter:u0004:s03	9	of	of	ADP	IN	_	10	case	53	55
nodejs-tsc-charter:u0004:s03	10	Directors	director	NOUN	NNS	Number=Plur	8	nmod	56	65
nodejs-tsc-charter:u0004:s03	11	(	(	PUNCT	-LRB-	_	10	punct	66	67
nodejs-tsc-charter:u0004:s03	12	the	the	DET	DT	Definite=Def|PronType=Art	14	det	67	70
nodejs-tsc-charter:u0004:s03	13	“	"	PUNCT	``	_	14	punct	71	72
nodejs-tsc-charter:u0004:s03	14	Board	board	NOUN	NN	Number=Sing	10	appos	72	77
nodejs-tsc-charter:u0004:s03	15	”	"	PUNCT	''	_	14	punct	77	78
nodejs-tsc-charter:u0004:s03	16	)	)	PUNCT	-RRB-	_	14	punct	78	79
nodejs-tsc-charter:u0004:s03	17	.	.	PUNCT	.	_	8	punct	79	80
nodejs-tsc-charter:u0005:s00	1	This	this	DET	DT	Number=Sing|PronType=Dem	2	det	0	4
nodejs-tsc-charter:u0005:s00	2	charter	charter	NOUN	NN	Number=Sing	6	nsubj:pass	5	12
nodejs-tsc-charter:u0005:s00	3	can	can	AUX	MD	VerbForm=Fin	6	aux	13	16
nodejs-tsc-charter:u0005:s00	4	only	only	ADV	RB	_	6	advmod	17	21
nodejs-tsc-charter:u0005:s00	5	be	be	AUX	VB	VerbForm=Inf	6	aux:pass	22	24
nodejs-tsc-charter:u0005:s00	6	amended	amend	VERB	VBN	Tense=Past|VerbForm=Part|Voice=Pass	0	root	25	32
nodejs-tsc-charter:u0005:s00	7	with	with	ADP	IN	_	9	case	33	37
nodejs-tsc-charter:u0005:s00	8	the	the	DET	DT	Definite=Def|PronType=Art	9	det	38	41
nodejs-tsc-charter:u0005:s00	9	approval	approval	NOUN	NN	Number=Sing	6	obl	42	50
nodejs-tsc-charter:u0005:s00	10	of	of	ADP	IN	_	12	case	51	53
nodejs-tsc-charter:u0005:s00	11	the	the	DET	DT	Definite=Def|PronType=Art	12	det	54	57
nodejs-tsc-charter:u0005:s00	12	CPC	Cpc	NOUN	NN	Number=Sing	9	nmod	58	61
nodejs-tsc-charter:u0005:s00	13	.	.	PUNCT	.	_	6	punct	61	62
nodejs-tsc-charter:u0006:s00	1	##	##	PUNCT	.	_	2	punct	0	2
nodejs-tsc-charter:u0006:s00	2	Section	section	NOUN	NN	Number=Sing	0	root	3	10
nodejs-tsc-charter:u0006:s01	1	3	3	X	LS	_	0	root	0	1
nodejs-tsc-charter:u0006:s01	2	.	.	PUNCT	.	_	1	punct	1	2
nodejs-tsc-charter:u0006:s02	1	Establishment	establishment	NOUN	NN	Number=Sing	0	root	0	13
nodejs-tsc-charter:u0006:s02	2	of	of	ADP	IN	_	4	case	14	16
nodejs-tsc-charter:u0006:s02	3	the	the	DET	DT	Definite=Def|PronType=Art	4	det	17	20
nodejs-tsc-charter:u0006:s02	4	TSC	TSC	PROPN	NNP	Number=Sing	1	nmod	21	24
nodejs-tsc-charter:u0007:s00	1	TSC	Tsc	NOUN	NN	Number=Sing	2	compound	0	3
nodejs-tsc-charter:u0007:s00	2	members	member	NOUN	NNS	Number=Plur	7	nsubj	4	11
nodejs-tsc-charter:u0007:s00	3	can	can	AUX	MD	VerbForm=Fin	7	aux	12	15
nodejs-tsc-charter:u0007:s00	4	be	be	AUX	VB	VerbForm=Inf	7	cop	16	18
nodejs-tsc-charter:u0007:s00	5	either	either	CCONJ	CC	_	7	cc:preconj	19	25
nodejs-tsc-charter:u0007:s00	6	_regular_	_regular_	SYM	NFP	_	7	punct	26	35
nodejs-tsc-charter:u0007:s00	7	members	member	NOUN	NNS	Number=Plur	0	root	36	43
nodejs-tsc-charter:u0007:s00	8	or	or	CCONJ	CC	_	9	cc	44	46
nodejs-tsc-charter:u0007:s00	9	_voting	_vot	VERB	VBG	VerbForm=Ger	7	conj	47	54
nodejs-tsc-charter:u0007:s00	10	_	_	SYM	NFP	_	11	punct	54	55
nodejs-tsc-charter:u0007:s00	11	members	member	NOUN	NNS	Number=Plur	9	obj	56	63
nodejs-tsc-charter:u0007:s00	12	.	.	PUNCT	.	_	7	punct	63	64
nodejs-tsc-charter:u0007:s01	1	Regular	regular	ADJ	JJ	Degree=Pos	2	amod	0	7
nodejs-tsc-charter:u0007:s01	2	members	members	NOUN	NNS	Number=Plur	4	nsubj	8	15
nodejs-tsc-charter:u0007:s01	3	can	can	AUX	MD	VerbForm=Fin	4	aux	16	19
nodejs-tsc-charter:u0007:s01	4	attend	attend	VERB	VB	VerbForm=Inf	0	root	20	26
nodejs-tsc-charter:u0007:s01	5	meetings	meeting	NOUN	NNS	Number=Plur	4	obj	27	35
nodejs-tsc-charter:u0007:s01	6	and	and	CCONJ	CC	_	7	cc	36	39
nodejs-tsc-charter:u0007:s01	7	participate	participate	VERB	VB	VerbForm=Inf	4	conj	40	51
nodejs-tsc-charter:u0007:s01	8	in	in	ADP	IN	_	10	case	52	54
nodejs-tsc-charter:u0007:s01	9	TSC	Tsc	NOUN	NN	Number=Sing	10	compound	55	58
nodejs-tsc-charter:u0007:s01	10	discussions	discussion	NOUN	NNS	Number=Plur	7	obl	59	70
nodejs-tsc-charter:u0007:s01	11	,	,	PUNCT	,	_	15	punct	70	71
nodejs-tsc-charter:u0007:s01	12	but	but	CCONJ	CC	_	15	cc	72	75
nodejs-tsc-charter:u0007:s01	13	do	do	AUX	VBP	Mood=Ind|Tense=Pres|VerbForm=Fin	15	aux	76	78
nodejs-tsc-charter:u0007:s01	14	not	not	PART	RB	_	15	advmod	79	82
nodejs-tsc-charter:u0007:s01	15	vote	vote	VERB	VB	VerbForm=Inf	4	conj	83	87
nodejs-tsc-charter:u0007:s01	16	.	.	PUNCT	.	_	4	punct	87	88
nodejs-tsc-charter:u0007:s02	1	Voting	voting	NOUN	NN	Number=Sing	2	compound	0	6
nodejs-tsc-charter:u0007:s02	2	members	member	NOUN	NNS	Number=Plur	4	nsubj	7	14
nodejs-tsc-charter:u0007:s02	3	can	can	AUX	MD	VerbForm=Fin	4	aux	15	18
nodejs-tsc-charter:u0007:s02	4	do	do	VERB	VB	VerbForm=Inf	0	root	19	21
nodejs-tsc-charter:u0007:s02	5	everything	everything	PRON	NN	Number=Sing	4	obj	22	32
nodejs-tsc-charter:u0007:s02	6	regular	regular	ADJ	JJ	Degree=Pos	7	amod	33	40
nodejs-tsc-charter:u0007:s02	7	members	member	NOUN	NNS	Number=Plur	9	nsubj	41	48
nodejs-tsc-charter:u0007:s02	8	can	can	AUX	MD	VerbForm=Fin	9	aux	49	52
nodejs-tsc-charter:u0007:s02	9	do	do	VERB	VB	VerbForm=Inf	5	acl:relcl	53	55
nodejs-tsc-charter:u0007:s02	10	,	,	PUNCT	,	_	13	punct	55	56
nodejs-tsc-charter:u0007:s02	11	and	and	CCONJ	CC	_	13	cc	57	60
nodejs-tsc-charter:u0007:s02	12	also	also	ADV	RB	_	13	advmod	61	65
nodejs-tsc-charter:u0007:s02	13	have	have	VERB	VBP	Mood=Ind|Tense=Pres|VerbForm=Fin	4	conj	66	70
nodejs-tsc-charter:u0007:s02	14	the	the	DET	DT	Definite=Def|PronType=Art	15	det	71	74
nodejs-tsc-charter:u0007:s02	15	ability	ability	NOUN	NN	Number=Sing	13	obj	75	82
nodejs-tsc-charter:u0007:s02	16	to	to	PART	TO	_	17	mark	83	85
nodejs-tsc-charter:u0007:s02	17	cast	cast	VERB	VB	VerbForm=Inf	15	acl	86	90
nodejs-tsc-charter:u0007:s02	18	votes	vote	NOUN	NNS	Number=Plur	17	obj	91	96
nodejs-tsc-charter:u0007:s02	19	when	when	ADV	WRB	PronType=Int	23	mark	97	101
nodejs-tsc-charter:u0007:s02	20	consensus	consensus	NOUN	NN	Number=Sing	23	nsubj:pass	102	111
nodejs-tsc-charter:u0007:s02	21	is	be	AUX	VBZ	Mood=Ind|Number=Sing|Person=3|Tense=Pres|VerbForm=Fin	23	aux:pass	112	114
nodejs-tsc-charter:u0007:s02	22	not	not	PART	RB	_	23	advmod	115	118
nodejs-tsc-charter:u0007:s02	23	reached	reach	VERB	VBN	Tense=Past|VerbForm=Part|Voice=Pass	17	advcl	119	126
nodejs-tsc-charter:u0007:s02	24	on	on	ADP	IN	_	26	case	127	129
nodejs-tsc-charter:u0007:s02	25	an	a	DET	DT	Definite=Ind|PronType=Art	26	det	130	132
nodejs-tsc-charter:u0007:s02	26	issue	issue	NOUN	NN	Number=Sing	23	obl	133	138
nodejs-tsc-charter:u0007:s02	27	.	.	PUNCT	.	_	4	punct	138	139
nodejs-tsc-charter:u0008:s00	1	TSC	Tsc	NOUN	NN	Number=Sing	2	compound	0	3
nodejs-tsc-charter:u0008:s00	2	memberships	memberships	NOUN	NNS	Number=Plur	7	nsubj	4	15
nodejs-tsc-charter:u0008:s00	3	are	be	AUX	VBP	Mood=Ind|Tense=Pres|VerbForm=Fin	7	cop	16	19
nodejs-tsc-charter:u0008:s00	4	not	not	PART	RB	_	5	advmod	20	23
nodejs-tsc-charter:u0008:s00	5	time	time	NOUN	NN	Number=Sing	7	obl:npmod	24	28
nodejs-tsc-charter:u0008:s00	6	-	-	PUNCT	HYPH	_	5	punct	28	29
nodejs-tsc-charter:u0008:s00	7	limited	limit	ADJ	JJ	Degree=Pos	0	root	29	36
nodejs-tsc-charter:u0008:s00	8	.	.	PUNCT	.	_	7	punct	36	37
nodejs-tsc-charter:u0008:s01	1	There	there	PRON	EX	_	2	expl	0	5
nodejs-tsc-charter:u0008:s01	2	is	be	VERB	VBZ	Mood=Ind|Number=Sing|Person=3|Tense=Pres|VerbForm=Fin	0	root	6	8
nodejs-tsc-charter:u0008:s01	3	no	no	DET	DT	_	5	det	9	11
nodejs-tsc-charter:u0008:s01	4	maximum	maximum	ADJ	JJ	Degree=Pos	5	amod	12	19
nodejs-tsc-charter:u0008:s01	5	size	size	NOUN	NN	Number=Sing	2	nsubj	20	24
nodejs-tsc-charter:u0008:s01	6	of	of	ADP	IN	_	8	case	25	27
nodejs-tsc-charter:u0008:s01	7	the	the	DET	DT	Definite=Def|PronType=Art	8	det	28	31
nodejs-tsc-charter:u0008:s01	8	TSC	Tsc	NOUN	NN	Number=Sing	5	nmod	32	35
nodejs-tsc-charter:u0008:s01	9	.	.	PUNCT	.	_	2	punct	35	36
nodejs-tsc-charter:u0008:s02	1	The	the	DET	DT	Definite=Def|PronType=Art	2	det	0	3
nodejs-tsc-charter:u0008:s02	2	TSC	Tsc	NOUN	NN	Number=Sing	4	nsubj	4	7
nodejs-tsc-charter:u0008:s02	3	must	must	AUX	MD	VerbForm=Fin	4	aux	8	12
nodejs-tsc-charter:u0008:s02	4	have	have	VERB	VB	VerbForm=Inf	0	root	13	17
nodejs-tsc-charter:u0008:s02	5	at	at	ADV	RB	_	6	case	18	20
nodejs-tsc-charter:u0008:s02	6	least	least	ADV	RBS	Degree=Sup	7	nmod	21	26
nodejs-tsc-charter:u0008:s02	7	four	four	NUM	CD	NumType=Card	9	nummod	27	31
nodejs-tsc-charter:u0008:s02	8	voting	voting	NOUN	NN	Number=Sing	9	compound	32	38
nodejs-tsc-charter:u0008:s02	9	members	member	NOUN	NNS	Number=Plur	4	obj	39	46
nodejs-tsc-charter:u0008:s02	10	.	.	PUNCT	.	_	4	punct	46	47
nodejs-tsc-charter:u0009:s00	1	There	there	PRON	EX	_	2	expl	0	5
nodejs-tsc-charter:u0009:s00	2	is	be	VERB	VBZ	Mood=Ind|Number=Sing|Person=3|Tense=Pres|VerbForm=Fin	0	root	6	8
nodejs-tsc-charter:u0009:s00	3	no	no	DET	DT	_	5	det	9	11
nodejs-tsc-charter:u0009:s00	4	specific	specific	ADJ	JJ	Degree=Pos	5	amod	12	20
nodejs-tsc-charter:u0009:s00	5	set	set	NOUN	NN	Number=Sing	2	nsubj	21	24
nodejs-tsc-charter:u0009:s00	6	of	of	ADP	IN	_	7	case	25	27
nodejs-tsc-charter:u0009:s00	7	requirements	requirement	NOUN	NNS	Number=Plur	5	nmod	28	40
nodejs-tsc-charter:u0009:s00	8	or	or	CCONJ	CC	_	9	cc	41	43
nodejs-tsc-charter:u0009:s00	9	qualifications	qualification	NOUN	NNS	Number=Plur	7	conj	44	58
nodejs-tsc-charter:u0009:s00	10	for	for	ADP	IN	_	12	case	59	62
nodejs-tsc-charter:u0009:s00	11	TSC	TSC	PROPN	NNP	Number=Sing	12	compound	63	66
nodejs-tsc-charter:u0009:s00	12	membership	membership	NOUN	NN	Number=Sing	7	nmod	67	77
nodejs-tsc-charter:u0009:s00	13	beyond	beyond	ADP	IN	_	15	case	78	84
nodejs-tsc-charter:u0009:s00	14	these	these	DET	DT	Number=Plur|PronType=Dem	15	det	85	90
nodejs-tsc-charter:u0009:s00	15	rules	rule	NOUN	NNS	Number=Plur	12	nmod	91	96
nodejs-tsc-charter:u0009:s00	16	.	.	PUNCT	.	_	2	punct	96	97
nodejs-tsc-charter:u0009:s01	1	The	the	DET	DT	Definite=Def|PronType=Art	2	det	0	3
nodejs-tsc-charter:u0009:s01	2	TSC	Tsc	NOUN	NN	Number=Sing	4	nsubj	4	7
nodejs-tsc-charter:u0009:s01	3	may	may	AUX	MD	VerbForm=Fin	4	aux	8	11
nodejs-tsc-charter:u0009:s01	4	add	add	VERB	VB	VerbForm=Inf	0	root	12	15
nodejs-tsc-charter:u0009:s01	5	additional	additional	ADJ	JJ	Degree=Pos	7	amod	16	26
nodejs-tsc-charter:u0009:s01	6	voting	voting	NOUN	NN	Number=Sing	7	compound	27	33
nodejs-tsc-charter:u0009:s01	7	members	member	NOUN	NNS	Number=Plur	4	obj	34	41
nodejs-tsc-charter:u0009:s01	8	to	to	ADP	IN	_	10	case	42	44
nodejs-tsc-charter:u0009:s01	9	the	the	DET	DT	Definite=Def|PronType=Art	10	det	45	48
nodejs-tsc-charter:u0009:s01	10	TSC	Tsc	NOUN	NN	Number=Sing	7	nmod	49	52
nodejs-tsc-charter:u0009:s01	11	by	by	ADP	IN	_	15	case	53	55
nodejs-tsc-charter:u0009:s01	12	a	a	DET	DT	Definite=Ind|PronType=Art	15	det	56	57
nodejs-tsc-charter:u0009:s01	13	standard	standard	ADJ	JJ	Degree=Pos	15	amod	58	66
nodejs-tsc-charter:u0009:s01	14	TSC	Tsc	NOUN	NN	Number=Sing	15	compound	67	70
nodejs-tsc-charter:u0009:s01	15	motion	motion	NOUN	NN	Number=Sing	4	obl	71	77
nodejs-tsc-charter:u0009:s01	16	.	.	PUNCT	.	_	4	punct	77	78
nodejs-tsc-charter:u0009:s02	1	A	a	DET	DT	Definite=Ind|PronType=Art	3	det	0	1
nodejs-tsc-charter:u0009:s02	2	TSC	Tsc	NOUN	NN	Number=Sing	3	compound	2	5
nodejs-tsc-charter:u0009:s02	3	member	member	NOUN	NN	Number=Sing	6	nsubj:pass	6	12
nodejs-tsc-charter:u0009:s02	4	can	can	AUX	MD	VerbForm=Fin	6	aux	13	16
nodejs-tsc-charter:u0009:s02	5	be	be	AUX	VB	VerbForm=Inf	6	aux:pass	17	19
nodejs-tsc-charter:u0009:s02	6	removed	remove	VERB	VBN	Tense=Past|VerbForm=Part|Voice=Pass	0	root	20	27
nodejs-tsc-charter:u0009:s02	7	from	from	ADP	IN	_	9	case	28	32
nodejs-tsc-charter:u0009:s02	8	the	the	DET	DT	Definite=Def|PronType=Art	9	det	33	36
nodejs-tsc-charter:u0009:s02	9	TSC	Tsc	NOUN	NN	Number=Sing	6	obl	37	40
nodejs-tsc-charter:u0009:s02	10	by	by	ADP	IN	_	12	case	41	43
nodejs-tsc-charter:u0009:s02	11	voluntary	voluntary	NOUN	NN	Number=Sing	12	compound	44	53
nodejs-tsc-charter:u0009:s02	12	resignation	resignation	NOUN	NN	Number=Sing	9	nmod	54	65
nodejs-tsc-charter:u0009:s02	13	or	or	CCONJ	CC	_	18	cc	66	68
nodejs-tsc-charter:u0009:s02	14	by	by	ADP	IN	_	18	case	69	71
nodejs-tsc-charter:u0009:s02	15	a	a	DET	DT	Definite=Ind|PronType=Art	18	det	72	73
nodejs-tsc-charter:u0009:s02	16	standard	standard	ADJ	JJ	Degree=Pos	18	amod	74	82
nodejs-tsc-charter:u0009:s02	17	TSC	Tsc	NOUN	NN	Number=Sing	18	compound	83	86
nodejs-tsc-charter:u0009:s02	18	motion	motion	NOUN	NN	Number=Sing	9	conj	87	93
nodejs-tsc-charter:u0009:s02	19	.	.	PUNCT	.	_	6	punct	93	94
nodejs-tsc-charter:u0009:s03	1	A	a	DET	DT	Definite=Ind|PronType=Art	4	det	0	1
nodejs-tsc-charter:u0009:s03	2	standard	standard	ADJ	JJ	Degree=Pos	4	amod	2	10
nodejs-tsc-charter:u0009:s03	3	TSC	Tsc	NOUN	NN	Number=Sing	4	compound	11	14
nodejs-tsc-charter:u0009:s03	4	motion	motion	NOUN	NN	Number=Sing	7	nsubj:pass	15	21
nodejs-tsc-charter:u0009:s03	5	can	can	AUX	MD	VerbForm=Fin	7	aux	22	25
nodejs-tsc-charter:u0009:s03	6	be	be	AUX	VB	VerbForm=Inf	7	aux:pass	26	28
nodejs-tsc-charter:u0009:s03	7	used	use	VERB	VBN	Tense=Past|VerbForm=Part|Voice=Pass	0	root	29	33
nodejs-tsc-charter:u0009:s03	8	to	to	PART	TO	_	9	mark	34	36
nodejs-tsc-charter:u0009:s03	9	change	change	VERB	VB	VerbForm=Inf	7	xcomp	37	43
nodejs-tsc-charter:u0009:s03	10	a	a	DET	DT	Definite=Ind|PronType=Art	13	det	44	45
nodejs-tsc-charter:u0009:s03	11	regular	regular	ADJ	JJ	Degree=Pos	13	amod	46	53
nodejs-tsc-charter:u0009:s03	12	TSC	Tsc	NOUN	NN	Number=Sing	13	compound	54	57
nodejs-tsc-charter:u0009:s03	13	member	member	NOUN	NN	Number=Sing	9	obj	58	64
nodejs-tsc-charter:u0009:s03	14	to	to	ADP	IN	_	18	case	65	67
nodejs-tsc-charter:u0009:s03	15	a	a	DET	DT	Definite=Ind|PronType=Art	18	det	68	69
nodejs-tsc-charter:u0009:s03	16	voting	voting	NOUN	NN	Number=Sing	18	compound	70	76
nodejs-tsc-charter:u0009:s03	17	TSC	Tsc	NOUN	NN	Number=Sing	18	compound	77	80
nodejs-tsc-charter:u0009:s03	18	member	member	NOUN	NN	Number=Sing	13	nmod	81	87
nodejs-tsc-charter:u0009:s03	19	,	,	PUNCT	,	_	22	punct	87	88
nodejs-tsc-charter:u0009:s03	20	or	or	CCONJ	CC	_	22	cc	89	91
nodejs-tsc-charter:u0009:s03	21	to	to	PART	TO	_	22	mark	92	94
nodejs-tsc-charter:u0009:s03	22	change	change	VERB	VB	VerbForm=Inf	9	conj	95	101
nodejs-tsc-charter:u0009:s03	23	a	a	DET	DT	Definite=Ind|PronType=Art	26	det	102	103
nodejs-tsc-charter:u0009:s03	24	voting	voting	NOUN	NN	Number=Sing	26	compound	104	110
nodejs-tsc-charter:u0009:s03	25	TSC	Tsc	NOUN	NN	Number=Sing	26	compound	111	114
nodejs-tsc-charter:u0009:s03	26	member	member	NOUN	NN	Number=Sing	22	obj	115	121
nodejs-tsc-charter:u0009:s03	27	to	to	ADP	IN	_	31	case	122	124
nodejs-tsc-charter:u0009:s03	28	a	a	DET	DT	Definite=Ind|PronType=Art	31	det	125	126
nodejs-tsc-charter:u0009:s03	29	regular	regular	ADJ	JJ	Degree=Pos	31	amod	127	134
nodejs-tsc-charter:u0009:s03	30	TSC	Tsc	NOUN	NN	Number=Sing	31	compound	135	138
nodejs-tsc-charter:u0009:s03	31	member	member	NOUN	NN	Number=Sing	22	obl	139	145
nodejs-tsc-charter:u0009:s03	32	.	.	PUNCT	.	_	7	punct	145	146
nodejs-tsc-charter:u0010:s00	1	In	in	ADP	IN	_	4	mark	0	2
nodejs-tsc-charter:u0010:s00	2	order	order	NOUN	NN	Number=Sing	1	fixed	3	8
nodejs-tsc-charter:u0010:s00	3	to	to	PART	TO	_	4	mark	9	11
nodejs-tsc-charter:u0010:s00	4	ensure	ensure	VERB	VB	VerbForm=Inf	15	advcl	12	18
nodejs-tsc-charter:u0010:s00	5	adequate	adequate	ADJ	JJ	Degree=Pos	6	amod	19	27
nodejs-tsc-charter:u0010:s00	6	representation	representation	NOUN	NN	Number=Sing	4	obj	28	42
nodejs-tsc-charter:u0010:s00	7	of	of	ADP	IN	_	9	case	43	45
nodejs-tsc-charter:u0010:s00	8	the	the	DET	DT	Definite=Def|PronType=Art	9	det	46	49
nodejs-tsc-charter:u0010:s00	9	interests	interest	NOUN	NNS	Number=Plur	6	nmod	50	59
nodejs-tsc-charter:u0010:s00	10	of	of	ADP	IN	_	12	case	60	62
nodejs-tsc-charter:u0010:s00	11	diverse	diverse	ADJ	JJ	Degree=Pos	12	amod	63	70
nodejs-tsc-charter:u0010:s00	12	stakeholders	stakeholder	NOUN	NNS	Number=Plur	9	nmod	71	83
nodejs-tsc-charter:u0010:s00	13	,	,	PUNCT	,	_	15	punct	83	84
nodejs-tsc-charter:u0010:s00	14	no	no	ADV	RB	_	15	advmod	85	87
nodejs-tsc-charter:u0010:s00	15	more	more	ADJ	JJR	Degree=Cmp	0	root	88	92
nodejs-tsc-charter:u0010:s00	16	than	than	ADP	IN	_	19	case	93	97
nodejs-tsc-charter:u0010:s00	17	one	one	NUM	CD	NumType=Card	19	nummod	98	101
nodejs-tsc-charter:u0010:s00	18	-	-	PUNCT	HYPH	_	19	punct	101	102
nodejs-tsc-charter:u0010:s00	19	fourth	fourth	NOUN	NN	Number=Sing	15	obl	102	108
nodejs-tsc-charter:u0010:s00	20	of	of	ADP	IN	_	24	case	109	111
nodejs-tsc-charter:u0010:s00	21	the	the	DET	DT	Definite=Def|PronType=Art	24	det	112	115
nodejs-tsc-charter:u0010:s00	22	TSC	TSC	PROPN	NNP	Number=Sing	24	compound	116	119
nodejs-tsc-charter:u0010:s00	23	voting	voting	NOUN	NN	Number=Sing	24	compound	120	126
nodejs-tsc-charter:u0010:s00	24	membership	membership	NOUN	NN	Number=Sing	19	nmod	127	137
nodejs-tsc-charter:u0010:s00	25	may	may	AUX	MD	VerbForm=Fin	27	aux	138	141
nodejs-tsc-charter:u0010:s00	26	be	be	AUX	VB	VerbForm=Inf	27	aux:pass	142	144
nodejs-tsc-charter:u0010:s00	27	affiliated	affiliate	VERB	VBN	Tense=Past|VerbForm=Part|Voice=Pass	15	advcl	145	155
nodejs-tsc-charter:u0010:s00	28	with	with	ADP	IN	_	31	case	156	160
nodejs-tsc-charter:u0010:s00	29	the	the	DET	DT	Definite=Def|PronType=Art	31	det	161	164
nodejs-tsc-charter:u0010:s00	30	same	same	ADJ	JJ	Degree=Pos	31	amod	165	169
nodejs-tsc-charter:u0010:s00	31	company	company	NOUN	NN	Number=Sing	27	obl	170	177
nodejs-tsc-charter:u0010:s00	32	/	/	PUNCT	,	_	33	cc	177	178
nodejs-tsc-charter:u0010:s00	33	entity	entity	NOUN	NN	Number=Sing	31	conj	178	184
nodejs-tsc-charter:u0010:s00	34	.	.	PUNCT	.	_	15	punct	184	185
nodejs-tsc-charter:u0010:s01	1	If	if	SCONJ	IN	_	18	mark	0	2
nodejs-tsc-charter:u0010:s01	2	a	a	DET	DT	Definite=Ind|PronType=Art	3	det	3	4
nodejs-tsc-charter:u0010:s01	3	change	change	NOUN	NN	Number=Sing	18	nsubj	5	11
nodejs-tsc-charter:u0010:s01	4	in	in	ADP	IN	_	7	case	12	14
nodejs-tsc-charter:u0010:s01	5	TSC	TSC	PROPN	NNP	Number=Sing	7	compound	15	18
nodejs-tsc-charter:u0010:s01	6	voting	vote	NOUN	NN	Number=Sing	7	compound	19	25
nodejs-tsc-charter:u0010:s01	7	membership	membership	NOUN	NN	Number=Sing	3	nmod	26	36
nodejs-tsc-charter:u0010:s01	8	or	or	CCONJ	CC	_	10	cc	37	39
nodejs-tsc-charter:u0010:s01	9	a	a	DET	DT	Definite=Ind|PronType=Art	10	det	40	41
nodejs-tsc-charter:u0010:s01	10	change	change	NOUN	NN	Number=Sing	3	conj	42	48
nodejs-tsc-charter:u0010:s01	11	of	of	ADP	IN	_	12	case	49	51
nodejs-tsc-charter:u0010:s01	12	affiliation	affiliation	NOUN	NN	Number=Sing	10	nmod	52	63
nodejs-tsc-charter:u0010:s01	13	by	by	ADP	IN	_	17	case	64	66
nodejs-tsc-charter:u0010:s01	14	a	a	DET	DT	Definite=Ind|PronType=Art	17	det	67	68
nodejs-tsc-charter:u0010:s01	15	TSC	TSC	PROPN	NNP	Number=Sing	17	compound	69	72
nodejs-tsc-charter:u0010:s01	16	voting	voting	NOUN	NN	Number=Sing	17	compound	73	79
nodejs-tsc-charter:u0010:s01	17	member	member	NOUN	NN	Number=Sing	3	nmod	80	86
nodejs-tsc-charter:u0010:s01	18	creates	create	VERB	VBZ	Mood=Ind|Number=Sing|Person=3|Tense=Pres|VerbForm=Fin	47	advcl	87	94
nodejs-tsc-charter:u0010:s01	19	a	a	DET	DT	Definite=Ind|PronType=Art	20	det	95	96
nodejs-tsc-charter:u0010:s01	20	situation	situation	NOUN	NN	Number=Sing	18	obj	97	106
nodejs-tsc-charter:u0010:s01	21	where	where	ADV	WRB	PronType=Rel	26	advmod	107	112
nodejs-tsc-charter:u0010:s01	22	more	more	ADJ	JJR	Degree=Cmp	24	advmod	113	117
nodejs-tsc-charter:u0010:s01	23	than	than	ADP	IN	_	22	fixed	118	122
nodejs-tsc-charter:u0010:s01	24	one	one	NUM	CD	NumType=Card	26	nummod	123	126
nodejs-tsc-charter:u0010:s01	25	-	-	PUNCT	HYPH	_	26	punct	126	127
nodejs-tsc-charter:u0010:s01	26	fourth	fourth	NOUN	NN	Number=Sing	33	nsubj:pass	127	133
nodejs-tsc-charter:u0010:s01	27	of	of	ADP	IN	_	31	case	134	136
nodejs-tsc-charter:u0010:s01	28	the	the	DET	DT	Definite=Def|PronType=Art	31	det	137	140
nodejs-tsc-charter:u0010:s01	29	TSC	TSC	PROPN	NNP	Number=Sing	31	compound	141	144
nodejs-tsc-charter:u0010:s01	30	voting	voting	NOUN	NN	Number=Sing	31	compound	145	151
nodejs-tsc-charter:u0010:s01	31	membership	membership	NOUN	NN	Number=Sing	26	nmod	152	162
nodejs-tsc-charter:u0010:s01	32	are	be	AUX	VBP	Mood=Ind|Tense=Pres|VerbForm=Fin	33	aux:pass	163	166
nodejs-tsc-charter:u0010:s01	33	affiliated	affiliate	VERB	VBN	Tense=Past|VerbForm=Part|Voice=Pass	20	acl:relcl	167	177
nodejs-tsc-charter:u0010:s01	34	with	with	ADP	IN	_	37	case	178	182
nodejs-tsc-charter:u0010:s01	35	the	the	DET	DT	Definite=Def|PronType=Art	37	det	183	186
nodejs-tsc-charter:u0010:s01	36	same	same	ADJ	JJ	Degree=Pos	37	amod	187	191
nodejs-tsc-charter:u0010:s01	37	company	company	NOUN	NN	Number=Sing	33	obl	192	199
nodejs-tsc-charter:u0010:s01	38	/	/	PUNCT	,	_	39	cc	199	200
nodejs-tsc-charter:u0010:s01	39	entity	entity	NOUN	NN	Number=Sing	37	conj	200	206
nodejs-tsc-charter:u0010:s01	40	,	,	PUNCT	,	_	47	punct	206	207
nodejs-tsc-charter:u0010:s01	41	then	then	ADV	RB	PronType=Dem	47	advmod	208	212
nodejs-tsc-charter:u0010:s01	42	the	the	DET	DT	Definite=Def|PronType=Art	43	det	213	216
nodejs-tsc-charter:u0010:s01	43	situation	situation	NOUN	NN	Number=Sing	47	nsubj:pass	217	226
nodejs-tsc-charter:u0010:s01	44	must	must	AUX	MD	VerbForm=Fin	47	aux	227	231
nodejs-tsc-charter:u0010:s01	45	be	be	AUX	VB	VerbForm=Inf	47	aux:pass	232	234
nodejs-tsc-charter:u0010:s01	46	immediately	immediately	ADV	RB	_	47	advmod	235	246
nodejs-tsc-charter:u0010:s01	47	remedied	remedy	VERB	VBN	Tense=Past|VerbForm=Part|Voice=Pass	0	root	247	255
nodejs-tsc-charter:u0010:s01	48	by	by	ADP	IN	_	50	case	256	258
nodejs-tsc-charter:u0010:s01	49	the	the	DET	DT	Definite=Def|PronType=Art	50	det	259	262
nodejs-tsc-charter:u0010:s01	50	removal	removal	NOUN	NN	Number=Sing	47	obl	263	270
nodejs-tsc-charter:u0010:s01	51	of	of	ADP	IN	_	54	case	271	273
nodejs-tsc-charter:u0010:s01	52	voting	voting	NOUN	NN	Number=Sing	53	compound	274	280
nodejs-tsc-charter:u0010:s01	53	member	member	NOUN	NN	Number=Sing	54	compound	281	287
nodejs-tsc-charter:u0010:s01	54	status	status	NOUN	NN	Number=Sing	50	nmod	288	294
nodejs-tsc-charter:u0010:s01	55	from	from	ADP	IN	_	56	case	295	299
nodejs-tsc-charter:u0010:s01	56	one	one	NUM	CD	NumType=Card	61	nummod	300	303
nodejs-tsc-charter:u0010:s01	57	or	or	CCONJ	CC	_	58	cc	304	306
nodejs-tsc-charter:u0010:s01	58	more	more	ADJ	JJR	Degree=Cmp	56	conj	307	311
nodejs-tsc-charter:u0010:s01	59	TSC	TSC	NOUN	NN	Number=Sing	61	compound	312	315
nodejs-tsc-charter:u0010:s01	60	voting	voting	NOUN	NN	Number=Sing	61	compound	316	322
nodejs-tsc-charter:u0010:s01	61	members	member	NOUN	NNS	Number=Plur	47	nmod	323	330
nodejs-tsc-charter:u0010:s01	62	affiliated	affiliate	VERB	VBN	Tense=Past|VerbForm=Part	61	acl	331	341
nodejs-tsc-charter:u0010:s01	63	with	with	ADP	IN	_	66	case	342	346
nodejs-tsc-charter:u0010:s01	64	the	the	DET	DT	Definite=Def|PronType=Art	66	det	347	350
nodejs-tsc-charter:u0010:s01	65	over-represented	over-represented	ADJ	JJ	Degree=Pos	66	amod	351	367
nodejs-tsc-charter:u0010:s01	66	company	company	NOUN	NN	Number=Sing	62	obl	368	375
nodejs-tsc-charter:u0010:s01	67	.	.	PUNCT	.	_	47	punct	375	376
nodejs-tsc-charter:u0011:s00	1	The	the	DET	DT	Definite=Def|PronType=Art	2	det	0	3
nodejs-tsc-charter:u0011:s00	2	TSC	Tsc	NOUN	NN	Number=Sing	4	nsubj	4	7
nodejs-tsc-charter:u0011:s00	3	shall	shall	AUX	MD	VerbForm=Fin	4	aux	8	13
nodejs-tsc-charter:u0011:s00	4	meet	meet	VERB	VB	VerbForm=Inf	0	root	14	18
nodejs-tsc-charter:u0011:s00	5	regularly	regularly	ADV	RB	_	4	advmod	19	28
nodejs-tsc-charter:u0011:s00	6	using	use	VERB	VBG	VerbForm=Ger	4	advcl	29	34
nodejs-tsc-charter:u0011:s00	7	tools	tool	NOUN	NNS	Number=Plur	6	obj	35	40
nodejs-tsc-charter:u0011:s00	8	that	that	PRON	WDT	PronType=Rel	9	nsubj	41	45
nodejs-tsc-charter:u0011:s00	9	enable	enable	VERB	VBP	Mood=Ind|Tense=Pres|VerbForm=Fin	7	acl:relcl	46	52
nodejs-tsc-charter:u0011:s00	10	participation	participation	NOUN	NN	Number=Sing	9	obj	53	66
nodejs-tsc-charter:u0011:s00	11	by	by	ADP	IN	_	13	case	67	69
nodejs-tsc-charter:u0011:s00	12	the	the	DET	DT	Definite=Def|PronType=Art	13	det	70	73
nodejs-tsc-charter:u0011:s00	13	community	community	NOUN	NN	Number=Sing	10	nmod	74	83
nodejs-tsc-charter:u0011:s00	14	(	(	PUNCT	-LRB-	_	16	punct	84	85
nodejs-tsc-charter:u0011:s00	15	e.g.	e.g.	ADV	RB	_	16	advmod	85	89
nodejs-tsc-charter:u0011:s00	16	weekly	weekly	ADJ	JJ	Degree=Pos	4	parataxis	90	96
nodejs-tsc-charter:u0011:s00	17	on	on	ADP	IN	_	20	case	97	99
nodejs-tsc-charter:u0011:s00	18	a	a	DET	DT	Definite=Ind|PronType=Art	20	det	100	101
nodejs-tsc-charter:u0011:s00	19	Google	Google	PROPN	NNP	Number=Sing	20	compound	102	108
nodejs-tsc-charter:u0011:s00	20	Hangout	hangout	PROPN	NNP	Number=Sing	16	obl	109	116
nodejs-tsc-charter:u0011:s00	21	On	on	ADP	IN	_	22	case	117	119
nodejs-tsc-charter:u0011:s00	22	Air	air	PROPN	NNP	Number=Sing	20	nmod	120	123
nodejs-tsc-charter:u0011:s00	23	,	,	PUNCT	,	_	29	punct	123	124
nodejs-tsc-charter:u0011:s00	24	or	or	CCONJ	CC	_	29	cc	125	127
nodejs-tsc-charter:u0011:s00	25	through	through	ADP	IN	_	29	case	128	135
nodejs-tsc-charter:u0011:s00	26	any	any	DET	DT	_	29	det	136	139
nodejs-tsc-charter:u0011:s00	27	other	other	ADJ	JJ	Degree=Pos	29	amod	140	145
nodejs-tsc-charter:u0011:s00	28	appropriate	appropriate	ADJ	JJ	Degree=Pos	29	amod	146	157
nodejs-tsc-charter:u0011:s00	29	means	mean	NOUN	NNS	Number=Plur	16	conj	158	163
nodejs-tsc-charter:u0011:s00	30	selected	select	VERB	VBN	Tense=Past|VerbForm=Part	29	acl	164	172
nodejs-tsc-charter:u0011:s00	31	by	by	ADP	IN	_	33	case	173	175
nodejs-tsc-charter:u0011:s00	32	the	the	DET	DT	Definite=Def|PronType=Art	33	det	176	179
nodejs-tsc-charter:u0011:s00	33	TSC	Tsc	NOUN	NN	Number=Sing	30	obl	180	183
nodejs-tsc-charter:u0011:s00	34	)	)	PUNCT	-RRB-	_	16	punct	183	184
nodejs-tsc-charter:u0011:s00	35	.	.	PUNCT	.	_	4	punct	184	185
nodejs-tsc-charter:u0011:s01	1	The	the	DET	DT	Definite=Def|PronType=Art	2	det	0	3
nodejs-tsc-charter:u0011:s01	2	meeting	meeting	NOUN	NN	Number=Sing	5	nsubj:pass	4	11
nodejs-tsc-charter:u0011:s01	3	shall	shall	AUX	MD	VerbForm=Fin	5	aux	12	17
nodejs-tsc-charter:u0011:s01	4	be	be	AUX	VB	VerbForm=Inf	5	aux:pass	18	20
nodejs-tsc-charter:u0011:s01	5	directed	direct	VERB	VBN	Tense=Past|VerbForm=Part|Voice=Pass	0	root	21	29
nodejs-tsc-charter:u0011:s01	6	by	by	ADP	IN	_	9	case	30	32
nodejs-tsc-charter:u0011:s01	7	the	the	DET	DT	Definite=Def|PronType=Art	9	det	33	36
nodejs-tsc-charter:u0011:s01	8	TSC	TSC	PROPN	NNP	Number=Sing	9	compound	37	40
nodejs-tsc-charter:u0011:s01	9	Chairperson	Chairperson	PROPN	NNP	Number=Sing	5	obl	41	52
nodejs-tsc-charter:u0011:s01	10	.	.	PUNCT	.	_	5	punct	52	53
nodejs-tsc-charter:u0011:s02	1	Responsibility	responsibility	NOUN	NN	Number=Sing	8	nsubj:pass	0	14
nodejs-tsc-charter:u0011:s02	2	for	for	SCONJ	IN	_	3	mark	15	18
nodejs-tsc-charter:u0011:s02	3	directing	direct	VERB	VBG	VerbForm=Ger	1	acl	19	28
nodejs-tsc-charter:u0011:s02	4	individual	individual	ADJ	JJ	Degree=Pos	5	amod	29	39
nodejs-tsc-charter:u0011:s02	5	meetings	meeting	NOUN	NNS	Number=Plur	3	obj	40	48
nodejs-tsc-charter:u0011:s02	6	may	may	AUX	MD	VerbForm=Fin	8	aux	49	52
nodejs-tsc-charter:u0011:s02	7	be	be	AUX	VB	VerbForm=Inf	8	aux:pass	53	55
nodejs-tsc-charter:u0011:s02	8	delegated	delegate	VERB	VBN	Tense=Past|VerbForm=Part|Voice=Pass	0	root	56	65
nodejs-tsc-charter:u0011:s02	9	by	by	ADP	IN	_	12	case	66	68
nodejs-tsc-charter:u0011:s02	10	the	the	DET	DT	Definite=Def|PronType=Art	12	det	69	72
nodejs-tsc-charter:u0011:s02	11	TSC	TSC	PROPN	NNP	Number=Sing	12	compound	73	76
nodejs-tsc-charter:u0011:s02	12	Chairperson	chairperson	PROPN	NNP	Number=Sing	8	obl	77	88
nodejs-tsc-charter:u0011:s02	13	to	to	ADP	IN	_	18	case	89	91
nodejs-tsc-charter:u0011:s02	14	any	any	DET	DT	_	18	det	92	95
nodejs-tsc-charter:u0011:s02	15	other	other	ADJ	JJ	Degree=Pos	18	amod	96	101
nodejs-tsc-charter:u0011:s02	16	TSC	Tsc	NOUN	NN	Number=Sing	18	compound	102	105
nodejs-tsc-charter:u0011:s02	17	voting	voting	NOUN	NN	Number=Sing	18	compound	106	112
nodejs-tsc-charter:u0011:s02	18	member	member	NOUN	NN	Number=Sing	8	obl	113	119
nodejs-tsc-charter:u0011:s02	19	.	.	PUNCT	.	_	8	punct	119	120
nodejs-tsc-charter:u0011:s03	1	Minutes	Minutes	NOUN	NNS	Number=Plur	8	nsubj:pass	0	7
nodejs-tsc-charter:u0011:s03	2	or	or	CCONJ	CC	_	5	cc	8	10
nodejs-tsc-charter:u0011:s03	3	an	a	DET	DT	Definite=Ind|PronType=Art	5	det	11	13
nodejs-tsc-charter:u0011:s03	4	appropriate	appropriate	ADJ	JJ	Degree=Pos	5	amod	14	25
nodejs-tsc-charter:u0011:s03	5	recording	recording	NOUN	NN	Number=Sing	1	conj	26	35
nodejs-tsc-charter:u0011:s03	6	shall	shall	AUX	MD	VerbForm=Fin	8	aux	36	41
nodejs-tsc-charter:u0011:s03	7	be	be	AUX	VB	VerbForm=Inf	8	aux:pass	42	44
nodejs-tsc-charter:u0011:s03	8	taken	take	VERB	VBN	Tense=Past|VerbForm=Part|Voice=Pass	0	root	45	50
nodejs-tsc-charter:u0011:s03	9	and	and	CCONJ	CC	_	10	cc	51	54
nodejs-tsc-charter:u0011:s03	10	made	make	VERB	VBN	Tense=Past|VerbForm=Part	8	conj	55	59
nodejs-tsc-charter:u0011:s03	11	available	available	ADJ	JJ	Degree=Pos	10	xcomp	60	69
nodejs-tsc-charter:u0011:s03	12	to	to	ADP	IN	_	14	case	70	72
nodejs-tsc-charter:u0011:s03	13	the	the	DET	DT	Definite=Def|PronType=Art	14	det	73	76
nodejs-tsc-charter:u0011:s03	14	community	community	NOUN	NN	Number=Sing	8	obl	77	86
nodejs-tsc-charter:u0011:s03	15	through	through	ADP	IN	_	18	case	87	94
nodejs-tsc-charter:u0011:s03	16	accessible	accessible	ADJ	JJ	Degree=Pos	18	amod	95	105
nodejs-tsc-charter:u0011:s03	17	public	public	ADJ	JJ	Degree=Pos	18	amod	106	112
nodejs-tsc-charter:u0011:s03	18	postings	posting	NOUN	NNS	Number=Plur	14	nmod	113	121
nodejs-tsc-charter:u0011:s03	19	.	.	PUNCT	.	_	8	punct	121	122
nodejs-tsc-charter:u0012:s00	1	TSC	Tsc	NOUN	NN	Number=Sing	3	compound	0	3
nodejs-tsc-charter:u0012:s00	2	voting	voting	NOUN	NN	Number=Sing	3	compound	4	10
nodejs-tsc-charter:u0012:s00	3	members	member	NOUN	NNS	Number=Plur	5	nsubj:pass	11	18
nodejs-tsc-charter:u0012:s00	4	are	be	AUX	VBP	Mood=Ind|Tense=Pres|VerbForm=Fin	5	aux:pass	19	22
nodejs-tsc-charter:u0012:s00	5	expected	expect	VERB	VBN	Tense=Past|VerbForm=Part|Voice=Pass	0	root	23	31
nodejs-tsc-charter:u0012:s00	6	to	to	PART	TO	_	8	mark	32	34
nodejs-tsc-charter:u0012:s00	7	regularly	regularly	ADV	RB	_	8	advmod	35	44
nodejs-tsc-charter:u0012:s00	8	participate	participate	VERB	VB	VerbForm=Inf	5	xcomp	45	56
nodejs-tsc-charter:u0012:s00	9	in	in	ADP	IN	_	11	case	57	59
nodejs-tsc-charter:u0012:s00	10	TSC	TSC	PROPN	NNP	Number=Sing	11	compound	60	63
nodejs-tsc-charter:u0012:s00	11	activities	activity	NOUN	NNS	Number=Plur	8	obl	64	74
nodejs-tsc-charter:u0012:s00	12	.	.	PUNCT	.	_	5	punct	74	75
nodejs-tsc-charter:u0013:s00	1	A	a	DET	DT	Definite=Ind|PronType=Art	4	det	0	1
nodejs-tsc-charter:u0013:s00	2	TSC	Tsc	NOUN	NN	Number=Sing	4	compound	2	5
nodejs-tsc-charter:u0013:s00	3	voting	voting	NOUN	NN	Number=Sing	4	compound	6	12
nodejs-tsc-charter:u0013:s00	4	member	member	NOUN	NN	Number=Sing	7	nsubj:pass	13	19
nodejs-tsc-charter:u0013:s00	5	is	be	AUX	VBZ	Mood=Ind|Number=Sing|Person=3|Tense=Pres|VerbForm=Fin	7	aux:pass	20	22
nodejs-tsc-charter:u0013:s00	6	automatically	automatically	ADV	RB	_	7	advmod	23	36
nodejs-tsc-charter:u0013:s00	7	converted	convert	VERB	VBN	Tense=Past|VerbForm=Part|Voice=Pass	0	root	37	46
nodejs-tsc-charter:u0013:s00	8	to	to	ADP	IN	_	12	case	47	49
nodejs-tsc-charter:u0013:s00	9	a	a	DET	DT	Definite=Ind|PronType=Art	12	det	50	51
nodejs-tsc-charter:u0013:s00	10	TSC	TSC	PROPN	NNP	Number=Sing	12	compound	52	55
nodejs-tsc-charter:u0013:s00	11	regular	regular	ADJ	JJ	Degree=Pos	12	amod	56	63
nodejs-tsc-charter:u0013:s00	12	member	member	NOUN	NN	Number=Sing	7	obl	64	70
nodejs-tsc-charter:u0013:s00	13	if	if	SCONJ	IN	_	17	mark	71	73
nodejs-tsc-charter:u0013:s00	14	they	they	PRON	PRP	Case=Nom|Number=Plur|Person=3|PronType=Prs	17	nsubj	74	78
nodejs-tsc-charter:u0013:s00	15	do	do	AUX	VBP	Mood=Ind|Tense=Pres|VerbForm=Fin	17	aux	79	81
nodejs-tsc-charter:u0013:s00	16	not	not	PART	RB	_	17	advmod	82	85
nodejs-tsc-charter:u0013:s00	17	participate	participate	VERB	VB	VerbForm=Inf	7	advcl	86	97
nodejs-tsc-charter:u0013:s00	18	in	in	ADP	IN	_	22	case	98	100
nodejs-tsc-charter:u0013:s00	19	three	three	NUM	CD	NumType=Card	22	nummod	101	106
nodejs-tsc-charter:u0013:s00	20	consecutive	consecutive	ADJ	JJ	Degree=Pos	22	amod	107	118
nodejs-tsc-charter:u0013:s00	21	TSC	Tsc	NOUN	NN	Number=Sing	22	compound	119	122
nodejs-tsc-charter:u0013:s00	22	votes	vote	NOUN	NNS	Number=Plur	17	obl	123	128
nodejs-tsc-charter:u0013:s00	23	.	.	PUNCT	.	_	7	punct	128	129
nodejs-tsc-charter:u0014:s00	1	##	##	PUNCT	.	_	2	punct	0	2
nodejs-tsc-charter:u0014:s00	2	Section	section	NOUN	NN	Number=Sing	0	root	3	10
nodejs-tsc-charter:u0014:s01	1	4	4	X	LS	_	0	root	0	1
nodejs-tsc-charter:u0014:s01	2	.	.	PUNCT	.	_	1	punct	1	2
nodejs-tsc-charter:u0014:s02	1	Responsibilities	responsibility	NOUN	NNS	Number=Plur	0	root	0	16
nodejs-tsc-charter:u0014:s02	2	of	of	ADP	IN	_	4	case	17	19
nodejs-tsc-charter:u0014:s02	3	the	the	DET	DT	Definite=Def|PronType=Art	4	det	20	23
nodejs-tsc-charter:u0014:s02	4	TSC	TSC	PROPN	NNP	Number=Sing	1	nmod	24	27
nodejs-tsc-charter:u0015:s00	1	Subject	subject	NOUN	NN	Number=Sing	8	nsubj:pass	0	7
nodejs-tsc-charter:u0015:s00	2	to	to	ADP	IN	_	4	case	8	10
nodejs-tsc-charter:u0015:s00	3	such	such	ADJ	JJ	Degree=Pos	4	amod	11	15
nodejs-tsc-charter:u0015:s00	4	policies	policy	NOUN	NNS	Number=Plur	1	nmod	16	24
nodejs-tsc-charter:u0015:s00	5	as	as	ADV	RB	_	8	advmod	25	27
nodejs-tsc-charter:u0015:s00	6	may	may	AUX	MD	VerbForm=Fin	8	aux	28	31
nodejs-tsc-charter:u0015:s00	7	be	be	AUX	VB	VerbForm=Inf	8	aux:pass	32	34
nodejs-tsc-charter:u0015:s00	8	set	set	VERB	VBN	Tense=Past|VerbForm=Part|Voice=Pass	0	root	35	38
nodejs-tsc-charter:u0015:s00	9	by	by	ADP	IN	_	11	case	39	41
nodejs-tsc-charter:u0015:s00	10	the	the	DET	DT	Definite=Def|PronType=Art	11	det	42	45
nodejs-tsc-charter:u0015:s00	11	CPC	Cpc	NOUN	NN	Number=Sing	8	obl	46	49
nodejs-tsc-charter:u0015:s00	12	,	,	PUNCT	,	_	8	punct	49	50
nodejs-tsc-charter:u0015:s00	13	the	the	DET	DT	Definite=Def|PronType=Art	14	det	51	54
nodejs-tsc-charter:u0015:s00	14	TSC	Tsc	NOUN	NN	Number=Sing	16	nsubj	55	58
nodejs-tsc-charter:u0015:s00	15	is	be	AUX	VBZ	Mood=Ind|Number=Sing|Person=3|Tense=Pres|VerbForm=Fin	16	cop	59	61
nodejs-tsc-charter:u0015:s00	16	responsible	responsible	ADJ	JJ	Degree=Pos	8	conj	62	73
nodejs-tsc-charter:u0015:s00	17	for	for	ADP	IN	_	20	case	74	77
nodejs-tsc-charter:u0015:s00	18	all	all	DET	DT	_	20	det	78	81
nodejs-tsc-charter:u0015:s00	19	technical	technical	ADJ	JJ	Degree=Pos	20	amod	82	91
nodejs-tsc-charter:u0015:s00	20	development	development	NOUN	NN	Number=Sing	16	obl	92	103
nodejs-tsc-charter:u0015:s00	21	within	within	ADP	IN	_	24	case	104	110
nodejs-tsc-charter:u0015:s00	22	the	the	DET	DT	Definite=Def|PronType=Art	24	det	111	114
nodejs-tsc-charter:u0015:s00	23	Node.js	Node.js	PROPN	NNPS	Number=Plur	24	compound	115	122
nodejs-tsc-charter:u0015:s00	24	project	project	NOUN	NN	Number=Sing	20	nmod	123	130
nodejs-tsc-charter:u0015:s00	25	,	,	PUNCT	,	_	8	punct	130	131
nodejs-tsc-charter:u0015:s00	26	including	include	VERB	VBG	VerbForm=Ger	8	conj	132	141
nodejs-tsc-charter:u0015:s00	27	:	:	PUNCT	:	_	8	punct	141	142
nodejs-tsc-charter:u0016:s00	1	*	*	PUNCT	NFP	_	2	punct	0	1
nodejs-tsc-charter:u0016:s00	2	Setting	set	VERB	VBG	VerbForm=Ger	0	root	2	9
nodejs-tsc-charter:u0016:s00	3	release	release	NOUN	NN	Number=Sing	4	compound	10	17
nodejs-tsc-charter:u0016:s00	4	dates	date	NOUN	NNS	Number=Plur	2	obj	18	23
nodejs-tsc-charter:u0016:s00	5	.	.	PUNCT	.	_	2	punct	23	24
nodejs-tsc-charter:u0016:s00	6	*	*	PUNCT	NFP	_	2	punct	25	26
nodejs-tsc-charter:u0016:s01	1	Release	release	NOUN	NN	Number=Sing	2	compound	0	7
nodejs-tsc-charter:u0016:s01	2	quality	quality	NOUN	NN	Number=Sing	3	compound	8	15
nodejs-tsc-charter:u0016:s01	3	standards	standard	NOUN	NNS	Number=Plur	0	root	16	25
nodejs-tsc-charter:u0016:s01	4	.	.	PUNCT	.	_	3	punct	25	26
nodejs-tsc-charter:u0016:s02	1	*	*	PUNCT	NFP	_	3	punct	0	1
nodejs-tsc-charter:u0016:s02	2	Technical	technical	ADJ	JJ	Degree=Pos	3	amod	2	11
nodejs-tsc-charter:u0016:s02	3	direction	direction	NOUN	NN	Number=Sing	0	root	12	21
nodejs-tsc-charter:u0016:s02	4	.	.	PUNCT	.	_	3	punct	21	22
nodejs-tsc-charter:u0016:s03	1	*	*	PUNCT	NFP	_	3	punct	0	1
nodejs-tsc-charter:u0016:s03	2	Project	project	NOUN	NN	Number=Sing	3	compound	2	9
nodejs-tsc-charter:u0016:s03	3	governance	governance	NOUN	NN	Number=Sing	0	root	10	20
nodejs-tsc-charter:u0016:s03	4	and	and	CCONJ	CC	_	5	cc	21	24
nodejs-tsc-charter:u0016:s03	5	process	process	NOUN	NN	Number=Sing	3	conj	25	32
nodejs-tsc-charter:u0016:s03	6	.	.	PUNCT	.	_	3	punct	32	33
nodejs-tsc-charter:u0016:s03	7	*	*	PUNCT	NFP	_	3	punct	34	35
nodejs-tsc-charter:u0016:s04	1	GitHub	GitHub	PROPN	NNP	Number=Sing	3	compound	0	6
nodejs-tsc-charter:u0016:s04	2	repository	repository	NOUN	NN	Number=Sing	3	compound	7	17
nodejs-tsc-charter:u0016:s04	3	hosting	host	NOUN	NN	Number=Sing	0	root	18	25
nodejs-tsc-charter:u0016:s04	4	.	.	PUNCT	.	_	3	punct	25	26
nodejs-tsc-charter:u0016:s05	1	*	*	PUNCT	NFP	_	3	punct	0	1
nodejs-tsc-charter:u0016:s05	2	Conduct	conduct	NOUN	NN	Number=Sing	3	compound	2	9
nodejs-tsc-charter:u0016:s05	3	guidelines	guideline	NOUN	NNS	Number=Plur	0	root	10	20
nodejs-tsc-charter:u0016:s05	4	.	.	PUNCT	.	_	3	punct	20	21
nodejs-tsc-charter:u0016:s05	5	*	*	PUNCT	NFP	_	3	punct	22	23
nodejs-tsc-charter:u0016:s05	6	Maintaining	maintain	VERB	VBG	VerbForm=Ger	3	acl	24	35
nodejs-tsc-charter:u0016:s05	7	the	the	DET	DT	Definite=Def|PronType=Art	8	det	36	39
nodejs-tsc-charter:u0016:s05	8	list	list	NOUN	NN	Number=Sing	6	obj	40	44
nodejs-tsc-charter:u0016:s05	9	of	of	ADP	IN	_	11	case	45	47
nodejs-tsc-charter:u0016:s05	10	additional	additional	ADJ	JJ	Degree=Pos	11	amod	48	58
nodejs-tsc-charter:u0016:s05	11	Collaborators	Collaborator	NOUN	NNS	Number=Plur	8	nmod	59	72
nodejs-tsc-charter:u0016:s05	12	.	.	PUNCT	.	_	3	punct	72	73
nodejs-tsc-charter:u0016:s06	1	*	*	PUNCT	NFP	_	3	punct	0	1
nodejs-tsc-charter:u0016:s06	2	Development	development	NOUN	NN	Number=Sing	3	compound	2	13
nodejs-tsc-charter:u0016:s06	3	process	process	NOUN	NN	Number=Sing	0	root	14	21
nodejs-tsc-charter:u0016:s06	4	and	and	CCONJ	CC	_	7	cc	22	25
nodejs-tsc-charter:u0016:s06	5	any	any	DET	DT	_	7	det	26	29
nodejs-tsc-charter:u0016:s06	6	coding	coding	NOUN	NN	Number=Sing	7	compound	30	36
nodejs-tsc-charter:u0016:s06	7	standards	standard	NOUN	NNS	Number=Plur	3	conj	37	46
nodejs-tsc-charter:u0016:s06	8	.	.	PUNCT	.	_	3	punct	46	47
nodejs-tsc-charter:u0016:s07	1	*	*	PUNCT	NFP	_	4	punct	0	1
nodejs-tsc-charter:u0016:s07	2	Mediating	Mediat	X	GW	_	3	advmod	2	11
nodejs-tsc-charter:u0016:s07	3	technical	technical	ADJ	JJ	Degree=Pos	4	amod	12	21
nodejs-tsc-charter:u0016:s07	4	conflicts	conflict	NOUN	NNS	Number=Plur	0	root	22	31
nodejs-tsc-charter:u0016:s07	5	between	between	ADP	IN	_	6	case	32	39
nodejs-tsc-charter:u0016:s07	6	Collaborators	Collaborator	NOUN	NNS	Number=Plur	4	nmod	40	53
nodejs-tsc-charter:u0016:s07	7	or	or	CCONJ	CC	_	9	cc	54	56
nodejs-tsc-charter:u0016:s07	8	Foundation	foundation	NOUN	NN	Number=Sing	9	compound	57	67
nodejs-tsc-charter:u0016:s07	9	projects	project	NOUN	NNS	Number=Plur	6	conj	68	76
nodejs-tsc-charter:u0016:s07	10	.	.	PUNCT	.	_	4	punct	76	77
nodejs-tsc-charter:u0017:s00	1	The	the	DET	DT	Definite=Def|PronType=Art	2	det	0	3
nodejs-tsc-charter:u0017:s00	2	TSC	Tsc	NOUN	NN	Number=Sing	4	nsubj	4	7
nodejs-tsc-charter:u0017:s00	3	will	will	AUX	MD	VerbForm=Fin	4	aux	8	12
nodejs-tsc-charter:u0017:s00	4	define	define	VERB	VB	VerbForm=Inf	0	root	13	19
nodejs-tsc-charter:u0017:s00	5	Node.js	Node.js	PROPN	NNP	Number=Sing	4	obj	20	27
nodejs-tsc-charter:u0017:s01	1	project	project	NOUN	NN	Number=Sing	4	nmod:poss	0	7
nodejs-tsc-charter:u0017:s01	2	’s	's	PART	POS	_	1	case	7	9
nodejs-tsc-charter:u0017:s01	3	release	release	NOUN	NN	Number=Sing	4	compound	10	17
nodejs-tsc-charter:u0017:s01	4	vehicles	vehicle	NOUN	NNS	Number=Plur	0	root	18	26
nodejs-tsc-charter:u0017:s01	5	.	.	PUNCT	.	_	4	punct	26	27
nodejs-tsc-charter:u0018:s00	1	##	##	PUNCT	.	_	2	punct	0	2
nodejs-tsc-charter:u0018:s00	2	Section	section	NOUN	NN	Number=Sing	0	root	3	10
nodejs-tsc-charter:u0018:s00	3	5	5	NUM	CD	NumType=Card	2	nummod	11	12
nodejs-tsc-charter:u0018:s00	4	.	.	PUNCT	.	_	2	punct	12	13
nodejs-tsc-charter:u0018:s00	5	Node.js	Node.j	PROPN	NNPS	Number=Plur	7	compound	14	21
nodejs-tsc-charter:u0018:s00	6	Project	project	PROPN	NNP	Number=Sing	7	compound	22	29
nodejs-tsc-charter:u0018:s00	7	Operations	Operations	PROPN	NNPS	Number=Plur	2	appos	30	40
nodejs-tsc-charter:u0019:s00	1	The	the	DET	DT	Definite=Def|PronType=Art	2	det	0	3
nodejs-tsc-charter:u0019:s00	2	TSC	Tsc	NOUN	NN	Number=Sing	4	nsubj	4	7
nodejs-tsc-charter:u0019:s00	3	will	will	AUX	MD	VerbForm=Fin	4	aux	8	12
nodejs-tsc-charter:u0019:s00	4	establish	establish	VERB	VB	VerbForm=Inf	0	root	13	22
nodejs-tsc-charter:u0019:s00	5	and	and	CCONJ	CC	_	6	cc	23	26
nodejs-tsc-charter:u0019:s00	6	maintain	maintain	VERB	VB	VerbForm=Inf	4	conj	27	35
nodejs-tsc-charter:u0019:s00	7	a	a	DET	DT	Definite=Ind|PronType=Art	9	det	36	37
nodejs-tsc-charter:u0019:s00	8	development	development	NOUN	NN	Number=Sing	9	compound	38	49
nodejs-tsc-charter:u0019:s00	9	process	process	NOUN	NN	Number=Sing	6	obj	50	57
nodejs-tsc-charter:u0019:s00	10	for	for	ADP	IN	_	13	case	58	61
nodejs-tsc-charter:u0019:s00	11	the	the	DET	DT	Definite=Def|PronType=Art	13	det	62	65
nodejs-tsc-charter:u0019:s00	12	Node.js	Node.js	PROPN	NNPS	Number=Plur	13	compound	66	73
nodejs-tsc-charter:u0019:s00	13	project	project	NOUN	NN	Number=Sing	9	nmod	74	81
nodejs-tsc-charter:u0019:s00	14	.	.	PUNCT	.	_	4	punct	81	82
nodejs-tsc-charter:u0019:s01	1	The	the	DET	DT	Definite=Def|PronType=Art	3	det	0	3
nodejs-tsc-charter:u0019:s01	2	development	development	NOUN	NN	Number=Sing	3	compound	4	15
nodejs-tsc-charter:u0019:s01	3	process	process	NOUN	NN	Number=Sing	5	nsubj	16	23
nodejs-tsc-charter:u0019:s01	4	will	will	AUX	MD	VerbForm=Fin	5	aux	24	28
nodejs-tsc-charter:u0019:s01	5	establish	establish	VERB	VB	VerbForm=Inf	0	root	29	38
nodejs-tsc-charter:u0019:s01	6	guidelines	guideline	NOUN	NNS	Number=Plur	5	obj	39	49
nodejs-tsc-charter:u0019:s01	7	for	for	SCONJ	IN	_	14	mark	50	53
nodejs-tsc-charter:u0019:s01	8	how	how	ADV	WRB	PronType=Int	14	advmod	54	57
nodejs-tsc-charter:u0019:s01	9	the	the	DET	DT	Definite=Def|PronType=Art	10	det	58	61
nodejs-tsc-charter:u0019:s01	10	developers	developer	NOUN	NNS	Number=Plur	14	nsubj	62	72
nodejs-tsc-charter:u0019:s01	11	and	and	CCONJ	CC	_	12	cc	73	76
nodejs-tsc-charter:u0019:s01	12	community	community	NOUN	NN	Number=Sing	10	conj	77	86
nodejs-tsc-charter:u0019:s01	13	will	will	AUX	MD	VerbForm=Fin	14	aux	87	91
nodejs-tsc-charter:u0019:s01	14	operate	operate	VERB	VB	VerbForm=Inf	6	acl	92	99
nodejs-tsc-charter:u0019:s01	15	.	.	PUNCT	.	_	5	punct	99	100
nodejs-tsc-charter:u0019:s02	1	It	it	PRON	PRP	Case=Nom|Gender=Neut|Number=Sing|Person=3|PronType=Prs	2	nsubj	0	2
nodejs-tsc-charter:u0019:s02	2	will	will	AUX	MD	VerbForm=Fin	7	aux	3	7
nodejs-tsc-charter:u0019:s02	3	,	,	PUNCT	,	_	2	punct	7	8
nodejs-tsc-charter:u0019:s02	4	for	for	ADP	IN	_	5	case	9	12
nodejs-tsc-charter:u0019:s02	5	example	example	NOUN	NN	Number=Sing	7	obl	13	20
nodejs-tsc-charter:u0019:s02	6	,	,	PUNCT	,	_	7	punct	20	21
nodejs-tsc-charter:u0019:s02	7	establish	establish	VERB	VB	VerbForm=Inf	0	root	22	31
nodejs-tsc-charter:u0019:s02	8	appropriate	appropriate	ADJ	JJ	Degree=Pos	9	amod	32	43
nodejs-tsc-charter:u0019:s02	9	timelines	timeline	NOUN	NNS	Number=Plur	7	obj	44	53
nodejs-tsc-charter:u0019:s02	10	for	for	ADP	IN	_	12	case	54	57
nodejs-tsc-charter:u0019:s02	11	TSC	TSC	NOUN	NN	Number=Sing	12	compound	58	61
nodejs-tsc-charter:u0019:s02	12	review	review	NOUN	NN	Number=Sing	9	nmod	62	68
nodejs-tsc-charter:u0019:s02	13	(	(	PUNCT	-LRB-	_	19	punct	69	70
nodejs-tsc-charter:u0019:s02	14	e.g.	e.g.	X	FW	_	19	advmod	70	74
nodejs-tsc-charter:u0019:s02	15	agenda	agenda	NOUN	NN	Number=Sing	16	compound	75	81
nodejs-tsc-charter:u0019:s02	16	items	item	NOUN	NNS	Number=Plur	19	nsubj:pass	82	87
nodejs-tsc-charter:u0019:s02	17	must	must	AUX	MD	VerbForm=Fin	19	aux	88	92
nodejs-tsc-charter:u0019:s02	18	be	be	AUX	VB	VerbForm=Inf	19	aux:pass	93	95
nodejs-tsc-charter:u0019:s02	19	published	publish	VERB	VBN	Tense=Past|VerbForm=Part|Voice=Pass	9	parataxis	96	105
nodejs-tsc-charter:u0019:s02	20	at	at	ADV	RB	_	21	case	106	108
nodejs-tsc-charter:u0019:s02	21	least	least	ADV	RBS	Degree=Sup	22	nmod	109	114
nodejs-tsc-charter:u0019:s02	22	a	a	DET	DT	Definite=Ind|PronType=Art	24	det	115	116
nodejs-tsc-charter:u0019:s02	23	certain	certain	ADJ	JJ	Degree=Pos	24	amod	117	124
nodejs-tsc-charter:u0019:s02	24	number	number	NOUN	NN	Number=Sing	19	obj	125	131
nodejs-tsc-charter:u0019:s02	25	of	of	ADP	IN	_	26	case	132	134
nodejs-tsc-charter:u0019:s02	26	hours	hour	NOUN	NNS	Number=Plur	24	nmod	135	140
nodejs-tsc-charter:u0019:s02	27	in	in	ADP	IN	_	28	case	141	143
nodejs-tsc-charter:u0019:s02	28	advance	advance	NOUN	NN	Number=Sing	24	nmod	144	151
nodejs-tsc-charter:u0019:s02	29	of	of	ADP	IN	_	32	case	152	154
nodejs-tsc-charter:u0019:s02	30	a	a	DET	DT	Definite=Ind|PronType=Art	32	det	155	156
nodejs-tsc-charter:u0019:s02	31	TSC	TSC	NOUN	NN	Number=Sing	32	compound	157	160
nodejs-tsc-charter:u0019:s02	32	meeting	meeting	NOUN	NN	Number=Sing	28	nmod	161	168
nodejs-tsc-charter:u0019:s02	33	)	)	PUNCT	-RRB-	_	19	punct	168	169
nodejs-tsc-charter:u0019:s02	34	.	.	PUNCT	.	_	19	punct	169	170
nodejs-tsc-charter:u0020:s00	1	The	the	DET	DT	Definite=Def|PronType=Art	2	det	0	3
nodejs-tsc-charter:u0020:s00	2	TSC	Tsc	NOUN	NN	Number=Sing	8	nsubj	4	7
nodejs-tsc-charter:u0020:s00	3	and	and	CCONJ	CC	_	6	cc	8	11
nodejs-tsc-charter:u0020:s00	4	entire	entire	ADJ	JJ	Degree=Pos	6	amod	12	18
nodejs-tsc-charter:u0020:s00	5	technical	technical	ADJ	JJ	Degree=Pos	6	amod	19	28
nodejs-tsc-charter:u0020:s00	6	community	community	NOUN	NN	Number=Sing	2	conj	29	38
nodejs-tsc-charter:u0020:s00	7	will	will	AUX	MD	VerbForm=Fin	8	aux	39	43
nodejs-tsc-charter:u0020:s00	8	follow	follow	VERB	VB	VerbForm=Inf	0	root	44	50
nodejs-tsc-charter:u0020:s00	9	any	any	DET	DT	_	10	det	51	54
nodejs-tsc-charter:u0020:s00	10	processes	process	NOUN	NNS	Number=Plur	8	obj	55	64
nodejs-tsc-charter:u0020:s00	11	as	as	ADV	RB	_	14	advmod	65	67
nodejs-tsc-charter:u0020:s00	12	may	may	AUX	MD	VerbForm=Fin	14	aux	68	71
nodejs-tsc-charter:u0020:s00	13	be	be	AUX	VB	VerbForm=Inf	14	aux:pass	72	74
nodejs-tsc-charter:u0020:s00	14	specified	specify	VERB	VBN	Tense=Past|VerbForm=Part|Voice=Pass	8	ccomp	75	84
nodejs-tsc-charter:u0020:s00	15	by	by	ADP	IN	_	19	case	85	87
nodejs-tsc-charter:u0020:s00	16	the	the	DET	DT	Definite=Def|PronType=Art	19	det	88	91
nodejs-tsc-charter:u0020:s00	17	OpenJS	OpenJS	NOUN	NN	Number=Sing	19	compound	92	98
nodejs-tsc-charter:u0020:s00	18	Foundation	foundation	NOUN	NN	Number=Sing	19	compound	99	109
nodejs-tsc-charter:u0020:s00	19	Board	Board	NOUN	NN	Number=Sing	14	obl	110	115
nodejs-tsc-charter:u0020:s00	20	relating	relate	VERB	VBG	VerbForm=Ger	19	acl	116	124
nodejs-tsc-charter:u0020:s00	21	to	to	ADP	IN	_	27	case	125	127
nodejs-tsc-charter:u0020:s00	22	the	the	DET	DT	Definite=Def|PronType=Art	27	det	128	131
nodejs-tsc-charter:u0020:s00	23	intake	intake	NOUN	NN	Number=Sing	27	compound	132	138
nodejs-tsc-charter:u0020:s00	24	and	and	CCONJ	CC	_	25	cc	139	142
nodejs-tsc-charter:u0020:s00	25	license	license	NOUN	NN	Number=Sing	23	conj	143	150
nodejs-tsc-charter:u0020:s00	26	compliance	compliance	NOUN	NN	Number=Sing	27	compound	151	161
nodejs-tsc-charter:u0020:s00	27	review	review	NOUN	NN	Number=Sing	20	obl	162	168
nodejs-tsc-charter:u0020:s00	28	of	of	ADP	IN	_	29	case	169	171
nodejs-tsc-charter:u0020:s00	29	contributions	contribution	NOUN	NNS	Number=Plur	27	nmod	172	185
nodejs-tsc-charter:u0020:s00	30	,	,	PUNCT	,	_	19	punct	185	186
nodejs-tsc-charter:u0020:s00	31	including	include	VERB	VBG	VerbForm=Ger	36	case	187	196
nodejs-tsc-charter:u0020:s00	32	the	the	DET	DT	Definite=Def|PronType=Art	36	det	197	200
nodejs-tsc-charter:u0020:s00	33	OpenJS	Openj	PROPN	NNP	Number=Sing	34	compound	201	207
nodejs-tsc-charter:u0020:s00	34	Foundation	foundation	PROPN	NNP	Number=Sing	36	compound	208	218
nodejs-tsc-charter:u0020:s00	35	IP	ip	PROPN	NNP	Number=Sing	36	compound	219	221
nodejs-tsc-charter:u0020:s00	36	Policy	policy	PROPN	NNP	Number=Sing	19	nmod	222	228
nodejs-tsc-charter:u0020:s00	37	.	.	PUNCT	.	_	8	punct	228	229
nodejs-tsc-charter:u0021:s00	1	##	##	PUNCT	.	_	2	punct	0	2
nodejs-tsc-charter:u0021:s00	2	Section	section	NOUN	NN	Number=Sing	0	root	3	10
nodejs-tsc-charter:u0021:s01	1	6	6	X	LS	_	0	root	0	1
nodejs-tsc-charter:u0021:s01	2	.	.	PUNCT	.	_	1	punct	1	2
nodejs-tsc-charter:u0021:s02	1	Elections	election	NOUN	NNS	Number=Plur	0	root	0	9
nodejs-tsc-charter:u0022:s00	1	Leadership	leadership	NOUN	NN	Number=Sing	2	compound	0	10
nodejs-tsc-charter:u0022:s00	2	roles	role	NOUN	NNS	Number=Plur	9	nsubj	11	16
nodejs-tsc-charter:u0022:s00	3	in	in	ADP	IN	_	6	case	17	19
nodejs-tsc-charter:u0022:s00	4	the	the	DET	DT	Definite=Def|PronType=Art	6	det	20	23
nodejs-tsc-charter:u0022:s00	5	Node.js	Node.js	PROPN	NNP	Number=Sing	6	compound	24	31
nodejs-tsc-charter:u0022:s00	6	project	project	NOUN	NN	Number=Sing	2	nmod	32	39
nodejs-tsc-charter:u0022:s00	7	will	will	AUX	MD	VerbForm=Fin	9	aux	40	44
nodejs-tsc-charter:u0022:s00	8	be	be	AUX	VB	VerbForm=Inf	9	cop	45	47
nodejs-tsc-charter:u0022:s00	9	peer	peer	NOUN	NNS	Number=Plur	10	nsubj	48	52
nodejs-tsc-charter:u0022:s00	10	elected	elect	VERB	VBD	Mood=Ind|Tense=Past|VerbForm=Fin	0	root	53	60
nodejs-tsc-charter:u0022:s00	11	representatives	representative	NOUN	NNS	Number=Plur	10	obj	61	76
nodejs-tsc-charter:u0022:s00	12	of	of	ADP	IN	_	14	case	77	79
nodejs-tsc-charter:u0022:s00	13	the	the	DET	DT	Definite=Def|PronType=Art	14	det	80	83
nodejs-tsc-charter:u0022:s00	14	community	community	NOUN	NN	Number=Sing	11	nmod	84	93
nodejs-tsc-charter:u0022:s00	15	.	.	PUNCT	.	_	10	punct	93	94
nodejs-tsc-charter:u0023:s00	1	For	for	ADP	IN	_	2	case	0	3
nodejs-tsc-charter:u0023:s00	2	election	election	NOUN	NN	Number=Sing	20	obl	4	12
nodejs-tsc-charter:u0023:s00	3	of	of	ADP	IN	_	4	case	13	15
nodejs-tsc-charter:u0023:s00	4	persons	person	NOUN	NNS	Number=Plur	2	nmod	16	23
nodejs-tsc-charter:u0023:s00	5	(	(	PUNCT	-LRB-	_	2	punct	24	25
nodejs-tsc-charter:u0023:s00	6	such	such	ADJ	JJ	Degree=Pos	10	case	25	29
nodejs-tsc-charter:u0023:s00	7	as	as	ADP	IN	_	6	fixed	30	32
nodejs-tsc-charter:u0023:s00	8	the	the	DET	DT	Definite=Def|PronType=Art	10	det	33	36
nodejs-tsc-charter:u0023:s00	9	TSC	TSC	PROPN	NNP	Number=Sing	10	compound	37	40
nodejs-tsc-charter:u0023:s00	10	Chairperson	Chairperson	PROPN	NNP	Number=Sing	2	nmod	41	52
nodejs-tsc-charter:u0023:s00	11	)	)	PUNCT	-RRB-	_	2	punct	52	53
nodejs-tsc-charter:u0023:s00	12	,	,	PUNCT	,	_	20	punct	53	54
nodejs-tsc-charter:u0023:s00	13	a	a	DET	DT	Definite=Ind|PronType=Art	17	det	55	56
nodejs-tsc-charter:u0023:s00	14	multiple	multiple	ADJ	JJ	Degree=Pos	16	amod	57	65
nodejs-tsc-charter:u0023:s00	15	-	-	PUNCT	HYPH	_	16	punct	65	66
nodejs-tsc-charter:u0023:s00	16	candidate	candidate	NOUN	NN	Number=Sing	17	compound	66	75
nodejs-tsc-charter:u0023:s00	17	method	method	NOUN	NN	Number=Sing	20	nsubj:pass	76	82
nodejs-tsc-charter:u0023:s00	18	should	should	AUX	MD	VerbForm=Fin	20	aux	83	89
nodejs-tsc-charter:u0023:s00	19	be	be	AUX	VB	VerbForm=Inf	20	aux:pass	90	92
nodejs-tsc-charter:u0023:s00	20	used	use	VERB	VBN	Tense=Past|VerbForm=Part|Voice=Pass	0	root	93	97
nodejs-tsc-charter:u0023:s00	21	,	,	PUNCT	,	_	20	punct	97	98
nodejs-tsc-charter:u0023:s00	22	such	such	ADJ	JJ	Degree=Pos	20	amod	99	103
nodejs-tsc-charter:u0023:s00	23	as	as	ADP	IN	_	22	fixed	104	106
nodejs-tsc-charter:u0023:s00	24	:	:	PUNCT	:	_	20	punct	106	107
nodejs-tsc-charter:u0024:s00	1	*	*	PUNCT	NFP	_	3	punct	0	1
nodejs-tsc-charter:u0024:s00	2	[	[	PUNCT	-LRB-	_	3	punct	2	3
nodejs-tsc-charter:u0024:s00	3	Condorcet	Condorcet	PROPN	NNP	Number=Sing	0	root	3	12
nodejs-tsc-charter:u0024:s00	4	]	]	PUNCT	-RRB-	_	3	punct	12	13
nodejs-tsc-charter:u0024:s00	5	[	[	PUNCT	-LRB-	_	3	punct	13	14
nodejs-tsc-charter:u0024:s00	6	]	]	PUNCT	-RRB-	_	3	punct	14	15
nodejs-tsc-charter:u0024:s00	7	or	or	CCONJ	CC	_	12	cc	16	18
nodejs-tsc-charter:u0024:s00	8	*	*	PUNCT	NFP	_	12	punct	19	20
nodejs-tsc-charter:u0024:s00	9	[	[	PUNCT	-LRB-	_	12	punct	21	22
nodejs-tsc-charter:u0024:s00	10	Single	single	ADJ	JJ	Degree=Pos	12	amod	22	28
nodejs-tsc-charter:u0024:s00	11	Transferable	transferable	ADJ	JJ	Degree=Pos	12	amod	29	41
nodejs-tsc-charter:u0024:s00	12	Vote	vote	NOUN	NN	Number=Sing	3	conj	42	46
nodejs-tsc-charter:u0024:s00	13	]	]	PUNCT	-RRB-	_	12	punct	46	47
nodejs-tsc-charter:u0024:s00	14	[	[	PUNCT	-LRB-	_	12	punct	47	48
nodejs-tsc-charter:u0024:s00	15	]	]	PUNCT	-RRB-	_	12	punct	48	49
nodejs-tsc-charter:u0025:s00	1	Multiple	multiple	ADJ	JJ	Degree=Pos	3	amod	0	8
nodejs-tsc-charter:u0025:s00	2	-	-	PUNCT	HYPH	_	3	punct	8	9
nodejs-tsc-charter:u0025:s00	3	candidate	candidate	NOUN	NN	Number=Sing	4	compound	9	18
nodejs-tsc-charter:u0025:s00	4	methods	method	NOUN	NNS	Number=Plur	7	nsubj:pass	19	26
nodejs-tsc-charter:u0025:s00	5	may	may	AUX	MD	VerbForm=Fin	7	aux	27	30
nodejs-tsc-charter:u0025:s00	6	be	be	AUX	VB	VerbForm=Inf	7	aux:pass	31	33
nodejs-tsc-charter:u0025:s00	7	reduced	reduce	VERB	VBN	Tense=Past|VerbForm=Part|Voice=Pass	0	root	34	41
nodejs-tsc-charter:u0025:s00	8	to	to	ADP	IN	_	10	case	42	44
nodejs-tsc-charter:u0025:s00	9	simple	simple	ADJ	JJ	Degree=Pos	10	amod	45	51
nodejs-tsc-charter:u0025:s00	10	election	election	NOUN	NN	Number=Sing	7	obl	52	60
nodejs-tsc-charter:u0025:s00	11	by	by	ADP	IN	_	12	case	61	63
nodejs-tsc-charter:u0025:s00	12	plurality	plurality	NOUN	NN	Number=Sing	7	obl	64	73
nodejs-tsc-charter:u0025:s00	13	when	when	ADV	WRB	PronType=Int	15	mark	74	78
nodejs-tsc-charter:u0025:s00	14	there	there	PRON	EX	_	15	expl	79	84
nodejs-tsc-charter:u0025:s00	15	are	be	VERB	VBP	Mood=Ind|Tense=Pres|VerbForm=Fin	7	advcl	85	88
nodejs-tsc-charter:u0025:s00	16	only	only	ADV	RB	_	15	advmod	89	93
nodejs-tsc-charter:u0025:s00	17	two	two	NUM	CD	NumType=Card	18	nummod	94	97
nodejs-tsc-charter:u0025:s00	18	candidates	candidate	NOUN	NNS	Number=Plur	15	nsubj	98	108
nodejs-tsc-charter:u0025:s00	19	for	for	ADP	IN	_	21	case	109	112
nodejs-tsc-charter:u0025:s00	20	one	one	NUM	CD	NumType=Card	21	nummod	113	116
nodejs-tsc-charter:u0025:s00	21	position	position	NOUN	NN	Number=Sing	18	nmod	117	125
nodejs-tsc-charter:u0025:s00	22	to	to	PART	TO	_	24	mark	126	128
nodejs-tsc-charter:u0025:s00	23	be	be	AUX	VB	VerbForm=Inf	24	aux:pass	129	131
nodejs-tsc-charter:u0025:s00	24	filled	fill	VERB	VBN	Tense=Past|VerbForm=Part|Voice=Pass	21	acl	132	138
nodejs-tsc-charter:u0025:s00	25	.	.	PUNCT	.	_	7	punct	138	139
nodejs-tsc-charter:u0025:s01	1	No	no	DET	DT	_	2	det	0	2
nodejs-tsc-charter:u0025:s01	2	election	election	NOUN	NN	Number=Sing	4	nsubj:pass	3	11
nodejs-tsc-charter:u0025:s01	3	is	be	AUX	VBZ	Mood=Ind|Number=Sing|Person=3|Tense=Pres|VerbForm=Fin	4	aux:pass	12	14
nodejs-tsc-charter:u0025:s01	4	required	require	VERB	VBN	Tense=Past|VerbForm=Part|Voice=Pass	0	root	15	23
nodejs-tsc-charter:u0025:s01	5	if	if	SCONJ	IN	_	7	mark	24	26
nodejs-tsc-charter:u0025:s01	6	there	there	PRON	EX	_	7	expl	27	32
nodejs-tsc-charter:u0025:s01	7	is	be	VERB	VBZ	Mood=Ind|Number=Sing|Person=3|Tense=Pres|VerbForm=Fin	4	advcl	33	35
nodejs-tsc-charter:u0025:s01	8	only	only	ADV	RB	_	7	advmod	36	40
nodejs-tsc-charter:u0025:s01	9	one	one	NUM	CD	NumType=Card	10	nummod	41	44
nodejs-tsc-charter:u0025:s01	10	candidate	candidate	NOUN	NN	Number=Sing	7	nsubj	45	54
nodejs-tsc-charter:u0025:s01	11	and	and	CCONJ	CC	_	13	cc	55	58
nodejs-tsc-charter:u0025:s01	12	no	no	DET	DT	_	13	det	59	61
nodejs-tsc-charter:u0025:s01	13	objections	objection	NOUN	NNS	Number=Plur	10	conj	62	72
nodejs-tsc-charter:u0025:s01	14	to	to	ADP	IN	_	18	case	73	75
nodejs-tsc-charter:u0025:s01	15	the	the	DET	DT	Definite=Def|PronType=Art	16	det	76	79
nodejs-tsc-charter:u0025:s01	16	candidate	candidate	NOUN	NN	Number=Sing	18	nmod:poss	80	89
nodejs-tsc-charter:u0025:s01	17	's	's	PART	POS	_	16	case	89	91
nodejs-tsc-charter:u0025:s01	18	election	election	NOUN	NN	Number=Sing	13	nmod	92	100
nodejs-tsc-charter:u0025:s01	19	.	.	PUNCT	.	_	4	punct	100	101
nodejs-tsc-charter:u0025:s02	1	Elections	election	NOUN	NNS	Number=Plur	4	nsubj:pass	0	9
nodejs-tsc-charter:u0025:s02	2	shall	shall	AUX	MD	VerbForm=Fin	4	aux	10	15
nodejs-tsc-charter:u0025:s02	3	be	be	AUX	VB	VerbForm=Inf	4	aux:pass	16	18
nodejs-tsc-charter:u0025:s02	4	done	do	VERB	VBN	Tense=Past|VerbForm=Part|Voice=Pass	0	root	19	23
nodejs-tsc-charter:u0025:s02	5	within	within	ADP	IN	_	7	case	24	30
nodejs-tsc-charter:u0025:s02	6	the	the	DET	DT	Definite=Def|PronType=Art	7	det	31	34
nodejs-tsc-charter:u0025:s02	7	projects	project	NOUN	NNS	Number=Plur	4	obl	35	43
nodejs-tsc-charter:u0025:s02	8	by	by	ADP	IN	_	10	case	44	46
nodejs-tsc-charter:u0025:s02	9	the	the	DET	DT	Definite=Def|PronType=Art	10	det	47	50
nodejs-tsc-charter:u0025:s02	10	Collaborators	Collaborator	NOUN	NNS	Number=Plur	7	nmod	51	64
nodejs-tsc-charter:u0025:s02	11	active	active	ADJ	JJ	Degree=Pos	10	amod	65	71
nodejs-tsc-charter:u0025:s02	12	in	in	ADP	IN	_	14	case	72	74
nodejs-tsc-charter:u0025:s02	13	the	the	DET	DT	Definite=Def|PronType=Art	14	det	75	78
nodejs-tsc-charter:u0025:s02	14	project	project	NOUN	NN	Number=Sing	11	obl	79	86
nodejs-tsc-charter:u0025:s02	15	.	.	PUNCT	.	_	4	punct	86	87
nodejs-tsc-charter:u0026:s00	1	The	the	DET	DT	Definite=Def|PronType=Art	4	det	0	3
nodejs-tsc-charter:u0026:s00	2	TSC	TSC	NOUN	NN	Number=Sing	4	compound	4	7
nodejs-tsc-charter:u0026:s00	3	voting	voting	NOUN	NN	Number=Sing	4	compound	8	14
nodejs-tsc-charter:u0026:s00	4	members	member	NOUN	NNS	Number=Plur	6	nsubj	15	22
nodejs-tsc-charter:u0026:s00	5	will	will	AUX	MD	VerbForm=Fin	6	aux	23	27
nodejs-tsc-charter:u0026:s00	6	elect	elect	VERB	VB	VerbForm=Inf	0	root	28	33
nodejs-tsc-charter:u0026:s00	7	from	from	ADP	IN	_	11	case	34	38
nodejs-tsc-charter:u0026:s00	8	amongst	amongst	ADP	IN	_	11	case	39	46
nodejs-tsc-charter:u0026:s00	9	voting	voting	NOUN	NN	Number=Sing	10	compound	47	53
nodejs-tsc-charter:u0026:s00	10	TSC	Tsc	NOUN	NN	Number=Sing	11	compound	54	57
nodejs-tsc-charter:u0026:s00	11	members	member	NOUN	NNS	Number=Plur	6	obl	58	65
nodejs-tsc-charter:u0026:s00	12	a	a	DET	DT	Definite=Ind|PronType=Art	14	det	66	67
nodejs-tsc-charter:u0026:s00	13	TSC	TSC	PROPN	NNP	Number=Sing	14	compound	68	71
nodejs-tsc-charter:u0026:s00	14	Chairperson	Chairperson	PROPN	NNP	Number=Sing	11	appos	72	83
nodejs-tsc-charter:u0026:s00	15	to	to	PART	TO	_	16	mark	84	86
nodejs-tsc-charter:u0026:s00	16	work	work	VERB	VB	VerbForm=Inf	6	advcl	87	91
nodejs-tsc-charter:u0026:s00	17	on	on	ADP	IN	_	18	case	92	94
nodejs-tsc-charter:u0026:s00	18	building	building	NOUN	NN	Number=Sing	16	obl	95	103
nodejs-tsc-charter:u0026:s00	19	an	a	DET	DT	Definite=Ind|PronType=Art	20	det	104	106
nodejs-tsc-charter:u0026:s00	20	agenda	agenda	NOUN	NN	Number=Sing	16	obj	107	113
nodejs-tsc-charter:u0026:s00	21	for	for	ADP	IN	_	23	case	114	117
nodejs-tsc-charter:u0026:s00	22	TSC	TSC	PROPN	NNP	Number=Sing	23	compound	118	121
nodejs-tsc-charter:u0026:s00	23	meetings	meeting	NOUN	NNS	Number=Plur	20	nmod	122	130
nodejs-tsc-charter:u0026:s00	24	and	and	CCONJ	CC	_	34	cc	131	134
nodejs-tsc-charter:u0026:s00	25	a	a	DET	DT	Definite=Ind|PronType=Art	34	det	135	136
nodejs-tsc-charter:u0026:s00	26	OpenJS	OpenJS	PROPN	NNP	Number=Sing	29	compound	137	143
nodejs-tsc-charter:u0026:s00	27	Cross	Cross	PROPN	NNP	Number=Sing	29	compound	144	149
nodejs-tsc-charter:u0026:s00	28	Project	project	PROPN	NNP	Number=Sing	29	compound	150	157
nodejs-tsc-charter:u0026:s00	29	Council	Council	PROPN	NNP	Number=Sing	34	compound	158	165
nodejs-tsc-charter:u0026:s00	30	(	(	PUNCT	-LRB-	_	31	punct	166	167
nodejs-tsc-charter:u0026:s00	31	CPC	CPC	PROPN	NNP	Number=Sing	29	appos	167	170
nodejs-tsc-charter:u0026:s00	32	)	)	PUNCT	-RRB-	_	31	punct	170	171
nodejs-tsc-charter:u0026:s00	33	voting	vote	VERB	VBG	VerbForm=Ger	34	amod	172	178
nodejs-tsc-charter:u0026:s00	34	member	member	NOUN	NN	Number=Sing	23	conj	179	185
nodejs-tsc-charter:u0026:s00	35	to	to	PART	TO	_	36	mark	186	188
nodejs-tsc-charter:u0026:s00	36	represent	represent	VERB	VB	VerbForm=Inf	23	acl	189	198
nodejs-tsc-charter:u0026:s00	37	the	the	DET	DT	Definite=Def|PronType=Art	38	det	199	202
nodejs-tsc-charter:u0026:s00	38	TSC	Tsc	NOUN	NN	Number=Sing	36	obj	203	206
nodejs-tsc-charter:u0026:s00	39	in	in	ADP	IN	_	42	case	207	209
nodejs-tsc-charter:u0026:s00	40	the	the	DET	DT	Definite=Def|PronType=Art	42	det	210	213
nodejs-tsc-charter:u0026:s00	41	OpenJS	Openj	NOUN	NN	Number=Sing	42	compound	214	220
nodejs-tsc-charter:u0026:s00	42	Foundation	foundation	NOUN	NN	Number=Sing	36	obl	221	231
nodejs-tsc-charter:u0026:s00	43	for	for	ADP	IN	_	45	case	232	235
nodejs-tsc-charter:u0026:s00	44	a	a	DET	DT	Definite=Ind|PronType=Art	45	det	236	237
nodejs-tsc-charter:u0026:s00	45	term	term	NOUN	NN	Number=Sing	36	obl	238	242
nodejs-tsc-charter:u0026:s00	46	of	of	ADP	IN	_	48	case	243	245
nodejs-tsc-charter:u0026:s00	47	one	one	NUM	CD	NumType=Card	48	nummod	246	249
nodejs-tsc-charter:u0026:s00	48	year	year	NOUN	NN	Number=Sing	45	nmod	250	254
nodejs-tsc-charter:u0026:s00	49	.	.	PUNCT	.	_	6	punct	254	255
nodejs-tsc-charter:u0026:s01	1	The	the	DET	DT	Definite=Def|PronType=Art	2	det	0	3
nodejs-tsc-charter:u0026:s01	2	Chair	chair	NOUN	NN	Number=Sing	8	nsubj	4	9
nodejs-tsc-charter:u0026:s01	3	and	and	CCONJ	CC	_	6	cc	10	13
nodejs-tsc-charter:u0026:s01	4	voting	vote	NOUN	NN	Number=Sing	5	compound	14	20
nodejs-tsc-charter:u0026:s01	5	CPC	Cpc	NOUN	NN	Number=Sing	6	compound	21	24
nodejs-tsc-charter:u0026:s01	6	member	member	NOUN	NN	Number=Sing	2	conj	25	31
nodejs-tsc-charter:u0026:s01	7	may	may	AUX	MD	VerbForm=Fin	8	aux	32	35
nodejs-tsc-charter:u0026:s01	8	be	be	AUX	VB	VerbForm=Inf	13	aux:pass	36	38
nodejs-tsc-charter:u0026:s01	9	(	(	PUNCT	-LRB-	_	13	punct	39	40
nodejs-tsc-charter:u0026:s01	10	but	but	CCONJ	CC	_	13	cc	40	43
nodejs-tsc-charter:u0026:s01	11	are	be	AUX	VBP	Mood=Ind|Tense=Pres|VerbForm=Fin	13	aux:pass	44	47
nodejs-tsc-charter:u0026:s01	12	not	not	PART	RB	_	13	advmod	48	51
nodejs-tsc-charter:u0026:s01	13	required	require	VERB	VBN	Tense=Past|VerbForm=Part|Voice=Pass	0	root	52	60
nodejs-tsc-charter:u0026:s01	14	to	to	PART	TO	_	19	mark	61	63
nodejs-tsc-charter:u0026:s01	15	be	be	AUX	VB	VerbForm=Inf	19	cop	64	66
nodejs-tsc-charter:u0026:s01	16	)	)	PUNCT	-RRB-	_	19	punct	66	67
nodejs-tsc-charter:u0026:s01	17	the	the	DET	DT	Definite=Def|PronType=Art	19	det	68	71
nodejs-tsc-charter:u0026:s01	18	same	same	ADJ	JJ	Degree=Pos	19	amod	72	76
nodejs-tsc-charter:u0026:s01	19	person	person	NOUN	NN	Number=Sing	13	xcomp	77	83
nodejs-tsc-charter:u0026:s01	20	.	.	PUNCT	.	_	13	punct	83	84
nodejs-tsc-charter:u0026:s02	1	The	the	DET	DT	Definite=Def|PronType=Art	2	det	0	3
nodejs-tsc-charter:u0026:s02	2	TSC	Tsc	NOUN	NN	Number=Sing	4	nsubj	4	7
nodejs-tsc-charter:u0026:s02	3	shall	shall	AUX	MD	VerbForm=Fin	4	aux	8	13
nodejs-tsc-charter:u0026:s02	4	hold	hold	VERB	VB	VerbForm=Inf	0	root	14	18
nodejs-tsc-charter:u0026:s02	5	annual	annual	ADJ	JJ	Degree=Pos	6	amod	19	25
nodejs-tsc-charter:u0026:s02	6	elections	election	NOUN	NNS	Number=Plur	4	obj	26	35
nodejs-tsc-charter:u0026:s02	7	to	to	PART	TO	_	8	mark	36	38
nodejs-tsc-charter:u0026:s02	8	select	select	VERB	VB	VerbForm=Inf	4	advcl	39	45
nodejs-tsc-charter:u0026:s02	9	a	a	DET	DT	Definite=Ind|PronType=Art	11	det	46	47
nodejs-tsc-charter:u0026:s02	10	TSC	Tsc	NOUN	NN	Number=Sing	11	compound	48	51
nodejs-tsc-charter:u0026:s02	11	Chairperson	chairperson	NOUN	NN	Number=Sing	8	obj	52	63
nodejs-tsc-charter:u0026:s02	12	and	and	CCONJ	CC	_	15	cc	64	67
nodejs-tsc-charter:u0026:s02	13	voting	voting	NOUN	NN	Number=Sing	14	compound	68	74
nodejs-tsc-charter:u0026:s02	14	CPC	Cpc	NOUN	NN	Number=Sing	15	compound	75	78
nodejs-tsc-charter:u0026:s02	15	member	member	NOUN	NN	Number=Sing	11	conj	79	85
nodejs-tsc-charter:u0026:s02	16	;	;	PUNCT	,	_	4	punct	85	86
nodejs-tsc-charter:u0026:s02	17	there	there	PRON	EX	_	18	expl	87	92
nodejs-tsc-charter:u0026:s02	18	are	be	VERB	VBP	Mood=Ind|Tense=Pres|VerbForm=Fin	4	ccomp	93	96
nodejs-tsc-charter:u0026:s02	19	no	no	DET	DT	_	20	det	97	99
nodejs-tsc-charter:u0026:s02	20	limits	limit	NOUN	NNS	Number=Plur	18	nsubj	100	106
nodejs-tsc-charter:u0026:s02	21	on	on	ADP	IN	_	23	case	107	109
nodejs-tsc-charter:u0026:s02	22	the	the	DET	DT	Definite=Def|PronType=Art	23	det	110	113
nodejs-tsc-charter:u0026:s02	23	number	number	NOUN	NN	Number=Sing	20	nmod	114	120
nodejs-tsc-charter:u0026:s02	24	of	of	ADP	IN	_	25	case	121	123
nodejs-tsc-charter:u0026:s02	25	terms	term	NOUN	NNS	Number=Plur	23	nmod	124	129
nodejs-tsc-charter:u0026:s02	26	a	a	DET	DT	Definite=Ind|PronType=Art	27	det	130	131
nodejs-tsc-charter:u0026:s02	27	TSC	TSC	PROPN	NNP	Number=Sing	25	appos	132	135
nodejs-tsc-charter:u0026:s02	28	Chairperson	Chairperson	PROPN	NNP	Number=Sing	27	flat	136	147
nodejs-tsc-charter:u0026:s02	29	or	or	CCONJ	CC	_	30	cc	148	150
nodejs-tsc-charter:u0026:s02	30	voting	vote	VERB	VBG	VerbForm=Ger	27	conj	151	157
nodejs-tsc-charter:u0026:s02	31	CPC	CPC	NOUN	NN	Number=Sing	32	compound	158	161
nodejs-tsc-charter:u0026:s02	32	member	member	NOUN	NN	Number=Sing	34	nsubj	162	168
nodejs-tsc-charter:u0026:s02	33	may	may	AUX	MD	VerbForm=Fin	34	aux	169	172
nodejs-tsc-charter:u0026:s02	34	serve	serve	VERB	VB	VerbForm=Inf	30	ccomp	173	178
nodejs-tsc-charter:u0026:s02	35	.	.	PUNCT	.	_	4	punct	178	179
nodejs-tsc-charter:u0027:s00	1	##	##	PUNCT	.	_	2	punct	0	2
nodejs-tsc-charter:u0027:s00	2	Section	section	NOUN	NN	Number=Sing	0	root	3	10
nodejs-tsc-charter:u0027:s01	1	7	7	X	LS	_	0	root	0	1
nodejs-tsc-charter:u0027:s01	2	.	.	PUNCT	.	_	1	punct	1	2
nodejs-tsc-charter:u0027:s02	1	Voting	vote	NOUN	NN	Number=Sing	0	root	0	6
nodejs-tsc-charter:u0028:s00	1	For	for	ADP	IN	_	4	case	0	3
nodejs-tsc-charter:u0028:s00	2	internal	internal	ADJ	JJ	Degree=Pos	4	amod	4	12
nodejs-tsc-charter:u0028:s00	3	project	project	NOUN	NN	Number=Sing	4	compound	13	20
nodejs-tsc-charter:u0028:s00	4	decisions	decision	NOUN	NNS	Number=Plur	8	obl	21	30
nodejs-tsc-charter:u0028:s00	5	,	,	PUNCT	,	_	8	punct	30	31
nodejs-tsc-charter:u0028:s00	6	Collaborators	Collaborator	NOUN	NNS	Number=Plur	8	nsubj	32	45
nodejs-tsc-charter:u0028:s00	7	shall	shall	AUX	MD	VerbForm=Fin	8	aux	46	51
nodejs-tsc-charter:u0028:s00	8	operate	operate	VERB	VB	VerbForm=Inf	0	root	52	59
nodejs-tsc-charter:u0028:s00	9	under	under	ADP	IN	_	11	case	60	65
nodejs-tsc-charter:u0028:s00	10	Lazy	lazy	PROPN	NNP	Number=Sing	11	compound	66	70
nodejs-tsc-charter:u0028:s00	11	Consensus	consensus	PROPN	NNP	Number=Sing	8	obl	71	80
nodejs-tsc-charter:u0028:s00	12	.	.	PUNCT	.	_	8	punct	80	81
nodejs-tsc-charter:u0028:s01	1	The	the	DET	DT	Definite=Def|PronType=Art	2	det	0	3
nodejs-tsc-charter:u0028:s01	2	TSC	Tsc	NOUN	NN	Number=Sing	4	nsubj	4	7
nodejs-tsc-charter:u0028:s01	3	shall	shall	AUX	MD	VerbForm=Fin	4	aux	8	13
nodejs-tsc-charter:u0028:s01	4	establish	establish	VERB	VB	VerbForm=Inf	0	root	14	23
nodejs-tsc-charter:u0028:s01	5	appropriate	appropriate	ADJ	JJ	Degree=Pos	6	amod	24	35
nodejs-tsc-charter:u0028:s01	6	guidelines	guideline	NOUN	NNS	Number=Plur	4	obj	36	46
nodejs-tsc-charter:u0028:s01	7	for	for	SCONJ	IN	_	8	mark	47	50
nodejs-tsc-charter:u0028:s01	8	implementing	implement	VERB	VBG	VerbForm=Ger	4	advcl	51	63
nodejs-tsc-charter:u0028:s01	9	Lazy	lazy	PROPN	NNP	Number=Sing	10	compound	64	68
nodejs-tsc-charter:u0028:s01	10	Consensus	consensus	PROPN	NNP	Number=Sing	8	obj	69	78
nodejs-tsc-charter:u0028:s01	11	(	(	PUNCT	-LRB-	_	13	punct	79	80
nodejs-tsc-charter:u0028:s01	12	e.g.	e.g.	X	FW	_	13	advmod	80	84
nodejs-tsc-charter:u0028:s01	13	expected	expect	VERB	VBN	Tense=Past|VerbForm=Part	14	amod	85	93
nodejs-tsc-charter:u0028:s01	14	notification	notification	NOUN	NN	Number=Sing	4	obj	94	106
nodejs-tsc-charter:u0028:s01	15	and	and	CCONJ	CC	_	18	cc	107	110
nodejs-tsc-charter:u0028:s01	16	review	review	NOUN	NN	Number=Sing	18	compound	111	117
nodejs-tsc-charter:u0028:s01	17	time	time	NOUN	NN	Number=Sing	18	compound	118	122
nodejs-tsc-charter:u0028:s01	18	periods	period	NOUN	NNS	Number=Plur	14	conj	123	130
nodejs-tsc-charter:u0028:s01	19	)	)	PUNCT	-RRB-	_	4	punct	130	131
nodejs-tsc-charter:u0028:s01	20	within	within	ADP	IN	_	23	case	132	138
nodejs-tsc-charter:u0028:s01	21	the	the	DET	DT	Definite=Def|PronType=Art	23	det	139	142
nodejs-tsc-charter:u0028:s01	22	development	development	NOUN	NN	Number=Sing	23	compound	143	154
nodejs-tsc-charter:u0028:s01	23	process	process	NOUN	NN	Number=Sing	4	obl	155	162
nodejs-tsc-charter:u0028:s01	24	.	.	PUNCT	.	_	4	punct	162	163
nodejs-tsc-charter:u0029:s00	1	The	the	DET	DT	Definite=Def|PronType=Art	2	det	0	3
nodejs-tsc-charter:u0029:s00	2	TSC	Tsc	NOUN	NN	Number=Sing	3	nsubj	4	7
nodejs-tsc-charter:u0029:s00	3	follows	follow	VERB	VBZ	Mood=Ind|Number=Sing|Person=3|Tense=Pres|VerbForm=Fin	0	root	8	15
nodejs-tsc-charter:u0029:s00	4	a	a	DET	DT	Definite=Ind|PronType=Art	7	det	16	17
nodejs-tsc-charter:u0029:s00	5	[	[	PUNCT	-LRB-	_	7	punct	18	19
nodejs-tsc-charter:u0029:s00	6	Consensus	consensus	NOUN	NN	Number=Sing	7	compound	19	28
nodejs-tsc-charter:u0029:s00	7	Seeking	seek	NOUN	NN	Number=Sing	3	obj	29	36
nodejs-tsc-charter:u0029:s00	8	]	]	PUNCT	-RRB-	_	7	punct	36	37
nodejs-tsc-charter:u0029:s00	9	[	[	PUNCT	-LRB-	_	7	punct	37	38
nodejs-tsc-charter:u0029:s00	10	]	]	PUNCT	-RRB-	_	7	punct	38	39
nodejs-tsc-charter:u0029:s00	11	decision	decision	NOUN	NN	Number=Sing	7	appos	40	48
nodejs-tsc-charter:u0029:s00	12	making	make	VERB	VBG	VerbForm=Ger	11	acl	49	55
nodejs-tsc-charter:u0029:s00	13	model	model	NOUN	NN	Number=Sing	12	obj	56	61
nodejs-tsc-charter:u0029:s00	14	among	among	ADP	IN	_	16	case	62	67
nodejs-tsc-charter:u0029:s00	15	voting	voting	NOUN	NN	Number=Sing	16	compound	68	74
nodejs-tsc-charter:u0029:s00	16	members	member	NOUN	NNS	Number=Plur	12	obl	75	82
nodejs-tsc-charter:u0029:s00	17	.	.	PUNCT	.	_	3	punct	82	83
nodejs-tsc-charter:u0029:s01	1	When	when	ADV	WRB	PronType=Int	6	mark	0	4
nodejs-tsc-charter:u0029:s01	2	an	a	DET	DT	Definite=Ind|PronType=Art	4	det	5	7
nodejs-tsc-charter:u0029:s01	3	agenda	agenda	NOUN	NN	Number=Sing	4	compound	8	14
nodejs-tsc-charter:u0029:s01	4	item	item	NOUN	NN	Number=Sing	6	nsubj	15	19
nodejs-tsc-charter:u0029:s01	5	has	have	AUX	VBZ	Mood=Ind|Number=Sing|Person=3|Tense=Pres|VerbForm=Fin	6	aux	20	23
nodejs-tsc-charter:u0029:s01	6	appeared	appear	VERB	VBN	Tense=Past|VerbForm=Part	18	advcl	24	32
nodejs-tsc-charter:u0029:s01	7	to	to	PART	TO	_	8	mark	33	35
nodejs-tsc-charter:u0029:s01	8	reach	reach	VERB	VB	VerbForm=Inf	6	xcomp	36	41
nodejs-tsc-charter:u0029:s01	9	a	a	DET	DT	Definite=Ind|PronType=Art	10	det	42	43
nodejs-tsc-charter:u0029:s01	10	consensus	consensus	NOUN	NN	Number=Sing	8	obj	44	53
nodejs-tsc-charter:u0029:s01	11	the	the	DET	DT	Definite=Def|PronType=Art	12	det	54	57
nodejs-tsc-charter:u0029:s01	12	moderator	moderator	NOUN	NN	Number=Sing	14	nsubj	58	67
nodejs-tsc-charter:u0029:s01	13	will	will	AUX	MD	VerbForm=Fin	14	aux	68	72
nodejs-tsc-charter:u0029:s01	14	ask	ask	VERB	VB	VerbForm=Inf	10	acl:relcl	73	76
nodejs-tsc-charter:u0029:s01	15	"	"	PUNCT	``	_	14	punct	77	78
nodejs-tsc-charter:u0029:s01	16	Does	do	AUX	VBZ	Mood=Ind|Number=Sing|Person=3|Tense=Pres|VerbForm=Fin	18	aux	78	82
nodejs-tsc-charter:u0029:s01	17	anyone	anyone	PRON	NN	Number=Sing	18	nsubj	83	89
nodejs-tsc-charter:u0029:s01	18	object	object	VERB	VB	VerbForm=Inf	0	root	90	96
nodejs-tsc-charter:u0029:s01	19	?	?	PUNCT	.	_	18	punct	96	97
nodejs-tsc-charter:u0029:s01	20	"	"	PUNCT	''	_	18	punct	97	98
nodejs-tsc-charter:u0029:s02	1	as	as	ADP	IN	_	4	case	0	2
nodejs-tsc-charter:u0029:s02	2	a	a	DET	DT	Definite=Ind|PronType=Art	4	det	3	4
nodejs-tsc-charter:u0029:s02	3	final	final	ADJ	JJ	Degree=Pos	4	amod	5	10
nodejs-tsc-charter:u0029:s02	4	call	call	NOUN	NN	Number=Sing	0	root	11	15
nodejs-tsc-charter:u0029:s02	5	for	for	ADP	IN	_	6	case	16	19
nodejs-tsc-charter:u0029:s02	6	dissent	dissent	NOUN	NN	Number=Sing	4	nmod	20	27
nodejs-tsc-charter:u0029:s02	7	from	from	ADP	IN	_	9	case	28	32
nodejs-tsc-charter:u0029:s02	8	the	the	DET	DT	Definite=Def|PronType=Art	9	det	33	36
nodejs-tsc-charter:u0029:s02	9	consensus	consensus	NOUN	NN	Number=Sing	6	nmod	37	46
nodejs-tsc-charter:u0029:s02	10	.	.	PUNCT	.	_	4	punct	46	47
nodejs-tsc-charter:u0030:s00	1	For	for	ADP	IN	_	3	case	0	3
nodejs-tsc-charter:u0030:s00	2	all	all	DET	DT	_	3	det	4	7
nodejs-tsc-charter:u0030:s00	3	votes	vote	NOUN	NNS	Number=Plur	11	obl	8	13
nodejs-tsc-charter:u0030:s00	4	,	,	PUNCT	,	_	11	punct	13	14
nodejs-tsc-charter:u0030:s00	5	the	the	DET	DT	Definite=Def|PronType=Art	8	det	15	18
nodejs-tsc-charter:u0030:s00	6	winning	win	VERB	VBG	VerbForm=Ger	8	amod	19	26
nodejs-tsc-charter:u0030:s00	7	candidate	candidate	NOUN	NN	Number=Sing	8	compound	27	36
nodejs-tsc-charter:u0030:s00	8	option	option	NOUN	NN	Number=Sing	11	nsubj	37	43
nodejs-tsc-charter:u0030:s00	9	is	be	AUX	VBZ	Mood=Ind|Number=Sing|Person=3|Tense=Pres|VerbForm=Fin	11	cop	44	46
nodejs-tsc-charter:u0030:s00	10	the	the	DET	DT	Definite=Def|PronType=Art	11	det	47	50
nodejs-tsc-charter:u0030:s00	11	one	one	NOUN	NN	Number=Sing	29	compound	51	54
nodejs-tsc-charter:u0030:s00	12	that	that	PRON	WDT	PronType=Rel	13	nsubj	55	59
nodejs-tsc-charter:u0030:s00	13	wins	win	VERB	VBZ	Mood=Ind|Number=Sing|Person=3|Tense=Pres|VerbForm=Fin	11	acl:relcl	60	64
nodejs-tsc-charter:u0030:s00	14	a	a	DET	DT	Definite=Ind|PronType=Art	16	det	65	66
nodejs-tsc-charter:u0030:s00	15	simple	simple	ADJ	JJ	Degree=Pos	16	amod	67	73
nodejs-tsc-charter:u0030:s00	16	majority	majority	NOUN	NN	Number=Sing	13	obj	74	82
nodejs-tsc-charter:u0030:s00	17	of	of	ADP	IN	_	21	case	83	85
nodejs-tsc-charter:u0030:s00	18	all	all	DET	DT	_	21	det	86	89
nodejs-tsc-charter:u0030:s00	19	TSC	TSC	ADJ	JJ	Degree=Pos	21	amod	90	93
nodejs-tsc-charter:u0030:s00	20	voting	voting	NOUN	NN	Number=Sing	21	compound	94	100
nodejs-tsc-charter:u0030:s00	21	members	member	NOUN	NNS	Number=Plur	16	nmod	101	108
nodejs-tsc-charter:u0030:s00	22	in	in	ADP	IN	_	24	case	109	111
nodejs-tsc-charter:u0030:s00	23	every	every	DET	DT	_	24	det	112	117
nodejs-tsc-charter:u0030:s00	24	head	head	NOUN	NN	Number=Sing	21	nmod	118	122
nodejs-tsc-charter:u0030:s00	25	-	-	PUNCT	HYPH	_	11	punct	122	123
nodejs-tsc-charter:u0030:s00	26	to	to	ADP	IN	_	28	case	123	125
nodejs-tsc-charter:u0030:s00	27	-	-	PUNCT	HYPH	_	28	punct	125	126
nodejs-tsc-charter:u0030:s00	28	head	head	NOUN	NN	Number=Sing	11	nmod	126	130
nodejs-tsc-charter:u0030:s00	29	election	election	NOUN	NN	Number=Sing	0	root	131	139
nodejs-tsc-charter:u0030:s00	30	against	against	ADP	IN	_	31	case	140	147
nodejs-tsc-charter:u0030:s00	31	each	each	DET	DT	_	29	nmod	148	152
nodejs-tsc-charter:u0030:s00	32	of	of	ADP	IN	_	35	case	153	155
nodejs-tsc-charter:u0030:s00	33	the	the	DET	DT	Definite=Def|PronType=Art	35	det	156	159
nodejs-tsc-charter:u0030:s00	34	other	other	ADJ	JJ	Degree=Pos	35	amod	160	165
nodejs-tsc-charter:u0030:s00	35	candidates	candidate	NOUN	NNS	Number=Plur	31	nmod	166	176
nodejs-tsc-charter:u0030:s00	36	.	.	PUNCT	.	_	29	punct	176	177
nodejs-tsc-charter:u0030:s01	1	A	a	DET	DT	Definite=Ind|PronType=Art	4	det	0	1
nodejs-tsc-charter:u0030:s01	2	TSC	Tsc	NOUN	NN	Number=Sing	4	compound	2	5
nodejs-tsc-charter:u0030:s01	3	voting	voting	NOUN	NN	Number=Sing	4	compound	6	12
nodejs-tsc-charter:u0030:s01	4	member	member	NOUN	NN	Number=Sing	6	nsubj	13	19
nodejs-tsc-charter:u0030:s01	5	may	may	AUX	MD	VerbForm=Fin	6	aux	20	23
nodejs-tsc-charter:u0030:s01	6	choose	choose	VERB	VB	VerbForm=Inf	0	root	24	30
nodejs-tsc-charter:u0030:s01	7	to	to	PART	TO	_	8	mark	31	33
nodejs-tsc-charter:u0030:s01	8	participate	participate	VERB	VB	VerbForm=Inf	6	xcomp	34	45
nodejs-tsc-charter:u0030:s01	9	in	in	ADP	IN	_	11	case	46	48
nodejs-tsc-charter:u0030:s01	10	any	any	DET	DT	_	11	det	49	52
nodejs-tsc-charter:u0030:s01	11	vote	vote	NOUN	NN	Number=Sing	8	obl	53	57
nodejs-tsc-charter:u0030:s01	12	through	through	ADP	IN	_	13	case	58	65
nodejs-tsc-charter:u0030:s01	13	abstention	abstention	NOUN	NN	Number=Sing	11	nmod	66	76
nodejs-tsc-charter:u0030:s01	14	.	.	PUNCT	.	_	6	punct	76	77
nodejs-tsc-charter:u0030:s02	1	As	as	ADV	RB	_	2	advmod	0	2
nodejs-tsc-charter:u0030:s02	2	long	long	ADV	RB	Degree=Pos	17	advmod	3	7
nodejs-tsc-charter:u0030:s02	3	as	as	ADP	IN	_	7	mark	8	10
nodejs-tsc-charter:u0030:s02	4	a	a	DET	DT	Definite=Ind|PronType=Art	5	det	11	12
nodejs-tsc-charter:u0030:s02	5	vote	vote	NOUN	NN	Number=Sing	7	nsubj	13	17
nodejs-tsc-charter:u0030:s02	6	is	be	AUX	VBZ	Mood=Ind|Number=Sing|Person=3|Tense=Pres|VerbForm=Fin	7	cop	18	20
nodejs-tsc-charter:u0030:s02	7	open	open	ADJ	JJ	Degree=Pos	2	advcl	21	25
nodejs-tsc-charter:u0030:s02	8	,	,	PUNCT	,	_	17	punct	25	26
nodejs-tsc-charter:u0030:s02	9	TSC	Tsc	ADJ	JJ	Degree=Pos	11	amod	27	30
nodejs-tsc-charter:u0030:s02	10	voting	voting	NOUN	NN	Number=Sing	11	compound	31	37
nodejs-tsc-charter:u0030:s02	11	members	member	NOUN	NNS	Number=Plur	13	compound	38	45
nodejs-tsc-charter:u0030:s02	12	'	'	PUNCT	''	_	11	punct	45	46
nodejs-tsc-charter:u0030:s02	13	choices	choice	NOUN	NNS	Number=Plur	17	nsubj:pass	47	54
nodejs-tsc-charter:u0030:s02	14	must	must	AUX	MD	VerbForm=Fin	17	aux	55	59
nodejs-tsc-charter:u0030:s02	15	not	not	PART	RB	_	17	advmod	60	63
nodejs-tsc-charter:u0030:s02	16	be	be	AUX	VB	VerbForm=Inf	17	aux:pass	64	66
nodejs-tsc-charter:u0030:s02	17	disclosed	disclose	VERB	VBN	Tense=Past|VerbForm=Part|Voice=Pass	0	root	67	76
nodejs-tsc-charter:u0030:s02	18	,	,	PUNCT	,	_	17	punct	76	77
nodejs-tsc-charter:u0030:s02	19	to	to	PART	TO	_	20	mark	78	80
nodejs-tsc-charter:u0030:s02	20	avoid	avoid	VERB	VB	VerbForm=Inf	17	advcl	81	86
nodejs-tsc-charter:u0030:s02	21	influencing	influence	VERB	VBG	VerbForm=Ger	20	xcomp	87	98
nodejs-tsc-charter:u0030:s02	22	other	other	ADJ	JJ	Degree=Pos	24	amod	99	104
nodejs-tsc-charter:u0030:s02	23	voting	voting	NOUN	NN	Number=Sing	24	compound	105	111
nodejs-tsc-charter:u0030:s02	24	members	member	NOUN	NNS	Number=Plur	21	obj	112	119
nodejs-tsc-charter:u0030:s02	25	.	.	PUNCT	.	_	17	punct	119	120
nodejs-tsc-charter:u0031:s00	1	All	all	DET	DT	_	2	det	0	3
nodejs-tsc-charter:u0031:s00	2	changes	change	NOUN	NNS	Number=Plur	8	nsubj:pass	4	11
nodejs-tsc-charter:u0031:s00	3	to	to	ADP	IN	_	5	case	12	14
nodejs-tsc-charter:u0031:s00	4	this	this	DET	DT	Number=Sing|PronType=Dem	5	det	15	19
nodejs-tsc-charter:u0031:s00	5	charter	charter	NOUN	NN	Number=Sing	2	nmod	20	27
nodejs-tsc-charter:u0031:s00	6	must	must	AUX	MD	VerbForm=Fin	8	aux	28	32
nodejs-tsc-charter:u0031:s00	7	be	be	AUX	VB	VerbForm=Inf	8	aux:pass	33	35
nodejs-tsc-charter:u0031:s00	8	approved	approve	VERB	VBN	Tense=Past|VerbForm=Part|Voice=Pass	0	root	36	44
nodejs-tsc-charter:u0031:s00	9	by	by	ADP	IN	_	11	case	45	47
nodejs-tsc-charter:u0031:s00	10	the	the	DET	DT	Definite=Def|PronType=Art	11	det	48	51
nodejs-tsc-charter:u0031:s00	11	CPC	Cpc	NOUN	NN	Number=Sing	8	obl	52	55
nodejs-tsc-charter:u0031:s00	12	.	.	PUNCT	.	_	8	punct	55	56
nodejs-tsc-charter:u0032:s00	1	##	##	PUNCT	.	_	2	punct	0	2
nodejs-tsc-charter:u0032:s00	2	Section	section	NOUN	NN	Number=Sing	6	compound	3	10
nodejs-tsc-charter:u0032:s00	3	8	8	NUM	CD	NumType=Card	2	nummod	11	12
nodejs-tsc-charter:u0032:s00	4	.	.	PUNCT	.	_	2	punct	12	13
nodejs-tsc-charter:u0032:s00	5	Project	project	NOUN	NN	Number=Sing	6	compound	14	21
nodejs-tsc-charter:u0032:s00	6	Roles	role	NOUN	NNS	Number=Plur	0	root	22	27
nodejs-tsc-charter:u0033:s00	1	The	the	DET	DT	Definite=Def|PronType=Art	4	det	0	3
nodejs-tsc-charter:u0033:s00	2	Node.js	Node.js	PROPN	NNP	Number=Sing	4	compound	4	11
nodejs-tsc-charter:u0033:s00	3	git	git	NOUN	NN	Number=Sing	4	compound	12	15
nodejs-tsc-charter:u0033:s00	4	repository	repository	NOUN	NN	Number=Sing	6	nsubj:pass	16	26
nodejs-tsc-charter:u0033:s00	5	is	be	AUX	VBZ	Mood=Ind|Number=Sing|Person=3|Tense=Pres|VerbForm=Fin	6	aux:pass	27	29
nodejs-tsc-charter:u0033:s00	6	maintained	maintain	VERB	VBN	Tense=Past|VerbForm=Part|Voice=Pass	0	root	30	40
nodejs-tsc-charter:u0033:s00	7	by	by	ADP	IN	_	9	case	41	43
nodejs-tsc-charter:u0033:s00	8	the	the	DET	DT	Definite=Def|PronType=Art	9	det	44	47
nodejs-tsc-charter:u0033:s00	9	TSC	Tsc	PROPN	NNPS	Number=Plur	6	obl	48	51
nodejs-tsc-charter:u0033:s00	10	and	and	CCONJ	CC	_	12	cc	52	55
nodejs-tsc-charter:u0033:s00	11	additional	additional	ADJ	JJ	Degree=Pos	12	amod	56	66
nodejs-tsc-charter:u0033:s00	12	Collaborators	Collaborator	NOUN	NNS	Number=Plur	9	conj	67	80
nodejs-tsc-charter:u0033:s00	13	who	who	PRON	WP	PronType=Rel	15	nsubj:pass	81	84
nodejs-tsc-charter:u0033:s00	14	are	be	AUX	VBP	Mood=Ind|Tense=Pres|VerbForm=Fin	15	aux:pass	85	88
nodejs-tsc-charter:u0033:s00	15	added	add	VERB	VBN	Tense=Past|VerbForm=Part|Voice=Pass	12	acl:relcl	89	94
nodejs-tsc-charter:u0033:s00	16	by	by	ADP	IN	_	18	case	95	97
nodejs-tsc-charter:u0033:s00	17	the	the	DET	DT	Definite=Def|PronType=Art	18	det	98	101
nodejs-tsc-charter:u0033:s00	18	TSC	Tsc	NOUN	NN	Number=Sing	15	obl	102	105
nodejs-tsc-charter:u0033:s00	19	on	on	ADP	IN	_	22	case	106	108
nodejs-tsc-charter:u0033:s00	20	an	a	DET	DT	Definite=Ind|PronType=Art	22	det	109	111
nodejs-tsc-charter:u0033:s00	21	ongoing	ongoing	ADJ	JJ	Degree=Pos	22	amod	112	119
nodejs-tsc-charter:u0033:s00	22	basis	basis	NOUN	NN	Number=Sing	18	nmod	120	125
nodejs-tsc-charter:u0033:s00	23	.	.	PUNCT	.	_	6	punct	125	126
nodejs-tsc-charter:u0034:s00	1	Individuals	individual	NOUN	NNS	Number=Plur	9	nsubj	0	11
nodejs-tsc-charter:u0034:s00	2	making	make	VERB	VBG	VerbForm=Ger	1	acl	12	18
nodejs-tsc-charter:u0034:s00	3	significant	significant	ADJ	JJ	Degree=Pos	6	amod	19	30
nodejs-tsc-charter:u0034:s00	4	and	and	CCONJ	CC	_	5	cc	31	34
nodejs-tsc-charter:u0034:s00	5	valuable	valuable	ADJ	JJ	Degree=Pos	3	conj	35	43
nodejs-tsc-charter:u0034:s00	6	contributions	contribution	NOUN	NNS	Number=Plur	2	obj	44	57
nodejs-tsc-charter:u0034:s00	7	are	be	AUX	VBP	Mood=Ind|Tense=Pres|VerbForm=Fin	9	cop	58	61
nodejs-tsc-charter:u0034:s00	8	made	make	ADJ	JJ	Degree=Pos	9	amod	62	66
nodejs-tsc-charter:u0034:s00	9	Collaborators	Collaborator	NOUN	NNS	Number=Plur	0	root	67	80
nodejs-tsc-charter:u0034:s00	10	and	and	CCONJ	CC	_	11	cc	81	84
nodejs-tsc-charter:u0034:s00	11	given	give	VERB	VBN	Tense=Past|VerbForm=Part	9	conj	85	90
nodejs-tsc-charter:u0034:s00	12	commit-access	commit-access	NOUN	NN	Number=Sing	11	obj	91	104
nodejs-tsc-charter:u0034:s00	13	to	to	ADP	IN	_	15	case	105	107
nodejs-tsc-charter:u0034:s00	14	the	the	DET	DT	Definite=Def|PronType=Art	15	det	108	111
nodejs-tsc-charter:u0034:s00	15	project	project	NOUN	NN	Number=Sing	11	obl	112	119
nodejs-tsc-charter:u0034:s00	16	.	.	PUNCT	.	_	9	punct	119	120
nodejs-tsc-charter:u0034:s01	1	These	these	DET	DT	Number=Plur|PronType=Dem	2	det	0	5
nodejs-tsc-charter:u0034:s01	2	individuals	individual	NOUN	NNS	Number=Plur	4	nsubj:pass	6	17
nodejs-tsc-charter:u0034:s01	3	are	be	AUX	VBP	Mood=Ind|Tense=Pres|VerbForm=Fin	4	aux:pass	18	21
nodejs-tsc-charter:u0034:s01	4	identified	identify	VERB	VBN	Tense=Past|VerbForm=Part|Voice=Pass	0	root	22	32
nodejs-tsc-charter:u0034:s01	5	by	by	ADP	IN	_	7	case	33	35
nodejs-tsc-charter:u0034:s01	6	the	the	DET	DT	Definite=Def|PronType=Art	7	det	36	39
nodejs-tsc-charter:u0034:s01	7	TSC	Tsc	NOUN	NN	Number=Sing	4	obl	40	43
nodejs-tsc-charter:u0034:s01	8	and	and	CCONJ	CC	_	14	cc	44	47
nodejs-tsc-charter:u0034:s01	9	their	they	PRON	PRP$	Number=Plur|Person=3|Poss=Yes|PronType=Prs	10	nmod:poss	48	53
nodejs-tsc-charter:u0034:s01	10	addition	addition	NOUN	NN	Number=Sing	14	nsubj:pass	54	62
nodejs-tsc-charter:u0034:s01	11	as	as	ADP	IN	_	12	case	63	65
nodejs-tsc-charter:u0034:s01	12	Collaborators	Collaborator	NOUN	NNS	Number=Plur	10	nmod	66	79
nodejs-tsc-charter:u0034:s01	13	is	be	AUX	VBZ	Mood=Ind|Number=Sing|Person=3|Tense=Pres|VerbForm=Fin	14	aux:pass	80	82
nodejs-tsc-charter:u0034:s01	14	discussed	discuss	VERB	VBN	Tense=Past|VerbForm=Part|Voice=Pass	4	conj	83	92
nodejs-tsc-charter:u0034:s01	15	during	during	ADP	IN	_	18	case	93	99
nodejs-tsc-charter:u0034:s01	16	a	a	DET	DT	Definite=Ind|PronType=Art	18	det	100	101
nodejs-tsc-charter:u0034:s01	17	TSC	Tsc	NOUN	NN	Number=Sing	18	compound	102	105
nodejs-tsc-charter:u0034:s01	18	meeting	meeting	NOUN	NN	Number=Sing	14	obl	106	113
nodejs-tsc-charter:u0034:s01	19	.	.	PUNCT	.	_	4	punct	113	114
nodejs-tsc-charter:u0034:s02	1	Modifications	Modification	NOUN	NNS	Number=Plur	10	nsubj:pass	0	13
nodejs-tsc-charter:u0034:s02	2	of	of	ADP	IN	_	4	case	14	16
nodejs-tsc-charter:u0034:s02	3	the	the	DET	DT	Definite=Def|PronType=Art	4	det	17	20
nodejs-tsc-charter:u0034:s02	4	contents	contents	NOUN	NNS	Number=Plur	1	nmod	21	29
nodejs-tsc-charter:u0034:s02	5	of	of	ADP	IN	_	8	case	30	32
nodejs-tsc-charter:u0034:s02	6	the	the	DET	DT	Definite=Def|PronType=Art	8	det	33	36
nodejs-tsc-charter:u0034:s02	7	git	git	NOUN	NN	Number=Sing	8	compound	37	40
nodejs-tsc-charter:u0034:s02	8	repository	repository	NOUN	NN	Number=Sing	4	nmod	41	51
nodejs-tsc-charter:u0034:s02	9	are	be	AUX	VBP	Mood=Ind|Tense=Pres|VerbForm=Fin	10	aux:pass	52	55
nodejs-tsc-charter:u0034:s02	10	made	make	VERB	VBN	Tense=Past|VerbForm=Part|Voice=Pass	0	root	56	60
nodejs-tsc-charter:u0034:s02	11	on	on	ADP	IN	_	14	case	61	63
nodejs-tsc-charter:u0034:s02	12	a	a	DET	DT	Definite=Ind|PronType=Art	14	det	64	65
nodejs-tsc-charter:u0034:s02	13	collaborative	collaborative	ADJ	JJ	Degree=Pos	14	amod	66	79
nodejs-tsc-charter:u0034:s02	14	basis	basis	NOUN	NN	Number=Sing	10	obl	80	85
nodejs-tsc-charter:u0034:s02	15	as	as	SCONJ	IN	_	16	mark	86	88
nodejs-tsc-charter:u0034:s02	16	defined	define	VERB	VBN	Tense=Past|VerbForm=Part	10	advcl	89	96
nodejs-tsc-charter:u0034:s02	17	in	in	ADP	IN	_	20	case	97	99
nodejs-tsc-charter:u0034:s02	18	the	the	DET	DT	Definite=Def|PronType=Art	20	det	100	103
nodejs-tsc-charter:u0034:s02	19	development	development	NOUN	NN	Number=Sing	20	compound	104	115
nodejs-tsc-charter:u0034:s02	20	process	process	NOUN	NN	Number=Sing	16	obl	116	123
nodejs-tsc-charter:u0034:s02	21	.	.	PUNCT	.	_	10	punct	123	124
nodejs-tsc-charter:u0035:s00	1	Collaborators	Collaborator	NOUN	NNS	Number=Plur	3	nsubj	0	13
nodejs-tsc-charter:u0035:s00	2	may	may	AUX	MD	VerbForm=Fin	3	aux	14	17
nodejs-tsc-charter:u0035:s00	3	opt	opt	VERB	VB	VerbForm=Inf	0	root	18	21
nodejs-tsc-charter:u0035:s00	4	to	to	PART	TO	_	5	mark	22	24
nodejs-tsc-charter:u0035:s00	5	elevate	elevate	VERB	VB	VerbForm=Inf	3	xcomp	25	32
nodejs-tsc-charter:u0035:s00	6	significant	significant	ADJ	JJ	Degree=Pos	9	amod	33	44
nodejs-tsc-charter:u0035:s00	7	or	or	CCONJ	CC	_	8	cc	45	47
nodejs-tsc-charter:u0035:s00	8	controversial	controversial	ADJ	JJ	Degree=Pos	6	conj	48	61
nodejs-tsc-charter:u0035:s00	9	modifications	modification	NOUN	NNS	Number=Plur	5	obj	62	75
nodejs-tsc-charter:u0035:s00	10	,	,	PUNCT	,	_	12	punct	75	76
nodejs-tsc-charter:u0035:s00	11	or	or	CCONJ	CC	_	12	cc	77	79
nodejs-tsc-charter:u0035:s00	12	modifications	modification	NOUN	NNS	Number=Plur	3	conj	80	93
nodejs-tsc-charter:u0035:s00	13	that	that	PRON	WDT	PronType=Rel	16	nsubj	94	98
nodejs-tsc-charter:u0035:s00	14	have	have	AUX	VBP	Mood=Ind|Tense=Pres|VerbForm=Fin	16	aux	99	103
nodejs-tsc-charter:u0035:s00	15	not	not	PART	RB	_	16	advmod	104	107
nodejs-tsc-charter:u0035:s00	16	found	find	VERB	VBN	Tense=Past|VerbForm=Part	12	acl:relcl	108	113
nodejs-tsc-charter:u0035:s00	17	consensus	consensus	NOUN	NN	Number=Sing	16	obj	114	123
nodejs-tsc-charter:u0035:s00	18	to	to	ADP	IN	_	20	case	124	126
nodejs-tsc-charter:u0035:s00	19	the	the	DET	DT	Definite=Def|PronType=Art	20	det	127	130
nodejs-tsc-charter:u0035:s00	20	TSC	Tsc	NOUN	NN	Number=Sing	17	nmod	131	134
nodejs-tsc-charter:u0035:s00	21	for	for	ADP	IN	_	22	case	135	138
nodejs-tsc-charter:u0035:s00	22	discussion	discussion	NOUN	NN	Number=Sing	20	nmod	139	149
nodejs-tsc-charter:u0035:s00	23	by	by	SCONJ	IN	_	24	mark	150	152
nodejs-tsc-charter:u0035:s00	24	assigning	assign	VERB	VBG	VerbForm=Ger	16	advcl	153	162
nodejs-tsc-charter:u0035:s00	25	the	the	DET	DT	Definite=Def|PronType=Art	26	det	163	166
nodejs-tsc-charter:u0035:s00	26	`tsc-agenda	`tsc-agenda	NOUN	NN	Number=Sing	28	compound	167	178
nodejs-tsc-charter:u0035:s00	27	`	`	PUNCT	``	_	26	punct	178	179
nodejs-tsc-charter:u0035:s00	28	tag	tag	NOUN	NN	Number=Sing	24	obj	180	183
nodejs-tsc-charter:u0035:s00	29	to	to	ADP	IN	_	32	case	184	186
nodejs-tsc-charter:u0035:s00	30	a	a	DET	DT	Definite=Ind|PronType=Art	32	det	187	188
nodejs-tsc-charter:u0035:s00	31	pull	pull	NOUN	NN	Number=Sing	32	compound	189	193
nodejs-tsc-charter:u0035:s00	32	request	request	NOUN	NN	Number=Sing	24	obl	194	201
nodejs-tsc-charter:u0035:s00	33	or	or	CCONJ	CC	_	34	cc	202	204
nodejs-tsc-charter:u0035:s00	34	issue	issue	NOUN	NN	Number=Sing	32	conj	205	210
nodejs-tsc-charter:u0035:s00	35	.	.	PUNCT	.	_	3	punct	210	211
nodejs-tsc-charter:u0035:s01	1	When	when	ADV	WRB	PronType=Int	6	mark	0	4
nodejs-tsc-charter:u0035:s01	2	consensus	consensus	NOUN	NN	Number=Sing	6	nsubj:pass	5	14
nodejs-tsc-charter:u0035:s01	3	can	can	AUX	MD	VerbForm=Fin	6	aux	15	18
nodejs-tsc-charter:u0035:s01	4	not	not	PART	RB	_	6	advmod	18	21
nodejs-tsc-charter:u0035:s01	5	be	be	AUX	VB	VerbForm=Inf	6	aux:pass	22	24
nodejs-tsc-charter:u0035:s01	6	reached	reach	VERB	VBN	Tense=Past|VerbForm=Part|Voice=Pass	13	advcl	25	32
nodejs-tsc-charter:u0035:s01	7	,	,	PUNCT	,	_	13	punct	32	33
nodejs-tsc-charter:u0035:s01	8	the	the	DET	DT	Definite=Def|PronType=Art	11	det	34	37
nodejs-tsc-charter:u0035:s01	9	TSC	TSC	PROPN	NNP	Number=Sing	11	compound	38	41
nodejs-tsc-charter:u0035:s01	10	voting	voting	NOUN	NN	Number=Sing	11	compound	42	48
nodejs-tsc-charter:u0035:s01	11	members	member	NOUN	NNS	Number=Plur	13	nsubj	49	56
nodejs-tsc-charter:u0035:s01	12	should	should	AUX	MD	VerbForm=Fin	13	aux	57	63
nodejs-tsc-charter:u0035:s01	13	serve	serve	VERB	VB	VerbForm=Inf	0	root	64	69
nodejs-tsc-charter:u0035:s01	14	as	as	ADP	IN	_	17	case	70	72
nodejs-tsc-charter:u0035:s01	15	the	the	DET	DT	Definite=Def|PronType=Art	17	det	73	76
nodejs-tsc-charter:u0035:s01	16	final	final	ADJ	JJ	Degree=Pos	17	amod	77	82
nodejs-tsc-charter:u0035:s01	17	arbiter	arbiter	NOUN	NN	Number=Sing	13	obl	83	90
nodejs-tsc-charter:u0035:s01	18	by	by	SCONJ	IN	_	19	mark	91	93
nodejs-tsc-charter:u0035:s01	19	casting	cast	VERB	VBG	VerbForm=Ger	13	advcl	94	101
nodejs-tsc-charter:u0035:s01	20	a	a	DET	DT	Definite=Ind|PronType=Art	21	det	102	103
nodejs-tsc-charter:u0035:s01	21	vote	vote	NOUN	NN	Number=Sing	19	obj	104	108
nodejs-tsc-charter:u0035:s01	22	.	.	PUNCT	.	_	13	punct	108	109
nodejs-tsc-charter:u0035:s02	1	The	the	DET	DT	Definite=Def|PronType=Art	2	det	0	3
nodejs-tsc-charter:u0035:s02	2	TSC	Tsc	NOUN	NN	Number=Sing	4	nsubj	4	7
nodejs-tsc-charter:u0035:s02	3	will	will	AUX	MD	VerbForm=Fin	4	aux	8	12
nodejs-tsc-charter:u0035:s02	4	maintain	maintain	VERB	VB	VerbForm=Inf	0	root	13	21
nodejs-tsc-charter:u0035:s02	5	and	and	CCONJ	CC	_	6	cc	22	25
nodejs-tsc-charter:u0035:s02	6	publish	publish	VERB	VB	VerbForm=Inf	4	conj	26	33
nodejs-tsc-charter:u0035:s02	7	a	a	DET	DT	Definite=Ind|PronType=Art	8	det	34	35
nodejs-tsc-charter:u0035:s02	8	list	list	NOUN	NN	Number=Sing	6	obj	36	40
nodejs-tsc-charter:u0035:s02	9	of	of	ADP	IN	_	11	case	41	43
nodejs-tsc-charter:u0035:s02	10	current	current	ADJ	JJ	Degree=Pos	11	amod	44	51
nodejs-tsc-charter:u0035:s02	11	Collaborators	Collaborator	NOUN	NNS	Number=Plur	8	nmod	52	65
nodejs-tsc-charter:u0035:s02	12	,	,	PUNCT	,	_	4	punct	65	66
nodejs-tsc-charter:u0035:s02	13	as	as	ADV	RB	_	19	cc	67	69
nodejs-tsc-charter:u0035:s02	14	well	well	ADV	RB	Degree=Pos	13	fixed	70	74
nodejs-tsc-charter:u0035:s02	15	as	as	ADP	IN	_	13	fixed	75	77
nodejs-tsc-charter:u0035:s02	16	a	a	DET	DT	Definite=Ind|PronType=Art	19	det	78	79
nodejs-tsc-charter:u0035:s02	17	development	development	NOUN	NN	Number=Sing	18	compound	80	91
nodejs-tsc-charter:u0035:s02	18	process	process	NOUN	NN	Number=Sing	19	compound	92	99
nodejs-tsc-charter:u0035:s02	19	guide	guide	NOUN	NN	Number=Sing	4	conj	100	105
nodejs-tsc-charter:u0035:s02	20	for	for	ADP	IN	_	21	case	106	109
nodejs-tsc-charter:u0035:s02	21	Collaborators	Collaborators	NOUN	NNS	Number=Plur	19	nmod	110	123
nodejs-tsc-charter:u0035:s02	22	and	and	CCONJ	CC	_	23	cc	124	127
nodejs-tsc-charter:u0035:s02	23	Contributors	Contributors	NOUN	NNS	Number=Plur	21	conj	128	140
nodejs-tsc-charter:u0035:s02	24	looking	look	VERB	VBG	VerbForm=Ger	4	acl	141	148
nodejs-tsc-charter:u0035:s02	25	to	to	PART	TO	_	26	mark	149	151
nodejs-tsc-charter:u0035:s02	26	participate	participate	VERB	VB	VerbForm=Inf	24	xcomp	152	163
nodejs-tsc-charter:u0035:s02	27	in	in	ADP	IN	_	30	case	164	166
nodejs-tsc-charter:u0035:s02	28	the	the	DET	DT	Definite=Def|PronType=Art	30	det	167	170
nodejs-tsc-charter:u0035:s02	29	development	development	NOUN	NN	Number=Sing	30	compound	171	182
nodejs-tsc-charter:u0035:s02	30	effort	effort	NOUN	NN	Number=Sing	26	obl	183	189
nodejs-tsc-charter:u0035:s02	31	.	.	PUNCT	.	_	4	punct	189	190
nodejs-tsc-charter:u0036:s00	1	##	##	PUNCT	.	_	2	punct	0	2
nodejs-tsc-charter:u0036:s00	2	Section	section	NOUN	NN	Number=Sing	0	root	3	10
nodejs-tsc-charter:u0036:s00	3	9	9	NUM	CD	NumType=Card	2	nummod	11	12
nodejs-tsc-charter:u0036:s00	4	.	.	PUNCT	.	_	2	punct	12	13
nodejs-tsc-charter:u0036:s01	1	Definitions	definition	NOUN	NNS	Number=Plur	0	root	0	11
nodejs-tsc-charter:u0037:s00	1	*	*	PUNCT	NFP	_	3	punct	0	1
nodejs-tsc-charter:u0037:s00	2	**	**	PUNCT	NFP	_	3	punct	2	4
nodejs-tsc-charter:u0037:s00	3	Contributors	Contributor	NOUN	NNS	Number=Plur	0	root	4	16
nodejs-tsc-charter:u0037:s00	4	**:	**:	PUNCT	.	_	3	punct	16	19
nodejs-tsc-charter:u0037:s00	5	contribute	contribute	NOUN	NN	Number=Sing	6	compound	20	30
nodejs-tsc-charter:u0037:s00	6	code	code	NOUN	NN	Number=Sing	3	conj	31	35
nodejs-tsc-charter:u0037:s00	7	or	or	CCONJ	CC	_	9	cc	36	38
nodejs-tsc-charter:u0037:s00	8	other	other	ADJ	JJ	Degree=Pos	9	amod	39	44
nodejs-tsc-charter:u0037:s00	9	artifacts	artifact	NOUN	NNS	Number=Plur	3	conj	45	54
nodejs-tsc-charter:u0037:s00	10	,	,	PUNCT	,	_	14	punct	54	55
nodejs-tsc-charter:u0037:s00	11	but	but	CCONJ	CC	_	14	cc	56	59
nodejs-tsc-charter:u0037:s00	12	do	do	AUX	VBP	Mood=Ind|Tense=Pres|VerbForm=Fin	14	aux	60	62
nodejs-tsc-charter:u0037:s00	13	not	not	PART	RB	_	14	advmod	63	66
nodejs-tsc-charter:u0037:s00	14	have	have	VERB	VB	VerbForm=Inf	3	conj	67	71
nodejs-tsc-charter:u0037:s00	15	the	the	DET	DT	Definite=Def|PronType=Art	16	det	72	75
nodejs-tsc-charter:u0037:s00	16	right	right	NOUN	NN	Number=Sing	14	obj	76	81
nodejs-tsc-charter:u0037:s00	17	to	to	PART	TO	_	18	mark	82	84
nodejs-tsc-charter:u0037:s00	18	commit	commit	VERB	VB	VerbForm=Inf	16	acl	85	91
nodejs-tsc-charter:u0037:s00	19	to	to	ADP	IN	_	22	case	92	94
nodejs-tsc-charter:u0037:s00	20	the	the	DET	DT	Definite=Def|PronType=Art	22	det	95	98
nodejs-tsc-charter:u0037:s00	21	code	code	NOUN	NN	Number=Sing	22	compound	99	103
nodejs-tsc-charter:u0037:s00	22	base	base	NOUN	NN	Number=Sing	18	obl	104	108
nodejs-tsc-charter:u0037:s00	23	.	.	PUNCT	.	_	3	punct	108	109
nodejs-tsc-charter:u0037:s01	1	Contributors	Contributor	NOUN	NNS	Number=Plur	2	nsubj	0	12
nodejs-tsc-charter:u0037:s01	2	work	work	VERB	VBP	Mood=Ind|Tense=Pres|VerbForm=Fin	0	root	13	17
nodejs-tsc-charter:u0037:s01	3	with	with	ADP	IN	_	7	case	18	22
nodejs-tsc-charter:u0037:s01	4	the	the	DET	DT	Definite=Def|PronType=Art	5	det	23	26
nodejs-tsc-charter:u0037:s01	5	project	project	NOUN	NN	Number=Sing	7	nmod:poss	27	34
nodejs-tsc-charter:u0037:s01	6	’s	's	PART	POS	_	5	case	34	36
nodejs-tsc-charter:u0037:s01	7	Collaborators	Collaborator	NOUN	NNS	Number=Plur	2	obl	37	50
nodejs-tsc-charter:u0037:s01	8	to	to	PART	TO	_	9	mark	51	53
nodejs-tsc-charter:u0037:s01	9	have	have	VERB	VB	VerbForm=Inf	2	advcl	54	58
nodejs-tsc-charter:u0037:s01	10	code	code	NOUN	NN	Number=Sing	9	obj	59	63
nodejs-tsc-charter:u0037:s01	11	committed	committed	VERB	VBN	Tense=Past|VerbForm=Part	10	acl	64	73
nodejs-tsc-charter:u0037:s01	12	to	to	ADP	IN	_	15	case	74	76
nodejs-tsc-charter:u0037:s01	13	the	the	DET	DT	Definite=Def|PronType=Art	15	det	77	80
nodejs-tsc-charter:u0037:s01	14	code	code	NOUN	NN	Number=Sing	15	compound	81	85
nodejs-tsc-charter:u0037:s01	15	base	base	NOUN	NN	Number=Sing	11	obl	86	90
nodejs-tsc-charter:u0037:s01	16	.	.	PUNCT	.	_	2	punct	90	91
nodejs-tsc-charter:u0037:s02	1	A	a	DET	DT	Definite=Ind|PronType=Art	2	det	0	1
nodejs-tsc-charter:u0037:s02	2	Contributor	contributor	NOUN	NN	Number=Sing	5	nsubj:pass	2	13
nodejs-tsc-charter:u0037:s02	3	may	may	AUX	MD	VerbForm=Fin	5	aux	14	17
nodejs-tsc-charter:u0037:s02	4	be	be	AUX	VB	VerbForm=Inf	5	aux:pass	18	20
nodejs-tsc-charter:u0037:s02	5	promoted	promote	VERB	VBN	Tense=Past|VerbForm=Part|Voice=Pass	0	root	21	29
nodejs-tsc-charter:u0037:s02	6	to	to	ADP	IN	_	8	case	30	32
nodejs-tsc-charter:u0037:s02	7	a	a	DET	DT	Definite=Ind|PronType=Art	8	det	33	34
nodejs-tsc-charter:u0037:s02	8	Collaborator	Collaborator	NOUN	NN	Number=Sing	5	obl	35	47
nodejs-tsc-charter:u0037:s02	9	by	by	ADP	IN	_	11	case	48	50
nodejs-tsc-charter:u0037:s02	10	the	the	DET	DT	Definite=Def|PronType=Art	11	det	51	54
nodejs-tsc-charter:u0037:s02	11	TSC	Tsc	NOUN	NN	Number=Sing	8	nmod	55	58
nodejs-tsc-charter:u0037:s02	12	.	.	PUNCT	.	_	5	punct	58	59
nodejs-tsc-charter:u0037:s03	1	Contributors	Contributor	NOUN	NNS	Number=Plur	5	nsubj:pass	0	12
nodejs-tsc-charter:u0037:s03	2	should	should	AUX	MD	VerbForm=Fin	5	aux	13	19
nodejs-tsc-charter:u0037:s03	3	rarely	rarely	ADV	RB	_	5	advmod	20	26
nodejs-tsc-charter:u0037:s03	4	be	be	AUX	VB	VerbForm=Inf	5	aux:pass	27	29
nodejs-tsc-charter:u0037:s03	5	encumbered	encumber	VERB	VBN	Tense=Past|VerbForm=Part|Voice=Pass	0	root	30	40
nodejs-tsc-charter:u0037:s03	6	by	by	ADP	IN	_	8	case	41	43
nodejs-tsc-charter:u0037:s03	7	the	the	DET	DT	Definite=Def|PronType=Art	8	det	44	47
nodejs-tsc-charter:u0037:s03	8	TSC	Tsc	PROPN	NNPS	Number=Plur	5	obl	48	51
nodejs-tsc-charter:u0037:s03	9	and	and	CCONJ	CC	_	17	cc	52	55
nodejs-tsc-charter:u0037:s03	10	never	never	ADV	RB	_	17	advmod	56	61
nodejs-tsc-charter:u0037:s03	11	by	by	ADP	IN	_	17	case	62	64
nodejs-tsc-charter:u0037:s03	12	the	the	DET	DT	Definite=Def|PronType=Art	17	det	65	68
nodejs-tsc-charter:u0037:s03	13	CPC	CPC	PROPN	NNP	Number=Sing	16	compound	69	72
nodejs-tsc-charter:u0037:s03	14	or	or	CCONJ	CC	_	15	cc	73	75
nodejs-tsc-charter:u0037:s03	15	OpenJS	OpenJS	PROPN	NNP	Number=Sing	13	conj	76	82
nodejs-tsc-charter:u0037:s03	16	Foundation	foundation	PROPN	NNP	Number=Sing	17	compound	83	93
nodejs-tsc-charter:u0037:s03	17	Board	Board	PROPN	NNP	Number=Sing	8	conj	94	99
nodejs-tsc-charter:u0037:s03	18	.	.	PUNCT	.	_	5	punct	99	100
nodejs-tsc-charter:u0038:s00	1	*	*	PUNCT	NFP	_	3	punct	0	1
nodejs-tsc-charter:u0038:s00	2	**	**	PUNCT	NFP	_	3	punct	2	4
nodejs-tsc-charter:u0038:s00	3	Project	project	NOUN	NN	Number=Sing	0	root	4	11
nodejs-tsc-charter:u0038:s00	4	**:	**:	PUNCT	.	_	3	punct	11	14
nodejs-tsc-charter:u0038:s00	5	a	a	DET	DT	Definite=Ind|PronType=Art	8	det	15	16
nodejs-tsc-charter:u0038:s00	6	technical	technical	ADJ	JJ	Degree=Pos	8	amod	17	26
nodejs-tsc-charter:u0038:s00	7	collaboration	collaboration	NOUN	NN	Number=Sing	8	compound	27	40
nodejs-tsc-charter:u0038:s00	8	effort	effort	NOUN	NN	Number=Sing	3	appos	41	47
nodejs-tsc-charter:u0038:s00	9	,	,	PUNCT	,	_	8	punct	47	48
nodejs-tsc-charter:u0038:s00	10	e.g.	e.g.	X	FW	_	12	case	49	53
nodejs-tsc-charter:u0038:s00	11	a	a	DET	DT	Definite=Ind|PronType=Art	12	det	54	55
nodejs-tsc-charter:u0038:s00	12	subsystem	subsystem	NOUN	NN	Number=Sing	8	nmod	56	65
nodejs-tsc-charter:u0038:s00	13	,	,	PUNCT	,	_	8	punct	65	66
nodejs-tsc-charter:u0038:s00	14	that	that	PRON	DT	Number=Sing|PronType=Dem	16	nsubj:pass	67	71
nodejs-tsc-charter:u0038:s00	15	is	be	AUX	VBZ	Mood=Ind|Number=Sing|Person=3|Tense=Pres|VerbForm=Fin	16	aux:pass	72	74
nodejs-tsc-charter:u0038:s00	16	organized	organize	VERB	VBN	Tense=Past|VerbForm=Part|Voice=Pass	8	parataxis	75	84
nodejs-tsc-charter:u0038:s00	17	through	through	ADP	IN	_	21	case	85	92
nodejs-tsc-charter:u0038:s00	18	the	the	DET	DT	Definite=Def|PronType=Art	21	det	93	96
nodejs-tsc-charter:u0038:s00	19	project	project	NOUN	NN	Number=Sing	21	compound	97	104
nodejs-tsc-charter:u0038:s00	20	creation	creation	NOUN	NN	Number=Sing	21	compound	105	113
nodejs-tsc-charter:u0038:s00	21	process	process	NOUN	NN	Number=Sing	16	obl	114	121
nodejs-tsc-charter:u0038:s00	22	and	and	CCONJ	CC	_	23	cc	122	125
nodejs-tsc-charter:u0038:s00	23	approved	approve	VERB	VBN	Tense=Past|VerbForm=Part	21	conj	126	134
nodejs-tsc-charter:u0038:s00	24	by	by	ADP	IN	_	26	case	135	137
nodejs-tsc-charter:u0038:s00	25	the	the	DET	DT	Definite=Def|PronType=Art	26	det	138	141
nodejs-tsc-charter:u0038:s00	26	TSC	Tsc	NOUN	NN	Number=Sing	23	obl	142	145
nodejs-tsc-charter:u0038:s00	27	.	.	PUNCT	.	_	8	punct	145	146
nodejs-tsc-charter:u0039:s00	1	[	[	PUNCT	-LRB-	_	2	punct	0	1
nodejs-tsc-charter:u0039:s00	2	Condorcet	Condorcet	PROPN	NNP	Number=Sing	0	root	1	10
nodejs-tsc-charter:u0039:s00	3	]	]	PUNCT	-RRB-	_	2	punct	10	11
nodejs-tsc-charter:u0039:s00	4	:	:	PUNCT	:	_	2	punct	11	12
nodejs-tsc-charter:u0039:s00	5	https://en.wikipedia.org/wiki/Condorcet_method	https://en.wikipedia.org/wiki/Condorcet_method	INTJ	UH	_	2	discourse	13	59
nodejs-tsc-charter:u0039:s01	1	[	[	PUNCT	-LRB-	_	3	punct	0	1
nodejs-tsc-charter:u0039:s01	2	Consensus	consensus	ADJ	JJ	Degree=Pos|Typo=Yes	3	amod	1	10
nodejs-tsc-charter:u0039:s01	3	Seeking	seeking	NOUN	NN	Number=Sing	0	root	11	18
nodejs-tsc-charter:u0039:s01	4	]	]	PUNCT	-RRB-	_	3	punct	18	19
nodejs-tsc-charter:u0039:s01	5	:	:	PUNCT	:	_	3	punct	19	20
nodejs-tsc-charter:u0039:s01	6	https://en.wikipedia.org/wiki/Consensus-seeking_decision-making	https://en.wikipedia.org/wiki/Consensus-seeking_decision-mak	VERB	VBG	VerbForm=Ger	3	acl	21	84
nodejs-tsc-charter:u0039:s02	1	[	[	PUNCT	-LRB-	_	4	punct	0	1
nodejs-tsc-charter:u0039:s02	2	Single	single	ADJ	JJ	Degree=Pos	4	amod	1	7
nodejs-tsc-charter:u0039:s02	3	Transferable	transferable	ADJ	JJ	Degree=Pos	4	amod	8	20
nodejs-tsc-charter:u0039:s02	4	Vote	vote	NOUN	NN	Number=Sing	0	root	21	25
nodejs-tsc-charter:u0039:s02	5	]	]	PUNCT	-RRB-	_	4	punct	25	26
nodejs-tsc-charter:u0039:s02	6	:	:	PUNCT	:	_	4	punct	26	27
nodejs-tsc-charter:u0039:s02	7	https://en.wikipedia.org/wiki/Single_transferable_vote	https://en.wikipedia.org/wiki/Single_transferable_vote	X	ADD	_	4	appos	28	82
