sentence_id	id	form	lemma	upos	xpos	feats	head	deprel	start	end
tsc-2023-11-08:u0000:s00	1	#	#	SYM	NN	Number=Sing	2	compound	0	1
tsc-2023-11-08:u0000:s00	2	Node.js	Node.js	PROPN	NNP	Number=Sing	5	compound	2	9
tsc-2023-11-08:u0000:s00	3	Technical	technical	PROPN	NNP	Number=Sing	5	compound	10	19
tsc-2023-11-08:u0000:s00	4	Steering	steering	PROPN	NNP	Number=Sing	5	compound	20	28
tsc-2023-11-08:u0000:s00	5	Committee	committee	PROPN	NNP	Number=Sing	0	root	29	38
tsc-2023-11-08:u0000:s00	6	(	(	PUNCT	-LRB-	_	7	punct	39	40
tsc-2023-11-08:u0000:s00	7	TSC	TSC	PROPN	NNP	Number=Sing	5	appos	40	43
tsc-2023-11-08:u0000:s00	8	)	)	PUNCT	-RRB-	_	7	punct	43	44
tsc-2023-11-08:u0000:s01	1	Meeting	meeting	NOUN	NN	Number=Sing	0	root	0	7
tsc-2023-11-08:u0000:s01	2	2023	2023	NUM	CD	NumType=Card	1	nummod	8	12
tsc-2023-11-08:u0000:s01	3	-	-	SYM	SYM	_	1	punct	12	13
tsc-2023-11-08:u0000:s01	4	11	11	NUM	CD	NumType=Card	6	advmod	13	15
tsc-2023-11-08:u0000:s01	5	-	-	SYM	SYM	_	6	punct	15	16
tsc-2023-11-08:u0000:s01	6	08	08	NUM	CD	NumType=Card	1	parataxis	16	18
tsc-2023-11-08:u0001:s00	1	##	##	PUNCT	.	_	0	root	0	2
tsc-2023-11-08:u0001:s01	1	Links	link	NOUN	NNS	Number=Plur	0	root	0	5
tsc-2023-11-08:u0002:s00	1	*	*	PUNCT	NFP	_	0	root	0	1
tsc-2023-11-08:u0002:s01	1	**	**	PUNCT	NFP	_	2	punct	0	2
tsc-2023-11-08:u0002:s01	2	Recording	record	NOUN	NN	Number=Sing	0	root	2	11
tsc-2023-11-08:u0002:s01	3	**:	**:	PUNCT	.	_	2	punct	11	14
tsc-2023-11-08:u0002:s02	1	<	<	PUNCT	-LRB-	_	3	punct	0	1
tsc-2023-11-08:u0002:s02	2	Not	not	ADV	RB	_	3	advmod	1	4
tsc-2023-11-08:u0002:s02	3	available	available	ADJ	JJ	Degree=Pos	0	root	5	14
tsc-2023-11-08:u0002:s02	4	,	,	PUNCT	,	_	7	punct	14	15
tsc-2023-11-08:u0002:s02	5	did	do	AUX	VBD	Mood=Ind|Tense=Past|VerbForm=Fin	7	aux	16	19
tsc-2023-11-08:u0002:s02	6	not	not	PART	RB	_	7	advmod	20	23
tsc-2023-11-08:u0002:s02	7	stream	stream	VERB	VB	VerbForm=Inf	3	conj	24	30
tsc-2023-11-08:u0002:s02	8	>	>	PUNCT	-RRB-	_	12	punct	30	31
tsc-2023-11-08:u0002:s02	9	*	*	PUNCT	NFP	_	12	punct	32	33
tsc-2023-11-08:u0002:s02	10	**	**	PUNCT	NFP	_	12	punct	34	36
tsc-2023-11-08:u0002:s02	11	GitHub	GitHub	PROPN	NNP	Number=Sing	12	compound	36	42
tsc-2023-11-08:u0002:s02	12	Issue	issue	PROPN	NNP	Number=Sing	7	obj	43	48
tsc-2023-11-08:u0002:s02	13	**	**	PUNCT	NFP	_	12	punct	48	50
tsc-2023-11-08:u0002:s02	14	:	:	PUNCT	:	_	12	punct	50	51
tsc-2023-11-08:u0002:s02	15	<	<	PUNCT	-LRB-	_	12	punct	52	53
tsc-2023-11-08:u0002:s02	16	https://github.com/nodejs/TSC/issues/1468	https://github.com/nodejs/TSC/issues/1468	X	LS	_	12	appos	53	94
tsc-2023-11-08:u0002:s02	17	>	>	PUNCT	-RRB-	_	12	punct	94	95
tsc-2023-11-08:u0003:s00	1	##	##	PUNCT	.	_	0	root	0	2
tsc-2023-11-08:u0003:s01	1	Present	present	PROPN	NNP	Number=Sing	0	root	0	7
tsc-2023-11-08:u0004:s00	1	*	*	PUNCT	NFP	_	2	punct	0	1
tsc-2023-11-08:u0004:s00	2	Antoine	Antoine	X	GW	_	5	goeswith	2	9
tsc-2023-11-08:u0004:s00	3	du	do	X	GW	_	5	goeswith	10	12
tsc-2023-11-08:u0004:s00	4	Hamel	Hamel	X	GW	_	5	goeswith	13	18
tsc-2023-11-08:u0004:s00	5	@aduh95	@aduh95	NOUN	NN	Number=Sing	48	compound	19	26
tsc-2023-11-08:u0004:s00	6	(	(	PUNCT	-LRB-	_	5	punct	27	28
tsc-2023-11-08:u0004:s00	7	voting	voting	NOUN	NN	Number=Sing	8	compound	28	34
tsc-2023-11-08:u0004:s00	8	member	member	NOUN	NN	Number=Sing	5	appos	35	41
tsc-2023-11-08:u0004:s00	9	)	)	PUNCT	-RRB-	_	8	punct	41	42
tsc-2023-11-08:u0004:s00	10	*	*	PUNCT	NFP	_	5	punct	43	44
tsc-2023-11-08:u0004:s00	11	Gireesh	Gireesh	PROPN	NNP	Number=Sing	13	compound	45	52
tsc-2023-11-08:u0004:s00	12	Punathil	Punathil	PROPN	NNP	Number=Sing	11	flat	53	61
tsc-2023-11-08:u0004:s00	13	@gireeshpunathil	@gireeshpunathil	NOUN	NN	Number=Sing	5	conj	62	78
tsc-2023-11-08:u0004:s00	14	(	(	PUNCT	-LRB-	_	5	punct	79	80
tsc-2023-11-08:u0004:s00	15	voting	voting	NOUN	NN	Number=Sing	16	compound	80	86
tsc-2023-11-08:u0004:s00	16	member	member	NOUN	NN	Number=Sing	5	appos	87	93
tsc-2023-11-08:u0004:s00	17	)	)	PUNCT	-RRB-	_	16	punct	93	94
tsc-2023-11-08:u0004:s00	18	*	*	PUNCT	NFP	_	5	punct	95	96
tsc-2023-11-08:u0004:s00	19	Moshe	Moshe	PRON	PRP	Case=Nom|Gender=Masc|Number=Sing|Person=3|PronType=Prs	5	conj	97	102
tsc-2023-11-08:u0004:s00	20	Atlow	Atlow	PROPN	NNP	Number=Sing	40	compound	103	108
tsc-2023-11-08:u0004:s00	21	@	@	ADP	IN	_	23	case	109	110
tsc-2023-11-08:u0004:s00	22	Mo	mo	PROPN	NNP	Number=Sing	23	compound	110	112
tsc-2023-11-08:u0004:s00	23	Low	low	PROPN	NNP	Number=Sing	20	nmod	112	115
tsc-2023-11-08:u0004:s00	24	(	(	PUNCT	-LRB-	_	26	punct	116	117
tsc-2023-11-08:u0004:s00	25	voting	voting	NOUN	NN	Number=Sing	26	compound	117	123
tsc-2023-11-08:u0004:s00	26	member	member	NOUN	NN	Number=Sing	23	appos	124	130
tsc-2023-11-08:u0004:s00	27	)	)	PUNCT	-RRB-	_	26	punct	130	131
tsc-2023-11-08:u0004:s00	28	*	*	PUNCT	NFP	_	30	punct	132	133
tsc-2023-11-08:u0004:s00	29	Darshan	Darshan	PROPN	NNP	Number=Sing	30	compound	134	141
tsc-2023-11-08:u0004:s00	30	Sen	Sen	PROPN	NNP	Number=Sing	23	appos	142	145
tsc-2023-11-08:u0004:s00	31	@	@	ADP	IN	_	35	case	146	147
tsc-2023-11-08:u0004:s00	32	RaisinTen	RaisinTen	PROPN	NNP	Number=Sing	35	compound	147	156
tsc-2023-11-08:u0004:s00	33	(	(	PUNCT	-LRB-	_	35	punct	157	158
tsc-2023-11-08:u0004:s00	34	voting	voting	NOUN	NN	Number=Sing	35	compound	158	164
tsc-2023-11-08:u0004:s00	35	member	member	NOUN	NN	Number=Sing	20	nmod	165	171
tsc-2023-11-08:u0004:s00	36	)	)	PUNCT	-RRB-	_	35	punct	171	172
tsc-2023-11-08:u0004:s00	37	*	*	PUNCT	NFP	_	35	punct	173	174
tsc-2023-11-08:u0004:s00	38	Richard	Richard	PROPN	NNP	Number=Sing	20	appos	175	182
tsc-2023-11-08:u0004:s00	39	Lau	Lau	PROPN	NNP	Number=Sing	38	flat	183	186
tsc-2023-11-08:u0004:s00	40	@richardlau	@richardlau	NOUN	NN	Number=Sing	45	compound	187	198
tsc-2023-11-08:u0004:s00	41	(	(	PUNCT	-LRB-	_	43	punct	199	200
tsc-2023-11-08:u0004:s00	42	voting	voting	NOUN	NN	Number=Sing	43	compound	200	206
tsc-2023-11-08:u0004:s00	43	member	member	NOUN	NN	Number=Sing	40	appos	207	213
tsc-2023-11-08:u0004:s00	44	)	)	PUNCT	-RRB-	_	43	punct	213	214
tsc-2023-11-08:u0004:s00	45	*	*	PUNCT	NFP	_	19	punct	215	216
tsc-2023-11-08:u0004:s00	46	Robert	Robert	PROPN	NNP	Number=Sing	5	conj	217	223
tsc-2023-11-08:u0004:s00	47	Nagy	Nagy	PROPN	NNP	Number=Sing	46	flat	224	228
tsc-2023-11-08:u0004:s00	48	@ronag	@ronag	NOUN	NN	Number=Sing	0	root	229	235
tsc-2023-11-08:u0004:s00	49	(	(	PUNCT	-LRB-	_	51	punct	236	237
tsc-2023-11-08:u0004:s00	50	voting	voting	NOUN	NN	Number=Sing	51	compound	237	243
tsc-2023-11-08:u0004:s00	51	member	member	NOUN	NN	Number=Sing	48	appos	244	250
tsc-2023-11-08:u0004:s00	52	)	)	PUNCT	-RRB-	_	51	punct	250	251
tsc-2023-11-08:u0005:s00	1	##	##	PUNCT	.	_	0	root	0	2
tsc-2023-11-08:u0005:s01	1	Agenda	agenda	PROPN	NNP	Number=Sing	0	root	0	6
tsc-2023-11-08:u0006:s00	1	###	###	SYM	NFP	_	0	root	0	3
tsc-2023-11-08:u0006:s01	1	Announcements	Announcement	NOUN	NNS	Number=Plur	0	root	0	13
tsc-2023-11-08:u0007:s00	1	###	###	SYM	NFP	_	6	punct	0	3
tsc-2023-11-08:u0007:s00	2	CPC	CPC	PROPN	NNP	Number=Sing	6	compound	4	7
tsc-2023-11-08:u0007:s00	3	and	and	CCONJ	CC	_	4	cc	8	11
tsc-2023-11-08:u0007:s00	4	Board	board	PROPN	NNP	Number=Sing	2	conj	12	17
tsc-2023-11-08:u0007:s00	5	Meeting	meeting	PROPN	NNP	Number=Sing	6	compound	18	25
tsc-2023-11-08:u0007:s00	6	Updates	updates	PROPN	NNP	Number=Sing	0	root	26	33
tsc-2023-11-08:u0008:s00	1	*	*	PUNCT	NFP	_	2	punct	0	1
tsc-2023-11-08:u0008:s00	2	Extracted	Extract	VERB	VBN	Tense=Past|VerbForm=Part	9	amod	1	10
tsc-2023-11-08:u0008:s00	3	from	from	ADP	IN	_	6	case	11	15
tsc-2023-11-08:u0008:s00	4	**tsc	**tsc	NOUN	NN	Number=Sing	6	compound	16	21
tsc-2023-11-08:u0008:s00	5	-	-	PUNCT	HYPH	_	6	punct	21	22
tsc-2023-11-08:u0008:s00	6	agenda	agenda	NOUN	NN	Number=Sing	2	obl	22	28
tsc-2023-11-08:u0008:s00	7	**	**	PUNCT	NFP	_	2	punct	28	30
tsc-2023-11-08:u0008:s00	8	labeled	label	VERB	VBN	Tense=Past|VerbForm=Part	9	amod	31	38
tsc-2023-11-08:u0008:s00	9	issues	issue	NOUN	NNS	Number=Plur	0	root	39	45
tsc-2023-11-08:u0008:s00	10	and	and	CCONJ	CC	_	12	cc	46	49
tsc-2023-11-08:u0008:s00	11	pull	pull	NOUN	NN	Number=Sing	12	compound	50	54
tsc-2023-11-08:u0008:s00	12	requests	request	NOUN	NNS	Number=Plur	9	conj	55	63
tsc-2023-11-08:u0008:s00	13	from	from	ADP	IN	_	16	case	64	68
tsc-2023-11-08:u0008:s00	14	the	the	DET	DT	Definite=Def|PronType=Art	16	det	69	72
tsc-2023-11-08:u0008:s00	15	**	**	PUNCT	NFP	_	16	punct	73	75
tsc-2023-11-08:u0008:s00	16	nodejs	nodej	NOUN	NNS	Number=Plur	12	nmod	75	81
tsc-2023-11-08:u0008:s00	17	org	org	ADJ	JJ	Degree=Pos	16	amod	82	85
tsc-2023-11-08:u0008:s00	18	**	**	PUNCT	NFP	_	9	punct	85	87
tsc-2023-11-08:u0008:s00	19	prior	prior	ADJ	JJ	Degree=Pos	22	case	88	93
tsc-2023-11-08:u0008:s00	20	to	to	ADP	IN	_	19	fixed	94	96
tsc-2023-11-08:u0008:s00	21	the	the	DET	DT	Definite=Def|PronType=Art	22	det	97	100
tsc-2023-11-08:u0008:s00	22	meeting	meeting	NOUN	NN	Number=Sing	9	nmod	101	108
tsc-2023-11-08:u0008:s00	23	.	.	PUNCT	.	_	9	punct	108	109
tsc-2023-11-08:u0009:s00	1	###	###	SYM	NFP	_	0	root	0	3
tsc-2023-11-08:u0009:s00	2	nodejs	nodej	NOUN	NNS	Number=Plur	1	compound	4	10
tsc-2023-11-08:u0009:s00	3	/	/	PUNCT	,	_	4	cc	10	11
tsc-2023-11-08:u0009:s00	4	node	node	NOUN	NN	Number=Sing	2	conj	11	15
tsc-2023-11-08:u0010:s00	1	*	*	PUNCT	NFP	_	2	punct	0	1
tsc-2023-11-08:u0010:s00	2	doc	doc	NOUN	NN	Number=Sing	0	root	2	5
tsc-2023-11-08:u0010:s00	3	:	:	PUNCT	:	_	2	punct	5	6
tsc-2023-11-08:u0010:s00	4	move	move	VERB	VB	Mood=Imp|VerbForm=Fin	2	parataxis	7	11
tsc-2023-11-08:u0010:s00	5	deprecated	deprecate	VERB	VBN	Tense=Past|VerbForm=Part	6	amod	12	22
tsc-2023-11-08:u0010:s00	6	utils	util	NOUN	NNS	Number=Plur	4	obj	23	28
tsc-2023-11-08:u0010:s00	7	to	to	PART	TO	_	8	mark	29	31
tsc-2023-11-08:u0010:s00	8	runtime	runtime	VERB	VB	VerbForm=Inf	4	xcomp	32	39
tsc-2023-11-08:u0010:s00	9	deprecation	deprecation	NOUN	NN	Number=Sing	17	compound	40	51
tsc-2023-11-08:u0010:s00	10	[	[	PUNCT	-LRB-	_	11	punct	52	53
tsc-2023-11-08:u0010:s00	11	#50488	#50488	NUM	CD	NumType=Card	9	appos	53	59
tsc-2023-11-08:u0010:s00	12	]	]	PUNCT	-RRB-	_	11	punct	59	60
tsc-2023-11-08:u0010:s00	13	(	(	PUNCT	-LRB-	_	14	punct	60	61
tsc-2023-11-08:u0010:s00	14	https://github.com/nodejs/node/pull/50488	https://github.com/nodejs/node/pull/50488	X	LS	_	11	appos	61	102
tsc-2023-11-08:u0010:s00	15	)	)	PUNCT	-RRB-	_	14	punct	102	103
tsc-2023-11-08:u0010:s00	16	*	*	PUNCT	NFP	_	17	punct	104	105
tsc-2023-11-08:u0010:s00	17	darshan	darshan	NOUN	NN	Number=Sing	8	obj	106	113
tsc-2023-11-08:u0010:s00	18	:	:	PUNCT	:	_	2	punct	113	114
tsc-2023-11-08:u0010:s01	1	It	it	PRON	PRP	Case=Nom|Gender=Neut|Number=Sing|Person=3|PronType=Prs	4	nsubj	0	2
tsc-2023-11-08:u0010:s01	2	’s	be	AUX	VBZ	Mood=Ind|Number=Sing|Person=3|Tense=Pres|VerbForm=Fin	4	aux	2	4
tsc-2023-11-08:u0010:s01	3	not	not	PART	RB	_	4	advmod	5	8
tsc-2023-11-08:u0010:s01	4	causing	cause	VERB	VBG	VerbForm=Ger	0	root	9	16
tsc-2023-11-08:u0010:s01	5	any	any	DET	DT	_	8	det	17	20
tsc-2023-11-08:u0010:s01	6	maintenance	maintenance	NOUN	NN	Number=Sing	7	compound	21	32
tsc-2023-11-08:u0010:s01	7	burdens	burden	NOUN	NNS	Number=Plur	8	compound	33	40
tsc-2023-11-08:u0010:s01	8	AFAIK	Afaik	PROPN	NNP	Number=Sing	4	obj	41	46
tsc-2023-11-08:u0010:s01	9	,	,	PUNCT	,	_	4	punct	46	47
tsc-2023-11-08:u0010:s01	10	so	so	ADV	RB	_	14	advmod	48	50
tsc-2023-11-08:u0010:s01	11	it	it	PRON	PRP	Case=Nom|Gender=Neut|Number=Sing|Person=3|PronType=Prs	14	expl	51	53
tsc-2023-11-08:u0010:s01	12	should	should	AUX	MD	VerbForm=Fin	14	aux	54	60
tsc-2023-11-08:u0010:s01	13	be	be	AUX	VB	VerbForm=Inf	14	cop	61	63
tsc-2023-11-08:u0010:s01	14	alright	alright	ADJ	JJ	Degree=Pos	4	parataxis	64	71
tsc-2023-11-08:u0010:s01	15	to	to	PART	TO	_	16	mark	72	74
tsc-2023-11-08:u0010:s01	16	keep	keep	VERB	VB	VerbForm=Inf	14	advcl	75	79
tsc-2023-11-08:u0010:s01	17	around	around	ADV	RB	_	16	advmod	80	86
tsc-2023-11-08:u0010:s01	18	so	so	ADV	RB	_	16	advmod	87	89
tsc-2023-11-08:u0010:s01	19	that	that	SCONJ	IN	_	23	mark	90	94
tsc-2023-11-08:u0010:s01	20	we	we	PRON	PRP	Case=Nom|Number=Plur|Person=1|PronType=Prs	23	nsubj	95	97
tsc-2023-11-08:u0010:s01	21	do	do	AUX	VBP	Mood=Ind|Tense=Pres|VerbForm=Fin	23	aux	98	100
tsc-2023-11-08:u0010:s01	22	n’t	not	PART	RB	_	23	advmod	100	103
tsc-2023-11-08:u0010:s01	23	risk	risk	VERB	VB	VerbForm=Inf	16	ccomp	104	108
tsc-2023-11-08:u0010:s01	24	breaking	break	VERB	VBG	VerbForm=Ger	23	xcomp	109	117
tsc-2023-11-08:u0010:s01	25	any	any	DET	DT	_	27	det	118	121
tsc-2023-11-08:u0010:s01	26	userland	userland	NOUN	NN	Number=Sing	27	compound	122	130
tsc-2023-11-08:u0010:s01	27	code	code	NOUN	NN	Number=Sing	24	obj	131	135
tsc-2023-11-08:u0010:s01	28	*	*	PUNCT	NFP	_	4	punct	136	137
tsc-2023-11-08:u0010:s01	29	ask	ask	VERB	VB	Mood=Imp|VerbForm=Fin	4	parataxis	138	141
tsc-2023-11-08:u0010:s01	30	ronag	ronag	NOUN	NN	Number=Sing	29	obj	142	147
tsc-2023-11-08:u0010:s01	31	to	to	PART	TO	_	32	mark	148	150
tsc-2023-11-08:u0010:s01	32	elaborate	elaborate	VERB	VB	VerbForm=Inf	29	xcomp	151	160
tsc-2023-11-08:u0010:s01	33	on	on	ADP	IN	_	35	case	161	163
tsc-2023-11-08:u0010:s01	34	the	the	DET	DT	Definite=Def|PronType=Art	35	det	164	167
tsc-2023-11-08:u0010:s01	35	objection	objection	NOUN	NN	Number=Sing	32	obl	168	177
tsc-2023-11-08:u0010:s01	36	in	in	ADP	IN	_	39	case	178	180
tsc-2023-11-08:u0010:s01	37	the	the	DET	DT	Definite=Def|PronType=Art	39	det	181	184
tsc-2023-11-08:u0010:s01	38	next	next	ADJ	JJ	Degree=Pos	39	amod	185	189
tsc-2023-11-08:u0010:s01	39	sitting	sitting	NOUN	NN	Number=Sing	54	compound	190	197
tsc-2023-11-08:u0010:s01	40	(	(	PUNCT	-LRB-	_	41	punct	197	198
tsc-2023-11-08:u0010:s01	41	ronag	ronag	NOUN	NN	Number=Sing	47	nsubj	198	203
tsc-2023-11-08:u0010:s01	42	was	be	AUX	VBD	Mood=Ind|Number=Sing|Person=3|Tense=Past|VerbForm=Fin	47	cop	204	207
tsc-2023-11-08:u0010:s01	43	not	not	PART	RB	_	47	advmod	208	211
tsc-2023-11-08:u0010:s01	44	in	in	ADP	IN	_	47	case	212	214
tsc-2023-11-08:u0010:s01	45	at	at	ADP	IN	_	47	case	215	217
tsc-2023-11-08:u0010:s01	46	the	the	DET	DT	Definite=Def|PronType=Art	47	det	218	221
tsc-2023-11-08:u0010:s01	47	time	time	NOUN	NN	Number=Sing	39	parataxis	222	226
tsc-2023-11-08:u0010:s01	48	this	this	PRON	DT	Number=Sing|PronType=Dem	50	nsubj:pass	227	231
tsc-2023-11-08:u0010:s01	49	was	be	AUX	VBD	Mood=Ind|Number=Sing|Person=3|Tense=Past|VerbForm=Fin	50	aux:pass	232	235
tsc-2023-11-08:u0010:s01	50	taken	take	VERB	VBN	Tense=Past|VerbForm=Part	47	acl:relcl	236	241
tsc-2023-11-08:u0010:s01	51	up	up	ADP	RP	_	50	compound:prt	242	244
tsc-2023-11-08:u0010:s01	52	)	)	PUNCT	-RRB-	_	47	punct	244	245
tsc-2023-11-08:u0010:s01	53	*	*	PUNCT	NFP	_	39	punct	246	247
tsc-2023-11-08:u0010:s01	54	lib	lib	NOUN	NN	Number=Sing	71	conj	248	251
tsc-2023-11-08:u0010:s01	55	:	:	PUNCT	:	_	54	punct	251	252
tsc-2023-11-08:u0010:s01	56	hide	hide	NOUN	NN	Number=Sing	58	compound	253	257
tsc-2023-11-08:u0010:s01	57	`	`	PUNCT	``	_	58	punct	258	259
tsc-2023-11-08:u0010:s01	58	navigator	navigator	NOUN	NN	Number=Sing	54	appos	259	268
tsc-2023-11-08:u0010:s01	59	`	`	PUNCT	``	_	54	punct	268	269
tsc-2023-11-08:u0010:s01	60	behind	behind	ADP	IN	_	64	case	270	276
tsc-2023-11-08:u0010:s01	61	a	a	DET	DT	Definite=Ind|PronType=Art	64	det	277	278
tsc-2023-11-08:u0010:s01	62	flag	flag	NOUN	NN	Number=Sing	64	compound	279	283
tsc-2023-11-08:u0010:s01	63	[	[	PUNCT	-LRB-	_	64	punct	284	285
tsc-2023-11-08:u0010:s01	64	#50412	#50412	NOUN	NN	Number=Sing	54	nmod	285	291
tsc-2023-11-08:u0010:s01	65	]	]	PUNCT	-RRB-	_	64	punct	291	292
tsc-2023-11-08:u0010:s01	66	(	(	PUNCT	-LRB-	_	67	punct	292	293
tsc-2023-11-08:u0010:s01	67	https://github.com/nodejs/node/pull/50412	https://github.com/nodejs/node/pull/50412	X	LS	_	64	appos	293	334
tsc-2023-11-08:u0010:s01	68	)	)	PUNCT	-RRB-	_	67	punct	334	335
tsc-2023-11-08:u0010:s01	69	*	*	PUNCT	NFP	_	54	punct	336	337
tsc-2023-11-08:u0010:s01	70	antoine	antoine	PRON	PRP	_	71	nsubj	338	345
tsc-2023-11-08:u0010:s01	71	has	have	VERB	VBZ	Mood=Ind|Number=Sing|Person=3|Tense=Pres|VerbForm=Fin	4	ccomp	346	349
tsc-2023-11-08:u0010:s01	72	an	a	DET	DT	Definite=Ind|PronType=Art	75	det	350	352
tsc-2023-11-08:u0010:s01	73	alternative	alternative	ADJ	JJ	Degree=Pos	75	amod	353	364
tsc-2023-11-08:u0010:s01	74	PR	pr	NOUN	NN	Number=Sing	75	compound	365	367
tsc-2023-11-08:u0010:s01	75	opened	open	NOUN	NN	Number=Sing	71	obj	368	374
tsc-2023-11-08:u0010:s01	76	that	that	PRON	WDT	PronType=Rel	78	nsubj:pass	375	379
tsc-2023-11-08:u0010:s01	77	is	be	AUX	VBZ	Mood=Ind|Number=Sing|Person=3|Tense=Pres|VerbForm=Fin	78	aux:pass	380	382
tsc-2023-11-08:u0010:s01	78	expected	expect	VERB	VBN	Tense=Past|VerbForm=Part|Voice=Pass	75	acl:relcl	383	391
tsc-2023-11-08:u0010:s01	79	more	more	ADV	RBR	_	80	advmod	392	396
tsc-2023-11-08:u0010:s01	80	likely	likely	ADJ	JJ	Degree=Pos	78	xcomp	397	403
tsc-2023-11-08:u0010:s01	81	to	to	PART	TO	_	82	mark	404	406
tsc-2023-11-08:u0010:s01	82	get	get	VERB	VB	VerbForm=Inf	71	advcl	407	410
tsc-2023-11-08:u0010:s01	83	consensus	consensus	NOUN	NN	Number=Sing	85	compound	411	420
tsc-2023-11-08:u0010:s01	84	*	*	PUNCT	NFP	_	85	punct	421	422
tsc-2023-11-08:u0010:s01	85	test	test	NOUN	NN	Number=Sing	82	obj	423	427
tsc-2023-11-08:u0010:s01	86	:	:	PUNCT	:	_	82	punct	427	428
tsc-2023-11-08:u0010:s01	87	set	set	VERB	VBN	Tense=Past|VerbForm=Part	82	parataxis	429	432
tsc-2023-11-08:u0010:s01	88	test	test	NOUN	NN	Number=Sing	90	compound	433	437
tsc-2023-11-08:u0010:s01	89	-	-	PUNCT	HYPH	_	90	punct	437	438
tsc-2023-11-08:u0010:s01	90	fs	fs	NOUN	NNS	Number=Plur	87	obj	438	440
tsc-2023-11-08:u0010:s01	91	-watch	-watch	VERB	VBP	Mood=Ind|Tense=Pres|VerbForm=Fin	103	conj	440	446
tsc-2023-11-08:u0010:s01	92	as	as	ADP	IN	_	93	case	447	449
tsc-2023-11-08:u0010:s01	93	flaky	flaky	NOUN	NN	Number=Sing	91	obl	450	455
tsc-2023-11-08:u0010:s01	94	[	[	PUNCT	-LRB-	_	95	punct	456	457
tsc-2023-11-08:u0010:s01	95	#50250	#50250	NUM	CD	NumType=Card	93	appos	457	463
tsc-2023-11-08:u0010:s01	96	]	]	PUNCT	-RRB-	_	95	punct	463	464
tsc-2023-11-08:u0010:s01	97	(	(	PUNCT	-LRB-	_	98	punct	464	465
tsc-2023-11-08:u0010:s01	98	https://github.com/nodejs/node/pull/50250	https://github.com/nodejs/node/pull/50250	X	LS	_	95	appos	465	506
tsc-2023-11-08:u0010:s01	99	)	)	PUNCT	-RRB-	_	98	punct	506	507
tsc-2023-11-08:u0010:s01	100	*	*	PUNCT	NFP	_	103	punct	508	509
tsc-2023-11-08:u0010:s01	101	tsc	tsc	NOUN	NN	Number=Sing	103	nsubj	510	513
tsc-2023-11-08:u0010:s01	102	is	be	AUX	VBZ	Mood=Ind|Number=Sing|Person=3|Tense=Pres|VerbForm=Fin	103	cop	514	516
tsc-2023-11-08:u0010:s01	103	aware	aware	ADJ	JJ	Degree=Pos	87	xcomp	517	522
tsc-2023-11-08:u0010:s01	104	.	.	PUNCT	.	_	4	punct	522	523
tsc-2023-11-08:u0010:s02	1	*	*	PUNCT	NFP	_	2	punct	0	1
tsc-2023-11-08:u0010:s02	2	gireesh	gireesh	NOUN	NN	Number=Sing	34	nsubj	2	9
tsc-2023-11-08:u0010:s02	3	:	:	PUNCT	:	_	2	punct	9	10
tsc-2023-11-08:u0010:s02	4	personally	personally	ADV	RB	_	6	advmod	11	21
tsc-2023-11-08:u0010:s02	5	in	in	ADP	IN	_	6	case	22	24
tsc-2023-11-08:u0010:s02	6	favor	favor	NOUN	NN	Number=Sing	2	nmod	25	30
tsc-2023-11-08:u0010:s02	7	of	of	SCONJ	IN	_	8	mark	31	33
tsc-2023-11-08:u0010:s02	8	fixing	fixing	VERB	VBG	VerbForm=Ger	6	acl	34	40
tsc-2023-11-08:u0010:s02	9	CI	CI	PROPN	NNP	Number=Sing	10	compound	41	43
tsc-2023-11-08:u0010:s02	10	flakes	flake	NOUN	NNS	Number=Plur	8	obj	44	50
tsc-2023-11-08:u0010:s02	11	as	as	ADP	IN	_	12	case	51	53
tsc-2023-11-08:u0010:s02	12	issues	issue	NOUN	NNS	Number=Plur	8	obl	54	60
tsc-2023-11-08:u0010:s02	13	become	become	VERB	VBN	Tense=Past|VerbForm=Part	12	acl	61	67
tsc-2023-11-08:u0010:s02	14	harder	harder	ADJ	JJR	Degree=Cmp	13	xcomp	68	74
tsc-2023-11-08:u0010:s02	15	to	to	PART	TO	_	16	mark	75	77
tsc-2023-11-08:u0010:s02	16	reproduce	reproduce	VERB	VB	VerbForm=Inf	14	advcl	78	87
tsc-2023-11-08:u0010:s02	17	and	and	CCONJ	CC	_	18	cc	88	91
tsc-2023-11-08:u0010:s02	18	troubleshoot	troubleshoot	VERB	VB	VerbForm=Inf	8	conj	92	104
tsc-2023-11-08:u0010:s02	19	when	when	ADV	WRB	PronType=Int	21	mark	105	109
tsc-2023-11-08:u0010:s02	20	those	those	PRON	DT	Number=Plur|PronType=Dem	21	nsubj	110	115
tsc-2023-11-08:u0010:s02	21	come	come	VERB	VBP	Mood=Ind|Tense=Pres|VerbForm=Fin	18	advcl	116	120
tsc-2023-11-08:u0010:s02	22	from	from	ADP	IN	_	31	case	121	125
tsc-2023-11-08:u0010:s02	23	the	the	DET	DT	Definite=Def|PronType=Art	31	det	126	129
tsc-2023-11-08:u0010:s02	24	field	field	NOUN	NN	Number=Sing	31	compound	130	135
tsc-2023-11-08:u0010:s02	25	/	/	PUNCT	,	_	26	cc	136	137
tsc-2023-11-08:u0010:s02	26	production	production	NOUN	NN	Number=Sing	24	conj	138	148
tsc-2023-11-08:u0010:s02	27	*	*	PUNCT	NFP	_	28	punct	149	150
tsc-2023-11-08:u0010:s02	28	antoine	antoine	NUM	CD	NumType=Card	31	nummod	151	158
tsc-2023-11-08:u0010:s02	29	:	:	PUNCT	:	_	28	punct	158	159
tsc-2023-11-08:u0010:s02	30	flaky	flaky	NOUN	NN	Number=Sing	31	compound	160	165
tsc-2023-11-08:u0010:s02	31	tests	test	NOUN	NNS	Number=Plur	21	obl	166	171
tsc-2023-11-08:u0010:s02	32	are	be	AUX	VBP	Mood=Ind|Tense=Pres|VerbForm=Fin	34	cop	172	175
tsc-2023-11-08:u0010:s02	33	a	a	DET	DT	Definite=Ind|PronType=Art	34	det	176	177
tsc-2023-11-08:u0010:s02	34	problem	problem	NOUN	NN	Number=Sing	0	root	178	185
tsc-2023-11-08:u0010:s02	35	,	,	PUNCT	,	_	34	punct	185	186
tsc-2023-11-08:u0010:s02	36	maybe	maybe	ADV	RB	_	40	advmod	187	192
tsc-2023-11-08:u0010:s02	37	the	the	DET	DT	Definite=Def|PronType=Art	38	det	193	196
tsc-2023-11-08:u0010:s02	38	TSC	Tsc	NOUN	NN	Number=Sing	40	nsubj	197	200
tsc-2023-11-08:u0010:s02	39	can	can	AUX	MD	VerbForm=Fin	40	aux	201	204
tsc-2023-11-08:u0010:s02	40	brainstorm	brainstorm	VERB	VB	VerbForm=Inf	34	parataxis	205	215
tsc-2023-11-08:u0010:s02	41	a	a	DET	DT	Definite=Ind|PronType=Art	44	det	216	217
tsc-2023-11-08:u0010:s02	42	solution	solution	NOUN	NN	Number=Sing	44	compound	218	226
tsc-2023-11-08:u0010:s02	43	*	*	PUNCT	NFP	_	44	punct	227	228
tsc-2023-11-08:u0010:s02	44	richard	richard	NOUN	NN	Number=Sing	40	obj	229	236
tsc-2023-11-08:u0010:s02	45	:	:	PUNCT	:	_	34	punct	236	237
tsc-2023-11-08:u0010:s02	46	a	a	DET	DT	Definite=Ind|PronType=Art	48	det	238	239
tsc-2023-11-08:u0010:s02	47	focussed	focuss	VERB	VBN	Tense=Past|VerbForm=Part	48	amod	240	248
tsc-2023-11-08:u0010:s02	48	effort	effort	NOUN	NN	Number=Sing	50	nsubj:pass	249	255
tsc-2023-11-08:u0010:s02	49	is	be	AUX	VBZ	Mood=Ind|Number=Sing|Person=3|Tense=Pres|VerbForm=Fin	50	aux:pass	256	258
tsc-2023-11-08:u0010:s02	50	required	require	VERB	VBN	Tense=Past|VerbForm=Part|Voice=Pass	34	parataxis	259	267
tsc-2023-11-08:u0010:s02	51	to	to	PART	TO	_	52	mark	268	270
tsc-2023-11-08:u0010:s02	52	address	address	VERB	VB	VerbForm=Inf	50	xcomp	271	278
tsc-2023-11-08:u0010:s02	53	the	the	DET	DT	Definite=Def|PronType=Art	55	det	279	282
tsc-2023-11-08:u0010:s02	54	CI	CI	NOUN	NN	Number=Sing	55	compound	283	285
tsc-2023-11-08:u0010:s02	55	flakes	flake	NOUN	NNS	Number=Plur	52	obj	286	292
tsc-2023-11-08:u0010:s02	56	*	*	PUNCT	NFP	_	57	punct	293	294
tsc-2023-11-08:u0010:s02	57	deps	dep	NOUN	NNS	Number=Plur	55	conj	295	299
tsc-2023-11-08:u0010:s02	58	,	,	PUNCT	,	_	59	punct	299	300
tsc-2023-11-08:u0010:s02	59	doc	doc	NOUN	NN	Number=Sing	55	conj	300	303
tsc-2023-11-08:u0010:s02	60	,	,	PUNCT	,	_	61	punct	303	304
tsc-2023-11-08:u0010:s02	61	lib	lib	NOUN	NN	Number=Sing	55	conj	304	307
tsc-2023-11-08:u0010:s02	62	,	,	PUNCT	,	_	63	punct	307	308
tsc-2023-11-08:u0010:s02	63	src	src	NOUN	NN	Number=Sing	55	conj	308	311
tsc-2023-11-08:u0010:s02	64	,	,	PUNCT	,	_	65	punct	311	312
tsc-2023-11-08:u0010:s02	65	test	test	NOUN	NN	Number=Sing	50	conj	312	316
tsc-2023-11-08:u0010:s02	66	:	:	PUNCT	:	_	67	punct	316	317
tsc-2023-11-08:u0010:s02	67	add	add	VERB	VB	Mood=Imp|VerbForm=Fin	50	conj	318	321
tsc-2023-11-08:u0010:s02	68	experimental	experimental	ADJ	JJ	Degree=Pos	70	amod	322	334
tsc-2023-11-08:u0010:s02	69	web	web	NOUN	NN	Number=Sing	70	compound	335	338
tsc-2023-11-08:u0010:s02	70	storage	storage	NOUN	NN	Number=Sing	67	appos	339	346
tsc-2023-11-08:u0010:s02	71	[	[	PUNCT	-LRB-	_	70	punct	347	348
tsc-2023-11-08:u0010:s02	72	#50169	#50169	NUM	CD	NumType=Card	70	nummod	348	354
tsc-2023-11-08:u0010:s02	73	]	]	PUNCT	-RRB-	_	70	punct	354	355
tsc-2023-11-08:u0010:s02	74	(	(	PUNCT	-LRB-	_	75	punct	355	356
tsc-2023-11-08:u0010:s02	75	https://github.com/nodejs/node/pull/50169	https://github.com/nodejs/node/pull/50169	X	LS	_	70	appos	356	397
tsc-2023-11-08:u0010:s02	76	)	)	PUNCT	-RRB-	_	75	punct	397	398
tsc-2023-11-08:u0010:s02	77	*	*	PUNCT	NFP	_	34	punct	399	400
tsc-2023-11-08:u0010:s02	78	richard	richard	NOUN	NN	Number=Sing	34	flat	401	408
tsc-2023-11-08:u0010:s02	79	:	:	PUNCT	:	_	34	punct	408	409
tsc-2023-11-08:u0010:s02	80	contention	contention	NOUN	NN	Number=Sing	83	nsubj	410	420
tsc-2023-11-08:u0010:s02	81	is	be	AUX	VBZ	Mood=Ind|Number=Sing|Person=3|Tense=Pres|VerbForm=Fin	83	cop	421	423
tsc-2023-11-08:u0010:s02	82	on	on	ADP	IN	_	83	case	424	426
tsc-2023-11-08:u0010:s02	83	inclusion	inclusion	NOUN	NN	Number=Sing	34	parataxis	427	436
tsc-2023-11-08:u0010:s02	84	of	of	ADP	IN	_	85	case	437	439
tsc-2023-11-08:u0010:s02	85	sqlite	sqlite	NOUN	NN	Number=Sing	83	nmod	440	446
tsc-2023-11-08:u0010:s02	86	.	.	PUNCT	.	_	34	punct	446	447
tsc-2023-11-08:u0010:s03	1	bring	bring	VERB	VB	Mood=Imp|VerbForm=Fin	0	root	0	5
tsc-2023-11-08:u0010:s03	2	objections	objection	NOUN	NNS	Number=Plur	1	obj	6	16
tsc-2023-11-08:u0010:s03	3	on	on	ADP	IN	_	5	case	17	19
tsc-2023-11-08:u0010:s03	4	the	the	DET	DT	Definite=Def|PronType=Art	5	det	20	23
tsc-2023-11-08:u0010:s03	5	table	table	NOUN	NN	Number=Sing	1	obl	24	29
tsc-2023-11-08:u0010:s03	6	for	for	ADP	IN	_	7	case	30	33
tsc-2023-11-08:u0010:s03	7	discussion	discussion	NOUN	NN	Number=Sing	11	compound	34	44
tsc-2023-11-08:u0010:s03	8	and	and	CCONJ	CC	_	9	cc	45	48
tsc-2023-11-08:u0010:s03	9	resolution	resolution	NOUN	NN	Number=Sing	7	conj	49	59
tsc-2023-11-08:u0010:s03	10	*	*	PUNCT	NFP	_	7	punct	60	61
tsc-2023-11-08:u0010:s03	11	robert	robert	NOUN	NN	Number=Sing	13	conj	62	68
tsc-2023-11-08:u0010:s03	12	:	:	PUNCT	:	_	11	punct	68	69
tsc-2023-11-08:u0010:s03	13	the	the	DET	DT	Definite=Def|PronType=Art	15	det	70	73
tsc-2023-11-08:u0010:s03	14	larger	larger	ADJ	JJR	Degree=Cmp	15	amod	74	80
tsc-2023-11-08:u0010:s03	15	issue	issue	NOUN	NN	Number=Sing	16	nsubj	81	86
tsc-2023-11-08:u0010:s03	16	is	be	VERB	VBZ	Mood=Ind|Number=Sing|Person=3|Tense=Pres|VerbForm=Fin	1	parataxis	87	89
tsc-2023-11-08:u0010:s03	17	whether	whether	SCONJ	IN	_	21	mark	90	97
tsc-2023-11-08:u0010:s03	18	a	a	DET	DT	Definite=Ind|PronType=Art	20	det	98	99
tsc-2023-11-08:u0010:s03	19	Storage	storage	NOUN	NN	Number=Sing	20	compound	100	107
tsc-2023-11-08:u0010:s03	20	API	API	NOUN	NN	Number=Sing	21	nsubj	108	111
tsc-2023-11-08:u0010:s03	21	makes	make	VERB	VBZ	Mood=Ind|Number=Sing|Person=3|Tense=Pres|VerbForm=Fin	16	ccomp	112	117
tsc-2023-11-08:u0010:s03	22	sense	sense	NOUN	NN	Number=Sing	21	obj	118	123
tsc-2023-11-08:u0010:s03	23	in	in	ADP	IN	_	24	case	124	126
tsc-2023-11-08:u0010:s03	24	core	core	NOUN	NN	Number=Sing	21	obl	127	131
tsc-2023-11-08:u0010:s03	25	or	or	CCONJ	CC	_	26	cc	132	134
tsc-2023-11-08:u0010:s03	26	not	not	PART	RB	_	24	conj	135	138
tsc-2023-11-08:u0010:s03	27	?	?	PUNCT	.	_	1	punct	138	139
tsc-2023-11-08:u0010:s04	1	how	how	ADV	WRB	PronType=Int	2	advmod	0	3
tsc-2023-11-08:u0010:s04	2	much	much	ADJ	JJ	Degree=Pos	3	amod	4	8
tsc-2023-11-08:u0010:s04	3	complexity	complexity	NOUN	NN	Number=Sing	11	obl:npmod	9	19
tsc-2023-11-08:u0010:s04	4	,	,	PUNCT	,	_	11	punct	19	20
tsc-2023-11-08:u0010:s04	5	how	how	ADV	WRB	PronType=Int	6	advmod	21	24
tsc-2023-11-08:u0010:s04	6	much	much	ADJ	JJ	Degree=Pos	7	amod	25	29
tsc-2023-11-08:u0010:s04	7	memory	memory	NOUN	NN	Number=Sing	8	obl:npmod	30	36
tsc-2023-11-08:u0010:s04	8	footprint	footprint	VERB	VBN	Tense=Past|VerbForm=Part	11	amod	37	46
tsc-2023-11-08:u0010:s04	9	this	this	PRON	DT	Number=Sing|PronType=Dem	11	nsubj	47	51
tsc-2023-11-08:u0010:s04	10	will	will	AUX	MD	VerbForm=Fin	11	aux	52	56
tsc-2023-11-08:u0010:s04	11	introduce	introduce	VERB	VB	VerbForm=Inf	0	root	57	66
tsc-2023-11-08:u0010:s04	12	,	,	PUNCT	,	_	14	punct	66	67
tsc-2023-11-08:u0010:s04	13	what	what	DET	WDT	PronType=Int	14	det	68	72
tsc-2023-11-08:u0010:s04	14	implications	implication	NOUN	NNS	Number=Plur	11	obj	73	85
tsc-2023-11-08:u0010:s04	15	to	to	ADP	IN	_	16	case	86	88
tsc-2023-11-08:u0010:s04	16	security	security	NOUN	NN	Number=Sing	14	nmod	89	97
tsc-2023-11-08:u0010:s04	17	,	,	PUNCT	,	_	19	punct	97	98
tsc-2023-11-08:u0010:s04	18	upgrade	upgrade	NOUN	NN	Number=Sing	19	compound	99	106
tsc-2023-11-08:u0010:s04	19	path	path	NOUN	NN	Number=Sing	14	conj	107	111
tsc-2023-11-08:u0010:s04	20	,	,	PUNCT	,	_	21	punct	111	112
tsc-2023-11-08:u0010:s04	21	compile	compile	NOUN	NN	Number=Sing	14	conj	113	120
tsc-2023-11-08:u0010:s04	22	/	/	PUNCT	,	_	24	cc	121	122
tsc-2023-11-08:u0010:s04	23	link	link	NOUN	NN	Number=Sing	24	compound	122	126
tsc-2023-11-08:u0010:s04	24	maintenance	maintenance	NOUN	NN	Number=Sing	21	conj	127	138
tsc-2023-11-08:u0010:s04	25	?	?	PUNCT	.	_	21	punct	138	139
tsc-2023-11-08:u0010:s05	1	*	*	PUNCT	NFP	_	2	punct	0	1
tsc-2023-11-08:u0010:s05	2	robert	robert	NOUN	NN	Number=Sing	0	root	2	8
tsc-2023-11-08:u0010:s05	3	:	:	PUNCT	:	_	2	punct	8	9
tsc-2023-11-08:u0010:s05	4	we	we	PRON	PRP	Case=Nom|Number=Plur|Person=1|PronType=Prs	6	nsubj	10	12
tsc-2023-11-08:u0010:s05	5	have	have	AUX	VBP	Mood=Ind|Tense=Pres|VerbForm=Fin	6	aux	13	17
tsc-2023-11-08:u0010:s05	6	seen	see	VERB	VBN	Tense=Past|VerbForm=Part	2	parataxis	18	22
tsc-2023-11-08:u0010:s05	7	a	a	DET	DT	Definite=Ind|PronType=Art	8	det	23	24
tsc-2023-11-08:u0010:s05	8	pattern	pattern	NOUN	NN	Number=Sing	6	obj	25	32
tsc-2023-11-08:u0010:s05	9	of	of	ADP	IN	_	10	case	33	35
tsc-2023-11-08:u0010:s05	10	APIs	APIs	NOUN	NNS	Number=Plur	8	nmod	36	40
tsc-2023-11-08:u0010:s05	11	with	with	ADP	IN	_	13	case	41	45
tsc-2023-11-08:u0010:s05	12	sub-optimal	sub-optimal	ADJ	JJ	Degree=Pos	13	amod	46	57
tsc-2023-11-08:u0010:s05	13	capabilities	capability	NOUN	NNS	Number=Plur	8	nmod	58	70
tsc-2023-11-08:u0010:s05	14	already	already	ADV	RB	_	6	advmod	71	78
tsc-2023-11-08:u0010:s05	15	,	,	PUNCT	,	_	2	punct	78	79
tsc-2023-11-08:u0010:s05	16	so	so	ADV	RB	_	20	advmod	80	82
tsc-2023-11-08:u0010:s05	17	this	this	PRON	DT	Number=Sing|PronType=Dem	20	nsubj	83	87
tsc-2023-11-08:u0010:s05	18	may	may	AUX	MD	VerbForm=Fin	20	aux	88	91
tsc-2023-11-08:u0010:s05	19	not	not	PART	RB	_	20	advmod	92	95
tsc-2023-11-08:u0010:s05	20	needs	need	VERB	VBZ	Mood=Ind|Number=Sing|Person=3|Tense=Pres|VerbForm=Fin	2	parataxis	96	101
tsc-2023-11-08:u0010:s05	21	be	be	AUX	VB	VerbForm=Inf	23	cop	102	104
tsc-2023-11-08:u0010:s05	22	an	a	DET	DT	Definite=Ind|PronType=Art	23	det	105	107
tsc-2023-11-08:u0010:s05	23	exception	exception	NOUN	NN	Number=Sing	20	obj	108	117
tsc-2023-11-08:u0010:s05	24	:	:	PUNCT	:	_	23	punct	117	118
tsc-2023-11-08:u0010:s05	25	not	not	ADV	RB	_	29	cc	119	122
tsc-2023-11-08:u0010:s05	26	a	a	DET	DT	Definite=Ind|PronType=Art	29	det	123	124
tsc-2023-11-08:u0010:s05	27	super	super	ADV	RB	_	28	advmod	125	130
tsc-2023-11-08:u0010:s05	28	great	great	ADJ	JJ	Degree=Pos	29	amod	131	136
tsc-2023-11-08:u0010:s05	29	idea	idea	NOUN	NN	Number=Sing	23	conj	137	141
tsc-2023-11-08:u0010:s05	30	,	,	PUNCT	,	_	34	punct	141	142
tsc-2023-11-08:u0010:s05	31	but	but	CCONJ	CC	_	34	cc	143	146
tsc-2023-11-08:u0010:s05	32	no	no	DET	DT	_	34	det	147	149
tsc-2023-11-08:u0010:s05	33	strong	strong	ADJ	JJ	Degree=Pos	34	amod	150	156
tsc-2023-11-08:u0010:s05	34	objection	objection	NOUN	NN	Number=Sing	20	conj	157	166
tsc-2023-11-08:u0010:s05	35	.	.	PUNCT	.	_	2	punct	166	167
tsc-2023-11-08:u0010:s05	36	*	*	PUNCT	NFP	_	2	punct	168	169
tsc-2023-11-08:u0010:s05	37	continue	continue	VERB	VB	VerbForm=Inf	2	appos	170	178
tsc-2023-11-08:u0010:s05	38	to	to	PART	TO	_	39	mark	179	181
tsc-2023-11-08:u0010:s05	39	wait	wait	VERB	VB	VerbForm=Inf	37	xcomp	182	186
tsc-2023-11-08:u0010:s05	40	for	for	ADP	IN	_	41	case	187	190
tsc-2023-11-08:u0010:s05	41	feedback	feedback	NOUN	NN	Number=Sing	39	obl	191	199
tsc-2023-11-08:u0010:s05	42	from	from	ADP	IN	_	46	case	200	204
tsc-2023-11-08:u0010:s05	43	@nodejs/	@nodejs/	ADP	IN	Abbr=Yes	46	case	205	213
tsc-2023-11-08:u0010:s05	44	web	web	NOUN	NN	Number=Sing	46	compound	213	216
tsc-2023-11-08:u0010:s05	45	-	-	PUNCT	HYPH	_	46	punct	216	217
tsc-2023-11-08:u0010:s05	46	standards	standard	NOUN	NNS	Number=Plur	39	obl	217	226
tsc-2023-11-08:u0010:s05	47	*	*	PUNCT	NFP	_	37	punct	227	228
tsc-2023-11-08:u0010:s05	48	richard	richard	NOUN	NN	Number=Sing	50	nsubj	229	236
tsc-2023-11-08:u0010:s05	49	is	be	AUX	VBZ	Mood=Ind|Number=Sing|Person=3|Tense=Pres|VerbForm=Fin	50	aux	237	239
tsc-2023-11-08:u0010:s05	50	going	go	VERB	VBG	Tense=Pres|VerbForm=Part	2	parataxis	240	245
tsc-2023-11-08:u0010:s05	51	to	to	PART	TO	_	52	mark	246	248
tsc-2023-11-08:u0010:s05	52	make	make	VERB	VB	VerbForm=Inf	50	xcomp	249	253
tsc-2023-11-08:u0010:s05	53	update	update	NOUN	NN	Number=Sing	52	obj	254	260
tsc-2023-11-08:u0010:s05	54	in	in	ADP	IN	_	60	case	261	263
tsc-2023-11-08:u0010:s05	55	the	the	DET	DT	Definite=Def|PronType=Art	60	det	264	267
tsc-2023-11-08:u0010:s05	56	PR	pr	NOUN	NN	Number=Sing	58	compound	268	270
tsc-2023-11-08:u0010:s05	57	*	*	PUNCT	NFP	_	58	punct	271	272
tsc-2023-11-08:u0010:s05	58	Revert	Revert	NOUN	NN	Number=Sing	60	compound	273	279
tsc-2023-11-08:u0010:s05	59	"	"	PUNCT	''	_	58	punct	280	281
tsc-2023-11-08:u0010:s05	60	doc	doc	NOUN	NN	Number=Sing	53	nmod	281	284
tsc-2023-11-08:u0010:s05	61	:	:	PUNCT	:	_	52	punct	284	285
tsc-2023-11-08:u0010:s05	62	promote	promote	VERB	VB	VerbForm=Inf	52	appos	286	293
tsc-2023-11-08:u0010:s05	63	fetch	fetch	NOUN	NN	Number=Sing	65	compound	294	299
tsc-2023-11-08:u0010:s05	64	/	/	PUNCT	,	_	65	cc	299	300
tsc-2023-11-08:u0010:s05	65	webstreams	webstream	NOUN	NNS	Number=Plur	66	conj	300	310
tsc-2023-11-08:u0010:s05	66	from	from	ADP	IN	_	67	case	311	315
tsc-2023-11-08:u0010:s05	67	experimental	experimental	ADJ	JJ	Degree=Pos	62	obl	316	328
tsc-2023-11-08:u0010:s05	68	to	to	PART	TO	_	69	mark	329	331
tsc-2023-11-08:u0010:s05	69	stable	stable	VERB	VB	VerbForm=Inf	62	xcomp	332	338
tsc-2023-11-08:u0010:s05	70	"	"	PUNCT	``	_	69	punct	338	339
tsc-2023-11-08:u0010:s05	71	[	[	PUNCT	-LRB-	_	72	punct	340	341
tsc-2023-11-08:u0010:s05	72	#49867	#49867	NOUN	NN	Number=Sing	78	compound	341	347
tsc-2023-11-08:u0010:s05	73	]	]	PUNCT	-RRB-	_	72	punct	347	348
tsc-2023-11-08:u0010:s05	74	(	(	PUNCT	-LRB-	_	75	punct	348	349
tsc-2023-11-08:u0010:s05	75	https://github.com/nodejs/node/pull/49867	https://github.com/nodejs/node/pull/49867	X	LS	_	72	appos	349	390
tsc-2023-11-08:u0010:s05	76	)	)	PUNCT	-RRB-	_	75	punct	390	391
tsc-2023-11-08:u0010:s05	77	*	*	PUNCT	NFP	_	72	punct	392	393
tsc-2023-11-08:u0010:s05	78	robert	robert	NOUN	NN	Number=Sing	69	obj	394	400
tsc-2023-11-08:u0010:s05	79	:	:	PUNCT	:	_	69	punct	400	401
tsc-2023-11-08:u0010:s05	80	already	already	ADV	RB	_	81	advmod	402	409
tsc-2023-11-08:u0010:s05	81	discussed	discuss	VERB	VBN	Tense=Past|VerbForm=Part	69	parataxis	410	419
tsc-2023-11-08:u0010:s05	82	in	in	ADP	IN	_	85	case	420	422
tsc-2023-11-08:u0010:s05	83	the	the	DET	DT	Definite=Def|PronType=Art	85	det	423	426
tsc-2023-11-08:u0010:s05	84	last	last	ADJ	JJ	Degree=Pos	85	amod	427	431
tsc-2023-11-08:u0010:s05	85	TSC	Tsc	NOUN	NN	Number=Sing	81	obl	432	435
tsc-2023-11-08:u0010:s05	86	.	.	PUNCT	.	_	2	punct	435	436
tsc-2023-11-08:u0010:s06	1	wait	wait	VERB	VB	Mood=Imp|VerbForm=Fin	0	root	0	4
tsc-2023-11-08:u0010:s06	2	for	for	ADP	IN	_	4	case	5	8
tsc-2023-11-08:u0010:s06	3	a	a	DET	DT	Definite=Ind|PronType=Art	4	det	9	10
tsc-2023-11-08:u0010:s06	4	week	week	NOUN	NN	Number=Sing	1	obl	11	15
tsc-2023-11-08:u0010:s06	5	to	to	PART	TO	_	6	mark	16	18
tsc-2023-11-08:u0010:s06	6	see	see	VERB	VB	VerbForm=Inf	1	advcl	19	22
tsc-2023-11-08:u0010:s06	7	what	what	PRON	WP	PronType=Int	9	obj	23	27
tsc-2023-11-08:u0010:s06	8	Kafra	Kafra	PROPN	NNP	Number=Sing	9	nsubj	28	33
tsc-2023-11-08:u0010:s06	9	says	say	VERB	VBZ	Mood=Ind|Number=Sing|Person=3|Tense=Pres|VerbForm=Fin	6	ccomp	34	38
tsc-2023-11-08:u0010:s06	10	,	,	PUNCT	,	_	1	punct	38	39
tsc-2023-11-08:u0010:s06	11	remove	remove	VERB	VB	Mood=Imp|VerbForm=Fin	1	parataxis	40	46
tsc-2023-11-08:u0010:s06	12	the	the	DET	DT	Definite=Def|PronType=Art	13	det	47	50
tsc-2023-11-08:u0010:s06	13	label	label	NOUN	NN	Number=Sing	11	obj	51	56
tsc-2023-11-08:u0010:s06	14	.	.	PUNCT	.	_	1	punct	56	57
tsc-2023-11-08:u0010:s07	1	*	*	PUNCT	NFP	_	2	punct	0	1
tsc-2023-11-08:u0010:s07	2	antoine	antoine	NOUN	NN	Number=Sing	0	root	2	9
tsc-2023-11-08:u0010:s07	3	:	:	PUNCT	:	_	2	punct	9	10
tsc-2023-11-08:u0010:s08	1	Let	let	VERB	VB	Mood=Imp|VerbForm=Fin	0	root	0	3
tsc-2023-11-08:u0010:s08	2	’s	us	PRON	PRP	_	1	obj	3	5
tsc-2023-11-08:u0010:s08	3	ask	ask	VERB	VB	VerbForm=Inf	1	xcomp	6	9
tsc-2023-11-08:u0010:s08	4	the	the	DET	DT	Definite=Def|PronType=Art	5	det	10	13
tsc-2023-11-08:u0010:s08	5	author	author	NOUN	NN	Number=Sing	3	obj	14	20
tsc-2023-11-08:u0010:s08	6	if	if	SCONJ	IN	_	8	mark	21	23
tsc-2023-11-08:u0010:s08	7	they	they	PRON	PRP	Case=Nom|Number=Plur|Person=3|PronType=Prs	8	nsubj	24	28
tsc-2023-11-08:u0010:s08	8	want	want	VERB	VBP	Mood=Ind|Tense=Pres|VerbForm=Fin	3	advcl	29	33
tsc-2023-11-08:u0010:s08	9	a	a	DET	DT	Definite=Ind|PronType=Art	10	det	34	35
tsc-2023-11-08:u0010:s08	10	vote	vote	NOUN	NN	Number=Sing	8	obj	36	40
tsc-2023-11-08:u0010:s08	11	from	from	ADP	IN	_	13	case	41	45
tsc-2023-11-08:u0010:s08	12	the	the	DET	DT	Definite=Def|PronType=Art	13	det	46	49
tsc-2023-11-08:u0010:s08	13	TSC	TSC	NOUN	NN	Number=Sing	10	nmod	50	53
tsc-2023-11-08:u0010:s08	14	.	.	PUNCT	.	_	1	punct	53	54
tsc-2023-11-08:u0010:s09	1	I	I	PRON	PRP	Case=Nom|Number=Sing|Person=1|PronType=Prs	2	nsubj	0	1
tsc-2023-11-08:u0010:s09	2	think	think	VERB	VBP	Mood=Ind|Tense=Pres|VerbForm=Fin	0	root	2	7
tsc-2023-11-08:u0010:s09	3	it	it	PRON	PRP	Case=Nom|Gender=Neut|Number=Sing|Person=3|PronType=Prs	6	nsubj	8	10
tsc-2023-11-08:u0010:s09	4	’s	be	AUX	VBZ	Mood=Ind|Number=Sing|Person=3|Tense=Pres|VerbForm=Fin	6	cop	10	12
tsc-2023-11-08:u0010:s09	5	only	only	ADV	RB	_	6	advmod	13	17
tsc-2023-11-08:u0010:s09	6	fair	fair	ADJ	JJ	Degree=Pos	2	ccomp	18	22
tsc-2023-11-08:u0010:s09	7	if	if	SCONJ	IN	_	9	mark	23	25
tsc-2023-11-08:u0010:s09	8	they	they	PRON	PRP	Case=Nom|Number=Plur|Person=3|PronType=Prs	9	nsubj	26	30
tsc-2023-11-08:u0010:s09	9	want	want	VERB	VBP	Mood=Ind|Tense=Pres|VerbForm=Fin	6	advcl	31	35
tsc-2023-11-08:u0010:s09	10	to	to	PART	TO	_	11	mark	36	38
tsc-2023-11-08:u0010:s09	11	make	make	VERB	VB	VerbForm=Inf	9	xcomp	39	43
tsc-2023-11-08:u0010:s09	12	up	up	ADP	RP	_	11	compound:prt	44	46
tsc-2023-11-08:u0010:s09	13	their	they	PRON	PRP$	Number=Plur|Person=3|Poss=Yes|PronType=Prs	14	nmod:poss	47	52
tsc-2023-11-08:u0010:s09	14	case	case	NOUN	NN	Number=Sing	11	obj	53	57
tsc-2023-11-08:u0010:s09	15	in	in	ADP	IN	_	18	case	58	60
tsc-2023-11-08:u0010:s09	16	a	a	DET	DT	Definite=Ind|PronType=Art	18	det	61	62
tsc-2023-11-08:u0010:s09	17	TSC	TSC	PROPN	NNP	Number=Sing	18	compound	63	66
tsc-2023-11-08:u0010:s09	18	meeting	meeting	NOUN	NN	Number=Sing	11	obl	67	74
tsc-2023-11-08:u0010:s09	19	to	to	PART	TO	_	20	mark	75	77
tsc-2023-11-08:u0010:s09	20	convince	convince	VERB	VB	VerbForm=Inf	18	acl	78	86
tsc-2023-11-08:u0010:s09	21	us	we	PRON	PRP	Case=Acc|Number=Plur|Person=1|PronType=Prs	20	obj	87	89
tsc-2023-11-08:u0010:s09	22	otherwise	otherwise	ADV	RB	_	20	advmod	90	99
tsc-2023-11-08:u0010:s09	23	*	*	PUNCT	NFP	_	2	punct	100	101
tsc-2023-11-08:u0010:s09	24	The	the	DET	DT	Definite=Def|PronType=Art	26	det	102	105
tsc-2023-11-08:u0010:s09	25	env	env	NOUN	NN	Number=Sing	26	compound	106	109
tsc-2023-11-08:u0010:s09	26	var	var	NOUN	NN	Number=Sing	31	nsubj	110	113
tsc-2023-11-08:u0010:s09	27	`	`	PUNCT	``	_	28	punct	114	115
tsc-2023-11-08:u0010:s09	28	NODE_V8_COVERAGE	Node_v8_coverage	PRON	NN	Number=Sing	31	nsubj	115	131
tsc-2023-11-08:u0010:s09	29	`	`	PUNCT	``	_	28	punct	131	132
tsc-2023-11-08:u0010:s09	30	intermittently	intermittently	ADV	RB	_	31	advmod	133	147
tsc-2023-11-08:u0010:s09	31	causes	cause	VERB	VBZ	Mood=Ind|Number=Sing|Person=3|Tense=Pres|VerbForm=Fin	2	parataxis	148	154
tsc-2023-11-08:u0010:s09	32	the	the	DET	DT	Definite=Def|PronType=Art	33	det	155	158
tsc-2023-11-08:u0010:s09	33	process	process	NOUN	NN	Number=Sing	31	obj	159	166
tsc-2023-11-08:u0010:s09	34	to	to	PART	TO	_	35	mark	167	169
tsc-2023-11-08:u0010:s09	35	hang	hang	VERB	VB	VerbForm=Inf	33	acl	170	174
tsc-2023-11-08:u0010:s09	36	[	[	PUNCT	-LRB-	_	37	punct	175	176
tsc-2023-11-08:u0010:s09	37	#49344	#49344	NOUN	NN	Number=Sing	35	obj	176	182
tsc-2023-11-08:u0010:s09	38	]	]	PUNCT	-RRB-	_	37	punct	182	183
tsc-2023-11-08:u0010:s09	39	(	(	PUNCT	-LRB-	_	40	punct	183	184
tsc-2023-11-08:u0010:s09	40	https://github.com/nodejs/node/issues/49344	https://github.com/nodejs/node/issues/49344	X	LS	_	37	appos	184	227
tsc-2023-11-08:u0010:s09	41	)	)	PUNCT	-RRB-	_	2	punct	227	228
tsc-2023-11-08:u0010:s09	42	*	*	PUNCT	NFP	_	2	punct	229	230
tsc-2023-11-08:u0010:s09	43	no	no	DET	DT	_	44	det	231	233
tsc-2023-11-08:u0010:s09	44	progress	progress	NOUN	NN	Number=Sing	2	nsubj	234	242
tsc-2023-11-08:u0010:s09	45	,	,	PUNCT	,	_	44	punct	242	243
tsc-2023-11-08:u0010:s09	46	nothing	nothing	PRON	NN	Number=Sing	49	nsubj	244	251
tsc-2023-11-08:u0010:s09	47	new	new	ADJ	JJ	Degree=Pos	46	amod	252	255
tsc-2023-11-08:u0010:s09	48	,	,	PUNCT	,	_	46	punct	255	256
tsc-2023-11-08:u0010:s09	49	needs	need	VERB	VBZ	Mood=Ind|Number=Sing|Person=3|Tense=Pres|VerbForm=Fin	44	acl:relcl	257	262
tsc-2023-11-08:u0010:s09	50	pending	pending	ADJ	JJ	Degree=Pos	51	amod	263	270
tsc-2023-11-08:u0010:s09	51	investigation	investigation	NOUN	NN	Number=Sing	49	obj	271	284
tsc-2023-11-08:u0010:s09	52	.	.	PUNCT	.	_	2	punct	284	285
tsc-2023-11-08:u0010:s10	1	Defer	Defer	PROPN	NNP	Number=Sing	4	compound	0	5
tsc-2023-11-08:u0010:s10	2	.	.	PUNCT	.	_	4	punct	5	6
tsc-2023-11-08:u0010:s10	3	*	*	PUNCT	NFP	_	4	punct	7	8
tsc-2023-11-08:u0010:s10	4	Support	support	NOUN	NN	Number=Sing	28	nsubj	9	16
tsc-2023-11-08:u0010:s10	5	for	for	ADP	IN	_	8	case	17	20
tsc-2023-11-08:u0010:s10	6	file	file	NOUN	NN	Number=Sing	8	compound	21	25
tsc-2023-11-08:u0010:s10	7	-	-	PUNCT	,	_	8	punct	25	26
tsc-2023-11-08:u0010:s10	8	system	system	NOUN	NN	Number=Sing	4	nmod	26	32
tsc-2023-11-08:u0010:s10	9	based	base	VERB	VBN	Tense=Past|VerbForm=Part	12	case	33	38
tsc-2023-11-08:u0010:s10	10	persistent	persistent	ADJ	JJ	Degree=Pos	12	amod	39	49
tsc-2023-11-08:u0010:s10	11	code	code	NOUN	NN	Number=Sing	12	compound	50	54
tsc-2023-11-08:u0010:s10	12	cache	cache	NOUN	NN	Number=Sing	4	nmod	55	60
tsc-2023-11-08:u0010:s10	13	in	in	ADP	IN	_	18	case	61	63
tsc-2023-11-08:u0010:s10	14	user	user	ADJ	JJ	Degree=Pos	16	amod	64	68
tsc-2023-11-08:u0010:s10	15	-	-	PUNCT	HYPH	_	16	punct	68	69
tsc-2023-11-08:u0010:s10	16	land	land	NOUN	NN	Number=Sing	17	compound	69	73
tsc-2023-11-08:u0010:s10	17	module	module	NOUN	NN	Number=Sing	18	compound	74	80
tsc-2023-11-08:u0010:s10	18	loaders	loader	NOUN	NNS	Number=Plur	12	nmod	81	88
tsc-2023-11-08:u0010:s10	19	[	[	PUNCT	-LRB-	_	4	punct	89	90
tsc-2023-11-08:u0010:s10	20	#47472	#47472	NUM	CD	NumType=Card	4	nummod	90	96
tsc-2023-11-08:u0010:s10	21	]	]	PUNCT	-RRB-	_	4	punct	96	97
tsc-2023-11-08:u0010:s10	22	(	(	PUNCT	-LRB-	_	23	punct	97	98
tsc-2023-11-08:u0010:s10	23	https://github.com/nodejs/node/issues/47472	https://github.com/nodejs/node/issues/47472	X	LS	_	4	appos	98	141
tsc-2023-11-08:u0010:s10	24	)	)	PUNCT	-RRB-	_	23	punct	141	142
tsc-2023-11-08:u0010:s10	25	*	*	PUNCT	NFP	_	4	punct	143	144
tsc-2023-11-08:u0010:s10	26	did	do	AUX	VBD	Mood=Ind|Tense=Past|VerbForm=Fin	28	aux	145	148
tsc-2023-11-08:u0010:s10	27	not	not	PART	RB	_	28	advmod	149	152
tsc-2023-11-08:u0010:s10	28	discuss	discuss	VERB	VB	VerbForm=Inf	0	root	153	160
tsc-2023-11-08:u0011:s00	1	###	###	SYM	NFP	_	0	root	0	3
tsc-2023-11-08:u0011:s00	2	nodejs	nodej	NOUN	NNS	Number=Plur	1	compound	4	10
tsc-2023-11-08:u0011:s00	3	/	/	PUNCT	,	_	4	cc	10	11
tsc-2023-11-08:u0011:s00	4	TSC	TSC	NOUN	NN	Number=Sing	2	conj	11	14
tsc-2023-11-08:u0012:s00	1	*	*	PUNCT	NFP	_	2	punct	0	1
tsc-2023-11-08:u0012:s00	2	Changes	change	NOUN	NNS	Number=Plur	0	root	2	9
tsc-2023-11-08:u0012:s00	3	to	to	ADP	IN	_	6	case	10	12
tsc-2023-11-08:u0012:s00	4	our	we	PRON	PRP$	Number=Plur|Person=1|Poss=Yes|PronType=Prs	6	nmod:poss	13	16
tsc-2023-11-08:u0012:s00	5	nomination	nomination	NOUN	NN	Number=Sing	6	compound	17	27
tsc-2023-11-08:u0012:s00	6	process	process	NOUN	NN	Number=Sing	2	nmod	28	35
tsc-2023-11-08:u0012:s00	7	[	[	PUNCT	-LRB-	_	6	punct	36	37
tsc-2023-11-08:u0012:s00	8	#	#	SYM	NN	Number=Sing	6	appos	37	38
tsc-2023-11-08:u0012:s00	9	1467	1467	NUM	CD	NumType=Card	8	nummod	38	42
tsc-2023-11-08:u0012:s00	10	]	]	PUNCT	-RRB-	_	6	punct	42	43
tsc-2023-11-08:u0012:s00	11	(	(	PUNCT	-LRB-	_	12	punct	43	44
tsc-2023-11-08:u0012:s00	12	https://github.com/nodejs/TSC/issues/1467	https://github.com/nodejs/TSC/issues/1467	X	LS	_	6	appos	44	85
tsc-2023-11-08:u0012:s00	13	)	)	PUNCT	-RRB-	_	12	punct	85	86
tsc-2023-11-08:u0012:s00	14	*	*	PUNCT	NFP	_	2	punct	87	88
tsc-2023-11-08:u0012:s00	15	continue	continue	VERB	VB	Mood=Imp|VerbForm=Fin	2	parataxis	89	97
tsc-2023-11-08:u0012:s00	16	to	to	PART	TO	_	17	mark	98	100
tsc-2023-11-08:u0012:s00	17	participate	participate	VERB	VB	VerbForm=Inf	15	xcomp	101	112
tsc-2023-11-08:u0012:s00	18	in	in	ADP	IN	_	20	case	113	115
tsc-2023-11-08:u0012:s00	19	the	the	DET	DT	Definite=Def|PronType=Art	20	det	116	119
tsc-2023-11-08:u0012:s00	20	discussion	discussion	NOUN	NN	Number=Sing	17	obl	120	130
tsc-2023-11-08:u0012:s00	21	:	:	PUNCT	:	_	15	punct	130	131
tsc-2023-11-08:u0012:s00	22	offline	offline	NOUN	NN	Number=Sing	15	appos	132	139
tsc-2023-11-08:u0012:s00	23	and	and	CCONJ	CC	_	27	cc	140	143
tsc-2023-11-08:u0012:s00	24	in	in	ADP	IN	_	27	case	144	146
tsc-2023-11-08:u0012:s00	25	the	the	DET	DT	Definite=Def|PronType=Art	27	det	147	150
tsc-2023-11-08:u0012:s00	26	next	next	ADJ	JJ	Degree=Pos	27	amod	151	155
tsc-2023-11-08:u0012:s00	27	sitting	sitting	NOUN	NN	Number=Sing	22	conj	156	163
tsc-2023-11-08:u0012:s00	28	.	.	PUNCT	.	_	15	punct	163	164
tsc-2023-11-08:u0012:s01	1	*	*	PUNCT	NFP	_	5	punct	0	1
tsc-2023-11-08:u0012:s01	2	Automating	Automating	PROPN	NNP	Number=Sing	4	compound	2	12
tsc-2023-11-08:u0012:s01	3	Flaky	Flaky	PROPN	NNP	Number=Sing	4	compound	13	18
tsc-2023-11-08:u0012:s01	4	Test	Test	PROPN	NNP	Number=Sing	5	compound	19	23
tsc-2023-11-08:u0012:s01	5	Detection	detection	PROPN	NNP	Number=Sing	15	nsubj	24	33
tsc-2023-11-08:u0012:s01	6	[	[	PUNCT	-LRB-	_	5	punct	34	35
tsc-2023-11-08:u0012:s01	7	#1458	#1458	NUM	CD	NumType=Card	5	appos	35	40
tsc-2023-11-08:u0012:s01	8	]	]	PUNCT	-RRB-	_	7	punct	40	41
tsc-2023-11-08:u0012:s01	9	(	(	PUNCT	-LRB-	_	10	punct	41	42
tsc-2023-11-08:u0012:s01	10	https://github.com/nodejs/TSC/issues/1458	https://github.com/nodejs/TSC/issues/1458	X	LS	_	7	appos	42	83
tsc-2023-11-08:u0012:s01	11	)	)	PUNCT	-RRB-	_	10	punct	83	84
tsc-2023-11-08:u0012:s01	12	*	*	PUNCT	NFP	_	5	punct	85	86
tsc-2023-11-08:u0012:s01	13	did	do	AUX	VBD	Mood=Ind|Tense=Past|VerbForm=Fin	15	aux	87	90
tsc-2023-11-08:u0012:s01	14	not	not	PART	RB	_	15	advmod	91	94
tsc-2023-11-08:u0012:s01	15	discuss	discuss	VERB	VB	VerbForm=Inf	0	root	95	102
tsc-2023-11-08:u0013:s00	1	###	###	SYM	NFP	_	0	root	0	3
tsc-2023-11-08:u0013:s00	2	nodejs	nodej	NOUN	NNS	Number=Plur	1	compound	4	10
tsc-2023-11-08:u0013:s00	3	/	/	PUNCT	,	_	4	cc	10	11
tsc-2023-11-08:u0013:s00	4	admin	admin	NOUN	NN	Number=Sing	2	conj	11	16
tsc-2023-11-08:u0014:s00	1	*	*	PUNCT	NFP	_	0	root	0	1
tsc-2023-11-08:u0014:s01	1	Have	have	VERB	VB	Mood=Imp|VerbForm=Fin	0	root	0	4
tsc-2023-11-08:u0014:s01	2	a	a	DET	DT	Definite=Ind|PronType=Art	3	det	5	6
tsc-2023-11-08:u0014:s01	3	mascot	mascot	NOUN	NN	Number=Sing	1	obj	7	13
tsc-2023-11-08:u0014:s01	4	[	[	PUNCT	-LRB-	_	1	punct	14	15
tsc-2023-11-08:u0014:s01	5	#	#	SYM	NN	Number=Sing	7	compound	15	16
tsc-2023-11-08:u0014:s01	6	828	828	NUM	CD	NumType=Card	5	nummod	16	19
tsc-2023-11-08:u0014:s01	7	]	]	PUNCT	-RRB-	_	1	punct	19	20
tsc-2023-11-08:u0014:s01	8	(	(	PUNCT	-LRB-	_	9	punct	20	21
tsc-2023-11-08:u0014:s01	9	https://github.com/nodejs/admin/issues/828	https://github.com/nodejs/admin/issues/828	X	LS	_	1	appos	21	63
tsc-2023-11-08:u0014:s01	10	)	)	PUNCT	-RRB-	_	9	punct	63	64
tsc-2023-11-08:u0014:s01	11	*	*	PUNCT	NFP	_	1	punct	65	66
tsc-2023-11-08:u0014:s01	12	did	do	AUX	VBD	Mood=Ind|Tense=Past|VerbForm=Fin	14	aux	67	70
tsc-2023-11-08:u0014:s01	13	not	not	PART	RB	_	14	advmod	71	74
tsc-2023-11-08:u0014:s01	14	discuss	discuss	VERB	VB	VerbForm=Inf	1	parataxis	75	82
tsc-2023-11-08:u0014:s01	15	*	*	PUNCT	NFP	_	14	punct	83	84
tsc-2023-11-08:u0014:s01	16	Create	create	VERB	VB	VerbForm=Inf	1	parataxis	85	91
tsc-2023-11-08:u0014:s01	17	`	`	PUNCT	``	_	18	punct	92	93
tsc-2023-11-08:u0014:s01	18	nodejs	nodej	NOUN	NNS	Number=Plur	22	compound	93	99
tsc-2023-11-08:u0014:s01	19	/	/	PUNCT	,	_	20	cc	99	100
tsc-2023-11-08:u0014:s01	20	socket	socket	NOUN	NN	Number=Sing	18	conj	100	106
tsc-2023-11-08:u0014:s01	21	`	`	PUNCT	``	_	18	punct	106	107
tsc-2023-11-08:u0014:s01	22	repository	repository	NOUN	NN	Number=Sing	16	obj	108	118
tsc-2023-11-08:u0014:s01	23	for	for	ADP	IN	_	25	case	119	122
tsc-2023-11-08:u0014:s01	24	Node.js	Node.js	PROPN	NNP	Number=Sing	25	compound	123	130
tsc-2023-11-08:u0014:s01	25	implementation	implementation	NOUN	NN	Number=Sing	22	nmod	131	145
tsc-2023-11-08:u0014:s01	26	of	of	ADP	IN	_	30	case	146	148
tsc-2023-11-08:u0014:s01	27	Cloudflare	Cloudflare	PROPN	NNP	Number=Sing	30	nmod:poss	149	159
tsc-2023-11-08:u0014:s01	28	's	's	PART	POS	_	27	case	159	161
tsc-2023-11-08:u0014:s01	29	Socket	Socket	PROPN	NNP	Number=Sing	30	compound	162	168
tsc-2023-11-08:u0014:s01	30	API	Api	PROPN	NNP	Number=Sing	25	nmod	169	172
tsc-2023-11-08:u0014:s01	31	[	[	PUNCT	-LRB-	_	32	punct	173	174
tsc-2023-11-08:u0014:s01	32	#	#	SYM	NN	Number=Sing	36	appos	174	175
tsc-2023-11-08:u0014:s01	33	826	826	NUM	CD	NumType=Card	32	nummod	175	178
tsc-2023-11-08:u0014:s01	34	]	]	PUNCT	-RRB-	_	32	punct	178	179
tsc-2023-11-08:u0014:s01	35	(	(	PUNCT	-LRB-	_	36	punct	179	180
tsc-2023-11-08:u0014:s01	36	https://github.com/nodejs/admin/issues/826	https://github.com/nodejs/admin/issues/826	X	LS	_	41	nummod	180	222
tsc-2023-11-08:u0014:s01	37	)	)	PUNCT	-RRB-	_	36	punct	222	223
tsc-2023-11-08:u0014:s01	38	*	*	PUNCT	NFP	_	36	punct	224	225
tsc-2023-11-08:u0014:s01	39	did	do	AUX	VBD	Mood=Ind|Tense=Past|VerbForm=Fin	41	aux	226	229
tsc-2023-11-08:u0014:s01	40	not	not	PART	RB	_	41	advmod	230	233
tsc-2023-11-08:u0014:s01	41	discuss	discuss	VERB	VB	VerbForm=Inf	16	conj	234	241
tsc-2023-11-08:u0014:s01	42	*	*	PUNCT	NFP	_	45	punct	242	243
tsc-2023-11-08:u0014:s01	43	Update	update	NOUN	NN	Number=Sing	44	compound	244	250
tsc-2023-11-08:u0014:s01	44	meeting	meeting	NOUN	NN	Number=Sing	45	compound	251	258
tsc-2023-11-08:u0014:s01	45	times	time	NOUN	NNS	Number=Plur	41	obl:tmod	259	264
tsc-2023-11-08:u0014:s01	46	[	[	PUNCT	-LRB-	_	45	punct	265	266
tsc-2023-11-08:u0014:s01	47	#	#	SYM	NN	Number=Sing	45	punct	266	267
tsc-2023-11-08:u0014:s01	48	1469	1469	NUM	CD	NumType=Card	47	nummod	267	271
tsc-2023-11-08:u0014:s01	49	]	]	PUNCT	-RRB-	_	45	punct	271	272
tsc-2023-11-08:u0014:s01	50	(	(	PUNCT	-LRB-	_	51	punct	272	273
tsc-2023-11-08:u0014:s01	51	https://github.com/nodejs/TSC/issues/1469	https://github.com/nodejs/TSC/issues/1469	X	LS	_	45	appos	273	314
tsc-2023-11-08:u0014:s01	52	)	)	PUNCT	-RRB-	_	51	punct	314	315
tsc-2023-11-08:u0014:s01	53	*	*	PUNCT	NFP	_	45	punct	316	317
tsc-2023-11-08:u0014:s01	54	call	call	VERB	VB	VerbForm=Inf	45	acl	318	322
tsc-2023-11-08:u0014:s01	55	for	for	ADP	IN	_	56	case	323	326
tsc-2023-11-08:u0014:s01	56	action	action	NOUN	NN	Number=Sing	54	obl	327	333
tsc-2023-11-08:u0014:s01	57	everyone	everyone	PRON	NN	Number=Sing	54	obj	334	342
tsc-2023-11-08:u0014:s01	58	:	:	PUNCT	:	_	57	punct	342	343
tsc-2023-11-08:u0014:s01	59	for	for	SCONJ	IN	_	60	mark	344	347
tsc-2023-11-08:u0014:s01	60	updating	update	VERB	VBG	VerbForm=Ger	57	acl	348	356
tsc-2023-11-08:u0014:s01	61	the	the	DET	DT	Definite=Def|PronType=Art	63	det	357	360
tsc-2023-11-08:u0014:s01	62	meeting	meeting	NOUN	NN	Number=Sing	63	compound	361	368
tsc-2023-11-08:u0014:s01	63	times	time	NOUN	NNS	Number=Plur	60	obl:tmod	369	374
tsc-2023-11-08:u0014:s01	64	.	.	PUNCT	.	_	1	punct	374	375
tsc-2023-11-08:u0014:s02	1	even	even	ADV	RB	_	7	advmod	0	4
tsc-2023-11-08:u0014:s02	2	if	if	SCONJ	IN	_	7	mark	5	7
tsc-2023-11-08:u0014:s02	3	your	you	PRON	PRP$	Person=2|Poss=Yes|PronType=Prs	4	nmod:poss	8	12
tsc-2023-11-08:u0014:s02	4	availability	availability	NOUN	NN	Number=Sing	7	nsubj	13	25
tsc-2023-11-08:u0014:s02	5	does	do	AUX	VBZ	Mood=Ind|Number=Sing|Person=3|Tense=Pres|VerbForm=Fin	7	aux	26	30
tsc-2023-11-08:u0014:s02	6	not	not	PART	RB	_	7	advmod	31	34
tsc-2023-11-08:u0014:s02	7	change	change	VERB	VB	VerbForm=Inf	9	advcl	35	41
tsc-2023-11-08:u0014:s02	8	,	,	PUNCT	,	_	9	punct	41	42
tsc-2023-11-08:u0014:s02	9	make	make	VERB	VB	VerbForm=Inf	0	root	43	47
tsc-2023-11-08:u0014:s02	10	an	a	DET	DT	Definite=Ind|PronType=Art	11	det	48	50
tsc-2023-11-08:u0014:s02	11	update	update	NOUN	NN	Number=Sing	9	obj	51	57
tsc-2023-11-08:u0014:s02	12	so	so	ADV	RB	_	13	advmod	58	60
tsc-2023-11-08:u0014:s02	13	chair	chair	NOUN	NN	Number=Sing	14	nsubj	61	66
tsc-2023-11-08:u0014:s02	14	knows	know	VERB	VBZ	Mood=Ind|Number=Sing|Person=3|Tense=Pres|VerbForm=Fin	9	ccomp	67	72
tsc-2023-11-08:u0014:s02	15	that	that	SCONJ	IN	_	19	mark	73	77
tsc-2023-11-08:u0014:s02	16	it	it	PRON	PRP	Case=Nom|Gender=Neut|Number=Sing|Person=3|PronType=Prs	19	nsubj:pass	78	80
tsc-2023-11-08:u0014:s02	17	has	have	AUX	VBZ	Mood=Ind|Number=Sing|Person=3|Tense=Pres|VerbForm=Fin	19	aux	81	84
tsc-2023-11-08:u0014:s02	18	been	be	AUX	VBN	Tense=Past|VerbForm=Part	19	aux:pass	85	89
tsc-2023-11-08:u0014:s02	19	attended	attend	VERB	VBN	Tense=Past|VerbForm=Part|Voice=Pass	14	ccomp	90	98
tsc-2023-11-08:u0014:s02	20	to	to	ADP	IN	_	19	obl	99	101
tsc-2023-11-08:u0014:s02	21	.	.	PUNCT	.	_	9	punct	101	102
tsc-2023-11-08:u0015:s00	1	##	##	PUNCT	.	_	0	root	0	2
tsc-2023-11-08:u0015:s01	1	Strategic	strategic	ADJ	JJ	Degree=Pos	2	amod	0	9
tsc-2023-11-08:u0015:s01	2	Initiatives	initiative	NOUN	NNS	Number=Plur	0	root	10	21
tsc-2023-11-08:u0016:s00	1	##	##	PUNCT	.	_	0	root	0	2
tsc-2023-11-08:u0016:s01	1	Upcoming	upcoming	ADJ	JJ	Degree=Pos	2	amod	0	8
tsc-2023-11-08:u0016:s01	2	Meetings	meeting	NOUN	NNS	Number=Plur	0	root	9	17
tsc-2023-11-08:u0017:s00	1	*	*	PUNCT	NFP	_	3	punct	0	1
tsc-2023-11-08:u0017:s00	2	**Node.js	**Node.js	PROPN	NNP	Number=Sing	3	compound	2	11
tsc-2023-11-08:u0017:s00	3	Project	project	PROPN	NNP	Number=Sing	0	root	12	19
tsc-2023-11-08:u0017:s00	4	Calendar	calendar	PROPN	NNP	Number=Sing	3	flat	20	28
tsc-2023-11-08:u0017:s00	5	**:	**:	PUNCT	.	_	3	punct	28	31
tsc-2023-11-08:u0017:s00	6	<	<	PUNCT	-LRB-	_	7	punct	32	33
tsc-2023-11-08:u0017:s00	7	https://nodejs.org/calendar	https://nodejs.org/calendar	NOUN	NN	Number=Sing	3	list	33	60
tsc-2023-11-08:u0017:s00	8	>	>	PUNCT	-RRB-	_	7	punct	60	61
tsc-2023-12-06:u0000:s00	1	#	#	SYM	NN	Number=Sing	2	compound	0	1
tsc-2023-12-06:u0000:s00	2	Node.js	Node.js	PROPN	NNP	Number=Sing	5	compound	2	9
tsc-2023-12-06:u0000:s00	3	Technical	technical	PROPN	NNP	Number=Sing	5	compound	10	19
tsc-2023-12-06:u0000:s00	4	Steering	steering	PROPN	NNP	Number=Sing	5	compound	20	28
tsc-2023-12-06:u0000:s00	5	Committee	committee	PROPN	NNP	Number=Sing	0	root	29	38
tsc-2023-12-06:u0000:s00	6	(	(	PUNCT	-LRB-	_	7	punct	39	40
tsc-2023-12-06:u0000:s00	7	TSC	TSC	PROPN	NNP	Number=Sing	5	appos	40	43
tsc-2023-12-06:u0000:s00	8	)	)	PUNCT	-RRB-	_	7	punct	43	44
tsc-2023-12-06:u0000:s01	1	Meeting	meeting	NOUN	NN	Number=Sing	0	root	0	7
tsc-2023-12-06:u0000:s01	2	2023	2023	NUM	CD	NumType=Card	1	nummod	8	12
tsc-2023-12-06:u0000:s01	3	-	-	SYM	SYM	_	4	case	12	13
tsc-2023-12-06:u0000:s01	4	12	12	NUM	CD	NumType=Card	1	nmod	13	15
tsc-2023-12-06:u0000:s01	5	-	-	SYM	SYM	_	6	case	15	16
tsc-2023-12-06:u0000:s01	6	06	06	NUM	CD	NumType=Card	4	nmod	16	18
tsc-2023-12-06:u0001:s00	1	##	##	PUNCT	.	_	0	root	0	2
tsc-2023-12-06:u0001:s01	1	Links	link	NOUN	NNS	Number=Plur	0	root	0	5
tsc-2023-12-06:u0002:s00	1	*	*	PUNCT	NFP	_	0	root	0	1
tsc-2023-12-06:u0002:s01	1	**	**	PUNCT	NFP	_	2	punct	0	2
tsc-2023-12-06:u0002:s01	2	Recording	recording	NOUN	NN	Number=Sing	0	root	2	11
tsc-2023-12-06:u0002:s01	3	**:	**:	PUNCT	.	_	2	punct	11	14
tsc-2023-12-06:u0002:s01	4	<	<	PUNCT	-LRB-	_	5	punct	15	16
tsc-2023-12-06:u0002:s01	5	https://www.youtube.com/watch?v=Yp_3pz_Mwvs	https://www.youtube.com/watch?v=Yp_3pz_Mwvs	NOUN	NNS	Number=Plur	2	appos	16	59
tsc-2023-12-06:u0002:s01	6	>	>	PUNCT	,	_	5	punct	59	60
tsc-2023-12-06:u0002:s01	7	*	*	PUNCT	NFP	_	5	punct	61	62
tsc-2023-12-06:u0002:s01	8	**	**	PUNCT	NFP	_	2	punct	63	65
tsc-2023-12-06:u0002:s01	9	GitHub	GitHub	PROPN	NNP	Number=Sing	10	compound	65	71
tsc-2023-12-06:u0002:s01	10	Issue	issue	PROPN	NNP	Number=Sing	2	appos	72	77
tsc-2023-12-06:u0002:s01	11	**	**	PUNCT	NFP	_	2	punct	77	79
tsc-2023-12-06:u0002:s01	12	:	:	PUNCT	:	_	2	punct	79	80
tsc-2023-12-06:u0002:s01	13	<	<	PUNCT	-LRB-	_	2	punct	81	82
tsc-2023-12-06:u0002:s01	14	https://github.com/nodejs/TSC/issues/1478	https://github.com/nodejs/TSC/issues/1478	X	LS	_	2	appos	82	123
tsc-2023-12-06:u0002:s01	15	>	>	PUNCT	-RRB-	_	2	punct	123	124
tsc-2023-12-06:u0003:s00	1	##	##	PUNCT	.	_	0	root	0	2
tsc-2023-12-06:u0003:s01	1	Present	present	PROPN	NNP	Number=Sing	0	root	0	7
tsc-2023-12-06:u0004:s00	1	*	*	PUNCT	NFP	_	2	punct	0	1
tsc-2023-12-06:u0004:s00	2	Antoine	Antoine	X	GW	_	5	goeswith	2	9
tsc-2023-12-06:u0004:s00	3	du	do	X	GW	_	5	goeswith	10	12
tsc-2023-12-06:u0004:s00	4	Hamel	Hamel	X	GW	_	5	goeswith	13	18
tsc-2023-12-06:u0004:s00	5	@aduh95	@aduh95	NOUN	NN	Number=Sing	64	compound	19	26
tsc-2023-12-06:u0004:s00	6	(	(	PUNCT	-LRB-	_	5	punct	27	28
tsc-2023-12-06:u0004:s00	7	voting	voting	NOUN	NN	Number=Sing	8	compound	28	34
tsc-2023-12-06:u0004:s00	8	member	member	NOUN	NN	Number=Sing	5	appos	35	41
tsc-2023-12-06:u0004:s00	9	)	)	PUNCT	-RRB-	_	8	punct	41	42
tsc-2023-12-06:u0004:s00	10	*	*	PUNCT	NFP	_	5	punct	43	44
tsc-2023-12-06:u0004:s00	11	Ruben	Ruben	PROPN	NNP	Number=Sing	12	compound	45	50
tsc-2023-12-06:u0004:s00	12	Bridgewater	Bridgewater	PROPN	NNP	Number=Sing	5	appos	51	62
tsc-2023-12-06:u0004:s00	13	@	@	ADP	IN	_	14	case	63	64
tsc-2023-12-06:u0004:s00	14	BridgeAR	BridgeAR	PROPN	NNP	Number=Sing	5	nmod	64	72
tsc-2023-12-06:u0004:s00	15	(	(	PUNCT	-LRB-	_	5	punct	73	74
tsc-2023-12-06:u0004:s00	16	voting	voting	NOUN	NN	Number=Sing	17	compound	74	80
tsc-2023-12-06:u0004:s00	17	member	member	NOUN	NN	Number=Sing	5	appos	81	87
tsc-2023-12-06:u0004:s00	18	)	)	PUNCT	-RRB-	_	17	punct	87	88
tsc-2023-12-06:u0004:s00	19	*	*	PUNCT	NFP	_	5	punct	89	90
tsc-2023-12-06:u0004:s00	20	Gireesh	Gireesh	PROPN	NNP	Number=Sing	22	compound	91	98
tsc-2023-12-06:u0004:s00	21	Punathil	Punathil	PROPN	NNP	Number=Sing	20	flat	99	107
tsc-2023-12-06:u0004:s00	22	@gireeshpunathil	@gireeshpunathil	NOUN	NN	Number=Sing	5	conj	108	124
tsc-2023-12-06:u0004:s00	23	(	(	PUNCT	-LRB-	_	5	punct	125	126
tsc-2023-12-06:u0004:s00	24	voting	voting	NOUN	NN	Number=Sing	25	compound	126	132
tsc-2023-12-06:u0004:s00	25	member	member	NOUN	NN	Number=Sing	5	appos	133	139
tsc-2023-12-06:u0004:s00	26	)	)	PUNCT	-RRB-	_	25	punct	139	140
tsc-2023-12-06:u0004:s00	27	*	*	PUNCT	NFP	_	5	punct	141	142
tsc-2023-12-06:u0004:s00	28	Joyee	Joyee	PROPN	NNP	Number=Sing	30	compound	143	148
tsc-2023-12-06:u0004:s00	29	Cheung	Cheung	NOUN	NN	Number=Sing	30	compound	149	155
tsc-2023-12-06:u0004:s00	30	@joyeecheung	@joyeecheung	NOUN	NN	Number=Sing	5	conj	156	168
tsc-2023-12-06:u0004:s00	31	(	(	PUNCT	-LRB-	_	5	punct	169	170
tsc-2023-12-06:u0004:s00	32	voting	voting	NOUN	NN	Number=Sing	33	compound	170	176
tsc-2023-12-06:u0004:s00	33	member	member	NOUN	NN	Number=Sing	5	appos	177	183
tsc-2023-12-06:u0004:s00	34	)	)	PUNCT	-RRB-	_	33	punct	183	184
tsc-2023-12-06:u0004:s00	35	*	*	PUNCT	NFP	_	5	punct	185	186
tsc-2023-12-06:u0004:s00	36	Michael	Michael	PROPN	NNP	Number=Sing	5	conj	187	194
tsc-2023-12-06:u0004:s00	37	Dawson	Dawson	PROPN	NNP	Number=Sing	36	flat	195	201
tsc-2023-12-06:u0004:s00	38	@mhdawson	@mhdawson	NOUN	NN	Number=Sing	36	flat	202	211
tsc-2023-12-06:u0004:s00	39	(	(	PUNCT	-LRB-	_	5	punct	212	213
tsc-2023-12-06:u0004:s00	40	voting	voting	NOUN	NN	Number=Sing	41	compound	213	219
tsc-2023-12-06:u0004:s00	41	member	member	NOUN	NN	Number=Sing	5	appos	220	226
tsc-2023-12-06:u0004:s00	42	)	)	PUNCT	-RRB-	_	41	punct	226	227
tsc-2023-12-06:u0004:s00	43	*	*	PUNCT	NFP	_	5	punct	228	229
tsc-2023-12-06:u0004:s00	44	Moshe	Moshe	PRON	PRP	Case=Nom|Gender=Masc|Number=Sing|Person=3|PronType=Prs	5	conj	230	235
tsc-2023-12-06:u0004:s00	45	Atlow	Atlow	PROPN	NNP	Number=Sing	56	compound	236	241
tsc-2023-12-06:u0004:s00	46	@	@	ADP	IN	_	51	case	242	243
tsc-2023-12-06:u0004:s00	47	Mo	mo	PROPN	NNP	Number=Sing	48	compound	243	245
tsc-2023-12-06:u0004:s00	48	Low	low	PROPN	NNP	Number=Sing	51	compound	245	248
tsc-2023-12-06:u0004:s00	49	(	(	PUNCT	-LRB-	_	51	punct	249	250
tsc-2023-12-06:u0004:s00	50	voting	voting	NOUN	NN	Number=Sing	51	compound	250	256
tsc-2023-12-06:u0004:s00	51	member	member	NOUN	NN	Number=Sing	45	nmod	257	263
tsc-2023-12-06:u0004:s00	52	)	)	PUNCT	-RRB-	_	51	punct	263	264
tsc-2023-12-06:u0004:s00	53	*	*	PUNCT	NFP	_	51	punct	265	266
tsc-2023-12-06:u0004:s00	54	Richard	Richard	PROPN	NNP	Number=Sing	45	appos	267	274
tsc-2023-12-06:u0004:s00	55	Lau	Lau	PROPN	NNP	Number=Sing	54	flat	275	278
tsc-2023-12-06:u0004:s00	56	@richardlau	@richardlau	NOUN	NN	Number=Sing	61	compound	279	290
tsc-2023-12-06:u0004:s00	57	(	(	PUNCT	-LRB-	_	59	punct	291	292
tsc-2023-12-06:u0004:s00	58	voting	voting	NOUN	NN	Number=Sing	59	compound	292	298
tsc-2023-12-06:u0004:s00	59	member	member	NOUN	NN	Number=Sing	56	appos	299	305
tsc-2023-12-06:u0004:s00	60	)	)	PUNCT	-RRB-	_	59	punct	305	306
tsc-2023-12-06:u0004:s00	61	*	*	PUNCT	NFP	_	44	punct	307	308
tsc-2023-12-06:u0004:s00	62	Robert	Robert	PROPN	NNP	Number=Sing	5	conj	309	315
tsc-2023-12-06:u0004:s00	63	Nagy	Nagy	PROPN	NNP	Number=Sing	62	flat	316	320
tsc-2023-12-06:u0004:s00	64	@ronag	@ronag	NOUN	NN	Number=Sing	75	compound	321	327
tsc-2023-12-06:u0004:s00	65	(	(	PUNCT	-LRB-	_	67	punct	328	329
tsc-2023-12-06:u0004:s00	66	voting	voting	NOUN	NN	Number=Sing	67	compound	329	335
tsc-2023-12-06:u0004:s00	67	member	member	NOUN	NN	Number=Sing	64	appos	336	342
tsc-2023-12-06:u0004:s00	68	)	)	PUNCT	-RRB-	_	67	punct	342	343
tsc-2023-12-06:u0004:s00	69	*	*	PUNCT	NFP	_	64	punct	344	345
tsc-2023-12-06:u0004:s00	70	Ruy	Ruy	PROPN	NNP	Number=Sing	64	conj	346	349
tsc-2023-12-06:u0004:s00	71	Adorno	Adorno	PROPN	NNP	Number=Sing	70	flat	350	356
tsc-2023-12-06:u0004:s00	72	@ruyadorno	@ruyadorno	NOUN	NN	Number=Sing	70	flat	357	367
tsc-2023-12-06:u0004:s00	73	(	(	PUNCT	-LRB-	_	64	punct	368	369
tsc-2023-12-06:u0004:s00	74	voting	voting	NOUN	NN	Number=Sing	75	compound	369	375
tsc-2023-12-06:u0004:s00	75	member	member	NOUN	NN	Number=Sing	80	appos	376	382
tsc-2023-12-06:u0004:s00	76	)	)	PUNCT	-RRB-	_	75	punct	382	383
tsc-2023-12-06:u0004:s00	77	*	*	PUNCT	NFP	_	79	punct	384	385
tsc-2023-12-06:u0004:s00	78	Tobias	Tobias	PROPN	NNP	Number=Sing	79	compound	386	392
tsc-2023-12-06:u0004:s00	79	Nießen	Nießen	PROPN	NNP	Number=Sing	75	appos	393	399
tsc-2023-12-06:u0004:s00	80	@tniessen	@tniessen	NUM	CD	NumType=Card	0	root	400	409
tsc-2023-12-06:u0004:s00	81	(	(	PUNCT	-LRB-	_	80	punct	410	411
tsc-2023-12-06:u0004:s00	82	voting	voting	NOUN	NN	Number=Sing	83	compound	411	417
tsc-2023-12-06:u0004:s00	83	member	member	NOUN	NN	Number=Sing	80	parataxis	418	424
tsc-2023-12-06:u0004:s00	84	)	)	PUNCT	-RRB-	_	80	punct	424	425
tsc-2023-12-06:u0005:s00	1	##	##	PUNCT	.	_	0	root	0	2
tsc-2023-12-06:u0005:s01	1	Agenda	agenda	PROPN	NNP	Number=Sing	0	root	0	6
tsc-2023-12-06:u0006:s00	1	###	###	SYM	NFP	_	0	root	0	3
tsc-2023-12-06:u0006:s01	1	Announcements	Announcement	NOUN	NNS	Number=Plur	0	root	0	13
tsc-2023-12-06:u0007:s00	1	###	###	SYM	NFP	_	6	punct	0	3
tsc-2023-12-06:u0007:s00	2	CPC	CPC	PROPN	NNP	Number=Sing	6	compound	4	7
tsc-2023-12-06:u0007:s00	3	and	and	CCONJ	CC	_	4	cc	8	11
tsc-2023-12-06:u0007:s00	4	Board	board	PROPN	NNP	Number=Sing	2	conj	12	17
tsc-2023-12-06:u0007:s00	5	Meeting	meeting	PROPN	NNP	Number=Sing	6	compound	18	25
tsc-2023-12-06:u0007:s00	6	Updates	updates	PROPN	NNP	Number=Sing	0	root	26	33
tsc-2023-12-06:u0008:s00	1	*	*	PUNCT	NFP	_	2	punct	0	1
tsc-2023-12-06:u0008:s00	2	Extracted	Extract	VERB	VBN	Tense=Past|VerbForm=Part	9	amod	1	10
tsc-2023-12-06:u0008:s00	3	from	from	ADP	IN	_	6	case	11	15
tsc-2023-12-06:u0008:s00	4	**tsc	**tsc	NOUN	NN	Number=Sing	6	compound	16	21
tsc-2023-12-06:u0008:s00	5	-	-	PUNCT	HYPH	_	6	punct	21	22
tsc-2023-12-06:u0008:s00	6	agenda	agenda	NOUN	NN	Number=Sing	2	obl	22	28
tsc-2023-12-06:u0008:s00	7	**	**	PUNCT	NFP	_	2	punct	28	30
tsc-2023-12-06:u0008:s00	8	labeled	label	VERB	VBN	Tense=Past|VerbForm=Part	9	amod	31	38
tsc-2023-12-06:u0008:s00	9	issues	issue	NOUN	NNS	Number=Plur	0	root	39	45
tsc-2023-12-06:u0008:s00	10	and	and	CCONJ	CC	_	12	cc	46	49
tsc-2023-12-06:u0008:s00	11	pull	pull	NOUN	NN	Number=Sing	12	compound	50	54
tsc-2023-12-06:u0008:s00	12	requests	request	NOUN	NNS	Number=Plur	9	conj	55	63
tsc-2023-12-06:u0008:s00	13	from	from	ADP	IN	_	16	case	64	68
tsc-2023-12-06:u0008:s00	14	the	the	DET	DT	Definite=Def|PronType=Art	16	det	69	72
tsc-2023-12-06:u0008:s00	15	**	**	PUNCT	NFP	_	16	punct	73	75
tsc-2023-12-06:u0008:s00	16	nodejs	nodej	NOUN	NNS	Number=Plur	12	nmod	75	81
tsc-2023-12-06:u0008:s00	17	org	org	ADJ	JJ	Degree=Pos	16	amod	82	85
tsc-2023-12-06:u0008:s00	18	**	**	PUNCT	NFP	_	9	punct	85	87
tsc-2023-12-06:u0008:s00	19	prior	prior	ADJ	JJ	Degree=Pos	22	case	88	93
tsc-2023-12-06:u0008:s00	20	to	to	ADP	IN	_	19	fixed	94	96
tsc-2023-12-06:u0008:s00	21	the	the	DET	DT	Definite=Def|PronType=Art	22	det	97	100
tsc-2023-12-06:u0008:s00	22	meeting	meeting	NOUN	NN	Number=Sing	9	nmod	101	108
tsc-2023-12-06:u0008:s00	23	.	.	PUNCT	.	_	9	punct	108	109
tsc-2023-12-06:u0009:s00	1	*	*	PUNCT	NFP	_	6	punct	0	1
tsc-2023-12-06:u0009:s00	2	Michael	Michael	PROPN	NNP	Number=Sing	6	nsubj	2	9
tsc-2023-12-06:u0009:s00	3	-	-	PUNCT	HYPH	_	4	punct	10	11
tsc-2023-12-06:u0009:s00	4	CPC	CPC	PROPN	NNP	Number=Sing	2	flat	12	15
tsc-2023-12-06:u0009:s00	5	discussion	discussion	NOUN	NN	Number=Sing	6	nsubj	16	26
tsc-2023-12-06:u0009:s00	6	updates	update	VERB	VBZ	Mood=Ind|Number=Sing|Person=3|Tense=Pres|VerbForm=Fin	0	root	27	34
tsc-2023-12-06:u0009:s00	7	to	to	ADP	IN	_	10	case	35	37
tsc-2023-12-06:u0009:s00	8	the	the	DET	DT	Definite=Def|PronType=Art	10	det	38	41
tsc-2023-12-06:u0009:s00	9	Travel	travel	NOUN	NN	Number=Sing	10	compound	42	48
tsc-2023-12-06:u0009:s00	10	fund	fund	NOUN	NN	Number=Sing	6	obl	49	53
tsc-2023-12-06:u0009:s00	11	,	,	PUNCT	,	_	6	punct	53	54
tsc-2023-12-06:u0009:s00	12	if	if	SCONJ	IN	_	15	mark	55	57
tsc-2023-12-06:u0009:s00	13	you	you	PRON	PRP	Case=Nom|Person=2|PronType=Prs	15	nsubj	58	61
tsc-2023-12-06:u0009:s00	14	are	be	AUX	VBP	Mood=Ind|Tense=Pres|VerbForm=Fin	15	cop	62	65
tsc-2023-12-06:u0009:s00	15	interested	interested	ADJ	JJ	Degree=Pos	6	advcl	66	76
tsc-2023-12-06:u0009:s00	16	please	please	INTJ	UH	_	17	discourse	77	83
tsc-2023-12-06:u0009:s00	17	check	check	VERB	VB	VerbForm=Inf	15	conj	84	89
tsc-2023-12-06:u0009:s00	18	out	out	ADP	RP	_	17	compound:prt	90	93
tsc-2023-12-06:u0009:s00	19	the	the	DET	DT	Definite=Def|PronType=Art	20	det	94	97
tsc-2023-12-06:u0009:s00	20	issue	issue	NOUN	NN	Number=Sing	17	obj	98	103
tsc-2023-12-06:u0009:s00	21	or	or	CCONJ	CC	_	22	cc	104	106
tsc-2023-12-06:u0009:s00	22	comment	comment	NOUN	NN	Number=Sing	20	conj	107	114
tsc-2023-12-06:u0009:s00	23	on	on	ADP	IN	_	25	case	115	117
tsc-2023-12-06:u0009:s00	24	updated	updated	ADJ	JJ	Degree=Pos	25	amod	118	125
tsc-2023-12-06:u0009:s00	25	proposal	proposal	NOUN	NN	Number=Sing	20	nmod	126	134
tsc-2023-12-06:u0009:s00	26	when	when	ADV	WRB	PronType=Int	29	mark	135	139
tsc-2023-12-06:u0009:s00	27	it	it	PRON	PRP	Case=Nom|Gender=Neut|Number=Sing|Person=3|PronType=Prs	29	nsubj:pass	140	142
tsc-2023-12-06:u0009:s00	28	is	be	AUX	VBZ	Mood=Ind|Number=Sing|Person=3|Tense=Pres|VerbForm=Fin	29	aux:pass	143	145
tsc-2023-12-06:u0009:s00	29	published	publish	VERB	VBN	Tense=Past|VerbForm=Part|Voice=Pass	17	advcl	146	155
tsc-2023-12-06:u0009:s00	30	.	.	PUNCT	.	_	6	punct	155	156
tsc-2023-12-06:u0010:s00	1	###	###	SYM	NFP	_	0	root	0	3
tsc-2023-12-06:u0010:s00	2	nodejs	nodej	NOUN	NNS	Number=Plur	1	compound	4	10
tsc-2023-12-06:u0010:s00	3	/	/	PUNCT	,	_	4	cc	10	11
tsc-2023-12-06:u0010:s00	4	node	node	NOUN	NN	Number=Sing	2	conj	11	15
tsc-2023-12-06:u0011:s00	1	*	*	PUNCT	NFP	_	2	punct	0	1
tsc-2023-12-06:u0011:s00	2	lib	lib	NOUN	NN	Number=Sing	0	root	2	5
tsc-2023-12-06:u0011:s00	3	:	:	PUNCT	:	_	2	punct	5	6
tsc-2023-12-06:u0011:s00	4	promote	promote	VERB	VB	VerbForm=Inf	2	appos	7	14
tsc-2023-12-06:u0011:s00	5	process.binding/_tickCallback	process.binding/_tickCallback	NOUN	NN	Number=Sing	4	obj	15	44
tsc-2023-12-06:u0011:s00	6	to	to	PART	TO	_	7	mark	45	47
tsc-2023-12-06:u0011:s00	7	runtime	runtime	VERB	VB	VerbForm=Inf	4	advcl	48	55
tsc-2023-12-06:u0011:s00	8	deprecation	deprecation	NOUN	NN	Number=Sing	10	compound	56	67
tsc-2023-12-06:u0011:s00	9	[	[	PUNCT	-LRB-	_	10	punct	68	69
tsc-2023-12-06:u0011:s00	10	#50687	#50687	NOUN	NN	Number=Sing	7	obj	69	75
tsc-2023-12-06:u0011:s00	11	]	]	PUNCT	-RRB-	_	10	punct	75	76
tsc-2023-12-06:u0011:s00	12	(	(	PUNCT	-LRB-	_	13	punct	76	77
tsc-2023-12-06:u0011:s00	13	https://github.com/nodejs/node/pull/50687	https://github.com/nodejs/node/pull/50687	X	LS	_	10	appos	77	118
tsc-2023-12-06:u0011:s00	14	)	)	PUNCT	-RRB-	_	13	punct	118	119
tsc-2023-12-06:u0011:s00	15	*	*	PUNCT	NFP	_	4	punct	120	121
tsc-2023-12-06:u0011:s00	16	Discussed	discuss	VERB	VBD	Mood=Ind|Tense=Past|VerbForm=Fin	4	conj	122	131
tsc-2023-12-06:u0011:s00	17	a	a	DET	DT	Definite=Ind|PronType=Art	19	det	132	133
tsc-2023-12-06:u0011:s00	18	few	few	ADJ	JJ	Degree=Pos	19	amod	134	137
tsc-2023-12-06:u0011:s00	19	weeks	week	NOUN	NNS	Number=Plur	20	obl:npmod	138	143
tsc-2023-12-06:u0011:s00	20	ago	ago	ADV	RB	_	16	advmod	144	147
tsc-2023-12-06:u0011:s00	21	,	,	PUNCT	,	_	24	punct	147	148
tsc-2023-12-06:u0011:s00	22	Joyee	Joyee	PROPN	NNP	Number=Sing	24	nsubj	149	154
tsc-2023-12-06:u0011:s00	23	had	have	AUX	VBD	Mood=Ind|Tense=Past|VerbForm=Fin	24	aux	155	158
tsc-2023-12-06:u0011:s00	24	suggested	suggest	VERB	VBN	Tense=Past|VerbForm=Part	4	conj	159	168
tsc-2023-12-06:u0011:s00	25	that	that	SCONJ	IN	_	27	mark	169	173
tsc-2023-12-06:u0011:s00	26	we	we	PRON	PRP	Case=Nom|Number=Plur|Person=1|PronType=Prs	27	nsubj	174	176
tsc-2023-12-06:u0011:s00	27	follow	follow	VERB	VBP	Mood=Ind|Tense=Pres|VerbForm=Fin	24	ccomp	177	183
tsc-2023-12-06:u0011:s00	28	earlier	earlier	ADJ	JJR	Degree=Cmp	29	amod	184	191
tsc-2023-12-06:u0011:s00	29	suggestion	suggestion	NOUN	NN	Number=Sing	27	obj	192	202
tsc-2023-12-06:u0011:s00	30	for	for	ADP	IN	_	31	case	203	206
tsc-2023-12-06:u0011:s00	31	Anna	Anna	PROPN	NNP	Number=Sing	29	nmod	207	211
tsc-2023-12-06:u0011:s00	32	in	in	ADP	IN	_	33	case	212	214
tsc-2023-12-06:u0011:s00	33	terms	term	NOUN	NNS	Number=Plur	27	obl	215	220
tsc-2023-12-06:u0011:s00	34	of	of	SCONJ	IN	_	35	mark	221	223
tsc-2023-12-06:u0011:s00	35	doing	do	VERB	VBG	VerbForm=Ger	33	acl	224	229
tsc-2023-12-06:u0011:s00	36	it	it	PRON	PRP	Case=Acc|Gender=Neut|Number=Sing|Person=3|PronType=Prs	35	obj	230	232
tsc-2023-12-06:u0011:s00	37	incrementally	incrementally	ADV	RB	_	35	advmod	233	246
tsc-2023-12-06:u0011:s00	38	.	.	PUNCT	.	_	2	punct	246	247
tsc-2023-12-06:u0011:s00	39	*	*	PUNCT	NFP	_	2	punct	248	249
tsc-2023-12-06:u0011:s00	40	James	James	PROPN	NNP	Number=Sing	42	nsubj	250	255
tsc-2023-12-06:u0011:s00	41	had	have	AUX	VBD	Mood=Ind|Tense=Past|VerbForm=Fin	42	aux	256	259
tsc-2023-12-06:u0011:s00	42	said	say	VERB	VBN	Tense=Past|VerbForm=Part	2	parataxis	260	264
tsc-2023-12-06:u0011:s00	43	in	in	ADP	IN	_	45	case	265	267
tsc-2023-12-06:u0011:s00	44	last	last	ADJ	JJ	Degree=Pos	45	amod	268	272
tsc-2023-12-06:u0011:s00	45	meeting	meeting	NOUN	NN	Number=Sing	42	obl	273	280
tsc-2023-12-06:u0011:s00	46	,	,	PUNCT	,	_	42	punct	280	281
tsc-2023-12-06:u0011:s00	47	he	he	PRON	PRP	Case=Nom|Gender=Masc|Number=Sing|Person=3|PronType=Prs	48	nsubj	282	284
tsc-2023-12-06:u0011:s00	48	agrees	agree	VERB	VBZ	Mood=Ind|Number=Sing|Person=3|Tense=Pres|VerbForm=Fin	42	ccomp	285	291
tsc-2023-12-06:u0011:s00	49	it	it	PRON	PRP	Case=Nom|Gender=Neut|Number=Sing|Person=3|PronType=Prs	50	nsubj	292	294
tsc-2023-12-06:u0011:s00	50	makes	make	VERB	VBZ	Mood=Ind|Number=Sing|Person=3|Tense=Pres|VerbForm=Fin	48	ccomp	295	300
tsc-2023-12-06:u0011:s00	51	sense	sense	NOUN	NN	Number=Sing	50	obj	301	306
tsc-2023-12-06:u0011:s00	52	to	to	PART	TO	_	53	mark	307	309
tsc-2023-12-06:u0011:s00	53	defer	defer	VERB	VB	VerbForm=Inf	50	xcomp	310	315
tsc-2023-12-06:u0011:s00	54	a	a	DET	DT	Definite=Ind|PronType=Art	55	det	316	317
tsc-2023-12-06:u0011:s00	55	bit	bit	NOUN	NN	Number=Sing	53	obj	318	321
tsc-2023-12-06:u0011:s00	56	,	,	PUNCT	,	_	50	punct	321	322
tsc-2023-12-06:u0011:s00	57	still	still	ADV	RB	_	58	advmod	323	328
tsc-2023-12-06:u0011:s00	58	have	have	VERB	VBP	Mood=Ind|Tense=Pres|VerbForm=Fin	50	ccomp	329	333
tsc-2023-12-06:u0011:s00	59	some	some	DET	DT	_	60	det	334	338
tsc-2023-12-06:u0011:s00	60	time	time	NOUN	NN	Number=Sing	58	obj	339	343
tsc-2023-12-06:u0011:s00	61	to	to	PART	TO	_	62	mark	344	346
tsc-2023-12-06:u0011:s00	62	figure	figure	VERB	VB	VerbForm=Inf	60	acl	347	353
tsc-2023-12-06:u0011:s00	63	out	out	ADP	RP	_	62	compound:prt	354	357
tsc-2023-12-06:u0011:s00	64	if	if	SCONJ	IN	_	67	mark	358	360
tsc-2023-12-06:u0011:s00	65	we	we	PRON	PRP	Case=Nom|Number=Plur|Person=1|PronType=Prs	67	nsubj	361	363
tsc-2023-12-06:u0011:s00	66	should	should	AUX	MD	VerbForm=Fin	67	aux	364	370
tsc-2023-12-06:u0011:s00	67	do	do	VERB	VB	VerbForm=Inf	71	advcl	371	373
tsc-2023-12-06:u0011:s00	68	it	it	PRON	PRP	Case=Acc|Gender=Neut|Number=Sing|Person=3|PronType=Prs	67	obj	374	376
tsc-2023-12-06:u0011:s00	69	incrementally	incrementally	ADV	RB	_	67	advmod	377	390
tsc-2023-12-06:u0011:s00	70	*	*	PUNCT	NFP	_	71	punct	391	392
tsc-2023-12-06:u0011:s00	71	Discussed	discuss	VERB	VBN	Tense=Past|VerbForm=Part|Voice=Pass	62	ccomp	393	402
tsc-2023-12-06:u0011:s00	72	if	if	SCONJ	IN	_	75	mark	403	405
tsc-2023-12-06:u0011:s00	73	we	we	PRON	PRP	Case=Nom|Number=Plur|Person=1|PronType=Prs	75	nsubj	406	408
tsc-2023-12-06:u0011:s00	74	should	should	AUX	MD	VerbForm=Fin	75	aux	409	415
tsc-2023-12-06:u0011:s00	75	have	have	VERB	VB	VerbForm=Inf	50	advcl	416	420
tsc-2023-12-06:u0011:s00	76	a	a	DET	DT	Definite=Ind|PronType=Art	77	det	421	422
tsc-2023-12-06:u0011:s00	77	vote	vote	NOUN	NN	Number=Sing	75	obj	423	427
tsc-2023-12-06:u0011:s00	78	.	.	PUNCT	.	_	50	punct	427	428
tsc-2023-12-06:u0011:s00	79	*	*	PUNCT	NFP	_	50	punct	429	430
tsc-2023-12-06:u0011:s00	80	Joyee	Joyee	PROPN	NNP	Number=Sing	82	nsubj	431	436
tsc-2023-12-06:u0011:s00	81	will	will	AUX	MD	VerbForm=Fin	82	aux	437	441
tsc-2023-12-06:u0011:s00	82	open	open	VERB	VB	VerbForm=Inf	50	ccomp	442	446
tsc-2023-12-06:u0011:s00	83	TSC	TSC	PROPN	NNP	Number=Sing	84	compound	447	450
tsc-2023-12-06:u0011:s00	84	issue	issue	NOUN	NN	Number=Sing	82	obj	451	456
tsc-2023-12-06:u0011:s00	85	to	to	PART	TO	_	86	mark	457	459
tsc-2023-12-06:u0011:s00	86	get	get	VERB	VB	VerbForm=Inf	82	advcl	460	463
tsc-2023-12-06:u0011:s00	87	gather	gather	NOUN	NN	Number=Sing	88	compound	464	470
tsc-2023-12-06:u0011:s00	88	info	info	NOUN	NN	Number=Sing	86	obj	471	475
tsc-2023-12-06:u0011:s00	89	and	and	CCONJ	CC	_	91	cc	476	479
tsc-2023-12-06:u0011:s00	90	with	with	ADP	IN	_	91	case	480	484
tsc-2023-12-06:u0011:s00	91	goal	goal	NOUN	NN	Number=Sing	88	conj	485	489
tsc-2023-12-06:u0011:s00	92	of	of	SCONJ	IN	_	93	mark	490	492
tsc-2023-12-06:u0011:s00	93	turning	turn	VERB	VBG	VerbForm=Ger	91	acl	493	500
tsc-2023-12-06:u0011:s00	94	that	that	PRON	DT	Number=Sing|PronType=Dem	93	obj	501	505
tsc-2023-12-06:u0011:s00	95	into	into	ADP	IN	_	97	case	506	510
tsc-2023-12-06:u0011:s00	96	a	a	DET	DT	Definite=Ind|PronType=Art	97	det	511	512
tsc-2023-12-06:u0011:s00	97	set	set	NOUN	NN	Number=Sing	93	obl	513	516
tsc-2023-12-06:u0011:s00	98	of	of	ADP	IN	_	99	case	517	519
tsc-2023-12-06:u0011:s00	99	options	option	NOUN	NNS	Number=Plur	97	nmod	520	527
tsc-2023-12-06:u0011:s00	100	for	for	ADP	IN	_	102	case	528	531
tsc-2023-12-06:u0011:s00	101	a	a	DET	DT	Definite=Ind|PronType=Art	102	det	532	533
tsc-2023-12-06:u0011:s00	102	vote	vote	NOUN	NN	Number=Sing	97	nmod	534	538
tsc-2023-12-06:u0011:s00	103	.	.	PUNCT	.	_	2	punct	538	539
tsc-2023-12-06:u0012:s00	1	*	*	PUNCT	NFP	_	20	punct	0	1
tsc-2023-12-06:u0012:s00	2	Seeking	seek	VERB	VBG	VerbForm=Ger	20	csubj	2	9
tsc-2023-12-06:u0012:s00	3	approval	approval	NOUN	NN	Number=Sing	2	obj	10	18
tsc-2023-12-06:u0012:s00	4	to	to	PART	TO	_	5	mark	19	21
tsc-2023-12-06:u0012:s00	5	use	use	VERB	VB	VerbForm=Inf	3	acl	22	25
tsc-2023-12-06:u0012:s00	6	the	the	DET	DT	Definite=Def|PronType=Art	8	det	26	29
tsc-2023-12-06:u0012:s00	7	Node.js	Node.js	PROPN	NNP	Number=Sing	8	compound	30	37
tsc-2023-12-06:u0012:s00	8	logo	logo	NOUN	NN	Number=Sing	5	obj	38	42
tsc-2023-12-06:u0012:s00	9	on	on	ADP	IN	_	12	case	43	45
tsc-2023-12-06:u0012:s00	10	the	the	DET	DT	Definite=Def|PronType=Art	12	det	46	49
tsc-2023-12-06:u0012:s00	11	WinterCG	WinterCG	NOUN	NN	Number=Sing	12	compound	50	58
tsc-2023-12-06:u0012:s00	12	website	website	NOUN	NN	Number=Sing	5	obl	59	66
tsc-2023-12-06:u0012:s00	13	[	[	PUNCT	-LRB-	_	14	punct	67	68
tsc-2023-12-06:u0012:s00	14	#50668	#50668	NUM	CD	NumType=Card	12	appos	68	74
tsc-2023-12-06:u0012:s00	15	]	]	PUNCT	-RRB-	_	14	punct	74	75
tsc-2023-12-06:u0012:s00	16	(	(	PUNCT	-LRB-	_	17	punct	75	76
tsc-2023-12-06:u0012:s00	17	https://github.com/nodejs/node/issues/50668	https://github.com/nodejs/node/issues/50668	X	LS	_	14	appos	76	119
tsc-2023-12-06:u0012:s00	18	)	)	PUNCT	-RRB-	_	17	punct	119	120
tsc-2023-12-06:u0012:s00	19	*	*	PUNCT	NFP	_	20	punct	121	122
tsc-2023-12-06:u0012:s00	20	Agreed	agree	VERB	VBD	Mood=Ind|Tense=Past|VerbForm=Fin	0	root	123	129
tsc-2023-12-06:u0012:s00	21	this	this	PRON	DT	Number=Sing|PronType=Dem	24	nsubj:pass	130	134
tsc-2023-12-06:u0012:s00	22	can	can	AUX	MD	VerbForm=Fin	24	aux	135	138
tsc-2023-12-06:u0012:s00	23	be	be	AUX	VB	VerbForm=Inf	24	aux:pass	139	141
tsc-2023-12-06:u0012:s00	24	dropped	drop	VERB	VBN	Tense=Past|VerbForm=Part|Voice=Pass	20	ccomp	142	149
tsc-2023-12-06:u0012:s00	25	from	from	ADP	IN	_	26	case	150	154
tsc-2023-12-06:u0012:s00	26	agenda	agenda	NOUN	NN	Number=Sing	24	obl	155	161
tsc-2023-12-06:u0012:s00	27	as	as	ADP	IN	_	29	case	162	164
tsc-2023-12-06:u0012:s00	28	no	no	DET	DT	_	29	det	165	167
tsc-2023-12-06:u0012:s00	29	objections	objection	NOUN	NNS	Number=Plur	24	obl	168	178
tsc-2023-12-06:u0012:s00	30	in	in	ADP	IN	_	31	case	179	181
tsc-2023-12-06:u0012:s00	31	issue	issue	NOUN	NN	Number=Sing	29	nmod	182	187
tsc-2023-12-06:u0012:s00	32	and	and	CCONJ	CC	_	34	cc	188	191
tsc-2023-12-06:u0012:s00	33	its	its	PRON	PRP$	Gender=Neut|Number=Sing|Person=3|Poss=Yes|PronType=Prs	34	nmod:poss	192	195
tsc-2023-12-06:u0012:s00	34	moving	move	VERB	VBG	VerbForm=Ger	24	conj	196	202
tsc-2023-12-06:u0012:s00	35	forward	forward	ADV	RB	_	34	advmod	203	210
tsc-2023-12-06:u0012:s00	36	and	and	CCONJ	CC	_	38	cc	211	214
tsc-2023-12-06:u0012:s00	37	there	there	PRON	EX	_	38	expl	215	220
tsc-2023-12-06:u0012:s00	38	is	be	VERB	VBZ	Mood=Ind|Number=Sing|Person=3|Tense=Pres|VerbForm=Fin	34	conj	221	223
tsc-2023-12-06:u0012:s00	39	sufficient	sufficient	ADJ	JJ	Degree=Pos	40	amod	224	234
tsc-2023-12-06:u0012:s00	40	FYI	fyi	NOUN	NNS	Number=Plur	38	nsubj	235	238
tsc-2023-12-06:u0012:s00	41	to	to	PART	TO	_	42	mark	239	241
tsc-2023-12-06:u0012:s00	42	TSC	TSC	VERB	VB	VerbForm=Inf	40	acl	242	245
tsc-2023-12-06:u0012:s00	43	.	.	PUNCT	.	_	20	punct	245	246
tsc-2023-12-06:u0013:s00	1	###	###	SYM	NFP	_	0	root	0	3
tsc-2023-12-06:u0013:s00	2	nodejs	nodej	NOUN	NNS	Number=Plur	1	compound	4	10
tsc-2023-12-06:u0013:s00	3	/	/	PUNCT	,	_	4	cc	10	11
tsc-2023-12-06:u0013:s00	4	TSC	TSC	NOUN	NN	Number=Sing	2	conj	11	14
tsc-2023-12-06:u0014:s00	1	*	*	PUNCT	NFP	_	4	punct	0	1
tsc-2023-12-06:u0014:s00	2	Update	update	NOUN	NN	Number=Sing	3	compound	2	8
tsc-2023-12-06:u0014:s00	3	meeting	meeting	NOUN	NN	Number=Sing	4	compound	9	16
tsc-2023-12-06:u0014:s00	4	times	time	NOUN	NNS	Number=Plur	0	root	17	22
tsc-2023-12-06:u0014:s00	5	[	[	PUNCT	-LRB-	_	4	punct	23	24
tsc-2023-12-06:u0014:s00	6	#	#	SYM	NN	Number=Sing	8	compound	24	25
tsc-2023-12-06:u0014:s00	7	1469	1469	NUM	CD	NumType=Card	6	nummod	25	29
tsc-2023-12-06:u0014:s00	8	]	]	PUNCT	-RRB-	_	4	punct	29	30
tsc-2023-12-06:u0014:s00	9	(	(	PUNCT	-LRB-	_	10	punct	30	31
tsc-2023-12-06:u0014:s00	10	https://github.com/nodejs/TSC/issues/1469	https://github.com/nodejs/TSC/issues/1469	X	ADD	_	4	appos	31	72
tsc-2023-12-06:u0014:s00	11	)	)	PUNCT	-RRB-	_	10	punct	72	73
tsc-2023-12-06:u0014:s00	12	*	*	PUNCT	NFP	_	4	punct	74	75
tsc-2023-12-06:u0014:s01	1	Unless	unless	SCONJ	IN	_	3	mark	0	6
tsc-2023-12-06:u0014:s01	2	there	there	PRON	EX	_	3	expl	7	12
tsc-2023-12-06:u0014:s01	3	are	be	VERB	VBP	Mood=Ind|Tense=Pres|VerbForm=Fin	0	root	13	16
tsc-2023-12-06:u0014:s01	4	objections	objection	NOUN	NNS	Number=Plur	3	nsubj	17	27
tsc-2023-12-06:u0014:s01	5	in	in	ADP	IN	_	7	case	28	30
tsc-2023-12-06:u0014:s01	6	meeting	meeting	NOUN	NN	Number=Sing	7	compound	31	38
tsc-2023-12-06:u0014:s01	7	lets	let	NOUN	NNS	Number=Plur	4	nmod	39	43
tsc-2023-12-06:u0014:s01	8	move	move	VERB	VBP	Mood=Ind|Tense=Pres|VerbForm=Fin	3	parataxis	44	48
tsc-2023-12-06:u0014:s01	9	to	to	ADP	IN	_	11	case	49	51
tsc-2023-12-06:u0014:s01	10	the	the	DET	DT	Definite=Def|PronType=Art	11	det	52	55
tsc-2023-12-06:u0014:s01	11	times	time	NOUN	NNS	Number=Plur	8	obl	56	61
tsc-2023-12-06:u0014:s01	12	suggested	suggest	VERB	VBD	Mood=Ind|Tense=Past|VerbForm=Fin	8	conj	62	71
tsc-2023-12-06:u0014:s01	13	in	in	ADP	IN	_	15	case	72	74
tsc-2023-12-06:u0014:s01	14	<	<	SYM	$	_	15	punct	75	76
tsc-2023-12-06:u0014:s01	15	https://github.com/nodejs/TSC/issues/1469	https://github.com/nodejs/TSC/issues/1469	NUM	CD	NumType=Card	12	obl	76	117
tsc-2023-12-06:u0014:s01	16	#issuecomment-1834589713	#issuecomment-1834589713	NUM	CD	NumType=Card	15	appos	117	141
tsc-2023-12-06:u0014:s01	17	>	>	PUNCT	-RRB-	_	16	punct	141	142
tsc-2023-12-06:u0014:s02	1	which	which	PRON	WDT	PronType=Int	6	nsubj	0	5
tsc-2023-12-06:u0014:s02	2	are	be	AUX	VBP	Mood=Ind|Tense=Pres|VerbForm=Fin	6	cop	6	9
tsc-2023-12-06:u0014:s02	3	15	15	NUM	CD	NumType=Card	6	nummod	10	12
tsc-2023-12-06:u0014:s02	4	and	and	CCONJ	CC	_	5	cc	13	16
tsc-2023-12-06:u0014:s02	5	16	16	NUM	CD	NumType=Card	3	conj	17	19
tsc-2023-12-06:u0014:s02	6	UTC	Utc	NOUN	NN	Number=Sing	0	root	20	23
tsc-2023-12-06:u0014:s02	7	*	*	PUNCT	NFP	_	6	punct	24	25
tsc-2023-12-06:u0014:s02	8	No	no	DET	DT	_	9	det	26	28
tsc-2023-12-06:u0014:s02	9	objections	objection	NOUN	NNS	Number=Plur	6	conj	29	39
tsc-2023-12-06:u0014:s02	10	to	to	ADP	IN	_	12	case	40	42
tsc-2023-12-06:u0014:s02	11	the	the	DET	DT	Definite=Def|PronType=Art	12	det	43	46
tsc-2023-12-06:u0014:s02	12	times	time	NOUN	NNS	Number=Plur	9	nmod	47	52
tsc-2023-12-06:u0014:s02	13	15	15	NUM	CD	NumType=Card	12	nummod	53	55
tsc-2023-12-06:u0014:s02	14	and	and	CCONJ	CC	_	18	cc	56	59
tsc-2023-12-06:u0014:s02	15	16	16	NUM	CD	NumType=Card	18	nummod	60	62
tsc-2023-12-06:u0014:s02	16	in	in	ADP	IN	_	17	case	63	65
tsc-2023-12-06:u0014:s02	17	TSC	TSC	PROPN	NNP	Number=Sing	15	nmod	66	69
tsc-2023-12-06:u0014:s02	18	meeting	meeting	NOUN	NN	Number=Sing	12	conj	70	77
tsc-2023-12-06:u0014:s02	19	today	today	NOUN	NN	Number=Sing	12	nmod:tmod	78	83
tsc-2023-12-06:u0014:s02	20	,	,	PUNCT	,	_	22	punct	83	84
tsc-2023-12-06:u0014:s02	21	will	will	AUX	MD	VerbForm=Fin	22	aux	85	89
tsc-2023-12-06:u0014:s02	22	action	action	NOUN	NN	Number=Sing	6	conj	90	96
tsc-2023-12-06:u0014:s02	23	.	.	PUNCT	.	_	22	punct	96	97
tsc-2023-12-06:u0015:s00	1	###	###	SYM	NFP	_	0	root	0	3
tsc-2023-12-06:u0015:s00	2	nodejs	nodej	NOUN	NNS	Number=Plur	1	compound	4	10
tsc-2023-12-06:u0015:s00	3	/	/	PUNCT	,	_	4	cc	10	11
tsc-2023-12-06:u0015:s00	4	admin	admin	NOUN	NN	Number=Sing	2	conj	11	16
tsc-2023-12-06:u0016:s00	1	*	*	PUNCT	NFP	_	0	root	0	1
tsc-2023-12-06:u0016:s01	1	Have	have	VERB	VB	Mood=Imp|VerbForm=Fin	0	root	0	4
tsc-2023-12-06:u0016:s01	2	a	a	DET	DT	Definite=Ind|PronType=Art	3	det	5	6
tsc-2023-12-06:u0016:s01	3	mascot	mascot	NOUN	NN	Number=Sing	1	obj	7	13
tsc-2023-12-06:u0016:s01	4	[	[	PUNCT	-LRB-	_	1	punct	14	15
tsc-2023-12-06:u0016:s01	5	#	#	SYM	NN	Number=Sing	7	compound	15	16
tsc-2023-12-06:u0016:s01	6	828	828	NUM	CD	NumType=Card	5	nummod	16	19
tsc-2023-12-06:u0016:s01	7	]	]	PUNCT	-RRB-	_	1	punct	19	20
tsc-2023-12-06:u0016:s01	8	(	(	PUNCT	-LRB-	_	9	punct	20	21
tsc-2023-12-06:u0016:s01	9	https://github.com/nodejs/admin/issues/828	https://github.com/nodejs/admin/issues/828	X	LS	_	1	appos	21	63
tsc-2023-12-06:u0016:s01	10	)	)	PUNCT	-RRB-	_	9	punct	63	64
tsc-2023-12-06:u0016:s01	11	*	*	PUNCT	NFP	_	1	punct	65	66
tsc-2023-12-06:u0016:s01	12	Agreed	agree	VERB	VB	Mood=Imp|VerbForm=Fin	1	parataxis	67	73
tsc-2023-12-06:u0016:s01	13	to	to	PART	TO	_	14	mark	74	76
tsc-2023-12-06:u0016:s01	14	remove	remove	VERB	VB	VerbForm=Inf	12	xcomp	77	83
tsc-2023-12-06:u0016:s01	15	from	from	ADP	IN	_	17	case	84	88
tsc-2023-12-06:u0016:s01	16	the	the	DET	DT	Definite=Def|PronType=Art	17	det	89	92
tsc-2023-12-06:u0016:s01	17	agenda	agenda	NOUN	NN	Number=Sing	14	obl	93	99
tsc-2023-12-06:u0016:s01	18	until	until	SCONJ	IN	_	20	mark	100	105
tsc-2023-12-06:u0016:s01	19	there	there	PRON	EX	_	20	expl	106	111
tsc-2023-12-06:u0016:s01	20	is	be	VERB	VBZ	Mood=Ind|Number=Sing|Person=3|Tense=Pres|VerbForm=Fin	14	advcl	112	114
tsc-2023-12-06:u0016:s01	21	a	a	DET	DT	Definite=Ind|PronType=Art	22	det	115	116
tsc-2023-12-06:u0016:s01	22	question	question	NOUN	NN	Number=Sing	20	nsubj	117	125
tsc-2023-12-06:u0016:s01	23	for	for	ADP	IN	_	25	case	126	129
tsc-2023-12-06:u0016:s01	24	the	the	DET	DT	Definite=Def|PronType=Art	25	det	130	133
tsc-2023-12-06:u0016:s01	25	TSC	TSC	PROPN	NNPS	Number=Plur	22	nmod	134	137
tsc-2023-12-06:u0016:s01	26	again	again	ADV	RB	_	1	advmod	138	143
tsc-2023-12-06:u0017:s00	1	*	*	PUNCT	NFP	_	2	punct	0	1
tsc-2023-12-06:u0017:s00	2	Create	create	VERB	VB	Mood=Imp|VerbForm=Fin	0	root	2	8
tsc-2023-12-06:u0017:s00	3	`	`	PUNCT	``	_	2	punct	9	10
tsc-2023-12-06:u0017:s00	4	nodejs	nodej	NOUN	NNS	Number=Plur	2	obj	10	16
tsc-2023-12-06:u0017:s00	5	/	/	PUNCT	,	_	6	cc	16	17
tsc-2023-12-06:u0017:s00	6	socket	socket	VERB	VB	Mood=Imp|VerbForm=Fin	4	conj	17	23
tsc-2023-12-06:u0017:s00	7	`	`	PUNCT	``	_	6	punct	23	24
tsc-2023-12-06:u0017:s00	8	repository	repository	VERB	VB	Mood=Imp|VerbForm=Fin	2	conj	25	35
tsc-2023-12-06:u0017:s00	9	for	for	ADP	IN	_	11	case	36	39
tsc-2023-12-06:u0017:s00	10	Node.js	Node.js	PROPN	NNP	Number=Sing	11	compound	40	47
tsc-2023-12-06:u0017:s00	11	implementation	implementation	NOUN	NN	Number=Sing	8	obl	48	62
tsc-2023-12-06:u0017:s00	12	of	of	ADP	IN	_	16	case	63	65
tsc-2023-12-06:u0017:s00	13	Cloudflare	Cloudflare	PROPN	NNP	Number=Sing	16	nmod:poss	66	76
tsc-2023-12-06:u0017:s00	14	's	's	PART	POS	_	13	case	76	78
tsc-2023-12-06:u0017:s00	15	Socket	Socket	PROPN	NNP	Number=Sing	16	compound	79	85
tsc-2023-12-06:u0017:s00	16	API	Api	PROPN	NNP	Number=Sing	11	nmod	86	89
tsc-2023-12-06:u0017:s00	17	[	[	PUNCT	-LRB-	_	18	punct	90	91
tsc-2023-12-06:u0017:s00	18	#	#	SYM	NN	Number=Sing	21	appos	91	92
tsc-2023-12-06:u0017:s00	19	826	826	NUM	CD	NumType=Card	18	nummod	92	95
tsc-2023-12-06:u0017:s00	20	]	]	PUNCT	-RRB-	_	18	punct	95	96
tsc-2023-12-06:u0017:s00	21	(	(	PUNCT	-LRB-	_	22	punct	96	97
tsc-2023-12-06:u0017:s00	22	https://github.com/nodejs/admin/issues/826	https://github.com/nodejs/admin/issues/826	X	ADD	_	16	appos	97	139
tsc-2023-12-06:u0017:s00	23	)	)	PUNCT	-RRB-	_	22	punct	139	140
tsc-2023-12-06:u0017:s00	24	*	*	PUNCT	NFP	_	2	punct	141	142
tsc-2023-12-06:u0017:s01	1	Does	do	AUX	VBZ	Mood=Ind|Number=Sing|Person=3|Tense=Pres|VerbForm=Fin	4	aux	0	4
tsc-2023-12-06:u0017:s01	2	this	this	PRON	DT	Number=Sing|PronType=Dem	4	nsubj	5	9
tsc-2023-12-06:u0017:s01	3	still	still	ADV	RB	_	4	advmod	10	15
tsc-2023-12-06:u0017:s01	4	need	need	VERB	VBP	Mood=Ind|Tense=Pres|VerbForm=Fin	0	root	16	20
tsc-2023-12-06:u0017:s01	5	to	to	PART	TO	_	8	mark	21	23
tsc-2023-12-06:u0017:s01	6	be	be	AUX	VB	VerbForm=Inf	8	cop	24	26
tsc-2023-12-06:u0017:s01	7	on	on	ADP	IN	_	8	case	27	29
tsc-2023-12-06:u0017:s01	8	agenda	agenda	NOUN	NN	Number=Sing	4	xcomp	30	36
tsc-2023-12-06:u0017:s01	9	,	,	PUNCT	,	_	10	punct	36	37
tsc-2023-12-06:u0017:s01	10	seems	seem	VERB	VBZ	Mood=Ind|Number=Sing|Person=3|Tense=Pres|VerbForm=Fin	4	conj	38	43
tsc-2023-12-06:u0017:s01	11	like	like	ADP	IN	_	15	case	44	48
tsc-2023-12-06:u0017:s01	12	in	in	ADP	IN	_	15	case	49	51
tsc-2023-12-06:u0017:s01	13	short	short	ADJ	JJ	Degree=Pos	14	amod	52	57
tsc-2023-12-06:u0017:s01	14	term	term	NOUN	NN	Number=Sing	15	compound	58	62
tsc-2023-12-06:u0017:s01	15	consensus	consensus	NOUN	NN	Number=Sing	10	obl	63	72
tsc-2023-12-06:u0017:s01	16	is	be	AUX	VBZ	Mood=Ind|Number=Sing|Person=3|Tense=Pres|VerbForm=Fin	19	cop	73	75
tsc-2023-12-06:u0017:s01	17	not	not	PART	RB	_	19	advmod	76	79
tsc-2023-12-06:u0017:s01	18	to	to	PART	TO	_	19	mark	80	82
tsc-2023-12-06:u0017:s01	19	pull	pull	VERB	VB	VerbForm=Inf	4	conj	83	87
tsc-2023-12-06:u0017:s01	20	it	it	PRON	PRP	Case=Acc|Gender=Neut|Number=Sing|Person=3|PronType=Prs	19	obj	88	90
tsc-2023-12-06:u0017:s01	21	in	in	ADV	RB	_	19	advmod	91	93
tsc-2023-12-06:u0017:s01	22	.	.	PUNCT	.	_	4	punct	93	94
tsc-2023-12-06:u0017:s02	1	Probably	probably	ADV	RB	_	4	advmod	0	8
tsc-2023-12-06:u0017:s02	2	does	do	AUX	VBZ	Mood=Ind|Number=Sing|Person=3|Tense=Pres|VerbForm=Fin	4	aux	9	13
tsc-2023-12-06:u0017:s02	3	not	not	PART	RB	_	4	advmod	14	17
tsc-2023-12-06:u0017:s02	4	need	need	VERB	VB	VerbForm=Inf	0	root	18	22
tsc-2023-12-06:u0017:s02	5	to	to	PART	TO	_	8	mark	23	25
tsc-2023-12-06:u0017:s02	6	be	be	AUX	VB	VerbForm=Inf	8	cop	26	28
tsc-2023-12-06:u0017:s02	7	on	on	ADP	IN	_	8	case	29	31
tsc-2023-12-06:u0017:s02	8	agenda	agenda	NOUN	NN	Number=Sing	4	xcomp	32	38
tsc-2023-12-06:u0017:s02	9	unless	unless	SCONJ	IN	_	12	mark	39	45
tsc-2023-12-06:u0017:s02	10	TSC	Tsc	NOUN	NN	Number=Sing	11	compound	46	49
tsc-2023-12-06:u0017:s02	11	members	member	NOUN	NNS	Number=Plur	12	nsubj	50	57
tsc-2023-12-06:u0017:s02	12	want	want	VERB	VBP	Mood=Ind|Tense=Pres|VerbForm=Fin	8	advcl	58	62
tsc-2023-12-06:u0017:s02	13	to	to	PART	TO	_	14	mark	63	65
tsc-2023-12-06:u0017:s02	14	advocate	advocate	VERB	VB	VerbForm=Inf	12	xcomp	66	74
tsc-2023-12-06:u0017:s02	15	for	for	ADP	IN	_	16	case	75	78
tsc-2023-12-06:u0017:s02	16	it	it	PRON	PRP	Case=Acc|Gender=Neut|Number=Sing|Person=3|PronType=Prs	14	obl	79	81
tsc-2023-12-06:u0017:s02	17	.	.	PUNCT	.	_	4	punct	81	82
tsc-2023-12-06:u0017:s03	1	*	*	PUNCT	NFP	_	2	punct	0	1
tsc-2023-12-06:u0017:s03	2	Commented	comment	VERB	VBN	Tense=Past|VerbForm=Part	0	root	2	11
tsc-2023-12-06:u0017:s03	3	last	last	ADJ	JJ	Degree=Pos	4	amod	12	16
tsc-2023-12-06:u0017:s03	4	week	week	NOUN	NN	Number=Sing	2	obl:tmod	17	21
tsc-2023-12-06:u0017:s03	5	that	that	SCONJ	IN	_	11	mark	22	26
tsc-2023-12-06:u0017:s03	6	it	it	PRON	PRP	Case=Nom|Gender=Neut|Number=Sing|Person=3|PronType=Prs	11	nsubj	27	29
tsc-2023-12-06:u0017:s03	7	should	should	AUX	MD	VerbForm=Fin	11	aux	30	36
tsc-2023-12-06:u0017:s03	8	be	be	AUX	VB	VerbForm=Inf	11	cop	37	39
tsc-2023-12-06:u0017:s03	9	in	in	ADP	IN	_	11	case	40	42
tsc-2023-12-06:u0017:s03	10	WinterCG	Wintercg	PROPN	NNP	Number=Sing	11	compound	43	51
tsc-2023-12-06:u0017:s03	11	repo	repo	PROPN	NNP	Number=Sing	2	advcl	52	56
tsc-2023-12-06:u0017:s03	12	,	,	PUNCT	,	_	14	punct	56	57
tsc-2023-12-06:u0017:s03	13	or	or	CCONJ	CC	_	14	cc	58	60
tsc-2023-12-06:u0017:s03	14	somewhere	somewhere	ADV	RB	_	11	conj	61	70
tsc-2023-12-06:u0017:s03	15	else	else	ADV	RB	_	14	advmod	71	75
tsc-2023-12-06:u0017:s03	16	.	.	PUNCT	.	_	2	punct	75	76
tsc-2023-12-06:u0017:s03	17	*	*	PUNCT	NFP	_	2	punct	77	78
tsc-2023-12-06:u0017:s03	18	For	for	ADP	IN	_	19	case	79	82
tsc-2023-12-06:u0017:s03	19	TSC	TSC	PROPN	NNP	Number=Sing	22	obl	83	86
tsc-2023-12-06:u0017:s03	20	,	,	PUNCT	,	_	22	punct	86	87
tsc-2023-12-06:u0017:s03	21	it	it	PRON	PRP	Case=Nom|Gender=Neut|Number=Sing|Person=3|PronType=Prs	22	nsubj	88	90
tsc-2023-12-06:u0017:s03	22	starts	start	VERB	VBZ	Mood=Ind|Number=Sing|Person=3|Tense=Pres|VerbForm=Fin	2	ccomp	91	97
tsc-2023-12-06:u0017:s03	23	by	by	SCONJ	IN	_	25	mark	98	100
tsc-2023-12-06:u0017:s03	24	being	be	AUX	VBG	VerbForm=Ger	25	aux:pass	101	106
tsc-2023-12-06:u0017:s03	25	published	publish	VERB	VBN	Tense=Past|VerbForm=Part|Voice=Pass	22	advcl	107	116
tsc-2023-12-06:u0017:s03	26	under	under	ADP	IN	_	27	case	117	122
tsc-2023-12-06:u0017:s03	27	namespace	namespace	NOUN	NN	Number=Sing	25	obl	123	132
tsc-2023-12-06:u0017:s03	28	for	for	ADP	IN	_	29	case	133	136
tsc-2023-12-06:u0017:s03	29	individual	individual	ADJ	JJ	Degree=Pos	25	obl	137	147
tsc-2023-12-06:u0017:s03	30	/	/	PUNCT	,	_	31	cc	147	148
tsc-2023-12-06:u0017:s03	31	org	org	ADJ	JJ	Degree=Pos	29	conj	148	151
tsc-2023-12-06:u0017:s03	32	until	until	SCONJ	IN	_	35	mark	152	157
tsc-2023-12-06:u0017:s03	33	it	it	PRON	PRP	Case=Nom|Gender=Neut|Number=Sing|Person=3|PronType=Prs	35	nsubj	158	160
tsc-2023-12-06:u0017:s03	34	is	be	AUX	VBZ	Mood=Ind|Number=Sing|Person=3|Tense=Pres|VerbForm=Fin	35	cop	161	163
tsc-2023-12-06:u0017:s03	35	part	part	NOUN	NN	Number=Sing	2	advcl	164	168
tsc-2023-12-06:u0017:s03	36	of	of	ADP	IN	_	41	case	169	171
tsc-2023-12-06:u0017:s03	37	the	the	DET	DT	Definite=Def|PronType=Art	41	det	172	175
tsc-2023-12-06:u0017:s03	38	standard	standard	NOUN	NN	Number=Sing	41	compound	176	184
tsc-2023-12-06:u0017:s03	39	*	*	PUNCT	NFP	_	41	punct	185	186
tsc-2023-12-06:u0017:s03	40	Some	some	DET	DT	_	41	det	187	191
tsc-2023-12-06:u0017:s03	41	concern	concern	NOUN	NN	Number=Sing	35	nmod	192	199
tsc-2023-12-06:u0017:s03	42	raised	raise	VERB	VBN	Tense=Past|VerbForm=Part	41	acl	200	206
tsc-2023-12-06:u0017:s03	43	over	over	SCONJ	IN	_	52	mark	207	211
tsc-2023-12-06:u0017:s03	44	taking	take	VERB	VBG	VerbForm=Ger	52	advcl	212	218
tsc-2023-12-06:u0017:s03	45	over	over	ADP	RP	_	44	compound:prt	219	223
tsc-2023-12-06:u0017:s03	46	socket	socket	NOUN	NN	Number=Sing	47	compound	224	230
tsc-2023-12-06:u0017:s03	47	namespace	namespace	NOUN	NN	Number=Sing	44	obj	231	240
tsc-2023-12-06:u0017:s03	48	at	at	ADP	IN	_	50	case	241	243
tsc-2023-12-06:u0017:s03	49	this	this	DET	DT	Number=Sing|PronType=Dem	50	det	244	248
tsc-2023-12-06:u0017:s03	50	point	point	NOUN	NN	Number=Sing	44	obl	249	254
tsc-2023-12-06:u0017:s03	51	,	,	PUNCT	,	_	44	punct	254	255
tsc-2023-12-06:u0017:s03	52	better	better	ADJ	JJR	Degree=Cmp	42	advcl	256	262
tsc-2023-12-06:u0017:s03	53	to	to	PART	TO	_	54	mark	263	265
tsc-2023-12-06:u0017:s03	54	wait	wait	VERB	VB	VerbForm=Inf	42	advcl	266	270
tsc-2023-12-06:u0017:s03	55	until	until	SCONJ	IN	_	57	mark	271	276
tsc-2023-12-06:u0017:s03	56	there	there	PRON	EX	_	57	expl	277	282
tsc-2023-12-06:u0017:s03	57	are	be	VERB	VBP	Mood=Ind|Tense=Pres|VerbForm=Fin	54	advcl	283	286
tsc-2023-12-06:u0017:s03	58	more	more	ADJ	JJR	Degree=Cmp	59	amod	287	291
tsc-2023-12-06:u0017:s03	59	signals	signal	NOUN	NNS	Number=Plur	57	nsubj	292	299
tsc-2023-12-06:u0017:s03	60	.	.	PUNCT	.	_	2	punct	299	300
tsc-2023-12-06:u0017:s04	1	*	*	PUNCT	NFP	_	0	root	0	1
tsc-2023-12-06:u0017:s05	1	Michael	Michael	PROPN	NNP	Number=Sing	2	nsubj	0	7
tsc-2023-12-06:u0017:s05	2	proposed	propose	VERB	VBN	Tense=Past|VerbForm=Part	0	root	8	16
tsc-2023-12-06:u0017:s05	3	we	we	PRON	PRP	Case=Nom|Number=Plur|Person=1|PronType=Prs	4	nsubj	17	19
tsc-2023-12-06:u0017:s05	4	remove	remove	VERB	VBP	Mood=Ind|Tense=Pres|VerbForm=Fin	2	ccomp	20	26
tsc-2023-12-06:u0017:s05	5	from	from	ADP	IN	_	6	case	27	31
tsc-2023-12-06:u0017:s05	6	agenda	agenda	NOUN	NN	Number=Sing	4	obl	32	38
tsc-2023-12-06:u0017:s05	7	,	,	PUNCT	,	_	4	punct	38	39
tsc-2023-12-06:u0017:s05	8	add	add	VERB	VB	Mood=Imp|VerbForm=Fin	4	conj	40	43
tsc-2023-12-06:u0017:s05	9	feedback	feedback	NOUN	NN	Number=Sing	8	obj	44	52
tsc-2023-12-06:u0017:s05	10	to	to	ADP	IN	_	12	case	53	55
tsc-2023-12-06:u0017:s05	11	the	the	DET	DT	Definite=Def|PronType=Art	12	det	56	59
tsc-2023-12-06:u0017:s05	12	issue	issue	NOUN	NN	Number=Sing	8	obl	60	65
tsc-2023-12-06:u0017:s05	13	that	that	PRON	WDT	PronType=Rel	15	obj	66	70
tsc-2023-12-06:u0017:s05	14	we	we	PRON	PRP	Case=Nom|Number=Plur|Person=1|PronType=Prs	15	nsubj	71	73
tsc-2023-12-06:u0017:s05	15	believe	believe	VERB	VBP	Mood=Ind|Tense=Pres|VerbForm=Fin	12	acl:relcl	74	81
tsc-2023-12-06:u0017:s05	16	consensus	consensus	NOUN	NN	Number=Sing	17	nsubj	82	91
tsc-2023-12-06:u0017:s05	17	is	be	VERB	VBZ	Mood=Ind|Number=Sing|Person=3|Tense=Pres|VerbForm=Fin	15	ccomp	92	94
tsc-2023-12-06:u0017:s05	18	that	that	SCONJ	IN	_	22	mark	95	99
tsc-2023-12-06:u0017:s05	19	it	it	PRON	PRP	Case=Nom|Gender=Neut|Number=Sing|Person=3|PronType=Prs	22	expl	100	102
tsc-2023-12-06:u0017:s05	20	’s	be	AUX	VBZ	Mood=Ind|Number=Sing|Person=3|Tense=Pres|VerbForm=Fin	22	cop	102	104
tsc-2023-12-06:u0017:s05	21	too	too	ADV	RB	_	22	advmod	105	108
tsc-2023-12-06:u0017:s05	22	early	early	ADJ	JJ	Degree=Pos	17	ccomp	109	114
tsc-2023-12-06:u0017:s05	23	to	to	PART	TO	_	24	mark	115	117
tsc-2023-12-06:u0017:s05	24	consider	consider	VERB	VB	VerbForm=Inf	22	advcl	118	126
tsc-2023-12-06:u0017:s05	25	pulling	pull	VERB	VBG	VerbForm=Ger	24	xcomp	127	134
tsc-2023-12-06:u0017:s05	26	it	it	PRON	PRP	Case=Acc|Gender=Neut|Number=Sing|Person=3|PronType=Prs	25	obj	135	137
tsc-2023-12-06:u0017:s05	27	into	into	ADP	IN	_	29	case	138	142
tsc-2023-12-06:u0017:s05	28	the	the	DET	DT	Definite=Def|PronType=Art	29	det	143	146
tsc-2023-12-06:u0017:s05	29	org	org	NOUN	NN	Number=Sing	25	obl	147	150
tsc-2023-12-06:u0017:s05	30	.	.	PUNCT	.	_	2	punct	150	151
tsc-2023-12-06:u0017:s06	1	Please	please	INTJ	UH	_	3	discourse	0	6
tsc-2023-12-06:u0017:s06	2	re	be	AUX	VBP	Mood=Ind|Tense=Pres|VerbForm=Fin	3	cop	7	9
tsc-2023-12-06:u0017:s06	3	-add	-add	ADJ	JJ	Degree=Pos	0	root	9	13
tsc-2023-12-06:u0017:s06	4	to	to	PART	TO	_	5	mark	14	16
tsc-2023-12-06:u0017:s06	5	org	org	VERB	VB	VerbForm=Inf	3	advcl	17	20
tsc-2023-12-06:u0017:s06	6	if	if	SCONJ	IN	_	9	mark	21	23
tsc-2023-12-06:u0017:s06	7	you	you	PRON	PRP	Case=Nom|Person=2|PronType=Prs	9	nsubj	24	27
tsc-2023-12-06:u0017:s06	8	would	would	AUX	MD	VerbForm=Fin	9	aux	28	33
tsc-2023-12-06:u0017:s06	9	like	like	VERB	VB	VerbForm=Inf	5	advcl	34	38
tsc-2023-12-06:u0017:s06	10	to	to	PART	TO	_	11	mark	39	41
tsc-2023-12-06:u0017:s06	11	advocate	advocate	VERB	VB	VerbForm=Inf	9	xcomp	42	50
tsc-2023-12-06:u0017:s06	12	otherwise	otherwise	ADV	RB	_	11	advmod	51	60
tsc-2023-12-06:u0017:s06	13	.	.	PUNCT	.	_	3	punct	60	61
tsc-2023-12-06:u0018:s00	1	*	*	PUNCT	NFP	_	5	punct	0	1
tsc-2023-12-06:u0018:s00	2	Events	event	NOUN	NNS	Number=Plur	5	compound	2	8
tsc-2023-12-06:u0018:s00	3	/	/	PUNCT	,	_	4	cc	9	10
tsc-2023-12-06:u0018:s00	4	Collaborator	Collaborator	NOUN	NN	Number=Sing	2	conj	11	23
tsc-2023-12-06:u0018:s00	5	Summits	Summits	NOUN	NNS	Number=Plur	0	root	24	31
tsc-2023-12-06:u0018:s00	6	for	for	ADP	IN	_	10	case	32	35
tsc-2023-12-06:u0018:s00	7	2024	2024	NUM	CD	NumType=Card	10	nummod	36	40
tsc-2023-12-06:u0018:s00	8	[	[	PUNCT	-LRB-	_	9	punct	41	42
tsc-2023-12-06:u0018:s00	9	#	#	SYM	NN	Number=Sing	10	compound	42	43
tsc-2023-12-06:u0018:s00	10	814	814	NUM	CD	NumType=Card	5	nmod	43	46
tsc-2023-12-06:u0018:s00	11	]	]	PUNCT	-RRB-	_	5	punct	46	47
tsc-2023-12-06:u0018:s00	12	(	(	PUNCT	-LRB-	_	13	punct	47	48
tsc-2023-12-06:u0018:s00	13	https://github.com/nodejs/admin/issues/814	https://github.com/nodejs/admin/issues/814	X	ADD	_	5	parataxis	48	90
tsc-2023-12-06:u0018:s00	14	)	)	PUNCT	-RRB-	_	13	punct	90	91
tsc-2023-12-06:u0018:s00	15	*	*	PUNCT	NFP	_	5	punct	92	93
tsc-2023-12-06:u0018:s01	1	Michael	Michael	PROPN	NNP	Number=Sing	3	nsubj	0	7
tsc-2023-12-06:u0018:s01	2	had	have	AUX	VBD	Mood=Ind|Tense=Past|VerbForm=Fin	3	aux	8	11
tsc-2023-12-06:u0018:s01	3	sent	send	VERB	VBN	Tense=Past|VerbForm=Part	0	root	12	16
tsc-2023-12-06:u0018:s01	4	email	email	NOUN	NN	Number=Sing	3	obj	17	22
tsc-2023-12-06:u0018:s01	5	get	get	AUX	VB	Mood=Imp|VerbForm=Inf	6	aux	23	26
tsc-2023-12-06:u0018:s01	6	see	see	VERB	VB	VerbForm=Inf	3	advcl	27	30
tsc-2023-12-06:u0018:s01	7	who	who	PRON	WP	PronType=Int	9	nsubj	31	34
tsc-2023-12-06:u0018:s01	8	was	be	AUX	VBD	Mood=Ind|Number=Sing|Person=3|Tense=Past|VerbForm=Fin	9	cop	35	38
tsc-2023-12-06:u0018:s01	9	interested	interested	ADJ	JJ	Degree=Pos	6	ccomp	39	49
tsc-2023-12-06:u0018:s01	10	,	,	PUNCT	,	_	16	punct	49	50
tsc-2023-12-06:u0018:s01	11	discussion	discussion	NOUN	NN	Number=Sing	16	nsubj	51	61
tsc-2023-12-06:u0018:s01	12	has	have	AUX	VBZ	Mood=Ind|Number=Sing|Person=3|Tense=Pres|VerbForm=Fin	16	aux	62	65
tsc-2023-12-06:u0018:s01	13	mostly	mostly	ADV	RB	_	16	advmod	66	72
tsc-2023-12-06:u0018:s01	14	been	be	AUX	VBN	Tense=Past|VerbForm=Part	16	cop	73	77
tsc-2023-12-06:u0018:s01	15	about	about	ADP	IN	_	16	case	78	83
tsc-2023-12-06:u0018:s01	16	proposals	proposal	NOUN	NNS	Number=Plur	9	obl	84	93
tsc-2023-12-06:u0018:s01	17	from	from	ADP	IN	_	18	case	94	98
tsc-2023-12-06:u0018:s01	18	Matteo	Matteo	PROPN	NNP	Number=Sing	16	nmod	99	105
tsc-2023-12-06:u0018:s01	19	and	and	CCONJ	CC	_	20	cc	106	109
tsc-2023-12-06:u0018:s01	20	Joyee	Joyee	PROPN	NNP	Number=Sing	18	conj	110	115
tsc-2023-12-06:u0018:s01	21	.	.	PUNCT	.	_	3	punct	115	116
tsc-2023-12-06:u0018:s02	1	*	*	PUNCT	NFP	_	4	punct	0	1
tsc-2023-12-06:u0018:s02	2	Joyee	Joyee	PROPN	NNP	Number=Sing	4	nsubj	2	7
tsc-2023-12-06:u0018:s02	3	just	just	ADV	RB	_	4	advmod	8	12
tsc-2023-12-06:u0018:s02	4	need	need	VERB	VBP	Mood=Ind|Tense=Pres|VerbForm=Fin	0	root	13	17
tsc-2023-12-06:u0018:s02	5	to	to	PART	TO	_	6	mark	18	20
tsc-2023-12-06:u0018:s02	6	decide	decide	VERB	VB	VerbForm=Inf	4	xcomp	21	27
tsc-2023-12-06:u0018:s02	7	the	the	DET	DT	Definite=Def|PronType=Art	20	det	28	31
tsc-2023-12-06:u0018:s02	8	when	when	ADV	WRB	PronType=Int	10	mark	32	36
tsc-2023-12-06:u0018:s02	9	/	/	PUNCT	,	_	10	punct	36	37
tsc-2023-12-06:u0018:s02	10	where	where	ADV	WRB	PronType=Int	19	advcl	37	42
tsc-2023-12-06:u0018:s02	11	and	and	CCONJ	CC	_	17	cc	43	46
tsc-2023-12-06:u0018:s02	12	how	how	ADV	WRB	PronType=Int	13	advmod	47	50
tsc-2023-12-06:u0018:s02	13	many	many	ADJ	JJ	Degree=Pos	14	amod	51	55
tsc-2023-12-06:u0018:s02	14	people	people	NOUN	NNS	Number=Plur	17	obj	56	62
tsc-2023-12-06:u0018:s02	15	we	we	PRON	PRP	Case=Nom|Number=Plur|Person=1|PronType=Prs	17	nsubj	63	65
tsc-2023-12-06:u0018:s02	16	are	be	AUX	VBP	Mood=Ind|Tense=Pres|VerbForm=Fin	17	aux	66	69
tsc-2023-12-06:u0018:s02	17	expecting	expect	VERB	VBG	Tense=Pres|VerbForm=Part	10	conj	70	79
tsc-2023-12-06:u0018:s02	18	*	*	PUNCT	NFP	_	19	punct	80	81
tsc-2023-12-06:u0018:s02	19	Proposed	propose	VERB	VBN	Tense=Past|VerbForm=Part	20	amod	82	90
tsc-2023-12-06:u0018:s02	20	dates	dates	NOUN	NNS	Number=Plur	6	obj	91	96
tsc-2023-12-06:u0018:s02	21	are	be	AUX	VBP	Mood=Ind|Tense=Pres|VerbForm=Fin	22	cop	97	100
tsc-2023-12-06:u0018:s02	22	April	April	PROPN	NNP	Number=Sing	4	obl:tmod	101	106
tsc-2023-12-06:u0018:s02	23	3	3	NUM	CD	NumType=Card	22	nummod	107	108
tsc-2023-12-06:u0018:s02	24	-	-	SYM	SYM	_	25	case	108	109
tsc-2023-12-06:u0018:s02	25	4	4	NUM	CD	NumType=Card	23	nmod	109	110
tsc-2023-12-06:u0018:s02	26	in	in	ADP	IN	_	27	case	111	113
tsc-2023-12-06:u0018:s02	27	advance	advance	NOUN	NN	Number=Sing	22	nmod	114	121
tsc-2023-12-06:u0018:s02	28	of	of	ADP	IN	_	30	case	122	124
tsc-2023-12-06:u0018:s02	29	CityJS	CityJS	PROPN	NNP	Number=Sing	30	compound	125	131
tsc-2023-12-06:u0018:s02	30	London	London	PROPN	NNP	Number=Sing	27	nmod	132	138
tsc-2023-12-06:u0018:s02	31	,	,	PUNCT	,	_	32	punct	138	139
tsc-2023-12-06:u0018:s02	32	plan	plan	VERB	VBP	Mood=Ind|Tense=Pres|VerbForm=Fin	4	conj	140	144
tsc-2023-12-06:u0018:s02	33	to	to	PART	TO	_	34	mark	145	147
tsc-2023-12-06:u0018:s02	34	have	have	VERB	VB	VerbForm=Inf	32	advcl	148	152
tsc-2023-12-06:u0018:s02	35	30	30	NUM	CD	NumType=Card	38	nummod	153	155
tsc-2023-12-06:u0018:s02	36	-	-	SYM	SYM	_	37	case	155	156
tsc-2023-12-06:u0018:s02	37	40	40	NUM	CD	NumType=Card	35	nmod	156	158
tsc-2023-12-06:u0018:s02	38	people	people	NOUN	NNS	Number=Plur	34	obj	159	165
tsc-2023-12-06:u0018:s02	39	and	and	CCONJ	CC	_	41	cc	166	169
tsc-2023-12-06:u0018:s02	40	possibly	possibly	ADV	RB	_	41	advmod	170	178
tsc-2023-12-06:u0018:s02	41	break	break	VERB	VB	VerbForm=Inf	38	conj	179	184
tsc-2023-12-06:u0018:s02	42	out	out	ADP	RP	_	41	compound:prt	185	188
tsc-2023-12-06:u0018:s02	43	room	room	NOUN	NN	Number=Sing	41	obl	189	193
tsc-2023-12-06:u0018:s02	44	for	for	ADP	IN	_	45	case	194	197
tsc-2023-12-06:u0018:s02	45	10	10	NUM	CD	NumType=Card	43	nummod	198	200
tsc-2023-12-06:u0018:s02	46	-	-	SYM	SYM	_	47	case	200	201
tsc-2023-12-06:u0018:s02	47	20	20	NUM	CD	NumType=Card	45	nmod	201	203
tsc-2023-12-06:u0018:s02	48	.	.	PUNCT	.	_	4	punct	203	204
tsc-2023-12-06:u0018:s02	49	*	*	PUNCT	NFP	_	4	punct	205	206
tsc-2023-12-06:u0018:s03	1	No	no	DET	DT	_	2	det	0	2
tsc-2023-12-06:u0018:s03	2	questions	question	NOUN	NNS	Number=Plur	0	root	3	12
tsc-2023-12-06:u0018:s03	3	/	/	PUNCT	,	_	4	cc	12	13
tsc-2023-12-06:u0018:s03	4	concerns	concern	NOUN	NNS	Number=Plur	2	conj	13	21
tsc-2023-12-06:u0018:s03	5	on	on	ADP	IN	_	6	case	22	24
tsc-2023-12-06:u0018:s03	6	that	that	PRON	DT	Number=Sing|PronType=Dem	2	nmod	25	29
tsc-2023-12-06:u0018:s03	7	from	from	ADP	IN	_	9	case	30	34
tsc-2023-12-06:u0018:s03	8	TSC	Tsc	NOUN	NN	Number=Sing	9	compound	35	38
tsc-2023-12-06:u0018:s03	9	members	member	NOUN	NNS	Number=Plur	2	nmod	39	46
tsc-2023-12-06:u0018:s03	10	in	in	ADP	IN	_	12	case	47	49
tsc-2023-12-06:u0018:s03	11	the	the	DET	DT	Definite=Def|PronType=Art	12	det	50	53
tsc-2023-12-06:u0018:s03	12	meeting	meeting	NOUN	NN	Number=Sing	2	nmod	54	61
tsc-2023-12-06:u0018:s03	13	*	*	PUNCT	NFP	_	2	punct	62	63
tsc-2023-12-06:u0018:s03	14	Michael	Michael	PROPN	NNP	Number=Sing	17	nsubj	64	71
tsc-2023-12-06:u0018:s03	15	,	,	PUNCT	,	_	14	punct	71	72
tsc-2023-12-06:u0018:s03	16	also	also	ADV	RB	_	17	advmod	73	77
tsc-2023-12-06:u0018:s03	17	good	good	ADJ	JJ	Degree=Pos	2	parataxis	78	82
tsc-2023-12-06:u0018:s03	18	to	to	PART	TO	_	19	mark	83	85
tsc-2023-12-06:u0018:s03	19	think	think	VERB	VB	VerbForm=Inf	17	xcomp	86	91
tsc-2023-12-06:u0018:s03	20	about	about	SCONJ	IN	_	24	mark	92	97
tsc-2023-12-06:u0018:s03	21	where	where	ADV	WRB	PronType=Int	24	mark	98	103
tsc-2023-12-06:u0018:s03	22	we	we	PRON	PRP	Case=Nom|Number=Plur|Person=1|PronType=Prs	24	nsubj	104	106
tsc-2023-12-06:u0018:s03	23	might	might	AUX	MD	VerbForm=Fin	24	aux	107	112
tsc-2023-12-06:u0018:s03	24	have	have	VERB	VB	VerbForm=Inf	19	advcl	113	117
tsc-2023-12-06:u0018:s03	25	the	the	DET	DT	Definite=Def|PronType=Art	27	det	118	121
tsc-2023-12-06:u0018:s03	26	second	second	ADJ	JJ	Degree=Pos|NumType=Ord	27	amod	122	128
tsc-2023-12-06:u0018:s03	27	one	one	NOUN	NN	Number=Sing	24	obj	129	132
tsc-2023-12-06:u0018:s03	28	,	,	PUNCT	,	_	32	punct	132	133
tsc-2023-12-06:u0018:s03	29	and	and	CCONJ	CC	_	32	cc	134	137
tsc-2023-12-06:u0018:s03	30	if	if	SCONJ	IN	_	32	mark	138	140
tsc-2023-12-06:u0018:s03	31	there	there	PRON	EX	_	32	expl	141	146
tsc-2023-12-06:u0018:s03	32	is	be	VERB	VBZ	Mood=Ind|Number=Sing|Person=3|Tense=Pres|VerbForm=Fin	2	conj	147	149
tsc-2023-12-06:u0018:s03	33	a	a	DET	DT	Definite=Ind|PronType=Art	34	det	150	151
tsc-2023-12-06:u0018:s03	34	conference	conference	NOUN	NN	Number=Sing	32	nsubj	152	162
tsc-2023-12-06:u0018:s03	35	in	in	ADP	IN	_	36	case	163	165
tsc-2023-12-06:u0018:s03	36	NA	na	PROPN	NNP	Number=Sing	34	nmod	166	168
tsc-2023-12-06:u0018:s03	37	that	that	SCONJ	IN	_	40	mark	169	173
tsc-2023-12-06:u0018:s03	38	it	it	PRON	PRP	Case=Nom|Gender=Neut|Number=Sing|Person=3|PronType=Prs	40	nsubj	174	176
tsc-2023-12-06:u0018:s03	39	would	would	AUX	MD	VerbForm=Fin	40	aux	177	182
tsc-2023-12-06:u0018:s03	40	make	make	VERB	VB	VerbForm=Inf	34	acl	183	187
tsc-2023-12-06:u0018:s03	41	sense	sense	NOUN	NN	Number=Sing	40	obj	188	193
tsc-2023-12-06:u0018:s03	42	to	to	PART	TO	_	43	mark	194	196
tsc-2023-12-06:u0018:s03	43	collocate	collocate	VERB	VB	VerbForm=Inf	40	xcomp	197	206
tsc-2023-12-06:u0018:s03	44	with	with	ADP	IN	_	43	obl	207	211
tsc-2023-12-06:u0018:s03	45	.	.	PUNCT	.	_	2	punct	211	212
tsc-2023-12-06:u0019:s00	1	##	##	PUNCT	.	_	0	root	0	2
tsc-2023-12-06:u0019:s01	1	Strategic	strategic	ADJ	JJ	Degree=Pos	2	amod	0	9
tsc-2023-12-06:u0019:s01	2	Initiatives	initiative	NOUN	NNS	Number=Plur	0	root	10	21
tsc-2023-12-06:u0020:s00	1	*	*	PUNCT	NFP	_	5	punct	0	1
tsc-2023-12-06:u0020:s00	2	Antoine	Antoine	NOUN	NN	Number=Sing	4	compound	2	9
tsc-2023-12-06:u0020:s00	3	-	-	PUNCT	HYPH	_	4	punct	10	11
tsc-2023-12-06:u0020:s00	4	Core	core	NOUN	NN	Number=Sing	5	compound	12	16
tsc-2023-12-06:u0020:s00	5	promise	promise	NOUN	NN	Number=Sing	0	root	17	24
tsc-2023-12-06:u0020:s01	1	APIs	Apis	ADV	RB	_	5	advmod	0	4
tsc-2023-12-06:u0020:s01	2	,	,	PUNCT	,	_	5	punct	4	5
tsc-2023-12-06:u0020:s01	3	-	-	PUNCT	,	_	5	punct	6	7
tsc-2023-12-06:u0020:s01	4	no	no	DET	DT	_	5	det	8	10
tsc-2023-12-06:u0020:s01	5	update	update	NOUN	NN	Number=Sing	0	root	11	17
tsc-2023-12-06:u0020:s01	6	,	,	PUNCT	,	_	9	punct	17	18
tsc-2023-12-06:u0020:s01	7	may	may	AUX	MD	VerbForm=Fin	9	aux	19	22
tsc-2023-12-06:u0020:s01	8	not	not	PART	RB	_	9	advmod	23	26
tsc-2023-12-06:u0020:s01	9	make	make	VERB	VB	VerbForm=Inf	5	parataxis	27	31
tsc-2023-12-06:u0020:s01	10	sense	sense	NOUN	NN	Number=Sing	9	obj	32	37
tsc-2023-12-06:u0020:s01	11	to	to	PART	TO	_	12	mark	38	40
tsc-2023-12-06:u0020:s01	12	keep	keep	VERB	VB	VerbForm=Inf	9	xcomp	41	45
tsc-2023-12-06:u0020:s01	13	alive	alive	ADJ	JJ	Degree=Pos	12	xcomp	46	51
tsc-2023-12-06:u0020:s01	14	.	.	PUNCT	.	_	5	punct	51	52
tsc-2023-12-06:u0020:s02	1	Only	only	ADJ	JJ	Degree=Pos	3	amod	0	4
tsc-2023-12-06:u0020:s02	2	Child	child	NOUN	NN	Number=Sing	3	compound	5	10
tsc-2023-12-06:u0020:s02	3	process	process	NOUN	NN	Number=Sing	4	nsubj	11	18
tsc-2023-12-06:u0020:s02	4	lacks	lack	VERB	VBZ	Mood=Ind|Number=Sing|Person=3|Tense=Pres|VerbForm=Fin	0	root	19	24
tsc-2023-12-06:u0020:s02	5	a	a	DET	DT	Definite=Ind|PronType=Art	7	det	25	26
tsc-2023-12-06:u0020:s02	6	promise	promise	NOUN	NN	Number=Sing	7	compound	27	34
tsc-2023-12-06:u0020:s02	7	API	api	NOUN	NN	Number=Sing	4	obj	35	38
tsc-2023-12-06:u0020:s02	8	.	.	PUNCT	.	_	4	punct	38	39
tsc-2023-12-06:u0020:s03	1	*	*	PUNCT	NFP	_	3	punct	0	1
tsc-2023-12-06:u0020:s03	2	Formal	formal	ADJ	JJ	Degree=Pos	3	amod	2	8
tsc-2023-12-06:u0020:s03	3	call	call	NOUN	NN	Number=Sing	24	nsubj	9	13
tsc-2023-12-06:u0020:s03	4	for	for	ADP	IN	_	5	case	14	17
tsc-2023-12-06:u0020:s03	5	volunteers	volunteer	NOUN	NNS	Number=Plur	3	nmod	18	28
tsc-2023-12-06:u0020:s03	6	to	to	PART	TO	_	7	mark	29	31
tsc-2023-12-06:u0020:s03	7	propose	propose	VERB	VB	VerbForm=Inf	3	acl	32	39
tsc-2023-12-06:u0020:s03	8	API	api	NOUN	NN	Number=Sing	7	obj	40	43
tsc-2023-12-06:u0020:s03	9	for	for	ADP	IN	_	18	case	44	47
tsc-2023-12-06:u0020:s03	10	child	child	NOUN	NN	Number=Sing	11	compound	48	53
tsc-2023-12-06:u0020:s03	11	process	process	NOUN	NN	Number=Sing	18	compound	54	61
tsc-2023-12-06:u0020:s03	12	*	*	PUNCT	NFP	_	18	punct	62	63
tsc-2023-12-06:u0020:s03	13	Joyee	Joyee	PROPN	NNP	Number=Sing	15	compound	64	69
tsc-2023-12-06:u0020:s03	14	-	-	PUNCT	HYPH	_	15	punct	70	71
tsc-2023-12-06:u0020:s03	15	Startup	Startup	PROPN	NNP	Number=Sing	18	compound	72	79
tsc-2023-12-06:u0020:s03	16	Snapshot	Snapshot	PROPN	NNP	Number=Sing	18	compound	80	88
tsc-2023-12-06:u0020:s03	17	-	-	PUNCT	HYPH	_	18	punct	89	90
tsc-2023-12-06:u0020:s03	18	PR	pr	PROPN	NNP	Number=Sing	8	nmod	91	93
tsc-2023-12-06:u0020:s03	19	to	to	PART	TO	_	20	mark	94	96
tsc-2023-12-06:u0020:s03	20	allow	allow	VERB	VB	VerbForm=Inf	7	advcl	97	102
tsc-2023-12-06:u0020:s03	21	configuration	configuration	NOUN	NN	Number=Sing	20	obj	103	116
tsc-2023-12-06:u0020:s03	22	,	,	PUNCT	,	_	24	punct	116	117
tsc-2023-12-06:u0020:s03	23	still	still	ADV	RB	_	24	advmod	118	123
tsc-2023-12-06:u0020:s03	24	needs	need	VERB	VBZ	Mood=Ind|Number=Sing|Person=3|Tense=Pres|VerbForm=Fin	0	root	124	129
tsc-2023-12-06:u0020:s03	25	more	more	ADJ	JJR	Degree=Cmp	27	amod	130	134
tsc-2023-12-06:u0020:s03	26	code	code	NOUN	NN	Number=Sing	27	compound	135	139
tsc-2023-12-06:u0020:s03	27	reviews	review	NOUN	NNS	Number=Plur	24	obj	140	147
tsc-2023-12-06:u0020:s03	28	<	<	PUNCT	-LRB-	_	29	punct	148	149
tsc-2023-12-06:u0020:s03	29	https://github.com/nodejs/node/pull/50453	https://github.com/nodejs/node/pull/50453	X	ADD	_	27	list	149	190
tsc-2023-12-06:u0020:s03	30	>	>	PUNCT	-RRB-	_	29	punct	190	191
tsc-2023-12-06:u0020:s03	31	*	*	PUNCT	NFP	_	29	punct	192	193
tsc-2023-12-06:u0020:s03	32	Michael	Michael	PROPN	NNP	Number=Sing	39	nsubj	194	201
tsc-2023-12-06:u0020:s03	33	-	-	PUNCT	HYPH	_	39	punct	202	203
tsc-2023-12-06:u0020:s03	34	Next	next	ADV	RB	_	36	advmod	204	208
tsc-2023-12-06:u0020:s03	35	-	-	PUNCT	HYPH	_	36	punct	208	209
tsc-2023-12-06:u0020:s03	36	10	10	NUM	CD	NumType=Card	39	nummod	209	211
tsc-2023-12-06:u0020:s03	37	-	-	PUNCT	HYPH	_	36	punct	212	213
tsc-2023-12-06:u0020:s03	38	No	no	DET	DT	_	39	det	214	216
tsc-2023-12-06:u0020:s03	39	update	update	NOUN	NN	Number=Sing	27	parataxis	217	223
tsc-2023-12-06:u0021:s00	1	##	##	PUNCT	.	_	0	root	0	2
tsc-2023-12-06:u0021:s01	1	Upcoming	upcoming	ADJ	JJ	Degree=Pos	2	amod	0	8
tsc-2023-12-06:u0021:s01	2	Meetings	meeting	NOUN	NNS	Number=Plur	0	root	9	17
tsc-2023-12-06:u0022:s00	1	*	*	PUNCT	NFP	_	3	punct	0	1
tsc-2023-12-06:u0022:s00	2	**Node.js	**Node.js	PROPN	NNP	Number=Sing	3	compound	2	11
tsc-2023-12-06:u0022:s00	3	Project	project	PROPN	NNP	Number=Sing	0	root	12	19
tsc-2023-12-06:u0022:s00	4	Calendar	calendar	PROPN	NNP	Number=Sing	3	flat	20	28
tsc-2023-12-06:u0022:s00	5	**:	**:	PUNCT	.	_	3	punct	28	31
tsc-2023-12-06:u0022:s00	6	<	<	PUNCT	-LRB-	_	7	punct	32	33
tsc-2023-12-06:u0022:s00	7	https://nodejs.org/calendar	https://nodejs.org/calendar	NOUN	NN	Number=Sing	3	list	33	60
tsc-2023-12-06:u0022:s00	8	>	>	PUNCT	-RRB-	_	7	punct	60	61
tsc-2023-12-06:u0023:s00	1	Click	click	VERB	VB	Mood=Imp|VerbForm=Fin	0	root	0	5
tsc-2023-12-06:u0023:s00	2	`+	`+	SYM	$	_	3	punct	6	8
tsc-2023-12-06:u0023:s00	3	GoogleCalendar	GoogleCalendar	PROPN	NNP	Number=Sing	1	obj	8	22
tsc-2023-12-06:u0023:s00	4	`	`	PUNCT	``	_	3	punct	22	23
tsc-2023-12-06:u0023:s00	5	at	at	ADP	IN	_	8	case	24	26
tsc-2023-12-06:u0023:s00	6	the	the	DET	DT	Definite=Def|PronType=Art	8	det	27	30
tsc-2023-12-06:u0023:s00	7	bottom	bottom	ADJ	JJ	Degree=Pos	8	amod	31	37
tsc-2023-12-06:u0023:s00	8	right	right	NOUN	NN	Number=Sing	1	obl	38	43
tsc-2023-12-06:u0023:s00	9	to	to	PART	TO	_	10	mark	44	46
tsc-2023-12-06:u0023:s00	10	add	add	VERB	VB	VerbForm=Inf	1	advcl	47	50
tsc-2023-12-06:u0023:s00	11	to	to	ADP	IN	_	15	case	51	53
tsc-2023-12-06:u0023:s00	12	your	you	PRON	PRP$	Person=2|Poss=Yes|PronType=Prs	15	nmod:poss	54	58
tsc-2023-12-06:u0023:s00	13	own	own	ADJ	JJ	Degree=Pos	15	amod	59	62
tsc-2023-12-06:u0023:s00	14	Google	Google	PROPN	NNP	Number=Sing	15	compound	63	69
tsc-2023-12-06:u0023:s00	15	calendar	calendar	NOUN	NN	Number=Sing	10	obl	70	78
tsc-2023-12-06:u0023:s00	16	.	.	PUNCT	.	_	1	punct	78	79
tsc-2024-01-10:u0000:s00	1	#	#	SYM	NN	Number=Sing	2	compound	0	1
tsc-2024-01-10:u0000:s00	2	Node.js	Node.js	PROPN	NNP	Number=Sing	5	compound	2	9
tsc-2024-01-10:u0000:s00	3	Technical	technical	PROPN	NNP	Number=Sing	5	compound	10	19
tsc-2024-01-10:u0000:s00	4	Steering	steering	PROPN	NNP	Number=Sing	5	compound	20	28
tsc-2024-01-10:u0000:s00	5	Committee	committee	PROPN	NNP	Number=Sing	0	root	29	38
tsc-2024-01-10:u0000:s00	6	(	(	PUNCT	-LRB-	_	7	punct	39	40
tsc-2024-01-10:u0000:s00	7	TSC	TSC	PROPN	NNP	Number=Sing	5	appos	40	43
tsc-2024-01-10:u0000:s00	8	)	)	PUNCT	-RRB-	_	7	punct	43	44
tsc-2024-01-10:u0000:s01	1	Meeting	meeting	NOUN	NN	Number=Sing	0	root	0	7
tsc-2024-01-10:u0000:s01	2	2024-	2024-	PUNCT	:	_	1	punct	8	13
tsc-2024-01-10:u0000:s01	3	01	01	NUM	CD	NumType=Card	1	nummod	13	15
tsc-2024-01-10:u0000:s01	4	-	-	SYM	SYM	_	5	case	15	16
tsc-2024-01-10:u0000:s01	5	10	10	NUM	CD	NumType=Card	3	nmod	16	18
tsc-2024-01-10:u0001:s00	1	##	##	PUNCT	.	_	0	root	0	2
tsc-2024-01-10:u0001:s01	1	Links	link	NOUN	NNS	Number=Plur	0	root	0	5
tsc-2024-01-10:u0002:s00	1	*	*	PUNCT	NFP	_	0	root	0	1
tsc-2024-01-10:u0002:s01	1	**	**	PUNCT	NFP	_	2	punct	0	2
tsc-2024-01-10:u0002:s01	2	Recording	recording	NOUN	NN	Number=Sing	0	root	2	11
tsc-2024-01-10:u0002:s01	3	**:	**:	PUNCT	.	_	2	punct	11	14
tsc-2024-01-10:u0002:s01	4	<	<	PUNCT	-LRB-	_	5	punct	15	16
tsc-2024-01-10:u0002:s01	5	https://www.youtube.com/watch?v=m8dtXhOPDO0	https://www.youtube.com/watch?v=m8dtXhOPDO0	X	ADD	_	2	appos	16	59
tsc-2024-01-10:u0002:s01	6	>	>	PUNCT	-RRB-	_	5	punct	59	60
tsc-2024-01-10:u0002:s01	7	*	*	PUNCT	NFP	_	5	punct	61	62
tsc-2024-01-10:u0002:s01	8	**	**	PUNCT	NFP	_	2	punct	63	65
tsc-2024-01-10:u0002:s01	9	GitHub	GitHub	PROPN	NNP	Number=Sing	10	compound	65	71
tsc-2024-01-10:u0002:s01	10	Issue	issue	PROPN	NNP	Number=Sing	2	appos	72	77
tsc-2024-01-10:u0002:s01	11	**	**	PUNCT	NFP	_	2	punct	77	79
tsc-2024-01-10:u0002:s01	12	:	:	PUNCT	:	_	2	punct	79	80
tsc-2024-01-10:u0002:s01	13	<	<	PUNCT	-LRB-	_	2	punct	81	82
tsc-2024-01-10:u0002:s01	14	https://github.com/nodejs/TSC/issues/1489	https://github.com/nodejs/TSC/issues/1489	X	ADD	_	2	appos	82	123
tsc-2024-01-10:u0002:s01	15	>	>	PUNCT	-RRB-	_	2	punct	123	124
tsc-2024-01-10:u0003:s00	1	##	##	PUNCT	.	_	0	root	0	2
tsc-2024-01-10:u0003:s01	1	Present	present	PROPN	NNP	Number=Sing	0	root	0	7
tsc-2024-01-10:u0004:s00	1	*	*	PUNCT	NFP	_	4	punct	0	1
tsc-2024-01-10:u0004:s00	2	Yagiz	Yagiz	PROPN	NNP	Number=Sing	4	compound	2	7
tsc-2024-01-10:u0004:s00	3	Nizipli	Nizipli	PROPN	NNP	Number=Sing	4	compound	8	15
tsc-2024-01-10:u0004:s00	4	@anonrig	@anonrig	NOUN	NN	Number=Sing	0	root	16	24
tsc-2024-01-10:u0004:s00	5	(	(	PUNCT	-LRB-	_	7	punct	25	26
tsc-2024-01-10:u0004:s00	6	voting	voting	NOUN	NN	Number=Sing	7	compound	26	32
tsc-2024-01-10:u0004:s00	7	member	member	NOUN	NN	Number=Sing	4	appos	33	39
tsc-2024-01-10:u0004:s00	8	)	)	PUNCT	-RRB-	_	7	punct	39	40
tsc-2024-01-10:u0004:s00	9	*	*	PUNCT	NFP	_	11	punct	41	42
tsc-2024-01-10:u0004:s00	10	Geoffrey	Geoffrey	PROPN	NNP	Number=Sing	11	compound	43	51
tsc-2024-01-10:u0004:s00	11	Booth	Booth	PROPN	NNP	Number=Sing	4	appos	52	57
tsc-2024-01-10:u0004:s00	12	@	@	ADP	IN	_	13	case	58	59
tsc-2024-01-10:u0004:s00	13	GeoffreyBooth	GeoffreyBooth	PROPN	NNP	Number=Sing	4	nmod	59	72
tsc-2024-01-10:u0004:s00	14	(	(	PUNCT	-LRB-	_	16	punct	73	74
tsc-2024-01-10:u0004:s00	15	voting	voting	NOUN	NN	Number=Sing	16	compound	74	80
tsc-2024-01-10:u0004:s00	16	member	member	NOUN	NN	Number=Sing	4	appos	81	87
tsc-2024-01-10:u0004:s00	17	)	)	PUNCT	-RRB-	_	16	punct	87	88
tsc-2024-01-10:u0004:s00	18	*	*	PUNCT	NFP	_	4	punct	89	90
tsc-2024-01-10:u0004:s00	19	Joyee	Joyee	PROPN	NNP	Number=Sing	21	compound	91	96
tsc-2024-01-10:u0004:s00	20	Cheung	Cheung	NOUN	NN	Number=Sing	21	compound	97	103
tsc-2024-01-10:u0004:s00	21	@joyeecheung	@joyeecheung	NOUN	NN	Number=Sing	4	conj	104	116
tsc-2024-01-10:u0004:s00	22	(	(	PUNCT	-LRB-	_	24	punct	117	118
tsc-2024-01-10:u0004:s00	23	voting	voting	NOUN	NN	Number=Sing	24	compound	118	124
tsc-2024-01-10:u0004:s00	24	member	member	NOUN	NN	Number=Sing	21	appos	125	131
tsc-2024-01-10:u0004:s00	25	)	)	PUNCT	-RRB-	_	24	punct	131	132
tsc-2024-01-10:u0004:s00	26	*	*	PUNCT	NFP	_	4	punct	133	134
tsc-2024-01-10:u0004:s00	27	Chengzhong	Chengzhong	PROPN	NNP	Number=Sing	4	appos	135	145
tsc-2024-01-10:u0004:s01	1	Wu	Wu	PROPN	NNP	Number=Sing	2	compound	0	2
tsc-2024-01-10:u0004:s01	2	@legendecas	@legendeca	NOUN	NNS	Number=Plur	44	compound	3	14
tsc-2024-01-10:u0004:s01	3	(	(	PUNCT	-LRB-	_	2	punct	15	16
tsc-2024-01-10:u0004:s01	4	voting	voting	NOUN	NN	Number=Sing	5	compound	16	22
tsc-2024-01-10:u0004:s01	5	member	member	NOUN	NN	Number=Sing	2	appos	23	29
tsc-2024-01-10:u0004:s01	6	)	)	PUNCT	-RRB-	_	2	punct	29	30
tsc-2024-01-10:u0004:s01	7	*	*	PUNCT	NFP	_	2	punct	31	32
tsc-2024-01-10:u0004:s01	8	Matteo	Matteo	PROPN	NNP	Number=Sing	2	appos	33	39
tsc-2024-01-10:u0004:s01	9	Collina	Collina	PROPN	NNP	Number=Sing	8	flat	40	47
tsc-2024-01-10:u0004:s01	10	@mcollina	@mcollina	PROPN	NNP	Number=Sing	8	flat	48	57
tsc-2024-01-10:u0004:s01	11	(	(	PUNCT	-LRB-	_	2	punct	58	59
tsc-2024-01-10:u0004:s01	12	voting	voting	NOUN	NN	Number=Sing	13	compound	59	65
tsc-2024-01-10:u0004:s01	13	member	member	NOUN	NN	Number=Sing	2	appos	66	72
tsc-2024-01-10:u0004:s01	14	)	)	PUNCT	-RRB-	_	2	punct	72	73
tsc-2024-01-10:u0004:s01	15	*	*	PUNCT	NFP	_	2	punct	74	75
tsc-2024-01-10:u0004:s01	16	Michael	Michael	PROPN	NNP	Number=Sing	2	appos	76	83
tsc-2024-01-10:u0004:s01	17	Dawson	Dawson	PROPN	NNP	Number=Sing	16	flat	84	90
tsc-2024-01-10:u0004:s01	18	@mhdawson	@mhdawson	NOUN	NN	Number=Sing	16	flat	91	100
tsc-2024-01-10:u0004:s01	19	(	(	PUNCT	-LRB-	_	2	punct	101	102
tsc-2024-01-10:u0004:s01	20	voting	voting	NOUN	NN	Number=Sing	21	compound	102	108
tsc-2024-01-10:u0004:s01	21	member	member	NOUN	NN	Number=Sing	2	appos	109	115
tsc-2024-01-10:u0004:s01	22	)	)	PUNCT	-RRB-	_	21	punct	115	116
tsc-2024-01-10:u0004:s01	23	*	*	PUNCT	NFP	_	2	punct	117	118
tsc-2024-01-10:u0004:s01	24	Moshe	Moshe	PRON	PRP	Case=Nom|Gender=Masc|Number=Sing|Person=3|PronType=Prs	2	conj	119	124
tsc-2024-01-10:u0004:s01	25	Atlow	Atlow	PROPN	NNP	Number=Sing	36	compound	125	130
tsc-2024-01-10:u0004:s01	26	@	@	ADP	IN	_	31	case	131	132
tsc-2024-01-10:u0004:s01	27	Mo	mo	PROPN	NNP	Number=Sing	28	compound	132	134
tsc-2024-01-10:u0004:s01	28	Low	low	PROPN	NNP	Number=Sing	31	compound	134	137
tsc-2024-01-10:u0004:s01	29	(	(	PUNCT	-LRB-	_	31	punct	138	139
tsc-2024-01-10:u0004:s01	30	voting	voting	NOUN	NN	Number=Sing	31	compound	139	145
tsc-2024-01-10:u0004:s01	31	member	member	NOUN	NN	Number=Sing	25	nmod	146	152
tsc-2024-01-10:u0004:s01	32	)	)	PUNCT	-RRB-	_	31	punct	152	153
tsc-2024-01-10:u0004:s01	33	*	*	PUNCT	NFP	_	31	punct	154	155
tsc-2024-01-10:u0004:s01	34	Richard	Richard	PROPN	NNP	Number=Sing	25	appos	156	163
tsc-2024-01-10:u0004:s01	35	Lau	Lau	PROPN	NNP	Number=Sing	34	flat	164	167
tsc-2024-01-10:u0004:s01	36	@richardlau	@richardlau	NOUN	NN	Number=Sing	41	compound	168	179
tsc-2024-01-10:u0004:s01	37	(	(	PUNCT	-LRB-	_	39	punct	180	181
tsc-2024-01-10:u0004:s01	38	voting	voting	NOUN	NN	Number=Sing	39	compound	181	187
tsc-2024-01-10:u0004:s01	39	member	member	NOUN	NN	Number=Sing	36	appos	188	194
tsc-2024-01-10:u0004:s01	40	)	)	PUNCT	-RRB-	_	39	punct	194	195
tsc-2024-01-10:u0004:s01	41	*	*	PUNCT	NFP	_	24	punct	196	197
tsc-2024-01-10:u0004:s01	42	Robert	Robert	PROPN	NNP	Number=Sing	2	appos	198	204
tsc-2024-01-10:u0004:s01	43	Nagy	Nagy	PROPN	NNP	Number=Sing	42	flat	205	209
tsc-2024-01-10:u0004:s01	44	@ronag	@ronag	NOUN	NN	Number=Sing	0	root	210	216
tsc-2024-01-10:u0004:s01	45	(	(	PUNCT	-LRB-	_	47	punct	217	218
tsc-2024-01-10:u0004:s01	46	voting	voting	NOUN	NN	Number=Sing	47	compound	218	224
tsc-2024-01-10:u0004:s01	47	member	member	NOUN	NN	Number=Sing	44	appos	225	231
tsc-2024-01-10:u0004:s01	48	)	)	PUNCT	-RRB-	_	47	punct	231	232
tsc-2024-01-10:u0004:s01	49	*	*	PUNCT	NFP	_	44	punct	233	234
tsc-2024-01-10:u0004:s01	50	Ruy	Ruy	PROPN	NNP	Number=Sing	44	appos	235	238
tsc-2024-01-10:u0004:s01	51	Adorno	Adorno	PROPN	NNP	Number=Sing	50	flat	239	245
tsc-2024-01-10:u0004:s01	52	@ruyadorno	@ruyadorno	NOUN	NN	Number=Sing	50	flat	246	256
tsc-2024-01-10:u0004:s01	53	(	(	PUNCT	-LRB-	_	55	punct	257	258
tsc-2024-01-10:u0004:s01	54	voting	voting	NOUN	NN	Number=Sing	55	compound	258	264
tsc-2024-01-10:u0004:s01	55	member	member	NOUN	NN	Number=Sing	44	appos	265	271
tsc-2024-01-10:u0004:s01	56	)	)	PUNCT	-RRB-	_	55	punct	271	272
tsc-2024-01-10:u0005:s00	1	##	##	PUNCT	.	_	0	root	0	2
tsc-2024-01-10:u0005:s01	1	Agenda	agenda	PROPN	NNP	Number=Sing	0	root	0	6
tsc-2024-01-10:u0006:s00	1	###	###	SYM	NFP	_	0	root	0	3
tsc-2024-01-10:u0006:s01	1	Announcements	Announcement	NOUN	NNS	Number=Plur	0	root	0	13
tsc-2024-01-10:u0007:s00	1	*	*	PUNCT	NFP	_	2	punct	0	1
tsc-2024-01-10:u0007:s00	2	Richard	Richard	PROPN	NNP	Number=Sing	0	root	2	9
tsc-2024-01-10:u0007:s00	3	,	,	PUNCT	,	_	2	punct	9	10
tsc-2024-01-10:u0007:s01	1	Ulises	Ulise	PROPN	NNP	Number=Sing	2	nsubj	0	6
tsc-2024-01-10:u0007:s01	2	did	do	VERB	VBD	Mood=Ind|Tense=Past|VerbForm=Fin	0	root	7	10
tsc-2024-01-10:u0007:s01	3	a	a	DET	DT	Definite=Ind|PronType=Art	4	det	11	12
tsc-2024-01-10:u0007:s01	4	release	release	NOUN	NN	Number=Sing	2	obj	13	20
tsc-2024-01-10:u0007:s01	5	for	for	ADP	IN	_	6	case	21	24
tsc-2024-01-10:u0007:s01	6	Node.js	Node.js	NOUN	NNS	Number=Plur	4	nmod	25	32
tsc-2024-01-10:u0007:s01	7	20	20	NUM	CD	NumType=Card	6	nummod	33	35
tsc-2024-01-10:u0008:s00	1	###	###	SYM	NFP	_	6	punct	0	3
tsc-2024-01-10:u0008:s00	2	CPC	CPC	PROPN	NNP	Number=Sing	6	compound	4	7
tsc-2024-01-10:u0008:s00	3	and	and	CCONJ	CC	_	4	cc	8	11
tsc-2024-01-10:u0008:s00	4	Board	board	PROPN	NNP	Number=Sing	2	conj	12	17
tsc-2024-01-10:u0008:s00	5	Meeting	meeting	PROPN	NNP	Number=Sing	6	compound	18	25
tsc-2024-01-10:u0008:s00	6	Updates	updates	PROPN	NNP	Number=Sing	0	root	26	33
tsc-2024-01-10:u0009:s00	1	*	*	PUNCT	NFP	_	2	punct	0	1
tsc-2024-01-10:u0009:s00	2	Extracted	Extract	VERB	VBN	Tense=Past|VerbForm=Part	9	amod	1	10
tsc-2024-01-10:u0009:s00	3	from	from	ADP	IN	_	6	case	11	15
tsc-2024-01-10:u0009:s00	4	**tsc	**tsc	NOUN	NN	Number=Sing	6	compound	16	21
tsc-2024-01-10:u0009:s00	5	-	-	PUNCT	HYPH	_	6	punct	21	22
tsc-2024-01-10:u0009:s00	6	agenda	agenda	NOUN	NN	Number=Sing	2	obl	22	28
tsc-2024-01-10:u0009:s00	7	**	**	PUNCT	NFP	_	2	punct	28	30
tsc-2024-01-10:u0009:s00	8	labeled	label	VERB	VBN	Tense=Past|VerbForm=Part	9	amod	31	38
tsc-2024-01-10:u0009:s00	9	issues	issue	NOUN	NNS	Number=Plur	0	root	39	45
tsc-2024-01-10:u0009:s00	10	and	and	CCONJ	CC	_	12	cc	46	49
tsc-2024-01-10:u0009:s00	11	pull	pull	NOUN	NN	Number=Sing	12	compound	50	54
tsc-2024-01-10:u0009:s00	12	requests	request	NOUN	NNS	Number=Plur	9	conj	55	63
tsc-2024-01-10:u0009:s00	13	from	from	ADP	IN	_	16	case	64	68
tsc-2024-01-10:u0009:s00	14	the	the	DET	DT	Definite=Def|PronType=Art	16	det	69	72
tsc-2024-01-10:u0009:s00	15	**	**	PUNCT	NFP	_	16	punct	73	75
tsc-2024-01-10:u0009:s00	16	nodejs	nodej	NOUN	NNS	Number=Plur	12	nmod	75	81
tsc-2024-01-10:u0009:s00	17	org	org	ADJ	JJ	Degree=Pos	16	amod	82	85
tsc-2024-01-10:u0009:s00	18	**	**	PUNCT	NFP	_	9	punct	85	87
tsc-2024-01-10:u0009:s00	19	prior	prior	ADJ	JJ	Degree=Pos	22	case	88	93
tsc-2024-01-10:u0009:s00	20	to	to	ADP	IN	_	19	fixed	94	96
tsc-2024-01-10:u0009:s00	21	the	the	DET	DT	Definite=Def|PronType=Art	22	det	97	100
tsc-2024-01-10:u0009:s00	22	meeting	meeting	NOUN	NN	Number=Sing	9	nmod	101	108
tsc-2024-01-10:u0009:s00	23	.	.	PUNCT	.	_	9	punct	108	109
tsc-2024-01-10:u0010:s00	1	*	*	PUNCT	NFP	_	7	punct	0	1
tsc-2024-01-10:u0010:s00	2	Travel	travel	NOUN	NN	Number=Sing	3	compound	2	8
tsc-2024-01-10:u0010:s00	3	fund	fund	NOUN	NN	Number=Sing	7	nsubj	9	13
tsc-2024-01-10:u0010:s00	4	is	be	AUX	VBZ	Mood=Ind|Number=Sing|Person=3|Tense=Pres|VerbForm=Fin	7	cop	14	16
tsc-2024-01-10:u0010:s00	5	most	most	ADV	RBS	_	6	advmod	17	21
tsc-2024-01-10:u0010:s00	6	relevant	relevant	ADJ	JJ	Degree=Pos	7	amod	22	30
tsc-2024-01-10:u0010:s00	7	discussion	discussion	NOUN	NN	Number=Sing	0	root	31	41
tsc-2024-01-10:u0010:s00	8	.	.	PUNCT	.	_	7	punct	41	42
tsc-2024-01-10:u0010:s01	1	Board	board	NOUN	NN	Number=Sing	3	nsubj	0	5
tsc-2024-01-10:u0010:s01	2	has	have	AUX	VBZ	Mood=Ind|Number=Sing|Person=3|Tense=Pres|VerbForm=Fin	3	aux	6	9
tsc-2024-01-10:u0010:s01	3	asked	ask	VERB	VBN	Tense=Past|VerbForm=Part	0	root	10	15
tsc-2024-01-10:u0010:s01	4	that	that	SCONJ	IN	_	11	mark	16	20
tsc-2024-01-10:u0010:s01	5	the	the	DET	DT	Definite=Def|PronType=Art	6	det	21	24
tsc-2024-01-10:u0010:s01	6	rules	rule	NOUN	NNS	Number=Plur	11	nsubj:pass	25	30
tsc-2024-01-10:u0010:s01	7	for	for	ADP	IN	_	9	case	31	34
tsc-2024-01-10:u0010:s01	8	the	the	DET	DT	Definite=Def|PronType=Art	9	det	35	38
tsc-2024-01-10:u0010:s01	9	fund	fund	NOUN	NN	Number=Sing	6	nmod	39	43
tsc-2024-01-10:u0010:s01	10	be	be	AUX	VB	VerbForm=Inf	11	aux:pass	44	46
tsc-2024-01-10:u0010:s01	11	revamped	revamp	VERB	VBN	Tense=Past|VerbForm=Part|Voice=Pass	3	ccomp	47	55
tsc-2024-01-10:u0010:s01	12	.	.	PUNCT	.	_	3	punct	55	56
tsc-2024-01-10:u0010:s02	1	Things	thing	NOUN	NNS	Number=Plur	3	nsubj	0	6
tsc-2024-01-10:u0010:s02	2	are	be	AUX	VBP	Mood=Ind|Tense=Pres|VerbForm=Fin	3	aux	7	10
tsc-2024-01-10:u0010:s02	3	progressing	progress	VERB	VBG	Tense=Pres|VerbForm=Part	0	root	11	22
tsc-2024-01-10:u0010:s02	4	fast	fast	ADV	RB	Degree=Pos	3	advmod	23	27
tsc-2024-01-10:u0010:s02	5	as	as	SCONJ	IN	_	7	mark	28	30
tsc-2024-01-10:u0010:s02	6	we	we	PRON	PRP	Case=Nom|Number=Plur|Person=1|PronType=Prs	7	nsubj	31	33
tsc-2024-01-10:u0010:s02	7	want	want	VERB	VBP	Mood=Ind|Tense=Pres|VerbForm=Fin	3	advcl	34	38
tsc-2024-01-10:u0010:s02	8	to	to	PART	TO	_	9	mark	39	41
tsc-2024-01-10:u0010:s02	9	have	have	VERB	VB	VerbForm=Inf	7	xcomp	42	46
tsc-2024-01-10:u0010:s02	10	them	they	PRON	PRP	Case=Acc|Number=Plur|Person=3|PronType=Prs	9	obj	47	51
tsc-2024-01-10:u0010:s02	11	in	in	ADP	IN	_	12	case	52	54
tsc-2024-01-10:u0010:s02	12	place	place	NOUN	NN	Number=Sing	9	obl	55	60
tsc-2024-01-10:u0010:s02	13	.	.	PUNCT	.	_	3	punct	60	61
tsc-2024-01-10:u0010:s02	14	*	*	PUNCT	NFP	_	3	punct	62	63
tsc-2024-01-10:u0010:s03	1	Still	still	SCONJ	IN	_	2	mark	0	5
tsc-2024-01-10:u0010:s03	2	waiting	wait	VERB	VBG	VerbForm=Ger	0	root	6	13
tsc-2024-01-10:u0010:s03	3	on	on	ADP	IN	_	4	case	14	16
tsc-2024-01-10:u0010:s03	4	news	news	NOUN	NN	Number=Sing	2	obl	17	21
tsc-2024-01-10:u0010:s03	5	on	on	ADP	IN	_	7	case	22	24
tsc-2024-01-10:u0010:s03	6	the	the	DET	DT	Definite=Def|PronType=Art	7	det	25	28
tsc-2024-01-10:u0010:s03	7	room	room	NOUN	NN	Number=Sing	4	nmod	29	33
tsc-2024-01-10:u0010:s03	8	for	for	ADP	IN	_	10	case	34	37
tsc-2024-01-10:u0010:s03	9	collaborator	collaborator	NOUN	NN	Number=Sing	10	compound	38	50
tsc-2024-01-10:u0010:s03	10	summit	summit	NOUN	NN	Number=Sing	7	nmod	51	57
tsc-2024-01-10:u0010:s03	11	in	in	ADP	IN	_	12	case	58	60
tsc-2024-01-10:u0010:s03	12	London	London	PROPN	NNP	Number=Sing	10	nmod	61	67
tsc-2024-01-10:u0010:s03	13	*	*	PUNCT	NFP	_	4	punct	68	69
tsc-2024-01-10:u0010:s03	14	Track	track	PROPN	NNP	Number=Sing	4	appos	70	75
tsc-2024-01-10:u0010:s03	15	for	for	ADP	IN	_	16	case	76	79
tsc-2024-01-10:u0010:s03	16	Node.js	Node.js	PROPN	NNP	Number=Sing	14	nmod	80	87
tsc-2024-01-10:u0010:s04	1	is	be	AUX	VBZ	Mood=Ind|Number=Sing|Person=3|Tense=Pres|VerbForm=Fin	4	cop	0	2
tsc-2024-01-10:u0010:s04	2	still	still	ADV	RB	_	4	advmod	3	8
tsc-2024-01-10:u0010:s04	3	in	in	ADP	IN	_	4	case	9	11
tsc-2024-01-10:u0010:s04	4	play	play	NOUN	NN	Number=Sing	7	obl	12	16
tsc-2024-01-10:u0010:s04	5	,	,	PUNCT	,	_	7	punct	16	17
tsc-2024-01-10:u0010:s04	6	conference	conference	NOUN	NN	Number=Sing	7	nsubj	18	28
tsc-2024-01-10:u0010:s04	7	has	have	VERB	VBZ	Mood=Ind|Number=Sing|Person=3|Tense=Pres|VerbForm=Fin	0	root	29	32
tsc-2024-01-10:u0010:s04	8	room	room	NOUN	NN	Number=Sing	7	obj	33	37
tsc-2024-01-10:u0010:s04	9	for	for	ADP	IN	_	11	case	38	41
tsc-2024-01-10:u0010:s04	10	the	the	DET	DT	Definite=Def|PronType=Art	11	det	42	45
tsc-2024-01-10:u0010:s04	11	track	track	NOUN	NN	Number=Sing	8	nmod	46	51
tsc-2024-01-10:u0011:s00	1	###	###	SYM	NFP	_	0	root	0	3
tsc-2024-01-10:u0011:s00	2	nodejs	nodej	NOUN	NNS	Number=Plur	1	compound	4	10
tsc-2024-01-10:u0011:s00	3	/	/	PUNCT	,	_	4	cc	10	11
tsc-2024-01-10:u0011:s00	4	node	node	NOUN	NN	Number=Sing	2	conj	11	15
tsc-2024-01-10:u0012:s00	1	*	*	PUNCT	NFP	_	2	punct	0	1
tsc-2024-01-10:u0012:s00	2	Revisiting	Revisit	VERB	VBG	VerbForm=Ger	0	root	2	12
tsc-2024-01-10:u0012:s00	3	`	`	PUNCT	``	_	4	punct	13	14
tsc-2024-01-10:u0012:s00	4	globalThis	globalThis	PROPN	NNPS	Number=Plur	2	obj	14	24
tsc-2024-01-10:u0012:s00	5	`	`	PUNCT	``	_	4	punct	24	25
tsc-2024-01-10:u0012:s00	6	as	as	ADP	IN	_	9	case	26	28
tsc-2024-01-10:u0012:s00	7	an	a	DET	DT	Definite=Ind|PronType=Art	9	det	29	31
tsc-2024-01-10:u0012:s00	8	`	`	PUNCT	``	_	9	punct	32	33
tsc-2024-01-10:u0012:s00	9	EventTarget	EventTarget	NOUN	NN	Number=Sing	2	obl	33	44
tsc-2024-01-10:u0012:s00	10	`	`	PUNCT	``	_	9	punct	44	45
tsc-2024-01-10:u0012:s00	11	[	[	PUNCT	-LRB-	_	12	punct	46	47
tsc-2024-01-10:u0012:s00	12	#51372	#51372	NUM	CD	NumType=Card	9	appos	47	53
tsc-2024-01-10:u0012:s00	13	]	]	PUNCT	-RRB-	_	12	punct	53	54
tsc-2024-01-10:u0012:s00	14	(	(	PUNCT	-LRB-	_	15	punct	54	55
tsc-2024-01-10:u0012:s00	15	https://github.com/nodejs/node/issues/51372	https://github.com/nodejs/node/issues/51372	X	ADD	_	12	appos	55	98
tsc-2024-01-10:u0012:s00	16	)	)	PUNCT	-RRB-	_	15	punct	98	99
tsc-2024-01-10:u0012:s00	17	*	*	PUNCT	NFP	_	9	punct	100	101
tsc-2024-01-10:u0012:s01	1	No	no	DET	DT	_	3	det	0	2
tsc-2024-01-10:u0012:s01	2	clear	clear	ADJ	JJ	Degree=Pos	3	amod	3	8
tsc-2024-01-10:u0012:s01	3	conclusion	conclusion	NOUN	NN	Number=Sing	0	root	9	19
tsc-2024-01-10:u0012:s01	4	in	in	ADP	IN	_	6	case	20	22
tsc-2024-01-10:u0012:s01	5	the	the	DET	DT	Definite=Def|PronType=Art	6	det	23	26
tsc-2024-01-10:u0012:s01	6	discussion	discussion	NOUN	NN	Number=Sing	3	nmod	27	37
tsc-2024-01-10:u0012:s01	7	yet	yet	ADV	RB	_	3	advmod	38	41
tsc-2024-01-10:u0012:s01	8	.	.	PUNCT	.	_	3	punct	41	42
tsc-2024-01-10:u0012:s02	1	On	on	ADP	IN	_	2	case	0	2
tsc-2024-01-10:u0012:s02	2	agenda	agenday	NOUN	NN	Number=Sing	7	obl	3	9
tsc-2024-01-10:u0012:s02	3	because	because	SCONJ	IN	_	7	mark	10	17
tsc-2024-01-10:u0012:s02	4	the	the	DET	DT	Definite=Def|PronType=Art	5	det	18	21
tsc-2024-01-10:u0012:s02	5	TSC	Tsc	NOUN	NN	Number=Sing	7	nsubj	22	25
tsc-2024-01-10:u0012:s02	6	will	will	AUX	MD	VerbForm=Fin	7	aux	26	30
tsc-2024-01-10:u0012:s02	7	need	need	VERB	VB	VerbForm=Inf	0	root	31	35
tsc-2024-01-10:u0012:s02	8	to	to	PART	TO	_	9	mark	36	38
tsc-2024-01-10:u0012:s02	9	make	make	VERB	VB	VerbForm=Inf	7	xcomp	39	43
tsc-2024-01-10:u0012:s02	10	a	a	DET	DT	Definite=Ind|PronType=Art	11	det	44	45
tsc-2024-01-10:u0012:s02	11	Decision	decision	NOUN	NN	Number=Sing	9	obj	46	54
tsc-2024-01-10:u0012:s02	12	at	at	ADP	IN	_	14	case	55	57
tsc-2024-01-10:u0012:s02	13	some	some	DET	DT	_	14	det	58	62
tsc-2024-01-10:u0012:s02	14	point	point	NOUN	NN	Number=Sing	9	obl	63	68
tsc-2024-01-10:u0012:s02	15	.	.	PUNCT	.	_	7	punct	68	69
tsc-2024-01-10:u0012:s03	1	Not	not	PART	RB	_	2	advmod	0	3
tsc-2024-01-10:u0012:s03	2	yet	yet	ADV	RB	_	9	advmod	4	7
tsc-2024-01-10:u0012:s03	3	at	at	ADP	IN	_	5	case	8	10
tsc-2024-01-10:u0012:s03	4	that	that	DET	DT	Number=Sing|PronType=Dem	5	det	11	15
tsc-2024-01-10:u0012:s03	5	point	point	NOUN	NN	Number=Sing	2	obl	16	21
tsc-2024-01-10:u0012:s03	6	but	but	CCONJ	CC	_	9	cc	22	25
tsc-2024-01-10:u0012:s03	7	will	will	AUX	MD	VerbForm=Fin	9	aux	26	30
tsc-2024-01-10:u0012:s03	8	likely	likely	ADV	RB	_	9	advmod	31	37
tsc-2024-01-10:u0012:s03	9	end	end	VERB	VB	VerbForm=Inf	0	root	38	41
tsc-2024-01-10:u0012:s03	10	up	up	ADP	RP	_	9	compound:prt	42	44
tsc-2024-01-10:u0012:s03	11	in	in	ADP	IN	_	13	case	45	47
tsc-2024-01-10:u0012:s03	12	a	a	DET	DT	Definite=Ind|PronType=Art	13	det	48	49
tsc-2024-01-10:u0012:s03	13	vote	vote	NOUN	NN	Number=Sing	9	obl	50	54
tsc-2024-01-10:u0012:s03	14	.	.	PUNCT	.	_	9	punct	54	55
tsc-2024-01-10:u0012:s04	1	It	it	PRON	PRP	Case=Nom|Gender=Neut|Number=Sing|Person=3|PronType=Prs	5	nsubj	0	2
tsc-2024-01-10:u0012:s04	2	is	be	AUX	VBZ	Mood=Ind|Number=Sing|Person=3|Tense=Pres|VerbForm=Fin	5	cop	3	5
tsc-2024-01-10:u0012:s04	3	SemVer	SemVer	PROPN	NNP	Number=Sing	5	compound	6	12
tsc-2024-01-10:u0012:s04	4	major	major	ADJ	JJ	Degree=Pos	5	amod	13	18
tsc-2024-01-10:u0012:s04	5	PR	pr	NOUN	NN	Number=Sing	0	root	19	21
tsc-2024-01-10:u0012:s04	6	so	so	ADV	RB	_	8	advmod	22	24
tsc-2024-01-10:u0012:s04	7	will	will	AUX	MD	VerbForm=Fin	8	aux	25	29
tsc-2024-01-10:u0012:s04	8	need	need	VERB	VB	VerbForm=Inf	5	conj	30	34
tsc-2024-01-10:u0012:s04	9	to	to	PART	TO	_	10	mark	35	37
tsc-2024-01-10:u0012:s04	10	make	make	VERB	VB	VerbForm=Inf	8	xcomp	38	42
tsc-2024-01-10:u0012:s04	11	decision	decision	NOUN	NN	Number=Sing	10	obj	43	51
tsc-2024-01-10:u0012:s04	12	by	by	ADP	IN	_	14	case	52	54
tsc-2024-01-10:u0012:s04	13	Feb	Feb	PROPN	NNP	Number=Sing	14	compound	55	58
tsc-2024-01-10:u0012:s04	14	ish	ish	NOUN	NNS	Number=Plur	10	obl	59	62
tsc-2024-01-10:u0012:s04	15	.	.	PUNCT	.	_	5	punct	62	63
tsc-2024-01-10:u0013:s00	1	*	*	PUNCT	NFP	_	3	punct	0	1
tsc-2024-01-10:u0013:s00	2	Inconsistent	Inconsistent	ADJ	JJ	Degree=Pos	3	amod	2	14
tsc-2024-01-10:u0013:s00	3	behavior	behavior	NOUN	NN	Number=Sing	0	root	15	23
tsc-2024-01-10:u0013:s00	4	of	of	ADP	IN	_	5	case	24	26
tsc-2024-01-10:u0013:s00	5	nextTick	nextTick	PROPN	NNP	Number=Sing	3	nmod	27	35
tsc-2024-01-10:u0013:s00	6	and	and	CCONJ	CC	_	7	cc	36	39
tsc-2024-01-10:u0013:s00	7	queueMicrotask	queueMicrotask	PROPN	NNP	Number=Sing	5	conj	40	54
tsc-2024-01-10:u0013:s00	8	[	[	PUNCT	-LRB-	_	3	punct	55	56
tsc-2024-01-10:u0013:s00	9	#51156	#51156	NUM	CD	NumType=Card	3	appos	56	62
tsc-2024-01-10:u0013:s00	10	]	]	PUNCT	-RRB-	_	9	punct	62	63
tsc-2024-01-10:u0013:s00	11	(	(	PUNCT	-LRB-	_	12	punct	63	64
tsc-2024-01-10:u0013:s00	12	https://github.com/nodejs/node/issues/51156	https://github.com/nodejs/node/issues/51156	X	LS	_	9	parataxis	64	107
tsc-2024-01-10:u0013:s00	13	)	)	PUNCT	-RRB-	_	12	punct	107	108
tsc-2024-01-10:u0013:s00	14	*	*	PUNCT	NFP	_	9	punct	109	110
tsc-2024-01-10:u0013:s00	15	Robert	Robert	PROPN	NNP	Number=Sing	3	appos	111	117
tsc-2024-01-10:u0013:s00	16	-	-	PUNCT	,	_	3	punct	118	119
tsc-2024-01-10:u0013:s01	1	Have	have	AUX	VBP	Mood=Ind|Tense=Pres|VerbForm=Fin	3	aux	0	4
tsc-2024-01-10:u0013:s01	2	not	not	PART	RB	_	3	advmod	5	8
tsc-2024-01-10:u0013:s01	3	had	have	VERB	VBN	Tense=Past|VerbForm=Part	0	root	9	12
tsc-2024-01-10:u0013:s01	4	too	too	ADV	RB	_	5	advmod	13	16
tsc-2024-01-10:u0013:s01	5	much	much	ADJ	JJ	Degree=Pos	6	amod	17	21
tsc-2024-01-10:u0013:s01	6	time	time	NOUN	NN	Number=Sing	3	obj	22	26
tsc-2024-01-10:u0013:s01	7	to	to	PART	TO	_	8	mark	27	29
tsc-2024-01-10:u0013:s01	8	pursue	pursue	VERB	VB	VerbForm=Inf	6	acl	30	36
tsc-2024-01-10:u0013:s01	9	,	,	PUNCT	,	_	12	punct	36	37
tsc-2024-01-10:u0013:s01	10	but	but	CCONJ	CC	_	12	cc	38	41
tsc-2024-01-10:u0013:s01	11	have	have	AUX	VBP	Mood=Ind|Tense=Pres|VerbForm=Fin	12	aux	42	46
tsc-2024-01-10:u0013:s01	12	opened	open	VERB	VBN	Tense=Past|VerbForm=Part	3	conj	47	53
tsc-2024-01-10:u0013:s01	13	a	a	DET	DT	Definite=Ind|PronType=Art	15	det	54	55
tsc-2024-01-10:u0013:s01	14	few	few	ADJ	JJ	Degree=Pos	15	amod	56	59
tsc-2024-01-10:u0013:s01	15	PRs	pr	NOUN	NNS	Number=Plur	12	obj	60	63
tsc-2024-01-10:u0013:s01	16	which	which	PRON	WDT	PronType=Rel	18	nsubj	64	69
tsc-2024-01-10:u0013:s01	17	are	be	AUX	VBP	Mood=Ind|Tense=Pres|VerbForm=Fin	18	aux	70	73
tsc-2024-01-10:u0013:s01	18	progressing	progress	VERB	VBG	Tense=Pres|VerbForm=Part	15	acl:relcl	74	85
tsc-2024-01-10:u0013:s01	19	*	*	PUNCT	NFP	_	18	punct	86	87
tsc-2024-01-10:u0013:s01	20	Second	second	ADJ	JJ	Degree=Pos|NumType=Ord	21	amod	88	94
tsc-2024-01-10:u0013:s01	21	one	one	NOUN	NN	Number=Sing	18	obj	95	98
tsc-2024-01-10:u0013:s01	22	is	be	VERB	VBZ	Mood=Ind|Number=Sing|Person=3|Tense=Pres|VerbForm=Fin	12	advcl	99	101
tsc-2024-01-10:u0013:s01	23	to	to	PART	TO	_	24	mark	102	104
tsc-2024-01-10:u0013:s01	24	add	add	VERB	VB	VerbForm=Inf	22	ccomp	105	108
tsc-2024-01-10:u0013:s01	25	as	as	ADP	IN	_	26	case	109	111
tsc-2024-01-10:u0013:s01	26	experimental	experimental	ADJ	JJ	Degree=Pos	24	obl	112	124
tsc-2024-01-10:u0013:s01	27	,	,	PUNCT	,	_	3	punct	124	125
tsc-2024-01-10:u0013:s01	28	Matteo	Matteo	SCONJ	IN	_	32	mark	126	132
tsc-2024-01-10:u0013:s01	29	what	what	PRON	WP	PronType=Int	32	obj	133	137
tsc-2024-01-10:u0013:s01	30	did	do	AUX	VBD	Mood=Ind|Tense=Past|VerbForm=Fin	32	aux	138	141
tsc-2024-01-10:u0013:s01	31	you	you	PRON	PRP	Case=Nom|Person=2|PronType=Prs	32	nsubj	142	145
tsc-2024-01-10:u0013:s01	32	see	see	VERB	VB	VerbForm=Inf	39	advcl	146	149
tsc-2024-01-10:u0013:s01	33	with	with	ADP	IN	_	36	case	150	154
tsc-2024-01-10:u0013:s01	34	breakage	breakage	NOUN	NN	Number=Sing	36	compound	155	163
tsc-2024-01-10:u0013:s01	35	*	*	PUNCT	NFP	_	36	punct	164	165
tsc-2024-01-10:u0013:s01	36	Matteo	Matteo	PROPN	NNP	Number=Sing	32	obl	166	172
tsc-2024-01-10:u0013:s01	37	,	,	PUNCT	,	_	32	punct	172	173
tsc-2024-01-10:u0013:s01	38	from	from	SCONJ	IN	_	39	case	174	178
tsc-2024-01-10:u0013:s01	39	what	what	PRON	WP	PronType=Int	3	obj	179	183
tsc-2024-01-10:u0013:s01	40	I	I	PRON	PRP	Case=Nom|Number=Sing|Person=1|PronType=Prs	41	nsubj	184	185
tsc-2024-01-10:u0013:s01	41	saw	see	VERB	VBD	Mood=Ind|Tense=Past|VerbForm=Fin	39	acl:relcl	186	189
tsc-2024-01-10:u0013:s01	42	breakage	breakage	NOUN	NN	Number=Sing	44	nsubj	190	198
tsc-2024-01-10:u0013:s01	43	was	be	AUX	VBD	Mood=Ind|Number=Sing|Person=3|Tense=Past|VerbForm=Fin	44	cop	199	202
tsc-2024-01-10:u0013:s01	44	extensive	extensive	ADJ	JJ	Degree=Pos	41	ccomp	203	212
tsc-2024-01-10:u0013:s01	45	*	*	PUNCT	NFP	_	3	punct	213	214
tsc-2024-01-10:u0013:s01	46	Robert	Robert	ADP	IN	Typo=Yes	49	case	215	221
tsc-2024-01-10:u0013:s01	47	the	the	DET	DT	Definite=Def|PronType=Art	49	det	222	225
tsc-2024-01-10:u0013:s01	48	only	only	ADJ	JJ	Degree=Pos	49	amod	226	230
tsc-2024-01-10:u0013:s01	49	way	way	NOUN	NN	Number=Sing	51	obl	231	234
tsc-2024-01-10:u0013:s01	50	forward	forward	ADV	RB	_	49	advmod	235	242
tsc-2024-01-10:u0013:s01	51	is	be	VERB	VBZ	Mood=Ind|Number=Sing|Person=3|Tense=Pres|VerbForm=Fin	3	parataxis	243	245
tsc-2024-01-10:u0013:s01	52	to	to	PART	TO	_	53	mark	246	248
tsc-2024-01-10:u0013:s01	53	add	add	VERB	VB	VerbForm=Inf	51	xcomp	249	252
tsc-2024-01-10:u0013:s01	54	another	another	DET	DT	_	56	det	253	260
tsc-2024-01-10:u0013:s01	55	new	new	ADJ	JJ	Degree=Pos	56	amod	261	264
tsc-2024-01-10:u0013:s01	56	API	api	NOUN	NN	Number=Sing	53	obj	265	268
tsc-2024-01-10:u0013:s01	57	,	,	PUNCT	,	_	58	punct	268	269
tsc-2024-01-10:u0013:s01	58	deprecate	deprecate	VERB	VB	VerbForm=Inf	53	conj	270	279
tsc-2024-01-10:u0013:s01	59	next	next	ADJ	JJ	Degree=Pos	60	amod	280	284
tsc-2024-01-10:u0013:s01	60	tick	tick	NOUN	NN	Number=Sing	58	obj	285	289
tsc-2024-01-10:u0013:s01	61	to	to	PART	TO	_	62	mark	290	292
tsc-2024-01-10:u0013:s01	62	discourage	discourage	VERB	VB	VerbForm=Inf	60	acl	293	303
tsc-2024-01-10:u0013:s01	63	future	future	ADJ	JJ	Degree=Pos	64	amod	304	310
tsc-2024-01-10:u0013:s01	64	use	use	NOUN	NN	Number=Sing	62	obj	311	314
tsc-2024-01-10:u0013:s01	65	.	.	PUNCT	.	_	3	punct	314	315
tsc-2024-01-10:u0013:s01	66	*	*	PUNCT	NFP	_	3	punct	316	317
tsc-2024-01-10:u0013:s01	67	Can	can	AUX	MD	VerbForm=Fin	68	aux	318	321
tsc-2024-01-10:u0013:s01	68	remove	remove	VERB	VB	VerbForm=Inf	3	ccomp	322	328
tsc-2024-01-10:u0013:s01	69	from	from	ADP	IN	_	70	case	329	333
tsc-2024-01-10:u0013:s01	70	agenda	agenda	NOUN	NN	Number=Sing	68	obl	334	340
tsc-2024-01-10:u0013:s01	71	at	at	ADP	IN	_	73	case	341	343
tsc-2024-01-10:u0013:s01	72	this	this	DET	DT	Number=Sing|PronType=Dem	73	det	344	348
tsc-2024-01-10:u0013:s01	73	point	point	NOUN	NN	Number=Sing	68	obl	349	354
tsc-2024-01-10:u0013:s01	74	.	.	PUNCT	.	_	3	punct	354	355
tsc-2024-01-10:u0014:s00	1	*	*	PUNCT	NFP	_	3	punct	0	1
tsc-2024-01-10:u0014:s00	2	enable	enable	ADJ	JJ	Degree=Pos	3	amod	2	8
tsc-2024-01-10:u0014:s00	3	corepack	corepack	NOUN	NN	Number=Sing	17	nsubj	9	17
tsc-2024-01-10:u0014:s00	4	by	by	ADP	IN	_	5	case	18	20
tsc-2024-01-10:u0014:s00	5	default	default	NOUN	NN	Number=Sing	3	nmod	21	28
tsc-2024-01-10:u0014:s00	6	[	[	PUNCT	-LRB-	_	3	punct	29	30
tsc-2024-01-10:u0014:s00	7	#50963	#50963	NUM	CD	NumType=Card	9	appos	30	36
tsc-2024-01-10:u0014:s00	8	]	]	PUNCT	-RRB-	_	7	punct	36	37
tsc-2024-01-10:u0014:s00	9	(	(	PUNCT	-LRB-	_	3	punct	37	38
tsc-2024-01-10:u0014:s00	10	https://github.com/nodejs/node/issues/50963	https://github.com/nodejs/node/issues/50963	X	LS	_	3	appos	38	81
tsc-2024-01-10:u0014:s00	11	)	)	PUNCT	-RRB-	_	3	punct	81	82
tsc-2024-01-10:u0014:s00	12	*	*	PUNCT	NFP	_	3	punct	83	84
tsc-2024-01-10:u0014:s00	13	Yagiz	Yagiz	INTJ	UH	_	3	discourse	85	90
tsc-2024-01-10:u0014:s00	14	,	,	PUNCT	,	_	3	punct	90	91
tsc-2024-01-10:u0014:s00	15	have	have	AUX	VBP	Mood=Ind|Tense=Pres|VerbForm=Fin	17	aux	92	96
tsc-2024-01-10:u0014:s00	16	not	not	PART	RB	_	17	advmod	97	100
tsc-2024-01-10:u0014:s00	17	seen	see	VERB	VBN	Tense=Past|VerbForm=Part	0	root	101	105
tsc-2024-01-10:u0014:s00	18	to	to	ADP	IN	_	20	case	106	108
tsc-2024-01-10:u0014:s00	19	many	many	ADJ	JJ	Degree=Pos	20	amod	109	113
tsc-2024-01-10:u0014:s00	20	changes	change	NOUN	NNS	Number=Plur	17	obl	114	121
tsc-2024-01-10:u0014:s00	21	needed	need	VERB	VBN	Tense=Past|VerbForm=Part	20	acl	122	128
tsc-2024-01-10:u0014:s00	22	for	for	ADP	IN	_	24	case	129	132
tsc-2024-01-10:u0014:s00	23	a	a	DET	DT	Definite=Ind|PronType=Art	24	det	133	134
tsc-2024-01-10:u0014:s00	24	while	while	NOUN	NN	Number=Sing	21	obl	135	140
tsc-2024-01-10:u0014:s00	25	so	so	ADV	RB	_	26	advmod	141	143
tsc-2024-01-10:u0014:s00	26	seems	seem	VERB	VBZ	Mood=Ind|Number=Sing|Person=3|Tense=Pres|VerbForm=Fin	17	advcl	144	149
tsc-2024-01-10:u0014:s00	27	stable	stable	ADJ	JJ	Degree=Pos	26	xcomp	150	156
tsc-2024-01-10:u0014:s00	28	,	,	PUNCT	,	_	26	punct	156	157
tsc-2024-01-10:u0014:s00	29	likely	likely	ADJ	JJ	Degree=Pos	26	xcomp	158	164
tsc-2024-01-10:u0014:s00	30	that	that	SCONJ	IN	_	33	mark	165	169
tsc-2024-01-10:u0014:s00	31	we	we	PRON	PRP	Case=Nom|Number=Plur|Person=1|PronType=Prs	33	nsubj	170	172
tsc-2024-01-10:u0014:s00	32	should	should	AUX	MD	VerbForm=Fin	33	aux	173	179
tsc-2024-01-10:u0014:s00	33	make	make	VERB	VB	VerbForm=Inf	29	ccomp	180	184
tsc-2024-01-10:u0014:s00	34	a	a	DET	DT	Definite=Ind|PronType=Art	35	det	185	186
tsc-2024-01-10:u0014:s00	35	decision	decision	NOUN	NN	Number=Sing	33	obj	187	195
tsc-2024-01-10:u0014:s00	36	on	on	SCONJ	IN	_	37	mark	196	198
tsc-2024-01-10:u0014:s00	37	making	make	VERB	VBG	VerbForm=Ger	33	advcl	199	205
tsc-2024-01-10:u0014:s00	38	it	it	PRON	PRP	Case=Acc|Gender=Neut|Number=Sing|Person=3|PronType=Prs	37	obj	206	208
tsc-2024-01-10:u0014:s00	39	stable	stable	ADJ	JJ	Degree=Pos	37	xcomp	209	215
tsc-2024-01-10:u0014:s00	40	or	or	CCONJ	CC	_	45	cc	216	218
tsc-2024-01-10:u0014:s00	41	if	if	SCONJ	IN	_	45	mark	219	221
tsc-2024-01-10:u0014:s00	42	that	that	PRON	DT	Number=Sing|PronType=Dem	45	nsubj	222	226
tsc-2024-01-10:u0014:s00	43	is	be	AUX	VBZ	Mood=Ind|Number=Sing|Person=3|Tense=Pres|VerbForm=Fin	45	aux	227	229
tsc-2024-01-10:u0014:s00	44	not	not	PART	RB	_	45	advmod	230	233
tsc-2024-01-10:u0014:s00	45	going	go	VERB	VBG	Tense=Pres|VerbForm=Part	33	conj	234	239
tsc-2024-01-10:u0014:s00	46	to	to	PART	TO	_	47	mark	240	242
tsc-2024-01-10:u0014:s00	47	enable	enable	VERB	VB	VerbForm=Inf	45	xcomp	243	249
tsc-2024-01-10:u0014:s00	48	by	by	ADP	IN	_	49	case	250	252
tsc-2024-01-10:u0014:s00	49	default	default	NOUN	NN	Number=Sing	47	obl	253	260
tsc-2024-01-10:u0014:s00	50	then	then	ADV	RB	PronType=Dem	53	advmod	261	265
tsc-2024-01-10:u0014:s00	51	we	we	PRON	PRP	Case=Nom|Number=Plur|Person=1|PronType=Prs	53	nsubj	266	268
tsc-2024-01-10:u0014:s00	52	should	should	AUX	MD	VerbForm=Fin	53	aux	269	275
tsc-2024-01-10:u0014:s00	53	remove	remove	VERB	VB	VerbForm=Inf	17	ccomp	276	282
tsc-2024-01-10:u0014:s00	54	.	.	PUNCT	.	_	17	punct	282	283
tsc-2024-01-10:u0014:s01	1	If	if	SCONJ	IN	_	5	mark	0	2
tsc-2024-01-10:u0014:s01	2	we	we	PRON	PRP	Case=Nom|Number=Plur|Person=1|PronType=Prs	5	nsubj	3	5
tsc-2024-01-10:u0014:s01	3	do	do	AUX	VBP	Mood=Ind|Tense=Pres|VerbForm=Fin	5	aux	6	8
tsc-2024-01-10:u0014:s01	4	n’t	not	PART	RB	_	5	advmod	8	11
tsc-2024-01-10:u0014:s01	5	enable	enable	VERB	VB	VerbForm=Inf	12	advcl	12	18
tsc-2024-01-10:u0014:s01	6	by	by	ADP	IN	_	7	case	19	21
tsc-2024-01-10:u0014:s01	7	default	default	NOUN	NN	Number=Sing	5	obl	22	29
tsc-2024-01-10:u0014:s01	8	then	then	ADV	RB	PronType=Dem	12	advmod	30	34
tsc-2024-01-10:u0014:s01	9	we	we	PRON	PRP	Case=Nom|Number=Plur|Person=1|PronType=Prs	12	nsubj	35	37
tsc-2024-01-10:u0014:s01	10	do	do	AUX	VBP	Mood=Ind|Tense=Pres|VerbForm=Fin	12	aux	38	40
tsc-2024-01-10:u0014:s01	11	n’t	not	PART	RB	_	12	advmod	40	43
tsc-2024-01-10:u0014:s01	12	have	have	VERB	VB	VerbForm=Inf	0	root	44	48
tsc-2024-01-10:u0014:s01	13	a	a	DET	DT	Definite=Ind|PronType=Art	14	det	49	50
tsc-2024-01-10:u0014:s01	14	path	path	NOUN	NN	Number=Sing	12	obj	51	55
tsc-2024-01-10:u0014:s01	15	to	to	SCONJ	IN	_	16	mark	56	58
tsc-2024-01-10:u0014:s01	16	removing	remove	VERB	VBG	VerbForm=Ger	14	acl	59	67
tsc-2024-01-10:u0014:s01	17	npm	npm	NOUN	NN	Number=Sing	16	obj	68	71
tsc-2024-01-10:u0014:s01	18	.	.	PUNCT	.	_	12	punct	71	72
tsc-2024-01-10:u0014:s01	19	*	*	PUNCT	NFP	_	20	punct	73	74
tsc-2024-01-10:u0014:s01	20	Matteo	Matteo	NOUN	NN	Number=Sing	29	nsubj	75	81
tsc-2024-01-10:u0014:s01	21	,	,	PUNCT	,	_	20	punct	81	82
tsc-2024-01-10:u0014:s01	22	shipping	ship	VERB	VBG	VerbForm=Ger	20	acl	83	91
tsc-2024-01-10:u0014:s01	23	a	a	DET	DT	Definite=Ind|PronType=Art	25	det	92	93
tsc-2024-01-10:u0014:s01	24	package	package	NOUN	NN	Number=Sing	25	compound	94	101
tsc-2024-01-10:u0014:s01	25	manager	manager	NOUN	NN	Number=Sing	22	obj	102	109
tsc-2024-01-10:u0014:s01	26	by	by	ADP	IN	_	27	case	110	112
tsc-2024-01-10:u0014:s01	27	default	default	NOUN	NN	Number=Sing	22	obl	113	120
tsc-2024-01-10:u0014:s01	28	is	be	AUX	VBZ	Mood=Ind|Number=Sing|Person=3|Tense=Pres|VerbForm=Fin	29	cop	121	123
tsc-2024-01-10:u0014:s01	29	one	one	NUM	CD	NumType=Card	12	conj	124	127
tsc-2024-01-10:u0014:s01	30	of	of	ADP	IN	_	33	case	128	130
tsc-2024-01-10:u0014:s01	31	the	the	DET	DT	Definite=Def|PronType=Art	33	det	131	134
tsc-2024-01-10:u0014:s01	32	key	key	ADJ	JJ	Degree=Pos	33	amod	135	138
tsc-2024-01-10:u0014:s01	33	elements	element	NOUN	NNS	Number=Plur	29	nmod	139	147
tsc-2024-01-10:u0014:s01	34	of	of	SCONJ	IN	_	35	case	148	150
tsc-2024-01-10:u0014:s01	35	what	what	PRON	WP	PronType=Int	33	nmod	151	155
tsc-2024-01-10:u0014:s01	36	made	make	VERB	VBD	Mood=Ind|Tense=Past|VerbForm=Fin	35	acl:relcl	156	160
tsc-2024-01-10:u0014:s01	37	Node.js	Node.js	PROPN	NNP	Number=Sing	36	obj	161	168
tsc-2024-01-10:u0014:s01	38	successful	successful	ADJ	JJ	Degree=Pos	36	xcomp	169	179
tsc-2024-01-10:u0014:s01	39	.	.	PUNCT	.	_	12	punct	179	180
tsc-2024-01-10:u0014:s02	1	Do	do	AUX	VB	Mood=Imp|VerbForm=Fin	3	aux	0	2
tsc-2024-01-10:u0014:s02	2	n’t	not	PART	RB	_	3	advmod	2	5
tsc-2024-01-10:u0014:s02	3	see	see	VERB	VB	Mood=Imp|VerbForm=Fin	0	root	6	9
tsc-2024-01-10:u0014:s02	4	a	a	DET	DT	Definite=Ind|PronType=Art	7	det	10	11
tsc-2024-01-10:u0014:s02	5	good	good	ADJ	JJ	Degree=Pos	7	amod	12	16
tsc-2024-01-10:u0014:s02	6	technical	technical	ADJ	JJ	Degree=Pos	7	amod	17	26
tsc-2024-01-10:u0014:s02	7	reason	reason	NOUN	NN	Number=Sing	3	obj	27	33
tsc-2024-01-10:u0014:s02	8	to	to	PART	TO	_	9	mark	34	36
tsc-2024-01-10:u0014:s02	9	migrate	migrate	VERB	VB	VerbForm=Inf	7	acl	37	44
tsc-2024-01-10:u0014:s02	10	them	they	PRON	PRP	Case=Acc|Number=Plur|Person=3|PronType=Prs	9	obj	45	49
tsc-2024-01-10:u0014:s02	11	out	out	ADP	RP	_	9	compound:prt	50	53
tsc-2024-01-10:u0014:s02	12	.	.	PUNCT	.	_	3	punct	53	54
tsc-2024-01-10:u0014:s03	1	Advantage	advantage	NOUN	NN	Number=Sing	8	nsubj	0	9
tsc-2024-01-10:u0014:s03	2	of	of	ADP	IN	_	4	case	10	12
tsc-2024-01-10:u0014:s03	3	shipping	shipping	NOUN	NN	Number=Sing	4	compound	13	21
tsc-2024-01-10:u0014:s03	4	npm	npm	NOUN	NN	Number=Sing	1	nmod	22	25
tsc-2024-01-10:u0014:s03	5	,	,	PUNCT	,	_	8	punct	25	26
tsc-2024-01-10:u0014:s03	6	is	be	AUX	VBZ	Mood=Ind|Number=Sing|Person=3|Tense=Pres|VerbForm=Fin	8	cop	27	29
tsc-2024-01-10:u0014:s03	7	on	on	ADP	IN	_	8	case	30	32
tsc-2024-01-10:u0014:s03	8	stability	stability	NOUN	NN	Number=Sing	0	root	33	42
tsc-2024-01-10:u0014:s03	9	of	of	ADP	IN	_	11	case	43	45
tsc-2024-01-10:u0014:s03	10	the	the	DET	DT	Definite=Def|PronType=Art	11	det	46	49
tsc-2024-01-10:u0014:s03	11	build	build	NOUN	NN	Number=Sing	8	nmod	50	55
tsc-2024-01-10:u0014:s03	12	.	.	PUNCT	.	_	8	punct	55	56
tsc-2024-01-10:u0014:s04	1	One	one	NUM	CD	NumType=Card	2	nummod	0	3
tsc-2024-01-10:u0014:s04	2	issue	issue	NOUN	NN	Number=Sing	4	nsubj	4	9
tsc-2024-01-10:u0014:s04	3	is	be	AUX	VBZ	Mood=Ind|Number=Sing|Person=3|Tense=Pres|VerbForm=Fin	4	cop	10	12
tsc-2024-01-10:u0014:s04	4	loss	loss	NOUN	NN	Number=Sing	0	root	13	17
tsc-2024-01-10:u0014:s04	5	of	of	ADP	IN	_	7	case	18	20
tsc-2024-01-10:u0014:s04	6	repeatable	repeatable	ADJ	JJ	Degree=Pos	7	amod	21	31
tsc-2024-01-10:u0014:s04	7	builds	build	NOUN	NNS	Number=Plur	4	nmod	32	38
tsc-2024-01-10:u0014:s04	8	*	*	PUNCT	NFP	_	4	punct	39	40
tsc-2024-01-10:u0014:s04	9	Michael	Michael	PROPN	NNP	Number=Sing	13	nsubj	41	48
tsc-2024-01-10:u0014:s04	10	,	,	PUNCT	,	_	9	punct	48	49
tsc-2024-01-10:u0014:s04	11	main	main	ADJ	JJ	Degree=Pos	12	amod	50	54
tsc-2024-01-10:u0014:s04	12	point	point	NOUN	NN	Number=Sing	9	appos	55	60
tsc-2024-01-10:u0014:s04	13	is	be	VERB	VBZ	Mood=Ind|Number=Sing|Person=3|Tense=Pres|VerbForm=Fin	4	parataxis	61	63
tsc-2024-01-10:u0014:s04	14	if	if	SCONJ	IN	_	23	mark	64	66
tsc-2024-01-10:u0014:s04	15	goal	goal	NOUN	NN	Number=Sing	23	nsubj	67	71
tsc-2024-01-10:u0014:s04	16	of	of	ADP	IN	_	17	case	72	74
tsc-2024-01-10:u0014:s04	17	people	people	NOUN	NNS	Number=Plur	15	nmod	75	81
tsc-2024-01-10:u0014:s04	18	in	in	SCONJ	IN	_	19	mark	82	84
tsc-2024-01-10:u0014:s04	19	making	make	VERB	VBG	VerbForm=Ger	15	acl	85	91
tsc-2024-01-10:u0014:s04	20	stable	stable	NOUN	NN	Number=Sing	19	obj	92	98
tsc-2024-01-10:u0014:s04	21	is	be	AUX	VBZ	Mood=Ind|Number=Sing|Person=3|Tense=Pres|VerbForm=Fin	23	cop	99	101
tsc-2024-01-10:u0014:s04	22	a	a	DET	DT	Definite=Ind|PronType=Art	23	det	102	103
tsc-2024-01-10:u0014:s04	23	step	step	NOUN	NN	Number=Sing	13	advcl	104	108
tsc-2024-01-10:u0014:s04	24	towards	towards	SCONJ	IN	_	25	mark	109	116
tsc-2024-01-10:u0014:s04	25	removing	remove	VERB	VBG	VerbForm=Ger	23	advcl	117	125
tsc-2024-01-10:u0014:s04	26	npm	npm	ADV	RB	_	25	advmod	126	129
tsc-2024-01-10:u0014:s04	27	,	,	PUNCT	,	_	4	punct	129	130
tsc-2024-01-10:u0014:s04	28	then	then	ADV	RB	PronType=Dem	32	advmod	131	135
tsc-2024-01-10:u0014:s04	29	that	that	PRON	DT	Number=Sing|PronType=Dem	32	nsubj	136	140
tsc-2024-01-10:u0014:s04	30	is	be	AUX	VBZ	Mood=Ind|Number=Sing|Person=3|Tense=Pres|VerbForm=Fin	32	cop	141	143
tsc-2024-01-10:u0014:s04	31	the	the	DET	DT	Definite=Def|PronType=Art	32	det	144	147
tsc-2024-01-10:u0014:s04	32	discussion	discussion	NOUN	NN	Number=Sing	4	parataxis	148	158
tsc-2024-01-10:u0014:s04	33	we	we	PRON	PRP	Case=Nom|Number=Plur|Person=1|PronType=Prs	35	nsubj	159	161
tsc-2024-01-10:u0014:s04	34	should	should	AUX	MD	VerbForm=Fin	35	aux	162	168
tsc-2024-01-10:u0014:s04	35	have	have	VERB	VB	VerbForm=Inf	32	acl:relcl	169	173
tsc-2024-01-10:u0014:s04	36	versus	versus	NOUN	NN	Number=Sing	35	obj	174	180
tsc-2024-01-10:u0014:s04	37	making	make	VERB	VBG	VerbForm=Ger	36	acl	181	187
tsc-2024-01-10:u0014:s04	38	it	it	PRON	PRP	Case=Acc|Gender=Neut|Number=Sing|Person=3|PronType=Prs	37	obj	188	190
tsc-2024-01-10:u0014:s04	39	stable	stable	ADJ	JJ	Degree=Pos	37	xcomp	191	197
tsc-2024-01-10:u0014:s04	40	and	and	CCONJ	CC	_	41	cc	198	201
tsc-2024-01-10:u0014:s04	41	kicking	kick	VERB	VBG	VerbForm=Ger	37	conj	202	209
tsc-2024-01-10:u0014:s04	42	that	that	PRON	DT	Number=Sing|PronType=Dem	41	obj	210	214
tsc-2024-01-10:u0014:s04	43	down	down	ADP	RP	_	45	case	215	219
tsc-2024-01-10:u0014:s04	44	the	the	DET	DT	Definite=Def|PronType=Art	45	det	220	223
tsc-2024-01-10:u0014:s04	45	road	road	NOUN	NN	Number=Sing	41	obl	224	228
tsc-2024-01-10:u0014:s04	46	.	.	PUNCT	.	_	4	punct	228	229
tsc-2024-01-10:u0014:s05	1	*	*	PUNCT	NFP	_	2	punct	0	1
tsc-2024-01-10:u0014:s05	2	Yagiz	Yagiz	INTJ	UH	_	4	discourse	2	7
tsc-2024-01-10:u0014:s05	3	,	,	PUNCT	,	_	4	punct	7	8
tsc-2024-01-10:u0014:s05	4	recommend	recommend	VERB	VBP	Mood=Ind|Tense=Pres|VerbForm=Fin	0	root	9	18
tsc-2024-01-10:u0014:s05	5	that	that	SCONJ	IN	_	8	mark	19	23
tsc-2024-01-10:u0014:s05	6	we	we	PRON	PRP	Case=Nom|Number=Plur|Person=1|PronType=Prs	8	nsubj	24	26
tsc-2024-01-10:u0014:s05	7	either	either	DET	DT	_	6	det	27	33
tsc-2024-01-10:u0014:s05	8	remove	remove	VERB	VBP	Mood=Ind|Tense=Pres|VerbForm=Fin	4	ccomp	34	40
tsc-2024-01-10:u0014:s05	9	npm	npm	NOUN	NN	Number=Sing	8	obj	41	44
tsc-2024-01-10:u0014:s05	10	or	or	CCONJ	CC	_	11	cc	45	47
tsc-2024-01-10:u0014:s05	11	add	add	VERB	VB	VerbForm=Inf	8	conj	48	51
tsc-2024-01-10:u0014:s05	12	other	other	ADJ	JJ	Degree=Pos	14	amod	52	57
tsc-2024-01-10:u0014:s05	13	package	package	NOUN	NN	Number=Sing	14	compound	58	65
tsc-2024-01-10:u0014:s05	14	managers	manager	NOUN	NNS	Number=Plur	8	obj	66	74
tsc-2024-01-10:u0014:s05	15	.	.	PUNCT	.	_	4	punct	74	75
tsc-2024-01-10:u0014:s06	1	*	*	PUNCT	NFP	_	2	punct	0	1
tsc-2024-01-10:u0014:s06	2	Robert	Robert	PROPN	NNP	Number=Sing	13	nsubj	2	8
tsc-2024-01-10:u0014:s06	3	,	,	PUNCT	,	_	2	punct	8	9
tsc-2024-01-10:u0014:s06	4	whatever	whatever	DET	WDT	PronType=Int	8	obj	10	18
tsc-2024-01-10:u0014:s06	5	we	we	PRON	PRP	Case=Nom|Number=Plur|Person=1|PronType=Prs	6	nsubj	19	21
tsc-2024-01-10:u0014:s06	6	do	do	VERB	VBP	Mood=Ind|Tense=Pres|VerbForm=Fin	4	acl:relcl	22	24
tsc-2024-01-10:u0014:s06	7	,	,	PUNCT	,	_	4	punct	24	25
tsc-2024-01-10:u0014:s06	8	removing	remove	VERB	VBG	VerbForm=Ger	9	compound	26	34
tsc-2024-01-10:u0014:s06	9	npm	npm	NOUN	NN	Number=Sing	2	list	35	38
tsc-2024-01-10:u0014:s06	10	is	be	AUX	VBZ	Mood=Ind|Number=Sing|Person=3|Tense=Pres|VerbForm=Fin	13	cop	39	41
tsc-2024-01-10:u0014:s06	11	not	not	PART	RB	_	13	advmod	42	45
tsc-2024-01-10:u0014:s06	12	an	a	DET	DT	Definite=Ind|PronType=Art	13	det	46	48
tsc-2024-01-10:u0014:s06	13	option	option	NOUN	NN	Number=Sing	0	root	49	55
tsc-2024-01-10:u0014:s06	14	,	,	PUNCT	,	_	13	punct	55	56
tsc-2024-01-10:u0014:s06	15	then	then	ADV	RB	PronType=Dem	16	advmod	57	61
tsc-2024-01-10:u0014:s06	16	leads	lead	VERB	VBZ	Mood=Ind|Number=Sing|Person=3|Tense=Pres|VerbForm=Fin	13	parataxis	62	67
tsc-2024-01-10:u0014:s06	17	do	do	AUX	VBP	Mood=Ind|Tense=Pres|VerbForm=Fin	19	aux	68	70
tsc-2024-01-10:u0014:s06	18	we	we	PRON	PRP	Case=Nom|Number=Plur|Person=1|PronType=Prs	19	nsubj	71	73
tsc-2024-01-10:u0014:s06	19	discuss	discuss	VERB	VB	VerbForm=Inf	16	ccomp	74	81
tsc-2024-01-10:u0014:s06	20	adding	add	VERB	VBG	VerbForm=Ger	23	amod	82	88
tsc-2024-01-10:u0014:s06	21	package	package	NOUN	NN	Number=Sing	22	compound	89	96
tsc-2024-01-10:u0014:s06	22	manager	manager	NOUN	NN	Number=Sing	23	compound	97	104
tsc-2024-01-10:u0014:s06	23	managers	manager	NOUN	NNS	Number=Plur	16	obj	105	113
tsc-2024-01-10:u0014:s06	24	*	*	PUNCT	NFP	_	16	punct	114	115
tsc-2024-01-10:u0014:s06	25	Yagiz	Yagiz	VERB	VBZ	Mood=Ind|Number=Sing|Person=3|Tense=Pres|VerbForm=Fin	16	parataxis	116	121
tsc-2024-01-10:u0014:s06	26	why	why	ADV	WRB	PronType=Int	30	advmod	122	125
tsc-2024-01-10:u0014:s06	27	can	can	AUX	MD	VerbForm=Fin	30	aux	126	129
tsc-2024-01-10:u0014:s06	28	we	we	PRON	PRP	Case=Nom|Number=Plur|Person=1|PronType=Prs	30	nsubj	130	132
tsc-2024-01-10:u0014:s06	29	not	not	PART	RB	_	30	advmod	133	136
tsc-2024-01-10:u0014:s06	30	remove	remove	VERB	VB	VerbForm=Inf	25	ccomp	137	143
tsc-2024-01-10:u0014:s06	31	npm	npm	NOUN	NN	Number=Sing	33	compound	144	147
tsc-2024-01-10:u0014:s06	32	*	*	PUNCT	NFP	_	33	punct	148	149
tsc-2024-01-10:u0014:s06	33	Geoffrey	Geoffrey	PROPN	NNP	Number=Sing	30	obj	150	158
tsc-2024-01-10:u0014:s06	34	,	,	PUNCT	,	_	30	punct	158	159
tsc-2024-01-10:u0014:s06	35	would	would	AUX	MD	VerbForm=Fin	39	aux	160	165
tsc-2024-01-10:u0014:s06	36	be	be	AUX	VB	VerbForm=Inf	39	cop	166	168
tsc-2024-01-10:u0014:s06	37	large	large	ADJ	JJ	Degree=Pos	39	amod	169	174
tsc-2024-01-10:u0014:s06	38	breaking	breaking	VERB	VBG	VerbForm=Ger	39	amod	175	183
tsc-2024-01-10:u0014:s06	39	change	change	NOUN	NN	Number=Sing	30	conj	184	190
tsc-2024-01-10:u0014:s06	40	*	*	PUNCT	NFP	_	30	punct	191	192
tsc-2024-01-10:u0014:s06	41	Robert	Robert	PROPN	NNP	Number=Sing	30	conj	193	199
tsc-2024-01-10:u0014:s06	42	,	,	PUNCT	,	_	44	punct	199	200
tsc-2024-01-10:u0014:s06	43	not	not	ADV	RB	_	44	advmod	201	204
tsc-2024-01-10:u0014:s06	44	worth	worth	ADJ	JJ	Degree=Pos	30	conj	205	210
tsc-2024-01-10:u0014:s06	45	it	it	PRON	PRP	Case=Nom|Gender=Neut|Number=Sing|Person=3|PronType=Prs	44	obj	211	213
tsc-2024-01-10:u0014:s06	46	for	for	ADP	IN	_	48	case	214	217
tsc-2024-01-10:u0014:s06	47	political	political	ADJ	JJ	Degree=Pos	48	amod	218	227
tsc-2024-01-10:u0014:s06	48	issue	issue	NOUN	NN	Number=Sing	44	obl	228	233
tsc-2024-01-10:u0014:s06	49	*	*	PUNCT	NFP	_	25	punct	234	235
tsc-2024-01-10:u0014:s06	50	Yagiz	Yagiz	INTJ	UH	_	16	discourse	236	241
tsc-2024-01-10:u0014:s06	51	,	,	PUNCT	,	_	13	punct	241	242
tsc-2024-01-10:u0014:s06	52	should	should	AUX	MD	VerbForm=Fin	55	aux	243	249
tsc-2024-01-10:u0014:s06	53	we	we	PRON	PRP	Case=Nom|Number=Plur|Person=1|PronType=Prs	55	nsubj	250	252
tsc-2024-01-10:u0014:s06	54	not	not	PART	RB	_	55	advmod	253	256
tsc-2024-01-10:u0014:s06	55	reduce	reduce	VERB	VB	VerbForm=Inf	13	parataxis	257	263
tsc-2024-01-10:u0014:s06	56	the	the	DET	DT	Definite=Def|PronType=Art	58	det	264	267
tsc-2024-01-10:u0014:s06	57	bundle	bundle	NOUN	NN	Number=Sing	58	compound	268	274
tsc-2024-01-10:u0014:s06	58	size	size	NOUN	NN	Number=Sing	55	obj	275	279
tsc-2024-01-10:u0014:s06	59	*	*	PUNCT	NFP	_	58	punct	280	281
tsc-2024-01-10:u0014:s06	60	Richard	richard	PROPN	NNP	Number=Sing	55	conj	282	289
tsc-2024-01-10:u0014:s06	61	,	,	PUNCT	,	_	62	punct	289	290
tsc-2024-01-10:u0014:s06	62	unlikely	unlikely	ADJ	JJ	Degree=Pos	60	amod	291	299
tsc-2024-01-10:u0014:s06	63	to	to	PART	TO	_	64	mark	300	302
tsc-2024-01-10:u0014:s06	64	get	get	VERB	VB	VerbForm=Inf	62	advcl	303	306
tsc-2024-01-10:u0014:s06	65	a	a	DET	DT	Definite=Ind|PronType=Art	66	det	307	308
tsc-2024-01-10:u0014:s06	66	consensus	consensus	NOUN	NN	Number=Sing	64	obj	309	318
tsc-2024-01-10:u0014:s06	67	.	.	PUNCT	.	_	13	punct	318	319
tsc-2024-01-10:u0014:s07	1	We	we	PRON	PRP	Case=Nom|Number=Plur|Person=1|PronType=Prs	4	nsubj	0	2
tsc-2024-01-10:u0014:s07	2	will	will	AUX	MD	VerbForm=Fin	4	aux	3	7
tsc-2024-01-10:u0014:s07	3	likely	likely	ADV	RB	_	4	advmod	8	14
tsc-2024-01-10:u0014:s07	4	need	need	VERB	VB	VerbForm=Inf	0	root	15	19
tsc-2024-01-10:u0014:s07	5	a	a	DET	DT	Definite=Ind|PronType=Art	6	det	20	21
tsc-2024-01-10:u0014:s07	6	vote	vote	NOUN	NN	Number=Sing	4	obj	22	26
tsc-2024-01-10:u0014:s07	7	.	.	PUNCT	.	_	4	punct	26	27
tsc-2024-01-10:u0014:s08	1	*	*	PUNCT	NFP	_	2	punct	0	1
tsc-2024-01-10:u0014:s08	2	Matteo	Matteo	NOUN	NN	Number=Sing	0	root	2	8
tsc-2024-01-10:u0014:s08	3	,	,	PUNCT	,	_	2	punct	8	9
tsc-2024-01-10:u0014:s08	4	propose	propose	VERB	VB	VerbForm=Inf	2	parataxis	10	17
tsc-2024-01-10:u0014:s08	5	we	we	PRON	PRP	Case=Nom|Number=Plur|Person=1|PronType=Prs	6	nsubj	18	20
tsc-2024-01-10:u0014:s08	6	remove	remove	VERB	VBP	Mood=Ind|Tense=Pres|VerbForm=Fin	4	ccomp	21	27
tsc-2024-01-10:u0014:s08	7	npm	npm	NOUN	NN	Number=Sing	6	obj	28	31
tsc-2024-01-10:u0014:s08	8	from	from	ADP	IN	_	9	case	32	36
tsc-2024-01-10:u0014:s08	9	corepack	corepack	NOUN	NN	Number=Sing	6	obl	37	45
tsc-2024-01-10:u0014:s08	10	,	,	PUNCT	,	_	2	punct	45	46
tsc-2024-01-10:u0014:s08	11	then	then	ADV	RB	PronType=Dem	12	advmod	47	51
tsc-2024-01-10:u0014:s08	12	enable	enable	ADJ	JJ	Degree=Pos	13	amod	52	58
tsc-2024-01-10:u0014:s08	13	corepack	corepack	NOUN	NN	Number=Sing	2	appos	59	67
tsc-2024-01-10:u0014:s08	14	by	by	ADP	IN	_	15	case	68	70
tsc-2024-01-10:u0014:s08	15	default	default	NOUN	NN	Number=Sing	13	nmod	71	78
tsc-2024-01-10:u0014:s08	16	.	.	PUNCT	.	_	2	punct	78	79
tsc-2024-01-10:u0014:s09	1	If	if	SCONJ	IN	_	3	mark	0	2
tsc-2024-01-10:u0014:s09	2	we	we	PRON	PRP	Case=Nom|Number=Plur|Person=1|PronType=Prs	3	nsubj	3	5
tsc-2024-01-10:u0014:s09	3	Have	have	VERB	VBP	Mood=Ind|Tense=Pres|VerbForm=Fin	13	advcl	6	10
tsc-2024-01-10:u0014:s09	4	a	a	DET	DT	Definite=Ind|PronType=Art	7	det	11	12
tsc-2024-01-10:u0014:s09	5	vote	vote	NOUN	NN	Number=Sing	7	compound	13	17
tsc-2024-01-10:u0014:s09	6	lets	let	NOUN	NNS	Number=Plur	7	compound	18	22
tsc-2024-01-10:u0014:s09	7	vote	vote	NOUN	NN	Number=Sing	3	obj	23	27
tsc-2024-01-10:u0014:s09	8	on	on	SCONJ	IN	_	9	mark	28	30
tsc-2024-01-10:u0014:s09	9	removing	removing	VERB	VBG	VerbForm=Ger	3	advcl	31	39
tsc-2024-01-10:u0014:s09	10	npm	npm	ADV	RB	_	9	advmod	40	43
tsc-2024-01-10:u0014:s09	11	,	,	PUNCT	,	_	13	punct	43	44
tsc-2024-01-10:u0014:s09	12	versus	versus	ADP	IN	_	13	case	45	51
tsc-2024-01-10:u0014:s09	13	vote	vote	NOUN	NN	Number=Sing	0	root	52	56
tsc-2024-01-10:u0014:s09	14	on	on	ADP	IN	_	15	case	57	59
tsc-2024-01-10:u0014:s09	15	corepack	corepack	NOUN	NN	Number=Sing	13	nmod	60	68
tsc-2024-01-10:u0014:s09	16	.	.	PUNCT	.	_	13	punct	68	69
tsc-2024-01-10:u0014:s10	1	*	*	PUNCT	NFP	_	2	punct	0	1
tsc-2024-01-10:u0014:s10	2	Geoffrey	Geoffrey	PROPN	NNP	Number=Sing	16	nsubj	2	10
tsc-2024-01-10:u0014:s10	3	,	,	PUNCT	,	_	2	punct	10	11
tsc-2024-01-10:u0014:s10	4	if	if	SCONJ	IN	_	7	mark	12	14
tsc-2024-01-10:u0014:s10	5	the	the	DET	DT	Definite=Def|PronType=Art	6	det	15	18
tsc-2024-01-10:u0014:s10	6	goal	goal	NOUN	NN	Number=Sing	7	nsubj	19	23
tsc-2024-01-10:u0014:s10	7	is	be	VERB	VBZ	Mood=Ind|Number=Sing|Person=3|Tense=Pres|VerbForm=Fin	2	advcl	24	26
tsc-2024-01-10:u0014:s10	8	to	to	PART	TO	_	9	mark	27	29
tsc-2024-01-10:u0014:s10	9	offer	offer	VERB	VB	VerbForm=Inf	7	ccomp	30	35
tsc-2024-01-10:u0014:s10	10	bundle	bundle	NOUN	NN	Number=Sing	11	compound	36	42
tsc-2024-01-10:u0014:s10	11	size	size	NOUN	NN	Number=Sing	9	obj	43	47
tsc-2024-01-10:u0014:s10	12	,	,	PUNCT	,	_	7	punct	47	48
tsc-2024-01-10:u0014:s10	13	do	do	AUX	VB	Mood=Imp|VerbForm=Fin	16	aux	49	51
tsc-2024-01-10:u0014:s10	14	n’t	not	PART	RB	_	16	advmod	51	54
tsc-2024-01-10:u0014:s10	15	we	we	PRON	PRP	Case=Nom|Number=Plur|Person=1|PronType=Prs	16	nsubj	55	57
tsc-2024-01-10:u0014:s10	16	offer	offer	VERB	VBP	Mood=Ind|Tense=Pres|VerbForm=Fin	0	root	58	63
tsc-2024-01-10:u0014:s10	17	additional	additional	ADJ	JJ	Degree=Pos	18	amod	64	74
tsc-2024-01-10:u0014:s10	18	binaries	binary	NOUN	NNS	Number=Plur	16	obj	75	83
tsc-2024-01-10:u0014:s10	19	.	.	PUNCT	.	_	16	punct	83	84
tsc-2024-01-10:u0014:s11	1	*	*	PUNCT	NFP	_	2	punct	0	1
tsc-2024-01-10:u0014:s11	2	Yagiz	Yagiz	INTJ	UH	_	12	discourse	2	7
tsc-2024-01-10:u0014:s11	3	,	,	PUNCT	,	_	12	punct	7	8
tsc-2024-01-10:u0014:s11	4	if	if	SCONJ	IN	_	7	mark	9	11
tsc-2024-01-10:u0014:s11	5	vote	vote	NOUN	NN	Number=Sing	7	nsubj	12	16
tsc-2024-01-10:u0014:s11	6	is	be	AUX	VBZ	Mood=Ind|Number=Sing|Person=3|Tense=Pres|VerbForm=Fin	7	cop	17	19
tsc-2024-01-10:u0014:s11	7	removal	removal	NOUN	NN	Number=Sing	12	advcl	20	27
tsc-2024-01-10:u0014:s11	8	of	of	ADP	IN	_	9	case	28	30
tsc-2024-01-10:u0014:s11	9	npm	npm	ADJ	JJ	Degree=Pos	7	nmod	31	34
tsc-2024-01-10:u0014:s11	10	it	it	PRON	PRP	Case=Nom|Gender=Neut|Number=Sing|Person=3|PronType=Prs	12	nsubj	35	37
tsc-2024-01-10:u0014:s11	11	should	should	AUX	MD	VerbForm=Fin	12	aux	38	44
tsc-2024-01-10:u0014:s11	12	include	include	VERB	VB	VerbForm=Inf	0	root	45	52
tsc-2024-01-10:u0014:s11	13	alternative	alternative	NOUN	NN	Number=Sing	12	obj	53	64
tsc-2024-01-10:u0014:s11	14	of	of	SCONJ	IN	_	15	mark	65	67
tsc-2024-01-10:u0014:s11	15	adding	add	VERB	VBG	VerbForm=Ger	13	acl	68	74
tsc-2024-01-10:u0014:s11	16	more	more	ADJ	JJR	Degree=Cmp	18	amod	75	79
tsc-2024-01-10:u0014:s11	17	package	package	NOUN	NN	Number=Sing	18	compound	80	87
tsc-2024-01-10:u0014:s11	18	managers	manager	NOUN	NNS	Number=Plur	15	obj	88	96
tsc-2024-01-10:u0014:s11	19	*	*	PUNCT	NFP	_	18	punct	97	98
tsc-2024-01-10:u0014:s11	20	Robert	Robert	PROPN	NNP	Number=Sing	25	nsubj	99	105
tsc-2024-01-10:u0014:s11	21	,	,	PUNCT	,	_	25	punct	105	106
tsc-2024-01-10:u0014:s11	22	does	do	AUX	VBZ	Mood=Ind|Number=Sing|Person=3|Tense=Pres|VerbForm=Fin	25	aux	107	111
tsc-2024-01-10:u0014:s11	23	it	it	PRON	PRP	Case=Nom|Gender=Neut|Number=Sing|Person=3|PronType=Prs	25	nsubj	112	114
tsc-2024-01-10:u0014:s11	24	even	even	ADV	RB	_	25	advmod	115	119
tsc-2024-01-10:u0014:s11	25	makes	make	VERB	VBZ	Mood=Ind|Number=Sing|Person=3|Tense=Pres|VerbForm=Fin	12	ccomp	120	125
tsc-2024-01-10:u0014:s11	26	sense	sense	NOUN	NN	Number=Sing	25	obj	126	131
tsc-2024-01-10:u0014:s11	27	to	to	PART	TO	_	28	mark	132	134
tsc-2024-01-10:u0014:s11	28	have	have	VERB	VB	VerbForm=Inf	25	xcomp	135	139
tsc-2024-01-10:u0014:s11	29	corepack	corepack	NOUN	NN	Number=Sing	28	obj	140	148
tsc-2024-01-10:u0014:s11	30	if	if	SCONJ	IN	_	34	mark	149	151
tsc-2024-01-10:u0014:s11	31	we	we	PRON	PRP	Case=Nom|Number=Plur|Person=1|PronType=Prs	34	nsubj	152	154
tsc-2024-01-10:u0014:s11	32	are	be	AUX	VBP	Mood=Ind|Tense=Pres|VerbForm=Fin	34	aux	155	158
tsc-2024-01-10:u0014:s11	33	not	not	PART	RB	_	34	advmod	159	162
tsc-2024-01-10:u0014:s11	34	going	go	VERB	VBG	Tense=Pres|VerbForm=Part	28	advcl	163	168
tsc-2024-01-10:u0014:s11	35	to	to	PART	TO	_	36	mark	169	171
tsc-2024-01-10:u0014:s11	36	remove	remove	VERB	VB	VerbForm=Inf	34	xcomp	172	178
tsc-2024-01-10:u0014:s11	37	npm	npm	NOUN	NN	Number=Sing	39	compound	179	182
tsc-2024-01-10:u0014:s11	38	*	*	PUNCT	NFP	_	39	punct	183	184
tsc-2024-01-10:u0014:s11	39	Matteo	Matteo	NOUN	NN	Number=Sing	36	obj	185	191
tsc-2024-01-10:u0014:s11	40	,	,	PUNCT	,	_	25	punct	191	192
tsc-2024-01-10:u0014:s11	41	if	if	SCONJ	IN	_	43	mark	193	195
tsc-2024-01-10:u0014:s11	42	you	you	PRON	PRP	Case=Nom|Person=2|PronType=Prs	43	nsubj	196	199
tsc-2024-01-10:u0014:s11	43	enable	enable	VERB	VBP	Mood=Ind|Tense=Pres|VerbForm=Fin	47	advcl	200	206
tsc-2024-01-10:u0014:s11	44	corepack	corepack	NOUN	NN	Number=Sing	43	obj	207	215
tsc-2024-01-10:u0014:s11	45	,	,	PUNCT	,	_	47	punct	215	216
tsc-2024-01-10:u0014:s11	46	then	then	ADV	RB	PronType=Dem	47	advmod	217	221
tsc-2024-01-10:u0014:s11	47	typing	type	VERB	VBG	VerbForm=Ger	25	advcl	222	228
tsc-2024-01-10:u0014:s11	48	pnpm	pnpm	NOUN	NN	Number=Sing	47	obj	229	233
tsc-2024-01-10:u0014:s11	49	it	it	PRON	PRP	Case=Nom|Gender=Neut|Number=Sing|Person=3|PronType=Prs	51	nsubj	234	236
tsc-2024-01-10:u0014:s11	50	just	just	ADV	RB	_	51	advmod	237	241
tsc-2024-01-10:u0014:s11	51	works	work	VERB	VBZ	Mood=Ind|Number=Sing|Person=3|Tense=Pres|VerbForm=Fin	47	acl:relcl	242	247
tsc-2024-01-10:u0014:s11	52	it	it	PRON	PRP	Case=Nom|Gender=Neut|Number=Sing|Person=3|PronType=Prs	54	nsubj	248	250
tsc-2024-01-10:u0014:s11	53	s	be	AUX	VBZ	Mood=Ind|Number=Sing|Person=3|Tense=Pres|VerbForm=Fin	54	cop	250	251
tsc-2024-01-10:u0014:s11	54	great	great	ADJ	JJ	Degree=Pos	51	ccomp	252	257
tsc-2024-01-10:u0014:s11	55	.	.	PUNCT	.	_	12	punct	257	258
tsc-2024-01-10:u0014:s12	1	But	but	CCONJ	CC	_	8	cc	0	3
tsc-2024-01-10:u0014:s12	2	when	when	ADV	WRB	PronType=Int	3	mark	4	8
tsc-2024-01-10:u0014:s12	3	using	use	VERB	VBG	VerbForm=Ger	8	advcl	9	14
tsc-2024-01-10:u0014:s12	4	corepack	corepack	NOUN	NN	Number=Sing	3	obj	15	23
tsc-2024-01-10:u0014:s12	5	you	you	PRON	PRP	Case=Nom|Person=2|PronType=Prs	8	nsubj	24	27
tsc-2024-01-10:u0014:s12	6	do	do	AUX	VBP	Mood=Ind|Tense=Pres|VerbForm=Fin	8	aux	28	30
tsc-2024-01-10:u0014:s12	7	n’t	not	PART	RB	_	8	advmod	30	33
tsc-2024-01-10:u0014:s12	8	get	get	VERB	VB	VerbForm=Inf	0	root	34	37
tsc-2024-01-10:u0014:s12	9	a	a	DET	DT	Definite=Ind|PronType=Art	11	det	38	39
tsc-2024-01-10:u0014:s12	10	clear	clear	ADJ	JJ	Degree=Pos	11	amod	40	45
tsc-2024-01-10:u0014:s12	11	picture	picture	NOUN	NN	Number=Sing	8	obj	46	53
tsc-2024-01-10:u0014:s12	12	of	of	ADP	IN	_	14	case	54	56
tsc-2024-01-10:u0014:s12	13	the	the	DET	DT	Definite=Def|PronType=Art	14	det	57	60
tsc-2024-01-10:u0014:s12	14	match	match	NOUN	NN	Number=Sing	11	nmod	61	66
tsc-2024-01-10:u0014:s12	15	between	between	ADP	IN	_	16	case	67	74
tsc-2024-01-10:u0014:s12	16	Node.js	Node.js	PROPN	NNP	Number=Sing	14	nmod	75	82
tsc-2024-01-10:u0014:s13	1	and	and	CCONJ	CC	_	3	cc	0	3
tsc-2024-01-10:u0014:s13	2	package	package	NOUN	NN	Number=Sing	3	compound	4	11
tsc-2024-01-10:u0014:s13	3	manager	manager	NOUN	NN	Number=Sing	4	nsubj	12	19
tsc-2024-01-10:u0014:s13	4	installed	install	VERB	VBN	Tense=Past|VerbForm=Part	0	root	20	29
tsc-2024-01-10:u0014:s13	5	.	.	PUNCT	.	_	4	punct	29	30
tsc-2024-01-10:u0014:s14	1	*	*	PUNCT	NFP	_	2	punct	0	1
tsc-2024-01-10:u0014:s14	2	Richard	Richard	PROPN	NNP	Number=Sing	0	root	2	9
tsc-2024-01-10:u0014:s14	3	,	,	PUNCT	,	_	2	punct	9	10
tsc-2024-01-10:u0014:s14	4	the	the	DET	DT	Definite=Def|PronType=Art	5	det	11	14
tsc-2024-01-10:u0014:s14	5	issue	issue	NOUN	NN	Number=Sing	8	nsubj	15	20
tsc-2024-01-10:u0014:s14	6	around	around	ADV	RB	_	5	advmod	21	27
tsc-2024-01-10:u0014:s14	7	not	not	PART	RB	_	8	advmod	28	31
tsc-2024-01-10:u0014:s14	8	knowing	know	VERB	VBG	Tense=Pres|VerbForm=Part	2	parataxis	32	39
tsc-2024-01-10:u0014:s14	9	what	what	PRON	WP	PronType=Int	8	obj	40	44
tsc-2024-01-10:u0014:s14	10	you	you	PRON	PRP	Case=Nom|Person=2|PronType=Prs	11	nsubj	45	48
tsc-2024-01-10:u0014:s14	11	get	get	VERB	VBP	Mood=Ind|Tense=Pres|VerbForm=Fin	9	acl:relcl	49	52
tsc-2024-01-10:u0014:s14	12	.	.	PUNCT	.	_	2	punct	52	53
tsc-2024-01-10:u0014:s15	1	Original	original	ADJ	JJ	Degree=Pos	2	amod	0	8
tsc-2024-01-10:u0014:s15	2	version	version	NOUN	NN	Number=Sing	0	root	9	16
tsc-2024-01-10:u0014:s15	3	only	only	ADV	RB	_	4	advmod	17	21
tsc-2024-01-10:u0014:s15	4	installed	install	VERB	VBN	Tense=Past|VerbForm=Part	2	acl	22	31
tsc-2024-01-10:u0014:s15	5	a	a	DET	DT	Definite=Ind|PronType=Art	7	det	32	33
tsc-2024-01-10:u0014:s15	6	specific	specific	ADJ	JJ	Degree=Pos	7	amod	34	42
tsc-2024-01-10:u0014:s15	7	version	version	NOUN	NN	Number=Sing	4	obj	43	50
tsc-2024-01-10:u0014:s15	8	.	.	PUNCT	.	_	2	punct	50	51
tsc-2024-01-10:u0014:s16	1	The	the	DET	DT	Definite=Def|PronType=Art	2	det	0	3
tsc-2024-01-10:u0014:s16	2	project	project	NOUN	NN	Number=Sing	3	nsubj	4	11
tsc-2024-01-10:u0014:s16	3	requested	request	VERB	VBD	Mood=Ind|Tense=Past|VerbForm=Fin	0	root	12	21
tsc-2024-01-10:u0014:s16	4	that	that	SCONJ	IN	_	11	mark	22	26
tsc-2024-01-10:u0014:s16	5	it	it	PRON	PRP	Case=Nom|Gender=Neut|Number=Sing|Person=3|PronType=Prs	11	nsubj	27	29
tsc-2024-01-10:u0014:s16	6	pull	pull	AUX	MD	VerbForm=Fin	11	cop	30	34
tsc-2024-01-10:u0014:s16	7	in	in	ADP	IN	_	8	case	35	37
tsc-2024-01-10:u0014:s16	8	latest	latest	ADJ	JJS	Degree=Sup	11	obl	38	44
tsc-2024-01-10:u0014:s16	9	.	.	PUNCT	.	_	11	punct	44	45
tsc-2024-01-10:u0014:s16	10	*	*	PUNCT	NFP	_	11	punct	46	47
tsc-2024-01-10:u0014:s16	11	Vote	vote	NOUN	NN	Number=Sing	3	ccomp	48	52
tsc-2024-01-10:u0014:s16	12	*	*	PUNCT	NFP	_	11	punct	53	54
tsc-2024-01-10:u0014:s17	1	We	we	PRON	PRP	Case=Nom|Number=Plur|Person=1|PronType=Prs	2	nsubj	0	2
tsc-2024-01-10:u0014:s17	2	agree	agree	VERB	VBP	Mood=Ind|Tense=Pres|VerbForm=Fin	0	root	3	8
tsc-2024-01-10:u0014:s17	3	our	we	PRON	PRP$	Number=Plur|Person=1|Poss=Yes|PronType=Prs	4	nmod:poss	9	12
tsc-2024-01-10:u0014:s17	4	goal	goal	NOUN	NN	Number=Sing	5	nsubj	13	17
tsc-2024-01-10:u0014:s17	5	is	be	VERB	VBZ	Mood=Ind|Number=Sing|Person=3|Tense=Pres|VerbForm=Fin	2	ccomp	18	20
tsc-2024-01-10:u0014:s17	6	to	to	PART	TO	_	7	mark	21	23
tsc-2024-01-10:u0014:s17	7	remove	remove	VERB	VB	VerbForm=Inf	5	ccomp	24	30
tsc-2024-01-10:u0014:s17	8	npm	npm	NOUN	NN	Number=Sing	7	obj	31	34
tsc-2024-01-10:u0014:s17	9	from	from	ADP	IN	_	10	case	35	39
tsc-2024-01-10:u0014:s17	10	Node.js:	node.js:	NOUN	NN	Number=Sing	7	obl	40	48
tsc-2024-01-10:u0014:s18	1	Yes	yes	INTJ	UH	_	0	root	0	3
tsc-2024-01-10:u0014:s18	2	/	/	PUNCT	,	_	3	cc	3	4
tsc-2024-01-10:u0014:s18	3	No	no	DET	DT	_	1	conj	4	6
tsc-2024-01-10:u0014:s18	4	*	*	PUNCT	NFP	_	1	punct	7	8
tsc-2024-01-10:u0014:s18	5	If	if	SCONJ	IN	_	9	mark	9	11
tsc-2024-01-10:u0014:s18	6	we	we	PRON	PRP	Case=Nom|Number=Plur|Person=1|PronType=Prs	9	nsubj	12	14
tsc-2024-01-10:u0014:s18	7	are	be	AUX	VBP	Mood=Ind|Tense=Pres|VerbForm=Fin	9	aux	15	18
tsc-2024-01-10:u0014:s18	8	not	not	PART	RB	_	9	advmod	19	22
tsc-2024-01-10:u0014:s18	9	going	go	VERB	VBG	Tense=Pres|VerbForm=Part	15	advcl	23	28
tsc-2024-01-10:u0014:s18	10	to	to	PART	TO	_	11	mark	29	31
tsc-2024-01-10:u0014:s18	11	remove	remove	VERB	VB	VerbForm=Inf	9	xcomp	32	38
tsc-2024-01-10:u0014:s18	12	npm	npm	NOUN	NN	Number=Sing	11	obj	39	42
tsc-2024-01-10:u0014:s18	13	,	,	PUNCT	,	_	15	punct	42	43
tsc-2024-01-10:u0014:s18	14	should	should	AUX	MD	VerbForm=Fin	15	aux	44	50
tsc-2024-01-10:u0014:s18	15	corepack	corepack	VERB	VB	VerbForm=Inf	17	conj	51	59
tsc-2024-01-10:u0014:s18	16	be	be	AUX	VB	VerbForm=Inf	17	aux:pass	60	62
tsc-2024-01-10:u0014:s18	17	included	include	VERB	VBN	Tense=Past|VerbForm=Part|Voice=Pass	1	parataxis	63	71
tsc-2024-01-10:u0014:s18	18	in	in	ADP	IN	_	19	case	72	74
tsc-2024-01-10:u0014:s18	19	Node.js	Node.js	PROPN	NNP	Number=Sing	17	obl	75	82
tsc-2024-01-10:u0014:s19	1	Yes	yes	INTJ	UH	_	7	discourse	0	3
tsc-2024-01-10:u0014:s19	2	/	/	PUNCT	,	_	3	cc	3	4
tsc-2024-01-10:u0014:s19	3	No	no	DET	DT	_	1	conj	4	6
tsc-2024-01-10:u0014:s19	4	*	*	PUNCT	NFP	_	1	punct	7	8
tsc-2024-01-10:u0014:s19	5	Should	should	AUX	MD	VerbForm=Fin	7	aux	9	15
tsc-2024-01-10:u0014:s19	6	we	we	PRON	PRP	Case=Nom|Number=Plur|Person=1|PronType=Prs	7	nsubj	16	18
tsc-2024-01-10:u0014:s19	7	enable	enable	VERB	VB	VerbForm=Inf	0	root	19	25
tsc-2024-01-10:u0014:s19	8	corepack	corepack	NOUN	NN	Number=Sing	7	obj	26	34
tsc-2024-01-10:u0014:s19	9	by	by	ADP	IN	_	10	case	35	37
tsc-2024-01-10:u0014:s19	10	default	default	NOUN	NN	Number=Sing	7	obl	38	45
tsc-2024-01-10:u0014:s19	11	today	today	NOUN	NN	Number=Sing	7	obl:tmod	46	51
tsc-2024-01-10:u0014:s19	12	:	:	PUNCT	:	_	7	punct	51	52
tsc-2024-01-10:u0014:s20	1	Yes	yes	INTJ	UH	_	11	discourse	0	3
tsc-2024-01-10:u0014:s20	2	/	/	PUNCT	,	_	5	cc	3	4
tsc-2024-01-10:u0014:s20	3	No	no	INTJ	UH	_	5	discourse	4	6
tsc-2024-01-10:u0014:s20	4	*	*	PUNCT	NFP	_	5	punct	7	8
tsc-2024-01-10:u0014:s20	5	Geoffrey	Geoffrey	PROPN	NNP	Number=Sing	1	conj	9	17
tsc-2024-01-10:u0014:s20	6	,	,	PUNCT	,	_	11	punct	17	18
tsc-2024-01-10:u0014:s20	7	we	we	PRON	PRP	Case=Nom|Number=Plur|Person=1|PronType=Prs	11	nsubj	19	21
tsc-2024-01-10:u0014:s20	8	do	do	AUX	VBP	Mood=Ind|Tense=Pres|VerbForm=Fin	11	aux	22	24
tsc-2024-01-10:u0014:s20	9	n’t	not	PART	RB	_	11	advmod	24	27
tsc-2024-01-10:u0014:s20	10	necessarily	necessarily	ADV	RB	_	11	advmod	28	39
tsc-2024-01-10:u0014:s20	11	need	need	VERB	VB	VerbForm=Inf	0	root	40	44
tsc-2024-01-10:u0014:s20	12	to	to	PART	TO	_	13	mark	45	47
tsc-2024-01-10:u0014:s20	13	rush	rush	VERB	VB	VerbForm=Inf	11	xcomp	48	52
tsc-2024-01-10:u0014:s20	14	into	into	ADP	IN	_	15	case	53	57
tsc-2024-01-10:u0014:s20	15	decision	decision	NOUN	NN	Number=Sing	13	obl	58	66
tsc-2024-01-10:u0014:s20	16	.	.	PUNCT	.	_	11	punct	66	67
tsc-2024-01-10:u0014:s21	1	Would	would	AUX	MD	VerbForm=Fin	3	aux	0	5
tsc-2024-01-10:u0014:s21	2	be	be	AUX	VB	VerbForm=Inf	3	cop	6	8
tsc-2024-01-10:u0014:s21	3	good	good	ADJ	JJ	Degree=Pos	0	root	9	13
tsc-2024-01-10:u0014:s21	4	to	to	PART	TO	_	5	mark	14	16
tsc-2024-01-10:u0014:s21	5	get	get	VERB	VB	VerbForm=Inf	3	advcl	17	20
tsc-2024-01-10:u0014:s21	6	how	how	ADV	WRB	PronType=Int	7	advmod	21	24
tsc-2024-01-10:u0014:s21	7	popular	popular	ADJ	JJ	Degree=Pos	9	amod	25	32
tsc-2024-01-10:u0014:s21	8	is	be	AUX	VBZ	Mood=Ind|Number=Sing|Person=3|Tense=Pres|VerbForm=Fin	7	cop	33	35
tsc-2024-01-10:u0014:s21	9	corepack	corepack	NOUN	NN	Number=Sing	5	obj	36	44
tsc-2024-01-10:u0014:s21	10	*	*	PUNCT	NFP	_	3	punct	45	46
tsc-2024-01-10:u0014:s22	1	Ruy	Ruy	PROPN	NNP	Number=Sing	4	nsubj	0	3
tsc-2024-01-10:u0014:s22	2	,	,	PUNCT	,	_	1	punct	3	4
tsc-2024-01-10:u0014:s22	3	definitely	definitely	ADV	RB	_	4	advmod	5	15
tsc-2024-01-10:u0014:s22	4	going	go	VERB	VBG	Tense=Pres|VerbForm=Part	0	root	16	21
tsc-2024-01-10:u0014:s22	5	to	to	PART	TO	_	10	mark	22	24
tsc-2024-01-10:u0014:s22	6	be	be	AUX	VB	VerbForm=Inf	10	cop	25	27
tsc-2024-01-10:u0014:s22	7	a	a	DET	DT	Definite=Ind|PronType=Art	10	det	28	29
tsc-2024-01-10:u0014:s22	8	large	large	ADJ	JJ	Degree=Pos	10	amod	30	35
tsc-2024-01-10:u0014:s22	9	breaking	breaking	NOUN	NN	Number=Sing	10	compound	36	44
tsc-2024-01-10:u0014:s22	10	change	change	NOUN	NN	Number=Sing	4	xcomp	45	51
tsc-2024-01-10:u0014:s22	11	*	*	PUNCT	NFP	_	12	punct	52	53
tsc-2024-01-10:u0014:s22	12	Geoffrey	Geoffrey	PROPN	NNP	Number=Sing	10	appos	54	62
tsc-2024-01-10:u0014:s22	13	,	,	PUNCT	,	_	4	punct	62	63
tsc-2024-01-10:u0014:s22	14	the	the	DET	DT	Definite=Def|PronType=Art	15	det	64	67
tsc-2024-01-10:u0014:s22	15	person	person	NOUN	NN	Number=Sing	24	nsubj	68	74
tsc-2024-01-10:u0014:s22	16	who	who	PRON	WP	PronType=Rel	17	nsubj	75	78
tsc-2024-01-10:u0014:s22	17	wants	want	VERB	VBZ	Mood=Ind|Number=Sing|Person=3|Tense=Pres|VerbForm=Fin	15	acl:relcl	79	84
tsc-2024-01-10:u0014:s22	18	to	to	PART	TO	_	19	mark	85	87
tsc-2024-01-10:u0014:s22	19	champion	champion	VERB	VB	VerbForm=Inf	17	xcomp	88	96
tsc-2024-01-10:u0014:s22	20	removal	removal	NOUN	NN	Number=Sing	19	obj	97	104
tsc-2024-01-10:u0014:s22	21	of	of	ADP	IN	_	22	case	105	107
tsc-2024-01-10:u0014:s22	22	npm	npm	NOUN	NN	Number=Sing	20	nmod	108	111
tsc-2024-01-10:u0014:s22	23	should	should	AUX	MD	VerbForm=Fin	24	aux	112	118
tsc-2024-01-10:u0014:s22	24	write	write	VERB	VB	VerbForm=Inf	4	parataxis	119	124
tsc-2024-01-10:u0014:s22	25	up	up	ADP	RP	_	26	case	125	127
tsc-2024-01-10:u0014:s22	26	proposal	proposal	NOUN	NN	Number=Sing	24	obl	128	136
tsc-2024-01-10:u0014:s22	27	and	and	CCONJ	CC	_	30	cc	137	140
tsc-2024-01-10:u0014:s22	28	then	then	ADV	RB	PronType=Dem	30	advmod	141	145
tsc-2024-01-10:u0014:s22	29	we	we	PRON	PRP	Case=Nom|Number=Plur|Person=1|PronType=Prs	30	nsubj	146	148
tsc-2024-01-10:u0014:s22	30	vote	vote	VERB	VBP	Mood=Ind|Tense=Pres|VerbForm=Fin	24	conj	149	153
tsc-2024-01-10:u0014:s22	31	on	on	ADP	IN	_	32	case	154	156
tsc-2024-01-10:u0014:s22	32	that	that	PRON	DT	Number=Sing|PronType=Dem	30	obl	157	161
tsc-2024-01-10:u0014:s22	33	.	.	PUNCT	.	_	39	punct	161	162
tsc-2024-01-10:u0014:s22	34	*	*	PUNCT	NFP	_	39	punct	163	164
tsc-2024-01-10:u0014:s22	35	Ruy	Ruy	PROPN	NNP	Number=Sing	39	nsubj:pass	165	168
tsc-2024-01-10:u0014:s22	36	,	,	PUNCT	,	_	39	punct	168	169
tsc-2024-01-10:u0014:s22	37	has	have	AUX	VBZ	Mood=Ind|Number=Sing|Person=3|Tense=Pres|VerbForm=Fin	39	aux	170	173
tsc-2024-01-10:u0014:s22	38	been	be	AUX	VBN	Tense=Past|VerbForm=Part	39	aux:pass	174	178
tsc-2024-01-10:u0014:s22	39	mentioned	mention	VERB	VBN	Tense=Past|VerbForm=Part|Voice=Pass	4	xcomp	179	188
tsc-2024-01-10:u0014:s22	40	that	that	SCONJ	IN	_	51	mark	189	193
tsc-2024-01-10:u0014:s22	41	distributing	distribute	VERB	VBG	VerbForm=Ger	51	csubj	194	206
tsc-2024-01-10:u0014:s22	42	npm	npm	NOUN	NN	Number=Sing	41	obj	207	210
tsc-2024-01-10:u0014:s22	43	as	as	SCONJ	IN	_	46	mark	211	213
tsc-2024-01-10:u0014:s22	44	are	be	AUX	VBP	Mood=Ind|Tense=Pres|VerbForm=Fin	46	cop	214	217
tsc-2024-01-10:u0014:s22	45	of	of	ADP	IN	_	46	case	218	220
tsc-2024-01-10:u0014:s22	46	corepack	corepack	NOUN	NN	Number=Sing	41	advcl	221	229
tsc-2024-01-10:u0014:s22	47	might	might	AUX	MD	VerbForm=Fin	51	aux	230	235
tsc-2024-01-10:u0014:s22	48	not	not	PART	RB	_	51	advmod	236	239
tsc-2024-01-10:u0014:s22	49	be	be	AUX	VB	VerbForm=Inf	51	cop	240	242
tsc-2024-01-10:u0014:s22	50	legally	legally	ADV	RB	_	51	advmod	243	250
tsc-2024-01-10:u0014:s22	51	ok	ok	ADJ	JJ	Degree=Pos	39	ccomp	251	253
tsc-2024-01-10:u0014:s22	52	.	.	PUNCT	.	_	54	punct	253	254
tsc-2024-01-10:u0014:s22	53	*	*	PUNCT	NFP	_	54	punct	255	256
tsc-2024-01-10:u0014:s22	54	Michael	Michael	PROPN	NNP	Number=Sing	59	nsubj	257	264
tsc-2024-01-10:u0014:s22	55	,	,	PUNCT	,	_	54	punct	264	265
tsc-2024-01-10:u0014:s22	56	probably	probably	ADV	RB	_	54	advmod	266	274
tsc-2024-01-10:u0014:s22	57	should	should	AUX	MD	VerbForm=Fin	59	aux	275	281
tsc-2024-01-10:u0014:s22	58	not	not	PART	RB	_	59	advmod	282	285
tsc-2024-01-10:u0014:s22	59	make	make	VERB	VB	VerbForm=Inf	4	parataxis	286	290
tsc-2024-01-10:u0014:s22	60	corepack	corepack	NOUN	NN	Number=Sing	59	obj	291	299
tsc-2024-01-10:u0014:s22	61	stable	stable	ADJ	JJ	Degree=Pos	59	xcomp	300	306
tsc-2024-01-10:u0014:s22	62	until	until	SCONJ	IN	_	64	mark	307	312
tsc-2024-01-10:u0014:s22	63	we	we	PRON	PRP	Case=Nom|Number=Plur|Person=1|PronType=Prs	64	nsubj	313	315
tsc-2024-01-10:u0014:s22	64	resolve	resolve	VERB	VBP	Mood=Ind|Tense=Pres|VerbForm=Fin	59	advcl	316	323
tsc-2024-01-10:u0014:s22	65	issue	issue	NOUN	NN	Number=Sing	64	obj	324	329
tsc-2024-01-10:u0014:s22	66	around	around	ADP	IN	_	67	case	330	336
tsc-2024-01-10:u0014:s22	67	direction	direction	NOUN	NN	Number=Sing	65	nmod	337	346
tsc-2024-01-10:u0014:s22	68	on	on	ADP	IN	_	69	case	347	349
tsc-2024-01-10:u0014:s22	69	npm	npm	NOUN	NN	Number=Sing	67	nmod	350	353
tsc-2024-01-10:u0014:s22	70	.	.	PUNCT	.	_	4	punct	353	354
tsc-2024-01-10:u0015:s00	1	*	*	PUNCT	NFP	_	2	punct	0	1
tsc-2024-01-10:u0015:s00	2	lib	lib	NOUN	NN	Number=Sing	0	root	2	5
tsc-2024-01-10:u0015:s00	3	:	:	PUNCT	:	_	2	punct	5	6
tsc-2024-01-10:u0015:s00	4	promote	promote	VERB	VB	VerbForm=Inf	2	appos	7	14
tsc-2024-01-10:u0015:s00	5	process.binding/_tickCallback	process.binding/_tickCallback	NOUN	NN	Number=Sing	4	obj	15	44
tsc-2024-01-10:u0015:s00	6	to	to	PART	TO	_	7	mark	45	47
tsc-2024-01-10:u0015:s00	7	runtime	runtime	VERB	VB	VerbForm=Inf	4	advcl	48	55
tsc-2024-01-10:u0015:s00	8	deprecation	deprecation	NOUN	NN	Number=Sing	10	compound	56	67
tsc-2024-01-10:u0015:s00	9	[	[	PUNCT	-LRB-	_	10	punct	68	69
tsc-2024-01-10:u0015:s00	10	#50687	#50687	NOUN	NN	Number=Sing	7	obj	69	75
tsc-2024-01-10:u0015:s00	11	]	]	PUNCT	-RRB-	_	10	punct	75	76
tsc-2024-01-10:u0015:s00	12	(	(	PUNCT	-LRB-	_	13	punct	76	77
tsc-2024-01-10:u0015:s00	13	https://github.com/nodejs/node/pull/50687	https://github.com/nodejs/node/pull/50687	X	LS	_	10	appos	77	118
tsc-2024-01-10:u0015:s00	14	)	)	PUNCT	-RRB-	_	13	punct	118	119
tsc-2024-01-10:u0015:s00	15	*	*	PUNCT	NFP	_	4	punct	120	121
tsc-2024-01-10:u0015:s00	16	Joyee	Joyee	PROPN	NNP	Number=Sing	17	nsubj	122	127
tsc-2024-01-10:u0015:s00	17	has	have	VERB	VBZ	Mood=Ind|Number=Sing|Person=3|Tense=Pres|VerbForm=Fin	4	parataxis	128	131
tsc-2024-01-10:u0015:s00	18	issue	issue	NOUN	NN	Number=Sing	17	obj	132	137
tsc-2024-01-10:u0015:s00	19	,	,	PUNCT	,	_	21	punct	137	138
tsc-2024-01-10:u0015:s00	20	please	please	INTJ	UH	_	21	discourse	139	145
tsc-2024-01-10:u0015:s00	21	jump	jump	VERB	VB	Mood=Imp|VerbForm=Fin	2	parataxis	146	150
tsc-2024-01-10:u0015:s00	22	in	in	ADP	IN	_	23	case	151	153
tsc-2024-01-10:u0015:s00	23	there	there	ADV	RB	PronType=Dem	21	obl	154	159
tsc-2024-01-10:u0015:s00	24	.	.	PUNCT	.	_	21	punct	159	160
tsc-2024-01-10:u0015:s01	1	<	<	PUNCT	-LRB-	_	2	punct	0	1
tsc-2024-01-10:u0015:s01	2	https://github.com/nodejs/TSC/issues/1482	https://github.com/nodejs/TSC/issues/1482	X	ADD	_	0	root	1	42
tsc-2024-01-10:u0015:s01	3	>	>	PUNCT	-RRB-	_	2	punct	42	43
tsc-2024-01-10:u0016:s00	1	*	*	PUNCT	NFP	_	0	root	0	1
tsc-2024-01-10:u0016:s01	1	The	the	DET	DT	Definite=Def|PronType=Art	3	det	0	3
tsc-2024-01-10:u0016:s01	2	env	env	NOUN	NN	Number=Sing	3	compound	4	7
tsc-2024-01-10:u0016:s01	3	var	var	NOUN	NN	Number=Sing	8	nsubj	8	11
tsc-2024-01-10:u0016:s01	4	`	`	PUNCT	``	_	5	punct	12	13
tsc-2024-01-10:u0016:s01	5	NODE_V8_COVERAGE	Node_v8_coverage	PRON	NN	Number=Sing	8	nsubj	13	29
tsc-2024-01-10:u0016:s01	6	`	`	PUNCT	``	_	5	punct	29	30
tsc-2024-01-10:u0016:s01	7	intermittently	intermittently	ADV	RB	_	8	advmod	31	45
tsc-2024-01-10:u0016:s01	8	causes	cause	VERB	VBZ	Mood=Ind|Number=Sing|Person=3|Tense=Pres|VerbForm=Fin	0	root	46	52
tsc-2024-01-10:u0016:s01	9	the	the	DET	DT	Definite=Def|PronType=Art	10	det	53	56
tsc-2024-01-10:u0016:s01	10	process	process	NOUN	NN	Number=Sing	8	obj	57	64
tsc-2024-01-10:u0016:s01	11	to	to	PART	TO	_	12	mark	65	67
tsc-2024-01-10:u0016:s01	12	hang	hang	VERB	VB	VerbForm=Inf	10	acl	68	72
tsc-2024-01-10:u0016:s01	13	[	[	PUNCT	-LRB-	_	14	punct	73	74
tsc-2024-01-10:u0016:s01	14	#49344	#49344	NOUN	NN	Number=Sing	12	obj	74	80
tsc-2024-01-10:u0016:s01	15	]	]	PUNCT	-RRB-	_	14	punct	80	81
tsc-2024-01-10:u0016:s01	16	(	(	PUNCT	-LRB-	_	14	punct	81	82
tsc-2024-01-10:u0016:s01	17	https://github.com/nodejs/node/issues/49344	https://github.com/nodejs/node/issues/49344	X	LS	_	8	xcomp	82	125
tsc-2024-01-10:u0016:s01	18	)	)	PUNCT	-RRB-	_	8	punct	125	126
tsc-2024-01-10:u0016:s01	19	*	*	PUNCT	NFP	_	8	punct	127	128
tsc-2024-01-10:u0016:s01	20	Richard	Richard	PROPN	NNP	Number=Sing	8	obj	129	136
tsc-2024-01-10:u0016:s01	21	,	,	PUNCT	,	_	8	punct	136	137
tsc-2024-01-10:u0016:s01	22	there	there	PRON	EX	_	23	expl	138	143
tsc-2024-01-10:u0016:s01	23	is	be	VERB	VBZ	Mood=Ind|Number=Sing|Person=3|Tense=Pres|VerbForm=Fin	8	ccomp	144	146
tsc-2024-01-10:u0016:s01	24	a	a	DET	DT	Definite=Ind|PronType=Art	25	det	147	148
tsc-2024-01-10:u0016:s01	25	PR	pr	NOUN	NN	Number=Sing	23	nsubj	149	151
tsc-2024-01-10:u0016:s01	26	that	that	PRON	WDT	PronType=Rel	27	nsubj	152	156
tsc-2024-01-10:u0016:s01	27	addresses	address	VERB	VBZ	Mood=Ind|Number=Sing|Person=3|Tense=Pres|VerbForm=Fin	25	acl:relcl	157	166
tsc-2024-01-10:u0016:s01	28	this	this	PRON	DT	Number=Sing|PronType=Dem	27	obj	167	171
tsc-2024-01-10:u0016:s01	29	on	on	ADP	IN	_	30	case	172	174
tsc-2024-01-10:u0016:s01	30	main	main	ADJ	JJ	Degree=Pos	27	obl	175	179
tsc-2024-01-10:u0016:s01	31	.	.	PUNCT	.	_	8	punct	179	180
tsc-2024-01-10:u0016:s01	32	*	*	PUNCT	NFP	_	8	punct	181	182
tsc-2024-01-10:u0016:s01	33	Issue	issue	NOUN	NN	Number=Sing	36	nsubj:pass	183	188
tsc-2024-01-10:u0016:s01	34	should	should	AUX	MD	VerbForm=Fin	36	aux	189	195
tsc-2024-01-10:u0016:s01	35	be	be	AUX	VB	VerbForm=Inf	36	aux:pass	196	198
tsc-2024-01-10:u0016:s01	36	fixed	fix	VERB	VBN	Tense=Past|VerbForm=Part|Voice=Pass	8	ccomp	199	204
tsc-2024-01-10:u0016:s01	37	.	.	PUNCT	.	_	8	punct	204	205
tsc-2024-01-10:u0017:s00	1	*	*	PUNCT	NFP	_	2	punct	0	1
tsc-2024-01-10:u0017:s00	2	lib	lib	NOUN	NN	Number=Sing	0	root	2	5
tsc-2024-01-10:u0017:s00	3	:	:	PUNCT	:	_	2	punct	5	6
tsc-2024-01-10:u0017:s00	4	rewrite	rewrite	ADJ	JJ	Degree=Pos	5	amod	7	14
tsc-2024-01-10:u0017:s00	5	AsyncLocalStorage	AsyncLocalStorage	NOUN	NN	Number=Sing	2	appos	15	32
tsc-2024-01-10:u0017:s00	6	without	without	ADP	IN	_	7	case	33	40
tsc-2024-01-10:u0017:s00	7	async_hooks	async_hook	NOUN	NNS	Number=Plur	5	nmod	41	52
tsc-2024-01-10:u0017:s00	8	[	[	PUNCT	-LRB-	_	9	punct	53	54
tsc-2024-01-10:u0017:s00	9	#48528	#48528	NUM	CD	NumType=Card	5	appos	54	60
tsc-2024-01-10:u0017:s00	10	]	]	PUNCT	-RRB-	_	9	punct	60	61
tsc-2024-01-10:u0017:s00	11	(	(	PUNCT	-LRB-	_	12	punct	61	62
tsc-2024-01-10:u0017:s00	12	https://github.com/nodejs/node/pull/48528	https://github.com/nodejs/node/pull/48528	X	LS	_	9	appos	62	103
tsc-2024-01-10:u0017:s00	13	)	)	PUNCT	-RRB-	_	12	punct	103	104
tsc-2024-01-10:u0017:s00	14	*	*	PUNCT	NFP	_	2	punct	105	106
tsc-2024-01-10:u0017:s00	15	Requires	require	VERB	VBZ	Mood=Ind|Number=Sing|Person=3|Tense=Pres|VerbForm=Fin	2	parataxis	107	115
tsc-2024-01-10:u0017:s00	16	a	a	DET	DT	Definite=Ind|PronType=Art	17	det	116	117
tsc-2024-01-10:u0017:s00	17	patch	patch	NOUN	NN	Number=Sing	15	obj	118	123
tsc-2024-01-10:u0017:s00	18	to	to	ADP	IN	_	19	case	124	126
tsc-2024-01-10:u0017:s00	19	V8	V8	PROPN	NNP	Number=Sing	33	obl	127	129
tsc-2024-01-10:u0017:s00	20	,	,	PUNCT	,	_	19	punct	129	130
tsc-2024-01-10:u0017:s00	21	the	the	DET	DT	Definite=Def|PronType=Art	23	det	131	134
tsc-2024-01-10:u0017:s00	22	V8	V8	NUM	CD	NumType=Card	23	nummod	135	137
tsc-2024-01-10:u0017:s00	23	teams	team	NOUN	NNS	Number=Plur	33	nsubj	138	143
tsc-2024-01-10:u0017:s00	24	reluctant	reluctant	ADJ	JJ	Degree=Pos	23	amod	144	153
tsc-2024-01-10:u0017:s00	25	to	to	PART	TO	_	26	mark	154	156
tsc-2024-01-10:u0017:s00	26	accept	accept	VERB	VB	VerbForm=Inf	24	advcl	157	163
tsc-2024-01-10:u0017:s00	27	the	the	DET	DT	Definite=Def|PronType=Art	32	det	164	167
tsc-2024-01-10:u0017:s00	28	patch	patch	NOUN	NN	Number=Sing	32	compound	168	173
tsc-2024-01-10:u0017:s00	29	*	*	PUNCT	NFP	_	32	punct	174	175
tsc-2024-01-10:u0017:s00	30	Joyee	Joyee	NOUN	NN	Number=Sing	32	compound	176	181
tsc-2024-01-10:u0017:s00	31	-	-	PUNCT	HYPH	_	32	punct	182	183
tsc-2024-01-10:u0017:s00	32	ask	ask	NOUN	NN	Number=Sing	26	obj	184	187
tsc-2024-01-10:u0017:s00	33	was	be	VERB	VBD	Mood=Ind|Number=Sing|Person=3|Tense=Past|VerbForm=Fin	15	ccomp	188	191
tsc-2024-01-10:u0017:s00	34	whether	whether	SCONJ	IN	_	37	mark	192	199
tsc-2024-01-10:u0017:s00	35	we	we	PRON	PRP	Case=Nom|Number=Plur|Person=1|PronType=Prs	37	nsubj	200	202
tsc-2024-01-10:u0017:s00	36	could	could	AUX	MD	VerbForm=Fin	37	aux	203	208
tsc-2024-01-10:u0017:s00	37	float	float	VERB	VB	VerbForm=Inf	33	ccomp	209	214
tsc-2024-01-10:u0017:s00	38	the	the	DET	DT	Definite=Def|PronType=Art	41	det	215	218
tsc-2024-01-10:u0017:s00	39	patch	patch	NOUN	NN	Number=Sing	41	compound	219	224
tsc-2024-01-10:u0017:s00	40	*	*	PUNCT	NFP	_	41	punct	225	226
tsc-2024-01-10:u0017:s00	41	Feedback	feedback	NOUN	NN	Number=Sing	37	obj	227	235
tsc-2024-01-10:u0017:s00	42	in	in	ADP	IN	_	44	case	236	238
tsc-2024-01-10:u0017:s00	43	the	the	DET	DT	Definite=Def|PronType=Art	44	det	239	242
tsc-2024-01-10:u0017:s00	44	PR	pr	NOUN	NN	Number=Sing	37	obl	243	245
tsc-2024-01-10:u0017:s00	45	seems	seem	VERB	VBZ	Mood=Ind|Number=Sing|Person=3|Tense=Pres|VerbForm=Fin	37	conj	246	251
tsc-2024-01-10:u0017:s00	46	to	to	PART	TO	_	51	mark	252	254
tsc-2024-01-10:u0017:s00	47	be	be	AUX	VB	VerbForm=Inf	51	cop	255	257
tsc-2024-01-10:u0017:s00	48	that	that	SCONJ	IN	_	51	mark	258	262
tsc-2024-01-10:u0017:s00	49	we	we	PRON	PRP	Case=Nom|Number=Plur|Person=1|PronType=Prs	51	nsubj	263	265
tsc-2024-01-10:u0017:s00	50	should	should	AUX	MD	VerbForm=Fin	51	aux	266	272
tsc-2024-01-10:u0017:s00	51	wait	wait	VERB	VB	VerbForm=Inf	45	xcomp	273	277
tsc-2024-01-10:u0017:s00	52	until	until	SCONJ	IN	_	63	mark	278	283
tsc-2024-01-10:u0017:s00	53	V8	V8	NUM	CD	NumType=Card	54	nummod	284	286
tsc-2024-01-10:u0017:s00	54	accepts	accept	NOUN	NNS	Number=Plur	63	nsubj	287	294
tsc-2024-01-10:u0017:s00	55	in	in	ADP	IN	_	58	case	295	297
tsc-2024-01-10:u0017:s00	56	upstream	upstream	NOUN	NN	Number=Sing	58	compound	298	306
tsc-2024-01-10:u0017:s00	57	*	*	PUNCT	NFP	_	58	punct	307	308
tsc-2024-01-10:u0017:s00	58	Chengzhong	Chengzhong	NOUN	NN	Number=Sing	54	nmod	309	319
tsc-2024-01-10:u0017:s00	59	,	,	PUNCT	,	_	63	punct	319	320
tsc-2024-01-10:u0017:s00	60	V8	V8	NUM	CD	NumType=Card	61	nummod	321	323
tsc-2024-01-10:u0017:s00	61	team	team	NOUN	NN	Number=Sing	63	nsubj	324	328
tsc-2024-01-10:u0017:s00	62	has	have	AUX	VBZ	Mood=Ind|Number=Sing|Person=3|Tense=Pres|VerbForm=Fin	63	aux	329	332
tsc-2024-01-10:u0017:s00	63	discussed	discuss	VERB	VBN	Tense=Past|VerbForm=Part	51	advcl	333	342
tsc-2024-01-10:u0017:s00	64	removing	remove	VERB	VBG	VerbForm=Ger	63	advcl	343	351
tsc-2024-01-10:u0017:s00	65	the	the	DET	DT	Definite=Def|PronType=Art	66	det	352	355
tsc-2024-01-10:u0017:s00	66	API	api	NOUN	NN	Number=Sing	64	obj	356	359
tsc-2024-01-10:u0017:s00	67	it	it	PRON	PRP	Case=Nom|Gender=Neut|Number=Sing|Person=3|PronType=Prs	68	nsubj	360	362
tsc-2024-01-10:u0017:s00	68	uses	use	VERB	VBZ	Mood=Ind|Number=Sing|Person=3|Tense=Pres|VerbForm=Fin	45	ccomp	363	367
tsc-2024-01-10:u0017:s00	69	,	,	PUNCT	,	_	68	punct	367	368
tsc-2024-01-10:u0017:s00	70	so	so	ADV	RB	_	73	advmod	369	371
tsc-2024-01-10:u0017:s00	71	there	there	PRON	EX	_	73	expl	372	377
tsc-2024-01-10:u0017:s00	72	would	would	AUX	MD	VerbForm=Fin	73	aux	378	383
tsc-2024-01-10:u0017:s00	73	be	be	VERB	VB	VerbForm=Inf	68	ccomp	384	386
tsc-2024-01-10:u0017:s00	74	more	more	ADV	RBR	_	77	advmod	387	391
tsc-2024-01-10:u0017:s00	75	we	we	PRON	PRP	Case=Nom|Number=Plur|Person=1|PronType=Prs	77	nsubj	392	394
tsc-2024-01-10:u0017:s00	76	’d	’d	ADV	RB	_	77	advmod	394	396
tsc-2024-01-10:u0017:s00	77	have	have	VERB	VBP	Mood=Ind|Tense=Pres|VerbForm=Fin	73	ccomp	397	401
tsc-2024-01-10:u0017:s00	78	to	to	PART	TO	_	79	mark	402	404
tsc-2024-01-10:u0017:s00	79	float	float	VERB	VB	VerbForm=Inf	77	xcomp	405	410
tsc-2024-01-10:u0017:s00	80	.	.	PUNCT	.	_	15	punct	410	411
tsc-2024-01-10:u0017:s00	81	*	*	PUNCT	NFP	_	15	punct	412	413
tsc-2024-01-10:u0017:s00	82	Michael	Michael	PROPN	NNP	Number=Sing	84	nsubj	414	421
tsc-2024-01-10:u0017:s00	83	,	,	PUNCT	,	_	84	punct	421	422
tsc-2024-01-10:u0017:s00	84	seems	seem	VERB	VBZ	Mood=Ind|Number=Sing|Person=3|Tense=Pres|VerbForm=Fin	15	parataxis	423	428
tsc-2024-01-10:u0017:s00	85	very	very	ADJ	JJ	Degree=Pos	86	amod	429	433
tsc-2024-01-10:u0017:s00	86	risk	risk	NOUN	NN	Number=Sing	84	obj	434	438
tsc-2024-01-10:u0017:s00	87	to	to	PART	TO	_	88	mark	439	441
tsc-2024-01-10:u0017:s00	88	float	float	VERB	VB	VerbForm=Inf	86	acl	442	447
tsc-2024-01-10:u0017:s00	89	a	a	DET	DT	Definite=Ind|PronType=Art	91	det	448	449
tsc-2024-01-10:u0017:s00	90	large	large	ADJ	JJ	Degree=Pos	91	amod	450	455
tsc-2024-01-10:u0017:s00	91	patch	patch	NOUN	NN	Number=Sing	88	obj	456	461
tsc-2024-01-10:u0017:s00	92	especially	especially	ADV	RB	_	94	advmod	462	472
tsc-2024-01-10:u0017:s00	93	if	if	SCONJ	IN	_	94	mark	473	475
tsc-2024-01-10:u0017:s00	94	underlying	underly	VERB	VBG	VerbForm=Ger	99	advcl	476	486
tsc-2024-01-10:u0017:s00	95	APIs	APIs	PROPN	NNPS	Number=Plur	94	obj	487	491
tsc-2024-01-10:u0017:s00	96	it	it	PRON	PRP	Case=Nom|Gender=Neut|Number=Sing|Person=3|PronType=Prs	97	nmod:poss	492	494
tsc-2024-01-10:u0017:s00	97	needs	need	NOUN	NNS	Number=Plur	99	nsubj:pass	495	500
tsc-2024-01-10:u0017:s00	98	are	be	AUX	VBP	Mood=Ind|Tense=Pres|VerbForm=Fin	99	aux:pass	501	504
tsc-2024-01-10:u0017:s00	99	Removed	remove	VERB	VBN	Tense=Past|VerbForm=Part|Voice=Pass	15	parataxis	505	512
tsc-2024-01-10:u0017:s00	100	*	*	PUNCT	NFP	_	103	punct	513	514
tsc-2024-01-10:u0017:s00	101	Geoffrey	Geoffrey	PROPN	NNP	Number=Sing	103	nsubj	515	523
tsc-2024-01-10:u0017:s00	102	,	,	PUNCT	,	_	103	punct	523	524
tsc-2024-01-10:u0017:s00	103	what	what	PRON	WP	PronType=Int	99	obj	525	529
tsc-2024-01-10:u0017:s00	104	is	be	AUX	VBZ	Mood=Ind|Number=Sing|Person=3|Tense=Pres|VerbForm=Fin	103	cop	530	532
tsc-2024-01-10:u0017:s00	105	the	the	DET	DT	Definite=Def|PronType=Art	106	det	533	536
tsc-2024-01-10:u0017:s00	106	alternative	alternative	NOUN	NN	Number=Sing	103	nsubj	537	548
tsc-2024-01-10:u0017:s00	107	?	?	PUNCT	.	_	109	punct	548	549
tsc-2024-01-10:u0017:s00	108	*	*	PUNCT	NFP	_	109	punct	550	551
tsc-2024-01-10:u0017:s00	109	Joyee	Joyee	NOUN	NN	Number=Sing	103	conj	552	557
tsc-2024-01-10:u0017:s00	110	,	,	PUNCT	,	_	113	punct	557	558
tsc-2024-01-10:u0017:s00	111	people	people	NOUN	NNS	Number=Plur	113	nsubj	559	565
tsc-2024-01-10:u0017:s00	112	are	be	AUX	VBP	Mood=Ind|Tense=Pres|VerbForm=Fin	113	aux	566	569
tsc-2024-01-10:u0017:s00	113	working	work	VERB	VBG	Tense=Pres|VerbForm=Part	109	conj	570	577
tsc-2024-01-10:u0017:s00	114	on	on	ADP	IN	_	117	case	578	580
tsc-2024-01-10:u0017:s00	115	AsyncContext	AsyncContext	PROPN	NNP	Number=Sing	117	compound	581	593
tsc-2024-01-10:u0017:s00	116	*	*	PUNCT	NFP	_	117	punct	594	595
tsc-2024-01-10:u0017:s00	117	Geoffrey	Geoffrey	PROPN	NNP	Number=Sing	113	obl	596	604
tsc-2024-01-10:u0017:s00	118	,	,	PUNCT	,	_	120	punct	604	605
tsc-2024-01-10:u0017:s00	119	but	but	CCONJ	CC	_	120	cc	606	609
tsc-2024-01-10:u0017:s00	120	when	when	ADV	WRB	PronType=Int	109	conj	610	614
tsc-2024-01-10:u0017:s00	121	?	?	PUNCT	.	_	120	punct	614	615
tsc-2024-01-10:u0017:s01	1	*	*	PUNCT	NFP	_	2	punct	0	1
tsc-2024-01-10:u0017:s01	2	Chengzhong	Chengzhong	NOUN	NN	Number=Sing	0	root	2	12
tsc-2024-01-10:u0017:s01	3	,	,	PUNCT	,	_	2	punct	12	13
tsc-2024-01-10:u0017:s01	4	hoping	hope	VERB	VBG	VerbForm=Ger	2	acl	14	20
tsc-2024-01-10:u0017:s01	5	to	to	PART	TO	_	6	mark	21	23
tsc-2024-01-10:u0017:s01	6	make	make	VERB	VB	VerbForm=Inf	4	xcomp	24	28
tsc-2024-01-10:u0017:s01	7	progress	progress	NOUN	NN	Number=Sing	6	obj	29	37
tsc-2024-01-10:u0017:s01	8	in	in	ADP	IN	_	11	case	38	40
tsc-2024-01-10:u0017:s01	9	2024	2024	NUM	CD	NumType=Card	11	nummod	41	45
tsc-2024-01-10:u0017:s01	10	*	*	PUNCT	NFP	_	11	punct	46	47
tsc-2024-01-10:u0017:s01	11	Geoffrey	Geoffrey	NOUN	NN	Number=Sing	7	nmod	48	56
tsc-2024-01-10:u0017:s01	12	,	,	PUNCT	,	_	6	punct	56	57
tsc-2024-01-10:u0017:s01	13	if	if	SCONJ	IN	_	15	mark	58	60
tsc-2024-01-10:u0017:s01	14	it	it	PRON	PRP	Case=Nom|Gender=Neut|Number=Sing|Person=3|PronType=Prs	15	nsubj	61	63
tsc-2024-01-10:u0017:s01	15	seems	seem	VERB	VBZ	Mood=Ind|Number=Sing|Person=3|Tense=Pres|VerbForm=Fin	6	advcl	64	69
tsc-2024-01-10:u0017:s01	16	promising	promising	VERB	VBG	VerbForm=Ger	15	xcomp	70	79
tsc-2024-01-10:u0017:s01	17	then	then	ADV	RB	PronType=Dem	18	advmod	80	84
tsc-2024-01-10:u0017:s01	18	waiting	wait	VERB	VBG	VerbForm=Ger	16	advcl	85	92
tsc-2024-01-10:u0017:s01	19	makes	make	VERB	VBZ	Mood=Ind|Number=Sing|Person=3|Tense=Pres|VerbForm=Fin	18	ccomp	93	98
tsc-2024-01-10:u0017:s01	20	sense	sense	NOUN	NN	Number=Sing	19	obj	99	104
tsc-2024-01-10:u0017:s01	21	.	.	PUNCT	.	_	2	punct	104	105
tsc-2024-01-10:u0018:s00	1	###	###	SYM	NFP	_	0	root	0	3
tsc-2024-01-10:u0018:s00	2	nodejs	nodej	NOUN	NNS	Number=Plur	1	compound	4	10
tsc-2024-01-10:u0018:s00	3	/	/	PUNCT	,	_	4	cc	10	11
tsc-2024-01-10:u0018:s00	4	admin	admin	NOUN	NN	Number=Sing	2	conj	11	16
tsc-2024-01-10:u0019:s00	1	*	*	PUNCT	NFP	_	5	punct	0	1
tsc-2024-01-10:u0019:s00	2	Events	event	NOUN	NNS	Number=Plur	5	compound	2	8
tsc-2024-01-10:u0019:s00	3	/	/	PUNCT	,	_	4	cc	9	10
tsc-2024-01-10:u0019:s00	4	Collaborator	Collaborator	NOUN	NN	Number=Sing	2	conj	11	23
tsc-2024-01-10:u0019:s00	5	Summits	Summits	NOUN	NNS	Number=Plur	0	root	24	31
tsc-2024-01-10:u0019:s00	6	for	for	ADP	IN	_	10	case	32	35
tsc-2024-01-10:u0019:s00	7	2024	2024	NUM	CD	NumType=Card	10	nummod	36	40
tsc-2024-01-10:u0019:s00	8	[	[	PUNCT	-LRB-	_	9	punct	41	42
tsc-2024-01-10:u0019:s00	9	#	#	SYM	NN	Number=Sing	10	compound	42	43
tsc-2024-01-10:u0019:s00	10	814	814	NUM	CD	NumType=Card	5	nmod	43	46
tsc-2024-01-10:u0019:s00	11	]	]	PUNCT	-RRB-	_	5	punct	46	47
tsc-2024-01-10:u0019:s00	12	(	(	PUNCT	-LRB-	_	13	punct	47	48
tsc-2024-01-10:u0019:s00	13	https://github.com/nodejs/admin/issues/814	https://github.com/nodejs/admin/issues/814	X	ADD	_	5	parataxis	48	90
tsc-2024-01-10:u0019:s00	14	)	)	PUNCT	-RRB-	_	13	punct	90	91
tsc-2024-01-10:u0019:s00	15	*	*	PUNCT	NFP	_	5	punct	92	93
tsc-2024-01-10:u0019:s01	1	No	no	DET	DT	_	2	det	0	2
tsc-2024-01-10:u0019:s01	2	update	update	NOUN	NN	Number=Sing	0	root	3	9
tsc-2024-01-10:u0019:s01	3	yet	yet	ADV	RB	_	2	advmod	10	13
tsc-2024-01-10:u0019:s01	4	.	.	PUNCT	.	_	2	punct	13	14
tsc-2024-01-10:u0020:s00	1	##	##	PUNCT	.	_	0	root	0	2
tsc-2024-01-10:u0020:s01	1	Strategic	strategic	ADJ	JJ	Degree=Pos	2	amod	0	9
tsc-2024-01-10:u0020:s01	2	Initiatives	initiative	NOUN	NNS	Number=Plur	0	root	10	21
tsc-2024-01-10:u0021:s00	1	##	##	PUNCT	.	_	0	root	0	2
tsc-2024-01-10:u0021:s01	1	Upcoming	upcoming	ADJ	JJ	Degree=Pos	2	amod	0	8
tsc-2024-01-10:u0021:s01	2	Meetings	meeting	NOUN	NNS	Number=Plur	0	root	9	17
tsc-2024-01-10:u0022:s00	1	*	*	PUNCT	NFP	_	3	punct	0	1
tsc-2024-01-10:u0022:s00	2	**Node.js	**Node.js	PROPN	NNP	Number=Sing	3	compound	2	11
tsc-2024-01-10:u0022:s00	3	Project	project	PROPN	NNP	Number=Sing	0	root	12	19
tsc-2024-01-10:u0022:s00	4	Calendar	calendar	PROPN	NNP	Number=Sing	3	flat	20	28
tsc-2024-01-10:u0022:s00	5	**:	**:	PUNCT	.	_	3	punct	28	31
tsc-2024-01-10:u0022:s00	6	<	<	PUNCT	-LRB-	_	7	punct	32	33
tsc-2024-01-10:u0022:s00	7	https://nodejs.org/calendar	https://nodejs.org/calendar	NOUN	NN	Number=Sing	3	list	33	60
tsc-2024-01-10:u0022:s00	8	>	>	PUNCT	-RRB-	_	7	punct	60	61
tsc-2024-01-10:u0023:s00	1	Click	click	VERB	VB	Mood=Imp|VerbForm=Fin	0	root	0	5
tsc-2024-01-10:u0023:s00	2	`+	`+	SYM	$	_	3	punct	6	8
tsc-2024-01-10:u0023:s00	3	GoogleCalendar	GoogleCalendar	PROPN	NNP	Number=Sing	1	obj	8	22
tsc-2024-01-10:u0023:s00	4	`	`	PUNCT	``	_	3	punct	22	23
tsc-2024-01-10:u0023:s00	5	at	at	ADP	IN	_	8	case	24	26
tsc-2024-01-10:u0023:s00	6	the	the	DET	DT	Definite=Def|PronType=Art	8	det	27	30
tsc-2024-01-10:u0023:s00	7	bottom	bottom	ADJ	JJ	Degree=Pos	8	amod	31	37
tsc-2024-01-10:u0023:s00	8	right	right	NOUN	NN	Number=Sing	1	obl	38	43
tsc-2024-01-10:u0023:s00	9	to	to	PART	TO	_	10	mark	44	46
tsc-2024-01-10:u0023:s00	10	add	add	VERB	VB	VerbForm=Inf	1	advcl	47	50
tsc-2024-01-10:u0023:s00	11	to	to	ADP	IN	_	15	case	51	53
tsc-2024-01-10:u0023:s00	12	your	you	PRON	PRP$	Person=2|Poss=Yes|PronType=Prs	15	nmod:poss	54	58
tsc-2024-01-10:u0023:s00	13	own	own	ADJ	JJ	Degree=Pos	15	amod	59	62
tsc-2024-01-10:u0023:s00	14	Google	Google	PROPN	NNP	Number=Sing	15	compound	63	69
tsc-2024-01-10:u0023:s00	15	calendar	calendar	NOUN	NN	Number=Sing	10	obl	70	78
tsc-2024-01-10:u0023:s00	16	.	.	PUNCT	.	_	1	punct	78	79
tsc-2024-01-17:u0000:s00	1	#	#	SYM	NN	Number=Sing	2	compound	0	1
tsc-2024-01-17:u0000:s00	2	Node.js	Node.js	PROPN	NNP	Number=Sing	5	compound	2	9
tsc-2024-01-17:u0000:s00	3	Technical	technical	PROPN	NNP	Number=Sing	5	compound	10	19
tsc-2024-01-17:u0000:s00	4	Steering	steering	PROPN	NNP	Number=Sing	5	compound	20	28
tsc-2024-01-17:u0000:s00	5	Committee	committee	PROPN	NNP	Number=Sing	0	root	29	38
tsc-2024-01-17:u0000:s00	6	(	(	PUNCT	-LRB-	_	7	punct	39	40
tsc-2024-01-17:u0000:s00	7	TSC	TSC	PROPN	NNP	Number=Sing	5	appos	40	43
tsc-2024-01-17:u0000:s00	8	)	)	PUNCT	-RRB-	_	7	punct	43	44
tsc-2024-01-17:u0000:s01	1	Meeting	meeting	NOUN	NN	Number=Sing	0	root	0	7
tsc-2024-01-17:u0000:s01	2	2024-	2024-	PUNCT	:	_	1	punct	8	13
tsc-2024-01-17:u0000:s01	3	01	01	NUM	CD	NumType=Card	1	appos	13	15
tsc-2024-01-17:u0000:s01	4	-	-	SYM	SYM	_	5	case	15	16
tsc-2024-01-17:u0000:s01	5	17	17	NUM	CD	NumType=Card	3	nmod	16	18
tsc-2024-01-17:u0001:s00	1	##	##	PUNCT	.	_	0	root	0	2
tsc-2024-01-17:u0001:s01	1	Links	link	NOUN	NNS	Number=Plur	0	root	0	5
tsc-2024-01-17:u0002:s00	1	*	*	PUNCT	NFP	_	0	root	0	1
tsc-2024-01-17:u0002:s01	1	**	**	PUNCT	NFP	_	2	punct	0	2
tsc-2024-01-17:u0002:s01	2	Recording	recording	NOUN	NN	Number=Sing	0	root	2	11
tsc-2024-01-17:u0002:s01	3	**:	**:	PUNCT	.	_	2	punct	11	14
tsc-2024-01-17:u0002:s01	4	<	<	PUNCT	-LRB-	_	5	punct	15	16
tsc-2024-01-17:u0002:s01	5	https://youtube.com/live/00oahsrkFTU	https://youtube.com/live/00oahsrkftu	X	ADD	_	2	appos	16	52
tsc-2024-01-17:u0002:s01	6	>	>	PUNCT	-RRB-	_	5	punct	52	53
tsc-2024-01-17:u0002:s01	7	*	*	PUNCT	NFP	_	5	punct	54	55
tsc-2024-01-17:u0002:s01	8	**	**	PUNCT	NFP	_	2	punct	56	58
tsc-2024-01-17:u0002:s01	9	GitHub	GitHub	PROPN	NNP	Number=Sing	10	compound	58	64
tsc-2024-01-17:u0002:s01	10	Issue	issue	PROPN	NNP	Number=Sing	2	appos	65	70
tsc-2024-01-17:u0002:s01	11	**	**	PUNCT	NFP	_	2	punct	70	72
tsc-2024-01-17:u0002:s01	12	:	:	PUNCT	:	_	2	punct	72	73
tsc-2024-01-17:u0002:s01	13	<	<	PUNCT	-LRB-	_	2	punct	74	75
tsc-2024-01-17:u0002:s01	14	https://github.com/nodejs/TSC/issues/1492	https://github.com/nodejs/TSC/issues/1492	X	ADD	_	2	appos	75	116
tsc-2024-01-17:u0002:s01	15	>	>	PUNCT	-RRB-	_	2	punct	116	117
tsc-2024-01-17:u0003:s00	1	##	##	PUNCT	.	_	0	root	0	2
tsc-2024-01-17:u0003:s01	1	Present	present	PROPN	NNP	Number=Sing	0	root	0	7
tsc-2024-01-17:u0004:s00	1	*	*	PUNCT	NFP	_	2	punct	0	1
tsc-2024-01-17:u0004:s00	2	Antoine	Antoine	X	GW	_	5	goeswith	2	9
tsc-2024-01-17:u0004:s00	3	du	do	X	GW	_	5	goeswith	10	12
tsc-2024-01-17:u0004:s00	4	Hamel	Hamel	X	GW	_	5	goeswith	13	18
tsc-2024-01-17:u0004:s00	5	@aduh95	@aduh95	NOUN	NN	Number=Sing	0	root	19	26
tsc-2024-01-17:u0004:s00	6	(	(	PUNCT	-LRB-	_	5	punct	27	28
tsc-2024-01-17:u0004:s00	7	voting	voting	NOUN	NN	Number=Sing	8	compound	28	34
tsc-2024-01-17:u0004:s00	8	member	member	NOUN	NN	Number=Sing	5	appos	35	41
tsc-2024-01-17:u0004:s00	9	)	)	PUNCT	-RRB-	_	8	punct	41	42
tsc-2024-01-17:u0004:s00	10	*	*	PUNCT	NFP	_	5	punct	43	44
tsc-2024-01-17:u0004:s00	11	Yagiz	Yagiz	PROPN	NNP	Number=Sing	13	compound	45	50
tsc-2024-01-17:u0004:s00	12	Nizipli	Nizipli	PROPN	NNP	Number=Sing	11	flat	51	58
tsc-2024-01-17:u0004:s00	13	@anonrig	@anonrig	NOUN	NN	Number=Sing	5	conj	59	67
tsc-2024-01-17:u0004:s00	14	(	(	PUNCT	-LRB-	_	5	punct	68	69
tsc-2024-01-17:u0004:s00	15	voting	voting	NOUN	NN	Number=Sing	16	compound	69	75
tsc-2024-01-17:u0004:s00	16	member	member	NOUN	NN	Number=Sing	5	appos	76	82
tsc-2024-01-17:u0004:s00	17	)	)	PUNCT	-RRB-	_	16	punct	82	83
tsc-2024-01-17:u0004:s00	18	*	*	PUNCT	NFP	_	5	punct	84	85
tsc-2024-01-17:u0004:s00	19	Benjamin	Benjamin	PROPN	NNP	Number=Sing	21	compound	86	94
tsc-2024-01-17:u0004:s00	20	Gruenbaum	Gruenbaum	PROPN	NNP	Number=Sing	19	flat	95	104
tsc-2024-01-17:u0004:s00	21	@benjamingr	@benjamingr	NOUN	NN	Number=Sing	5	conj	105	116
tsc-2024-01-17:u0004:s00	22	(	(	PUNCT	-LRB-	_	24	punct	117	118
tsc-2024-01-17:u0004:s00	23	voting	voting	NOUN	NN	Number=Sing	24	compound	118	124
tsc-2024-01-17:u0004:s00	24	member	member	NOUN	NN	Number=Sing	21	appos	125	131
tsc-2024-01-17:u0004:s00	25	)	)	PUNCT	-RRB-	_	24	punct	131	132
tsc-2024-01-17:u0004:s00	26	*	*	PUNCT	NFP	_	5	punct	133	134
tsc-2024-01-17:u0004:s00	27	Ruben	Ruben	PROPN	NNP	Number=Sing	28	compound	135	140
tsc-2024-01-17:u0004:s00	28	Bridgewater	Bridgewater	PROPN	NNP	Number=Sing	5	appos	141	152
tsc-2024-01-17:u0004:s00	29	@	@	ADP	IN	_	30	case	153	154
tsc-2024-01-17:u0004:s00	30	BridgeAR	BridgeAR	PROPN	NNP	Number=Sing	5	nmod	154	162
tsc-2024-01-17:u0004:s00	31	(	(	PUNCT	-LRB-	_	5	punct	163	164
tsc-2024-01-17:u0004:s00	32	voting	voting	NOUN	NN	Number=Sing	33	compound	164	170
tsc-2024-01-17:u0004:s00	33	member	member	NOUN	NN	Number=Sing	5	appos	171	177
tsc-2024-01-17:u0004:s00	34	)	)	PUNCT	-RRB-	_	33	punct	177	178
tsc-2024-01-17:u0004:s00	35	*	*	PUNCT	NFP	_	5	punct	179	180
tsc-2024-01-17:u0004:s00	36	Geoffrey	Geoffrey	PROPN	NNP	Number=Sing	37	compound	181	189
tsc-2024-01-17:u0004:s00	37	Booth	Booth	PROPN	NNP	Number=Sing	5	appos	190	195
tsc-2024-01-17:u0004:s00	38	@	@	ADP	IN	_	39	case	196	197
tsc-2024-01-17:u0004:s00	39	GeoffreyBooth	GeoffreyBooth	PROPN	NNP	Number=Sing	5	nmod	197	210
tsc-2024-01-17:u0004:s00	40	(	(	PUNCT	-LRB-	_	5	punct	211	212
tsc-2024-01-17:u0004:s00	41	voting	voting	NOUN	NN	Number=Sing	42	compound	212	218
tsc-2024-01-17:u0004:s00	42	member	member	NOUN	NN	Number=Sing	5	appos	219	225
tsc-2024-01-17:u0004:s00	43	)	)	PUNCT	-RRB-	_	42	punct	225	226
tsc-2024-01-17:u0004:s00	44	*	*	PUNCT	NFP	_	5	punct	227	228
tsc-2024-01-17:u0004:s00	45	Gireesh	Gireesh	PROPN	NNP	Number=Sing	47	compound	229	236
tsc-2024-01-17:u0004:s00	46	Punathil	Punathil	PROPN	NNP	Number=Sing	45	flat	237	245
tsc-2024-01-17:u0004:s00	47	@gireeshpunathil	@gireeshpunathil	NOUN	NN	Number=Sing	5	conj	246	262
tsc-2024-01-17:u0004:s00	48	(	(	PUNCT	-LRB-	_	5	punct	263	264
tsc-2024-01-17:u0004:s00	49	voting	voting	NOUN	NN	Number=Sing	50	compound	264	270
tsc-2024-01-17:u0004:s00	50	member	member	NOUN	NN	Number=Sing	5	appos	271	277
tsc-2024-01-17:u0004:s00	51	)	)	PUNCT	-RRB-	_	50	punct	277	278
tsc-2024-01-17:u0004:s00	52	*	*	PUNCT	NFP	_	5	punct	279	280
tsc-2024-01-17:u0004:s00	53	Chengzhong	Chengzhong	PROPN	NNP	Number=Sing	55	compound	281	291
tsc-2024-01-17:u0004:s00	54	Wu	Wu	PROPN	NNP	Number=Sing	53	flat	292	294
tsc-2024-01-17:u0004:s00	55	@legendecas	@legendeca	NOUN	NNS	Number=Plur	5	conj	295	306
tsc-2024-01-17:u0004:s00	56	(	(	PUNCT	-LRB-	_	5	punct	307	308
tsc-2024-01-17:u0004:s00	57	voting	voting	NOUN	NN	Number=Sing	58	compound	308	314
tsc-2024-01-17:u0004:s00	58	member	member	NOUN	NN	Number=Sing	5	appos	315	321
tsc-2024-01-17:u0004:s00	59	)	)	PUNCT	-RRB-	_	58	punct	321	322
tsc-2024-01-17:u0004:s00	60	*	*	PUNCT	NFP	_	5	punct	323	324
tsc-2024-01-17:u0004:s00	61	Matteo	Matteo	PROPN	NNP	Number=Sing	5	conj	325	331
tsc-2024-01-17:u0004:s00	62	Collina	Collina	PROPN	NNP	Number=Sing	61	flat	332	339
tsc-2024-01-17:u0004:s00	63	@mcollina	@mcollina	PROPN	NNP	Number=Sing	61	flat	340	349
tsc-2024-01-17:u0004:s00	64	(	(	PUNCT	-LRB-	_	66	punct	350	351
tsc-2024-01-17:u0004:s00	65	voting	voting	NOUN	NN	Number=Sing	66	compound	351	357
tsc-2024-01-17:u0004:s00	66	member	member	NOUN	NN	Number=Sing	5	parataxis	358	364
tsc-2024-01-17:u0004:s00	67	)	)	PUNCT	-RRB-	_	66	punct	364	365
tsc-2024-01-17:u0004:s00	68	*	*	PUNCT	NFP	_	5	punct	366	367
tsc-2024-01-17:u0004:s00	69	Michael	Michael	PROPN	NNP	Number=Sing	5	conj	368	375
tsc-2024-01-17:u0004:s00	70	Dawson	Dawson	PROPN	NNP	Number=Sing	69	flat	376	382
tsc-2024-01-17:u0004:s00	71	@mhdawson	@mhdawson	NOUN	NN	Number=Sing	69	flat	383	392
tsc-2024-01-17:u0004:s00	72	(	(	PUNCT	-LRB-	_	5	punct	393	394
tsc-2024-01-17:u0004:s00	73	voting	voting	NOUN	NN	Number=Sing	74	compound	394	400
tsc-2024-01-17:u0004:s00	74	member	member	NOUN	NN	Number=Sing	5	conj	401	407
tsc-2024-01-17:u0004:s00	75	)	)	PUNCT	-RRB-	_	74	punct	407	408
tsc-2024-01-17:u0004:s00	76	*	*	PUNCT	NFP	_	5	punct	409	410
tsc-2024-01-17:u0004:s00	77	Richard	Richard	PROPN	NNP	Number=Sing	5	conj	411	418
tsc-2024-01-17:u0004:s00	78	Lau	Lau	PROPN	NNP	Number=Sing	77	flat	419	422
tsc-2024-01-17:u0004:s00	79	@richardlau	@richardlau	NOUN	NN	Number=Sing	77	flat	423	434
tsc-2024-01-17:u0004:s00	80	(	(	PUNCT	-LRB-	_	5	punct	435	436
tsc-2024-01-17:u0004:s00	81	voting	voting	NOUN	NN	Number=Sing	82	compound	436	442
tsc-2024-01-17:u0004:s00	82	member	member	NOUN	NN	Number=Sing	5	conj	443	449
tsc-2024-01-17:u0004:s00	83	)	)	PUNCT	-RRB-	_	82	punct	449	450
tsc-2024-01-17:u0004:s00	84	*	*	PUNCT	NFP	_	5	punct	451	452
tsc-2024-01-17:u0004:s00	85	Ruy	Ruy	PROPN	NNP	Number=Sing	5	conj	453	456
tsc-2024-01-17:u0004:s00	86	Adorno	Adorno	PROPN	NNP	Number=Sing	85	flat	457	463
tsc-2024-01-17:u0004:s00	87	@ruyadorno	@ruyadorno	NOUN	NN	Number=Sing	85	flat	464	474
tsc-2024-01-17:u0004:s00	88	(	(	PUNCT	-LRB-	_	5	punct	475	476
tsc-2024-01-17:u0004:s00	89	voting	voting	NOUN	NN	Number=Sing	90	compound	476	482
tsc-2024-01-17:u0004:s00	90	member	member	NOUN	NN	Number=Sing	5	conj	483	489
tsc-2024-01-17:u0004:s00	91	)	)	PUNCT	-RRB-	_	90	punct	489	490
tsc-2024-01-17:u0004:s00	92	*	*	PUNCT	NFP	_	5	punct	491	492
tsc-2024-01-17:u0004:s00	93	Michaël	Michaël	PROPN	NNP	Number=Sing	95	compound	493	500
tsc-2024-01-17:u0004:s00	94	Zasso	Zasso	PROPN	NNP	Number=Sing	93	flat	501	506
tsc-2024-01-17:u0004:s00	95	@targos	@targo	NOUN	NNS	Number=Plur	5	conj	507	514
tsc-2024-01-17:u0004:s00	96	(	(	PUNCT	-LRB-	_	5	punct	515	516
tsc-2024-01-17:u0004:s00	97	voting	voting	NOUN	NN	Number=Sing	98	compound	516	522
tsc-2024-01-17:u0004:s00	98	member	member	NOUN	NN	Number=Sing	5	appos	523	529
tsc-2024-01-17:u0004:s00	99	)	)	PUNCT	-RRB-	_	98	punct	529	530
tsc-2024-01-17:u0004:s00	100	*	*	PUNCT	NFP	_	5	punct	531	532
tsc-2024-01-17:u0004:s00	101	Claudio	Claudio	PROPN	NNP	Number=Sing	5	conj	533	540
tsc-2024-01-17:u0004:s00	102	Wunder	Wunder	PROPN	NNP	Number=Sing	101	flat	541	547
tsc-2024-01-17:u0004:s00	103	(	(	PUNCT	-LRB-	_	104	punct	548	549
tsc-2024-01-17:u0004:s00	104	Guest	guest	PROPN	NNP	Number=Sing	5	parataxis	549	554
tsc-2024-01-17:u0004:s00	105	)	)	PUNCT	-RRB-	_	104	punct	554	555
tsc-2024-01-17:u0004:s00	106	*	*	PUNCT	NFP	_	5	punct	556	557
tsc-2024-01-17:u0004:s00	107	Steven	Steven	PROPN	NNP	Number=Sing	5	conj	558	564
tsc-2024-01-17:u0004:s00	108	@styfle	@styfle	PROPN	NNP	Number=Sing	107	flat	565	572
tsc-2024-01-17:u0004:s00	109	(	(	PUNCT	-LRB-	_	110	punct	573	574
tsc-2024-01-17:u0004:s00	110	Guest	guest	PROPN	NNP	Number=Sing	107	appos	574	579
tsc-2024-01-17:u0004:s00	111	)	)	PUNCT	-RRB-	_	110	punct	579	580
tsc-2024-01-17:u0004:s00	112	*	*	PUNCT	NFP	_	5	punct	581	582
tsc-2024-01-17:u0004:s00	113	Darcy	Darcy	PROPN	NNP	Number=Sing	5	conj	583	588
tsc-2024-01-17:u0004:s00	114	Clarke	Clarke	PROPN	NNP	Number=Sing	113	flat	589	595
tsc-2024-01-17:u0004:s00	115	@darcyclarke	@darcyclarke	PROPN	NNP	Number=Sing	113	flat	596	608
tsc-2024-01-17:u0004:s00	116	(	(	PUNCT	-LRB-	_	117	punct	609	610
tsc-2024-01-17:u0004:s00	117	Guest	guest	PROPN	NNP	Number=Sing	5	appos	610	615
tsc-2024-01-17:u0004:s00	118	)	)	PUNCT	-RRB-	_	117	punct	615	616
tsc-2024-01-17:u0004:s00	119	*	*	PUNCT	NFP	_	5	punct	617	618
tsc-2024-01-17:u0004:s00	120	Maël	Maël	PROPN	NNP	Number=Sing	122	compound	619	623
tsc-2024-01-17:u0004:s00	121	Nison	Nison	PROPN	NNP	Number=Sing	120	flat	624	629
tsc-2024-01-17:u0004:s00	122	@arcanis	@arcanis	PROPN	NNPS	Number=Plur	5	conj	630	638
tsc-2024-01-17:u0004:s01	1	(	(	PUNCT	-LRB-	_	2	punct	0	1
tsc-2024-01-17:u0004:s01	2	Guest	guest	PROPN	NNP	Number=Sing	0	root	1	6
tsc-2024-01-17:u0004:s01	3	)	)	PUNCT	-RRB-	_	2	punct	6	7
tsc-2024-01-17:u0005:s00	1	##	##	PUNCT	.	_	0	root	0	2
tsc-2024-01-17:u0005:s01	1	Agenda	agenda	PROPN	NNP	Number=Sing	0	root	0	6
tsc-2024-01-17:u0006:s00	1	###	###	SYM	NFP	_	0	root	0	3
tsc-2024-01-17:u0006:s01	1	Announcements	Announcement	NOUN	NNS	Number=Plur	0	root	0	13
tsc-2024-01-17:u0007:s00	1	*	*	PUNCT	NFP	_	0	root	0	1
tsc-2024-01-17:u0007:s01	1	No	no	DET	DT	_	2	det	0	2
tsc-2024-01-17:u0007:s01	2	announcements	announcement	NOUN	NNS	Number=Plur	0	root	3	16
tsc-2024-01-17:u0007:s01	3	this	this	DET	DT	Number=Sing|PronType=Dem	4	det	17	21
tsc-2024-01-17:u0007:s01	4	week	week	NOUN	NN	Number=Sing	2	nmod:tmod	22	26
tsc-2024-01-17:u0008:s00	1	###	###	SYM	NFP	_	6	punct	0	3
tsc-2024-01-17:u0008:s00	2	CPC	CPC	PROPN	NNP	Number=Sing	6	compound	4	7
tsc-2024-01-17:u0008:s00	3	and	and	CCONJ	CC	_	4	cc	8	11
tsc-2024-01-17:u0008:s00	4	Board	board	PROPN	NNP	Number=Sing	2	conj	12	17
tsc-2024-01-17:u0008:s00	5	Meeting	meeting	PROPN	NNP	Number=Sing	6	compound	18	25
tsc-2024-01-17:u0008:s00	6	Updates	updates	PROPN	NNP	Number=Sing	0	root	26	33
tsc-2024-01-17:u0009:s00	1	*	*	PUNCT	NFP	_	2	punct	0	1
tsc-2024-01-17:u0009:s00	2	Extracted	Extract	VERB	VBN	Tense=Past|VerbForm=Part	9	amod	1	10
tsc-2024-01-17:u0009:s00	3	from	from	ADP	IN	_	6	case	11	15
tsc-2024-01-17:u0009:s00	4	**tsc	**tsc	NOUN	NN	Number=Sing	6	compound	16	21
tsc-2024-01-17:u0009:s00	5	-	-	PUNCT	HYPH	_	6	punct	21	22
tsc-2024-01-17:u0009:s00	6	agenda	agenda	NOUN	NN	Number=Sing	2	obl	22	28
tsc-2024-01-17:u0009:s00	7	**	**	PUNCT	NFP	_	2	punct	28	30
tsc-2024-01-17:u0009:s00	8	labeled	label	VERB	VBN	Tense=Past|VerbForm=Part	9	amod	31	38
tsc-2024-01-17:u0009:s00	9	issues	issue	NOUN	NNS	Number=Plur	0	root	39	45
tsc-2024-01-17:u0009:s00	10	and	and	CCONJ	CC	_	12	cc	46	49
tsc-2024-01-17:u0009:s00	11	pull	pull	NOUN	NN	Number=Sing	12	compound	50	54
tsc-2024-01-17:u0009:s00	12	requests	request	NOUN	NNS	Number=Plur	9	conj	55	63
tsc-2024-01-17:u0009:s00	13	from	from	ADP	IN	_	16	case	64	68
tsc-2024-01-17:u0009:s00	14	the	the	DET	DT	Definite=Def|PronType=Art	16	det	69	72
tsc-2024-01-17:u0009:s00	15	**	**	PUNCT	NFP	_	16	punct	73	75
tsc-2024-01-17:u0009:s00	16	nodejs	nodej	NOUN	NNS	Number=Plur	12	nmod	75	81
tsc-2024-01-17:u0009:s00	17	org	org	ADJ	JJ	Degree=Pos	16	amod	82	85
tsc-2024-01-17:u0009:s00	18	**	**	PUNCT	NFP	_	9	punct	85	87
tsc-2024-01-17:u0009:s00	19	prior	prior	ADJ	JJ	Degree=Pos	22	case	88	93
tsc-2024-01-17:u0009:s00	20	to	to	ADP	IN	_	19	fixed	94	96
tsc-2024-01-17:u0009:s00	21	the	the	DET	DT	Definite=Def|PronType=Art	22	det	97	100
tsc-2024-01-17:u0009:s00	22	meeting	meeting	NOUN	NN	Number=Sing	9	nmod	101	108
tsc-2024-01-17:u0009:s00	23	.	.	PUNCT	.	_	9	punct	108	109
tsc-2024-01-17:u0010:s00	1	*	*	PUNCT	NFP	_	0	root	0	1
tsc-2024-01-17:u0010:s01	1	From	from	ADP	IN	_	2	case	0	4
tsc-2024-01-17:u0010:s01	2	Claudio	Claudio	PROPN	NNP	Number=Sing	0	root	5	12
tsc-2024-01-17:u0010:s01	3	*	*	PUNCT	NFP	_	2	punct	13	14
tsc-2024-01-17:u0010:s02	1	We	we	PRON	PRP	Case=Nom|Number=Plur|Person=1|PronType=Prs	3	nsubj	0	2
tsc-2024-01-17:u0010:s02	2	're	be	AUX	VBP	Mood=Ind|Tense=Pres|VerbForm=Fin	3	aux	2	5
tsc-2024-01-17:u0010:s02	3	closing	close	VERB	VBG	Tense=Pres|VerbForm=Part	0	root	6	13
tsc-2024-01-17:u0010:s02	4	in	in	ADP	IN	_	3	compound:prt	14	16
tsc-2024-01-17:u0010:s02	5	on	on	SCONJ	IN	_	6	mark	17	19
tsc-2024-01-17:u0010:s02	6	finishing	finish	VERB	VBG	VerbForm=Ger	3	advcl	20	29
tsc-2024-01-17:u0010:s02	7	the	the	DET	DT	Definite=Def|PronType=Art	10	det	30	33
tsc-2024-01-17:u0010:s02	8	Travel	travel	PROPN	NNP	Number=Sing	9	compound	34	40
tsc-2024-01-17:u0010:s02	9	Fund	fund	PROPN	NNP	Number=Sing	10	compound	41	45
tsc-2024-01-17:u0010:s02	10	Rework	Rework	PROPN	NNP	Number=Sing	6	obj	46	52
tsc-2024-01-17:u0010:s02	11	*	*	PUNCT	NFP	_	10	punct	53	54
tsc-2024-01-17:u0010:s02	12	Same	same	ADJ	JJ	Degree=Pos	3	amod	55	59
tsc-2024-01-17:u0010:s02	13	for	for	ADP	IN	_	16	case	60	63
tsc-2024-01-17:u0010:s02	14	the	the	DET	DT	Definite=Def|PronType=Art	16	det	64	67
tsc-2024-01-17:u0010:s02	15	CoC	CoC	PROPN	NNP	Number=Sing	16	compound	68	71
tsc-2024-01-17:u0010:s02	16	rework	rework	NOUN	NN	Number=Sing	12	obl	72	78
tsc-2024-01-17:u0010:s02	17	*	*	PUNCT	NFP	_	3	punct	79	80
tsc-2024-01-17:u0010:s02	18	We	we	PRON	PRP	Case=Nom|Number=Plur|Person=1|PronType=Prs	20	nsubj	81	83
tsc-2024-01-17:u0010:s02	19	're	be	AUX	VBP	Mood=Ind|Tense=Pres|VerbForm=Fin	20	aux	83	86
tsc-2024-01-17:u0010:s02	20	applying	apply	VERB	VBG	Tense=Pres|VerbForm=Part	3	parataxis	87	95
tsc-2024-01-17:u0010:s02	21	the	the	DET	DT	Definite=Def|PronType=Art	22	det	96	99
tsc-2024-01-17:u0010:s02	22	Foundation	foundation	NOUN	NN	Number=Sing	20	obj	100	110
tsc-2024-01-17:u0010:s02	23	(	(	PUNCT	-LRB-	_	20	punct	111	112
tsc-2024-01-17:u0010:s02	24	OpenJS	OpenJS	INTJ	UH	_	20	discourse	112	118
tsc-2024-01-17:u0010:s02	25	)	)	PUNCT	-RRB-	_	20	punct	118	119
tsc-2024-01-17:u0010:s02	26	to	to	ADP	IN	_	28	case	120	122
tsc-2024-01-17:u0010:s02	27	Google	Google	PROPN	NNP	Number=Sing	28	compound	123	129
tsc-2024-01-17:u0010:s02	28	Season	season	PROPN	NNP	Number=Sing	3	obl	130	136
tsc-2024-01-17:u0010:s02	29	of	of	ADP	IN	_	30	case	137	139
tsc-2024-01-17:u0010:s02	30	Docs	docs	PROPN	NNPS	Number=Plur	28	nmod	140	144
tsc-2024-01-17:u0010:s02	31	--	--	PUNCT	,	_	3	punct	145	147
tsc-2024-01-17:u0010:s02	32	to	to	PART	TO	_	33	mark	148	150
tsc-2024-01-17:u0010:s02	33	have	have	VERB	VB	VerbForm=Inf	3	advcl	151	155
tsc-2024-01-17:u0010:s02	34	Node.js	Node.js	PROPN	NNP	Number=Sing	33	obj	156	163
tsc-2024-01-17:u0010:s02	35	as	as	ADP	IN	_	38	case	164	166
tsc-2024-01-17:u0010:s02	36	a	a	DET	DT	Definite=Ind|PronType=Art	38	det	167	168
tsc-2024-01-17:u0010:s02	37	participating	participating	NOUN	NN	Number=Sing	38	compound	169	182
tsc-2024-01-17:u0010:s02	38	project	project	NOUN	NN	Number=Sing	33	obl	183	190
tsc-2024-01-17:u0010:s02	39	.	.	PUNCT	.	_	3	punct	190	191
tsc-2024-01-17:u0011:s00	1	###	###	SYM	NFP	_	0	root	0	3
tsc-2024-01-17:u0011:s00	2	nodejs	nodej	NOUN	NNS	Number=Plur	1	compound	4	10
tsc-2024-01-17:u0011:s00	3	/	/	PUNCT	,	_	4	cc	10	11
tsc-2024-01-17:u0011:s00	4	node	node	NOUN	NN	Number=Sing	2	conj	11	15
tsc-2024-01-17:u0012:s00	1	*	*	PUNCT	NFP	_	3	punct	0	1
tsc-2024-01-17:u0012:s00	2	enable	enable	ADJ	JJ	Degree=Pos	3	amod	2	8
tsc-2024-01-17:u0012:s00	3	corepack	corepack	NOUN	NN	Number=Sing	16	nsubj	9	17
tsc-2024-01-17:u0012:s00	4	by	by	ADP	IN	_	5	case	18	20
tsc-2024-01-17:u0012:s00	5	default	default	NOUN	NN	Number=Sing	3	nmod	21	28
tsc-2024-01-17:u0012:s00	6	[	[	PUNCT	-LRB-	_	3	punct	29	30
tsc-2024-01-17:u0012:s00	7	#50963	#50963	NUM	CD	NumType=Card	9	appos	30	36
tsc-2024-01-17:u0012:s00	8	]	]	PUNCT	-RRB-	_	7	punct	36	37
tsc-2024-01-17:u0012:s00	9	(	(	PUNCT	-LRB-	_	3	punct	37	38
tsc-2024-01-17:u0012:s00	10	https://github.com/nodejs/node/issues/50963	https://github.com/nodejs/node/issues/50963	X	LS	_	3	appos	38	81
tsc-2024-01-17:u0012:s00	11	)	)	PUNCT	-RRB-	_	3	punct	81	82
tsc-2024-01-17:u0012:s00	12	*	*	PUNCT	NFP	_	15	punct	83	84
tsc-2024-01-17:u0012:s00	13	Antoine	Antoine	NOUN	NN	Number=Sing	15	compound	85	92
tsc-2024-01-17:u0012:s00	14	-	-	PUNCT	HYPH	_	15	punct	93	94
tsc-2024-01-17:u0012:s00	15	issue	issue	NOUN	NN	Number=Sing	3	appos	95	100
tsc-2024-01-17:u0012:s00	16	opened	open	VERB	VBD	Mood=Ind|Tense=Past|VerbForm=Fin	0	root	101	107
tsc-2024-01-17:u0012:s00	17	last	last	ADJ	JJ	Degree=Pos	18	amod	108	112
tsc-2024-01-17:u0012:s00	18	month	month	NOUN	NN	Number=Sing	16	obl:tmod	113	118
tsc-2024-01-17:u0012:s00	19	,	,	PUNCT	,	_	16	punct	118	119
tsc-2024-01-17:u0012:s00	20	asking	ask	VERB	VBG	VerbForm=Ger	16	advcl	120	126
tsc-2024-01-17:u0012:s00	21	if	if	SCONJ	IN	_	24	mark	127	129
tsc-2024-01-17:u0012:s00	22	we	we	PRON	PRP	Case=Nom|Number=Plur|Person=1|PronType=Prs	24	nsubj	130	132
tsc-2024-01-17:u0012:s00	23	can	can	AUX	MD	VerbForm=Fin	24	aux	133	136
tsc-2024-01-17:u0012:s00	24	enable	enable	VERB	VB	VerbForm=Inf	20	advcl	137	143
tsc-2024-01-17:u0012:s00	25	by	by	ADP	IN	_	26	case	144	146
tsc-2024-01-17:u0012:s00	26	default	default	NOUN	NN	Number=Sing	24	obl	147	154
tsc-2024-01-17:u0012:s00	27	.	.	PUNCT	.	_	16	punct	154	155
tsc-2024-01-17:u0012:s01	1	Quite	quite	DET	PDT	_	4	det:predet	0	5
tsc-2024-01-17:u0012:s01	2	a	a	DET	DT	Definite=Ind|PronType=Art	4	det	6	7
tsc-2024-01-17:u0012:s01	3	few	few	ADJ	JJ	Degree=Pos	4	amod	8	11
tsc-2024-01-17:u0012:s01	4	discussions	discussion	NOUN	NNS	Number=Plur	0	root	12	23
tsc-2024-01-17:u0012:s01	5	that	that	PRON	WDT	PronType=Rel	7	nsubj	24	28
tsc-2024-01-17:u0012:s01	6	have	have	AUX	VBP	Mood=Ind|Tense=Pres|VerbForm=Fin	7	aux	29	33
tsc-2024-01-17:u0012:s01	7	come	come	VERB	VBN	Tense=Past|VerbForm=Part	4	acl:relcl	34	38
tsc-2024-01-17:u0012:s01	8	from	from	ADP	IN	_	9	case	39	43
tsc-2024-01-17:u0012:s01	9	that	that	PRON	DT	Number=Sing|PronType=Dem	7	obl	44	48
tsc-2024-01-17:u0012:s01	10	,	,	PUNCT	,	_	7	punct	48	49
tsc-2024-01-17:u0012:s01	11	one	one	NUM	CD	NumType=Card	14	nsubj	50	53
tsc-2024-01-17:u0012:s01	12	being	be	AUX	VBG	VerbForm=Ger	14	cop	54	59
tsc-2024-01-17:u0012:s01	13	the	the	DET	DT	Definite=Def|PronType=Art	14	det	60	63
tsc-2024-01-17:u0012:s01	14	integration	integration	NOUN	NN	Number=Sing	7	parataxis	64	75
tsc-2024-01-17:u0012:s01	15	of	of	ADP	IN	_	16	case	76	78
tsc-2024-01-17:u0012:s01	16	npm	npm	NOUN	NN	Number=Sing	14	nmod	79	82
tsc-2024-01-17:u0012:s01	17	.	.	PUNCT	.	_	4	punct	82	83
tsc-2024-01-17:u0012:s01	18	*	*	PUNCT	NFP	_	4	punct	84	85
tsc-2024-01-17:u0012:s01	19	Darcy	Darcy	NOUN	NN	Number=Sing	4	appos	86	91
tsc-2024-01-17:u0012:s01	20	-	-	PUNCT	HYPH	_	4	punct	92	93
tsc-2024-01-17:u0012:s01	21	<	<	PUNCT	-LRB-	_	22	punct	94	95
tsc-2024-01-17:u0012:s01	22	https://github.com/nodejs/node/pull/35398	https://github.com/nodejs/node/pull/35398	NUM	CD	NumType=Card	4	appos	95	136
tsc-2024-01-17:u0012:s01	23	#issuecomment-700314358	#issuecomment-700314358	NUM	CD	NumType=Card	22	appos	136	159
tsc-2024-01-17:u0012:s01	24	>	>	PUNCT	-RRB-	_	23	punct	159	160
tsc-2024-01-17:u0012:s02	1	included	include	VERB	VBD	Mood=Ind|Tense=Past|VerbForm=Fin	0	root	0	8
tsc-2024-01-17:u0012:s02	2	a	a	DET	DT	Definite=Ind|PronType=Art	3	det	9	10
tsc-2024-01-17:u0012:s02	3	number	number	NOUN	NN	Number=Sing	1	obj	11	17
tsc-2024-01-17:u0012:s02	4	of	of	ADP	IN	_	5	case	18	20
tsc-2024-01-17:u0012:s02	5	questions	question	NOUN	NNS	Number=Plur	3	nmod	21	30
tsc-2024-01-17:u0012:s02	6	that	that	PRON	WDT	PronType=Rel	9	nsubj:pass	31	35
tsc-2024-01-17:u0012:s02	7	would	would	AUX	MD	VerbForm=Fin	9	aux	36	41
tsc-2024-01-17:u0012:s02	8	be	be	AUX	VB	VerbForm=Inf	9	aux:pass	42	44
tsc-2024-01-17:u0012:s02	9	answered	answer	VERB	VBN	Tense=Past|VerbForm=Part|Voice=Pass	3	acl:relcl	45	53
tsc-2024-01-17:u0012:s02	10	before	before	SCONJ	IN	_	13	mark	54	60
tsc-2024-01-17:u0012:s02	11	we	we	PRON	PRP	Case=Nom|Number=Plur|Person=1|PronType=Prs	13	nsubj	61	63
tsc-2024-01-17:u0012:s02	12	would	would	AUX	MD	VerbForm=Fin	13	aux	64	69
tsc-2024-01-17:u0012:s02	13	unflag	unflag	ADV	RB	_	9	advcl	70	76
tsc-2024-01-17:u0012:s02	14	.	.	PUNCT	.	_	1	punct	76	77
tsc-2024-01-17:u0012:s03	1	Would	would	AUX	MD	VerbForm=Fin	2	aux	0	5
tsc-2024-01-17:u0012:s03	2	consider	consider	VERB	VB	VerbForm=Inf	0	root	6	14
tsc-2024-01-17:u0012:s03	3	that	that	SCONJ	IN	_	5	mark	15	19
tsc-2024-01-17:u0012:s03	4	a	a	DET	DT	Definite=Ind|PronType=Art	5	det	20	21
tsc-2024-01-17:u0012:s03	5	blocker	blocker	NOUN	NN	Number=Sing	2	obj	22	29
tsc-2024-01-17:u0012:s03	6	to	to	PART	TO	_	7	mark	30	32
tsc-2024-01-17:u0012:s03	7	unflagging	unflagge	VERB	VB	VerbForm=Inf	5	acl	33	43
tsc-2024-01-17:u0012:s03	8	.	.	PUNCT	.	_	2	punct	43	44
tsc-2024-01-17:u0012:s03	9	*	*	PUNCT	NFP	_	2	punct	45	46
tsc-2024-01-17:u0012:s03	10	Mael	Mael	NOUN	NN	Number=Sing	2	obj	47	51
tsc-2024-01-17:u0012:s03	11	-	-	PUNCT	,	_	2	punct	52	53
tsc-2024-01-17:u0012:s03	12	as	as	SCONJ	IN	_	20	mark	54	56
tsc-2024-01-17:u0012:s03	13	package	package	NOUN	NN	Number=Sing	14	compound	57	64
tsc-2024-01-17:u0012:s03	14	manager	manager	NOUN	NN	Number=Sing	20	advcl	65	72
tsc-2024-01-17:u0012:s03	15	for	for	ADP	IN	_	16	case	73	76
tsc-2024-01-17:u0012:s03	16	yarn	yarn	NOUN	NN	Number=Sing	14	nmod	77	81
tsc-2024-01-17:u0012:s03	17	,	,	PUNCT	,	_	20	punct	81	82
tsc-2024-01-17:u0012:s03	18	has	have	AUX	VBZ	Mood=Ind|Number=Sing|Person=3|Tense=Pres|VerbForm=Fin	20	aux	83	86
tsc-2024-01-17:u0012:s03	19	definitely	definitely	ADV	RB	_	20	advmod	87	97
tsc-2024-01-17:u0012:s03	20	solved	solve	VERB	VBN	Tense=Past|VerbForm=Part	2	advcl	98	104
tsc-2024-01-17:u0012:s03	21	the	the	DET	DT	Definite=Def|PronType=Art	22	det	105	108
tsc-2024-01-17:u0012:s03	22	problem	problem	NOUN	NN	Number=Sing	20	obj	109	116
tsc-2024-01-17:u0012:s03	23	they	they	PRON	PRP	Case=Nom|Number=Plur|Person=3|PronType=Prs	24	nsubj	117	121
tsc-2024-01-17:u0012:s03	24	had	have	VERB	VBD	Mood=Ind|Tense=Past|VerbForm=Fin	22	acl:relcl	122	125
tsc-2024-01-17:u0012:s03	25	before	before	ADV	RB	_	24	advmod	126	132
tsc-2024-01-17:u0012:s03	26	in	in	ADP	IN	_	27	case	133	135
tsc-2024-01-17:u0012:s03	27	terms	term	NOUN	NNS	Number=Plur	24	obl	136	141
tsc-2024-01-17:u0012:s03	28	of	of	SCONJ	IN	_	29	mark	142	144
tsc-2024-01-17:u0012:s03	29	using	use	VERB	VBG	VerbForm=Ger	27	acl	145	150
tsc-2024-01-17:u0012:s03	30	the	the	DET	DT	Definite=Def|PronType=Art	32	det	151	154
tsc-2024-01-17:u0012:s03	31	package	package	NOUN	NN	Number=Sing	32	compound	155	162
tsc-2024-01-17:u0012:s03	32	manager	manager	NOUN	NN	Number=Sing	29	obj	163	170
tsc-2024-01-17:u0012:s03	33	that	that	PRON	WDT	PronType=Rel	34	nsubj	171	175
tsc-2024-01-17:u0012:s03	34	they	they	PRON	PRP	Case=Nom|Number=Plur|Person=3|PronType=Prs	32	acl:relcl	176	180
tsc-2024-01-17:u0012:s03	35	.	.	PUNCT	.	_	2	punct	180	181
tsc-2024-01-17:u0012:s04	1	*	*	PUNCT	NFP	_	0	root	0	1
tsc-2024-01-17:u0012:s05	1	Michael	Michael	PROPN	NNP	Number=Sing	6	nsubj	0	7
tsc-2024-01-17:u0012:s05	2	,	,	PUNCT	,	_	1	punct	7	8
tsc-2024-01-17:u0012:s05	3	one	one	NUM	CD	NumType=Card	4	nummod	9	12
tsc-2024-01-17:u0012:s05	4	option	option	NOUN	NN	Number=Sing	1	appos	13	19
tsc-2024-01-17:u0012:s05	5	not	not	ADV	RB	_	6	advmod	20	23
tsc-2024-01-17:u0012:s05	6	discussed	discuss	VERB	VBD	Mood=Ind|Tense=Past|VerbForm=Fin	0	root	24	33
tsc-2024-01-17:u0012:s05	7	too	too	ADV	RB	_	8	advmod	34	37
tsc-2024-01-17:u0012:s05	8	much	much	ADJ	JJ	Degree=Pos	11	amod	38	42
tsc-2024-01-17:u0012:s05	9	,	,	PUNCT	,	_	11	punct	42	43
tsc-2024-01-17:u0012:s05	10	mark	mark	ADJ	JJ	Degree=Pos	11	amod	44	48
tsc-2024-01-17:u0012:s05	11	stable	stable	NOUN	NN	Number=Sing	6	obj	49	55
tsc-2024-01-17:u0012:s05	12	but	but	CCONJ	CC	_	14	cc	56	59
tsc-2024-01-17:u0012:s05	13	still	still	ADV	RB	_	14	advmod	60	65
tsc-2024-01-17:u0012:s05	14	require	require	VERB	VBP	Mood=Ind|Tense=Pres|VerbForm=Fin	6	conj	66	73
tsc-2024-01-17:u0012:s05	15	corepack	corepack	NOUN	NN	Number=Sing	16	compound	74	82
tsc-2024-01-17:u0012:s05	16	enable	enable	NOUN	NN	Number=Sing	14	obj	83	89
tsc-2024-01-17:u0012:s05	17	,	,	PUNCT	,	_	22	punct	89	90
tsc-2024-01-17:u0012:s05	18	*	*	PUNCT	NFP	_	22	punct	91	92
tsc-2024-01-17:u0012:s05	19	Mael	Mael	NOUN	NN	Number=Sing	22	nsubj	93	97
tsc-2024-01-17:u0012:s05	20	might	might	AUX	MD	VerbForm=Fin	22	aux	98	103
tsc-2024-01-17:u0012:s05	21	be	be	AUX	VB	VerbForm=Inf	22	cop	104	106
tsc-2024-01-17:u0012:s05	22	ok	ok	ADJ	JJ	Degree=Pos	6	conj	107	109
tsc-2024-01-17:u0012:s05	23	,	,	PUNCT	,	_	28	punct	109	110
tsc-2024-01-17:u0012:s05	24	but	but	CCONJ	CC	_	28	cc	111	114
tsc-2024-01-17:u0012:s05	25	what	what	PRON	WP	PronType=Int	28	nsubj	115	119
tsc-2024-01-17:u0012:s05	26	is	be	AUX	VBZ	Mood=Ind|Number=Sing|Person=3|Tense=Pres|VerbForm=Fin	28	cop	120	122
tsc-2024-01-17:u0012:s05	27	the	the	DET	DT	Definite=Def|PronType=Art	28	det	123	126
tsc-2024-01-17:u0012:s05	28	point	point	NOUN	NN	Number=Sing	6	conj	127	132
tsc-2024-01-17:u0012:s05	29	of	of	SCONJ	IN	_	30	mark	133	135
tsc-2024-01-17:u0012:s05	30	forcing	force	VERB	VBG	VerbForm=Ger	28	acl	136	143
tsc-2024-01-17:u0012:s05	31	the	the	DET	DT	Definite=Def|PronType=Art	35	det	144	147
tsc-2024-01-17:u0012:s05	32	extra	extra	ADJ	JJ	Degree=Pos	33	amod	148	153
tsc-2024-01-17:u0012:s05	33	command	command	NOUN	NN	Number=Sing	35	compound	154	161
tsc-2024-01-17:u0012:s05	34	*	*	PUNCT	NFP	_	35	punct	162	163
tsc-2024-01-17:u0012:s05	35	Michael	Michael	PROPN	NNP	Number=Sing	30	obj	164	171
tsc-2024-01-17:u0012:s05	36	to	to	PART	TO	_	37	mark	172	174
tsc-2024-01-17:u0012:s05	37	try	try	VERB	VB	VerbForm=Inf	30	xcomp	175	178
tsc-2024-01-17:u0012:s05	38	to	to	PART	TO	_	39	mark	179	181
tsc-2024-01-17:u0012:s05	39	make	make	VERB	VB	VerbForm=Inf	37	xcomp	182	186
tsc-2024-01-17:u0012:s05	40	sure	sure	ADJ	JJ	Degree=Pos	39	xcomp	187	191
tsc-2024-01-17:u0012:s05	41	they	they	PRON	PRP	Case=Nom|Number=Plur|Person=3|PronType=Prs	42	nsubj	192	196
tsc-2024-01-17:u0012:s05	42	know	know	VERB	VBP	Mood=Ind|Tense=Pres|VerbForm=Fin	40	ccomp	197	201
tsc-2024-01-17:u0012:s05	43	they	they	PRON	PRP	Case=Nom|Number=Plur|Person=3|PronType=Prs	45	nsubj	202	206
tsc-2024-01-17:u0012:s05	44	are	be	AUX	VBP	Mood=Ind|Tense=Pres|VerbForm=Fin	45	cop	207	210
tsc-2024-01-17:u0012:s05	45	enable	enable	ADJ	JJ	Degree=Pos	42	ccomp	211	217
tsc-2024-01-17:u0012:s05	46	auto	auto	PART	TO	_	47	mark	218	222
tsc-2024-01-17:u0012:s05	47	install	install	VERB	VB	VerbForm=Inf	45	xcomp	223	230
tsc-2024-01-17:u0012:s05	48	of	of	ADP	IN	_	49	case	231	233
tsc-2024-01-17:u0012:s05	49	software	software	NOUN	NN	Number=Sing	55	compound	234	242
tsc-2024-01-17:u0012:s05	50	for	for	ADP	IN	_	51	case	243	246
tsc-2024-01-17:u0012:s05	51	them	they	PRON	PRP	Case=Acc|Number=Plur|Person=3|PronType=Prs	49	nmod	247	251
tsc-2024-01-17:u0012:s05	52	*	*	PUNCT	NFP	_	49	punct	252	253
tsc-2024-01-17:u0012:s05	53	Darcy	Darcy	NOUN	NN	Number=Sing	55	compound	254	259
tsc-2024-01-17:u0012:s05	54	-	-	PUNCT	HYPH	_	55	punct	260	261
tsc-2024-01-17:u0012:s05	55	link	link	NOUN	NN	Number=Sing	47	obj	262	266
tsc-2024-01-17:u0012:s05	56	that	that	PRON	WDT	PronType=Rel	57	nsubj	267	271
tsc-2024-01-17:u0012:s05	57	shows	show	VERB	VBZ	Mood=Ind|Number=Sing|Person=3|Tense=Pres|VerbForm=Fin	55	acl:relcl	272	277
tsc-2024-01-17:u0012:s05	58	registry	registry	NOUN	NN	Number=Sing	59	compound	278	286
tsc-2024-01-17:u0012:s05	59	traffic	traffic	NOUN	NN	Number=Sing	57	obj	287	294
tsc-2024-01-17:u0012:s05	60	*	*	PUNCT	NFP	_	47	punct	295	296
tsc-2024-01-17:u0012:s05	61	Sharing	share	VERB	VBG	VerbForm=Ger	47	acl	297	304
tsc-2024-01-17:u0012:s05	62	some	some	DET	DT	_	63	det	305	309
tsc-2024-01-17:u0012:s05	63	data	data	NOUN	NN	Number=Sing	61	obj	310	314
tsc-2024-01-17:u0012:s05	64	sourced	source	VERB	VBN	Tense=Past|VerbForm=Part	63	acl	315	322
tsc-2024-01-17:u0012:s05	65	from	from	ADP	IN	_	70	case	323	327
tsc-2024-01-17:u0012:s05	66	the	the	DET	DT	Definite=Def|PronType=Art	70	det	328	331
tsc-2024-01-17:u0012:s05	67	public	public	ADJ	JJ	Degree=Pos	70	amod	332	338
tsc-2024-01-17:u0012:s05	68	npm	npm	NOUN	NN	Number=Sing	69	compound	339	342
tsc-2024-01-17:u0012:s05	69	team	team	NOUN	NN	Number=Sing	70	compound	343	347
tsc-2024-01-17:u0012:s05	70	statements	statements	NOUN	NNS	Number=Plur	64	obl	348	358
tsc-2024-01-17:u0012:s05	71	:	:	PUNCT	:	_	70	punct	358	359
tsc-2024-01-17:u0012:s05	72	<	<	PUNCT	-LRB-	_	73	punct	360	361
tsc-2024-01-17:u0012:s05	73	https://github-production-user-asset-6210df.s3.amazonaws.com/459713/297423226-1d18f2dc-1deb-457b-8a14-5f512921f8cc.png	https://github-production-user-asset-6210df.s3.amazonaws.com/459713/297423226-1d18f2dc-1deb-457b-8a14-5f512921f8cc.png	X	ADD	_	70	appos	361	479
tsc-2024-01-17:u0012:s05	74	>	>	PUNCT	-RRB-	_	73	punct	479	480
tsc-2024-01-17:u0012:s05	75	*	*	PUNCT	NFP	_	73	punct	481	482
tsc-2024-01-17:u0012:s05	76	there	there	PRON	EX	_	77	expl	483	488
tsc-2024-01-17:u0012:s05	77	was	be	VERB	VBD	Mood=Ind|Number=Sing|Person=3|Tense=Past|VerbForm=Fin	70	acl:relcl	489	492
tsc-2024-01-17:u0012:s05	78	almost	almost	ADV	RB	_	80	advmod	493	499
tsc-2024-01-17:u0012:s05	79	a	a	DET	DT	Definite=Ind|PronType=Art	80	det	500	501
tsc-2024-01-17:u0012:s05	80	50	50	NUM	CD	NumType=Card	83	nsubj	502	504
tsc-2024-01-17:u0012:s05	81	/	/	SYM	SYM	_	82	case	504	505
tsc-2024-01-17:u0012:s05	82	50	50	NUM	CD	NumType=Card	80	nmod	505	507
tsc-2024-01-17:u0012:s05	83	split	split	VERB	VBD	Mood=Ind|Tense=Past|VerbForm=Fin	77	ccomp	508	513
tsc-2024-01-17:u0012:s05	84	at	at	ADP	IN	_	86	case	514	516
tsc-2024-01-17:u0012:s05	85	one	one	NUM	CD	NumType=Card	86	nummod	517	520
tsc-2024-01-17:u0012:s05	86	point	point	NOUN	NN	Number=Sing	118	obl	521	526
tsc-2024-01-17:u0012:s05	87	,	,	PUNCT	,	_	86	punct	526	527
tsc-2024-01-17:u0012:s05	88	which	which	PRON	WDT	PronType=Rel	89	nsubj	528	533
tsc-2024-01-17:u0012:s05	89	shows	show	VERB	VBZ	Mood=Ind|Number=Sing|Person=3|Tense=Pres|VerbForm=Fin	118	acl:relcl	534	539
tsc-2024-01-17:u0012:s05	90	that	that	SCONJ	IN	_	104	mark	540	544
tsc-2024-01-17:u0012:s05	91	blockers	blocker	NOUN	NNS	Number=Plur	104	nsubj	545	553
tsc-2024-01-17:u0012:s05	92	of	of	ADP	IN	_	93	case	554	556
tsc-2024-01-17:u0012:s05	93	consumption	consumption	NOUN	NN	Number=Sing	91	nmod	557	568
tsc-2024-01-17:u0012:s05	94	might	might	AUX	MD	VerbForm=Fin	98	aux	569	574
tsc-2024-01-17:u0012:s05	95	not	not	PART	RB	_	98	advmod	575	578
tsc-2024-01-17:u0012:s05	96	have	have	AUX	VB	VerbForm=Inf	98	aux	579	583
tsc-2024-01-17:u0012:s05	97	been	be	AUX	VBN	Tense=Past|VerbForm=Part	98	cop	584	588
tsc-2024-01-17:u0012:s05	98	there	there	ADV	RB	PronType=Dem	91	advmod	589	594
tsc-2024-01-17:u0012:s05	99	original	original	ADJ	JJ	Degree=Pos	98	amod	595	603
tsc-2024-01-17:u0012:s05	100	*	*	PUNCT	NFP	_	98	punct	604	605
tsc-2024-01-17:u0012:s05	101	Steven	Steven	NOUN	NN	Number=Sing	103	compound	606	612
tsc-2024-01-17:u0012:s05	102	-	-	PUNCT	HYPH	_	103	punct	613	614
tsc-2024-01-17:u0012:s05	103	data	data	NOUN	NN	Number=Sing	98	nsubj	615	619
tsc-2024-01-17:u0012:s05	104	shows	show	VERB	VBZ	Mood=Ind|Number=Sing|Person=3|Tense=Pres|VerbForm=Fin	89	ccomp	620	625
tsc-2024-01-17:u0012:s05	105	us	we	PRON	PRP	Case=Acc|Number=Plur|Person=1|PronType=Prs	104	obj	626	628
tsc-2024-01-17:u0012:s05	106	that	that	SCONJ	IN	_	109	mark	629	633
tsc-2024-01-17:u0012:s05	107	people	people	NOUN	NNS	Number=Plur	109	nsubj	634	640
tsc-2024-01-17:u0012:s05	108	are	be	AUX	VBP	Mood=Ind|Tense=Pres|VerbForm=Fin	109	aux	641	644
tsc-2024-01-17:u0012:s05	109	using	use	VERB	VBG	Tense=Pres|VerbForm=Part	104	ccomp	645	650
tsc-2024-01-17:u0012:s05	110	different	different	ADJ	JJ	Degree=Pos	112	amod	651	660
tsc-2024-01-17:u0012:s05	111	package	package	NOUN	NN	Number=Sing	112	compound	661	668
tsc-2024-01-17:u0012:s05	112	managers	manager	NOUN	NNS	Number=Plur	109	obj	669	677
tsc-2024-01-17:u0012:s05	113	,	,	PUNCT	,	_	118	punct	677	678
tsc-2024-01-17:u0012:s05	114	the	the	DET	DT	Definite=Def|PronType=Art	115	det	679	682
tsc-2024-01-17:u0012:s05	115	problem	problem	NOUN	NN	Number=Sing	118	nsubj	683	690
tsc-2024-01-17:u0012:s05	116	was	be	AUX	VBD	Mood=Ind|Number=Sing|Person=3|Tense=Past|VerbForm=Fin	118	cop	691	694
tsc-2024-01-17:u0012:s05	117	not	not	PART	RB	_	118	advmod	695	698
tsc-2024-01-17:u0012:s05	118	that	that	PRON	DT	Number=Sing|PronType=Dem	83	obj	699	703
tsc-2024-01-17:u0012:s05	119	.	.	PUNCT	.	_	6	punct	703	704
tsc-2024-01-17:u0012:s06	1	The	the	DET	DT	Definite=Def|PronType=Art	2	det	0	3
tsc-2024-01-17:u0012:s06	2	problem	problem	NOUN	NN	Number=Sing	8	nsubj	4	11
tsc-2024-01-17:u0012:s06	3	that	that	PRON	WDT	PronType=Rel	6	obj	12	16
tsc-2024-01-17:u0012:s06	4	corepack	corepack	NOUN	NN	Number=Sing	6	nsubj	17	25
tsc-2024-01-17:u0012:s06	5	is	be	AUX	VBZ	Mood=Ind|Number=Sing|Person=3|Tense=Pres|VerbForm=Fin	6	cop	26	28
tsc-2024-01-17:u0012:s06	6	solving	solving	NOUN	NN	Number=Sing	2	acl:relcl	29	36
tsc-2024-01-17:u0012:s06	7	is	be	AUX	VBZ	Mood=Ind|Number=Sing|Person=3|Tense=Pres|VerbForm=Fin	8	aux	37	39
tsc-2024-01-17:u0012:s06	8	helping	help	VERB	VBG	Tense=Pres|VerbForm=Part	0	root	40	47
tsc-2024-01-17:u0012:s06	9	a	a	DET	DT	Definite=Ind|PronType=Art	11	det	48	49
tsc-2024-01-17:u0012:s06	10	new	new	ADJ	JJ	Degree=Pos	11	amod	50	53
tsc-2024-01-17:u0012:s06	11	user	user	NOUN	NN	Number=Sing	8	obj	54	58
tsc-2024-01-17:u0012:s06	12	get	get	VERB	VB	VerbForm=Inf	8	xcomp	59	62
tsc-2024-01-17:u0012:s06	13	up	up	ADV	RB	_	12	advmod	63	65
tsc-2024-01-17:u0012:s06	14	and	and	CCONJ	CC	_	15	cc	66	69
tsc-2024-01-17:u0012:s06	15	running	run	VERB	VBG	VerbForm=Ger	12	conj	70	77
tsc-2024-01-17:u0012:s06	16	Faster	faster	PROPN	NNP	Number=Sing	15	obj	78	84
tsc-2024-01-17:u0012:s06	17	.	.	PUNCT	.	_	8	punct	84	85
tsc-2024-01-17:u0012:s06	18	*	*	PUNCT	NFP	_	8	punct	86	87
tsc-2024-01-17:u0012:s06	19	Steven	Steven	PROPN	NNP	Number=Sing	8	obj	88	94
tsc-2024-01-17:u0012:s06	20	to	to	PART	TO	_	21	mark	95	97
tsc-2024-01-17:u0012:s06	21	answer	answer	VERB	VB	VerbForm=Inf	8	xcomp	98	104
tsc-2024-01-17:u0012:s06	22	the	the	DET	DT	Definite=Def|PronType=Art	23	det	105	108
tsc-2024-01-17:u0012:s06	23	question	question	NOUN	NN	Number=Sing	21	obj	109	117
tsc-2024-01-17:u0012:s06	24	about	about	ADP	IN	_	25	case	118	123
tsc-2024-01-17:u0012:s06	25	corepack	corepack	NOUN	NN	Number=Sing	23	nmod	124	132
tsc-2024-01-17:u0012:s06	26	by	by	ADP	IN	_	27	case	133	135
tsc-2024-01-17:u0012:s06	27	default	default	NOUN	NN	Number=Sing	25	nmod	136	143
tsc-2024-01-17:u0012:s06	28	.	.	PUNCT	.	_	8	punct	143	144
tsc-2024-01-17:u0012:s07	1	Seems	seem	VERB	VBZ	Mood=Ind|Number=Sing|Person=3|Tense=Pres|VerbForm=Fin	0	root	0	5
tsc-2024-01-17:u0012:s07	2	like	like	SCONJ	IN	_	6	mark	6	10
tsc-2024-01-17:u0012:s07	3	it	it	PRON	PRP	Case=Nom|Gender=Neut|Number=Sing|Person=3|PronType=Prs	6	nsubj	11	13
tsc-2024-01-17:u0012:s07	4	should	should	AUX	MD	VerbForm=Fin	6	aux	14	20
tsc-2024-01-17:u0012:s07	5	be	be	AUX	VB	VerbForm=Inf	6	cop	21	23
tsc-2024-01-17:u0012:s07	6	easy	easy	ADJ	JJ	Degree=Pos	1	advcl	24	28
tsc-2024-01-17:u0012:s07	7	.	.	PUNCT	.	_	1	punct	28	29
tsc-2024-01-17:u0012:s08	1	Because	because	SCONJ	IN	_	5	mark	0	7
tsc-2024-01-17:u0012:s08	2	it	it	PRON	PRP	Case=Nom|Gender=Neut|Number=Sing|Person=3|PronType=Prs	5	nsubj	8	10
tsc-2024-01-17:u0012:s08	3	’s	be	AUX	VBZ	Mood=Ind|Number=Sing|Person=3|Tense=Pres|VerbForm=Fin	5	aux	10	12
tsc-2024-01-17:u0012:s08	4	not	not	PART	RB	_	5	advmod	13	16
tsc-2024-01-17:u0012:s08	5	enable	enable	VERB	VB	VerbForm=Inf	11	csubj	17	23
tsc-2024-01-17:u0012:s08	6	by	by	ADP	IN	_	8	case	24	26
tsc-2024-01-17:u0012:s08	7	default	default	NOUN	NN	Number=Sing	8	compound	27	34
tsc-2024-01-17:u0012:s08	8	Vercel	Vercel	NOUN	NN	Number=Sing	5	obl	35	41
tsc-2024-01-17:u0012:s08	9	does	do	AUX	VBZ	Mood=Ind|Number=Sing|Person=3|Tense=Pres|VerbForm=Fin	11	aux	42	46
tsc-2024-01-17:u0012:s08	10	not	not	PART	RB	_	11	advmod	47	50
tsc-2024-01-17:u0012:s08	11	have	have	VERB	VB	VerbForm=Inf	0	root	51	55
tsc-2024-01-17:u0012:s08	12	it	it	PRON	PRP	Case=Acc|Gender=Neut|Number=Sing|Person=3|PronType=Prs	11	obj	56	58
tsc-2024-01-17:u0012:s08	13	enabled	enable	VERB	VBN	Tense=Past|VerbForm=Part	11	xcomp	59	66
tsc-2024-01-17:u0012:s08	14	by	by	ADP	IN	_	15	case	67	69
tsc-2024-01-17:u0012:s08	15	default	default	NOUN	NN	Number=Sing	11	obl	70	77
tsc-2024-01-17:u0012:s08	16	*	*	PUNCT	NFP	_	11	punct	78	79
tsc-2024-01-17:u0012:s08	17	the	the	DET	DT	Definite=Def|PronType=Art	18	det	80	83
tsc-2024-01-17:u0012:s08	18	official	official	NOUN	NN	Number=Sing	11	obj	84	92
tsc-2024-01-17:u0012:s08	19	[	[	PUNCT	-LRB-	_	18	punct	93	94
tsc-2024-01-17:u0012:s08	20	@action	@action	NOUN	NN	Number=Sing	24	compound	94	101
tsc-2024-01-17:u0012:s08	21	/	/	PUNCT	HYPH	_	22	cc	101	102
tsc-2024-01-17:u0012:s08	22	setup	setup	NOUN	NN	Number=Sing	20	conj	102	107
tsc-2024-01-17:u0012:s08	23	-	-	PUNCT	HYPH	_	22	punct	107	108
tsc-2024-01-17:u0012:s08	24	node	node	NOUN	NN	Number=Sing	18	conj	108	112
tsc-2024-01-17:u0012:s08	25	]	]	PUNCT	-RRB-	_	18	punct	112	113
tsc-2024-01-17:u0012:s08	26	(	(	PUNCT	-LRB-	_	18	punct	113	114
tsc-2024-01-17:u0012:s08	27	https://github.com/actions/setup-node	https://github.com/actions/setup-node	NOUN	NN	Number=Sing	18	appos	114	151
tsc-2024-01-17:u0012:s08	28	)	)	PUNCT	-RRB-	_	18	punct	151	152
tsc-2024-01-17:u0012:s09	1	where	where	ADV	WRB	PronType=Int	6	mark	0	5
tsc-2024-01-17:u0012:s09	2	it	it	PRON	PRP	Case=Nom|Gender=Neut|Number=Sing|Person=3|PronType=Prs	6	nsubj:pass	6	8
tsc-2024-01-17:u0012:s09	3	will	will	AUX	MD	VerbForm=Fin	6	aux	9	13
tsc-2024-01-17:u0012:s09	4	not	not	PART	RB	_	6	advmod	14	17
tsc-2024-01-17:u0012:s09	5	be	be	AUX	VB	VerbForm=Inf	6	aux:pass	18	20
tsc-2024-01-17:u0012:s09	6	enabled	enable	VERB	VBN	Tense=Past|VerbForm=Part|Voice=Pass	0	root	21	28
tsc-2024-01-17:u0012:s09	7	because	because	SCONJ	IN	_	11	mark	29	36
tsc-2024-01-17:u0012:s09	8	it	it	PRON	PRP	Case=Nom|Gender=Neut|Number=Sing|Person=3|PronType=Prs	11	nsubj:pass	37	39
tsc-2024-01-17:u0012:s09	9	is	be	AUX	VBZ	Mood=Ind|Number=Sing|Person=3|Tense=Pres|VerbForm=Fin	11	aux:pass	40	42
tsc-2024-01-17:u0012:s09	10	not	not	PART	RB	_	11	advmod	43	46
tsc-2024-01-17:u0012:s09	11	enabled	enable	VERB	VBN	Tense=Past|VerbForm=Part|Voice=Pass	6	advcl	47	54
tsc-2024-01-17:u0012:s09	12	by	by	ADP	IN	_	13	case	55	57
tsc-2024-01-17:u0012:s09	13	default	default	NOUN	NN	Number=Sing	11	obl	58	65
tsc-2024-01-17:u0012:s09	14	.	.	PUNCT	.	_	6	punct	65	66
tsc-2024-01-17:u0012:s10	1	There	there	PRON	EX	_	6	cc	0	5
tsc-2024-01-17:u0012:s10	2	have	have	AUX	VBP	Mood=Ind|Tense=Pres|VerbForm=Fin	6	aux	6	10
tsc-2024-01-17:u0012:s10	3	been	be	AUX	VBN	Tense=Past|VerbForm=Part	6	cop	11	15
tsc-2024-01-17:u0012:s10	4	[	[	PUNCT	-LRB-	_	6	punct	16	17
tsc-2024-01-17:u0012:s10	5	multiple	multiple	ADJ	JJ	Degree=Pos	6	amod	17	25
tsc-2024-01-17:u0012:s10	6	PRs	prs	NOUN	NNS	Number=Plur	0	root	26	29
tsc-2024-01-17:u0012:s10	7	]	]	PUNCT	-RRB-	_	6	punct	29	30
tsc-2024-01-17:u0012:s10	8	(	(	PUNCT	-LRB-	_	9	punct	30	31
tsc-2024-01-17:u0012:s10	9	https://github.com/actions/setup-node/pulls?q=is%3Apr+corepack	https://github.com/actions/setup-node/pulls?q=is%3Apr+corepack	VERB	VB	Mood=Imp|VerbForm=Fin	6	parataxis	31	93
tsc-2024-01-17:u0012:s10	10	)	)	PUNCT	-RRB-	_	9	punct	93	94
tsc-2024-01-17:u0012:s10	11	to	to	PART	TO	_	12	mark	95	97
tsc-2024-01-17:u0012:s10	12	add	add	VERB	VB	VerbForm=Inf	6	acl	98	101
tsc-2024-01-17:u0012:s10	13	support	support	NOUN	NN	Number=Sing	12	obj	102	109
tsc-2024-01-17:u0012:s10	14	for	for	ADP	IN	_	15	case	110	113
tsc-2024-01-17:u0012:s10	15	corepack	corepack	NOUN	NN	Number=Sing	12	obl	114	122
tsc-2024-01-17:u0012:s10	16	but	but	CCONJ	CC	_	18	cc	123	126
tsc-2024-01-17:u0012:s10	17	still	still	ADV	RB	_	18	advmod	127	132
tsc-2024-01-17:u0012:s10	18	waiting	wait	VERB	VBG	VerbForm=Ger	6	conj	133	140
tsc-2024-01-17:u0012:s10	19	on	on	ADP	IN	_	20	case	141	143
tsc-2024-01-17:u0012:s10	20	stable	stable	NOUN	NN	Number=Sing	18	obl	144	150
tsc-2024-01-17:u0012:s10	21	.	.	PUNCT	.	_	6	punct	150	151
tsc-2024-01-17:u0012:s11	1	*	*	PUNCT	NFP	_	3	punct	0	1
tsc-2024-01-17:u0012:s11	2	value	value	NOUN	NN	Number=Sing	3	nsubj	2	7
tsc-2024-01-17:u0012:s11	3	is	be	VERB	VBZ	Mood=Ind|Number=Sing|Person=3|Tense=Pres|VerbForm=Fin	0	root	8	10
tsc-2024-01-17:u0012:s11	4	that	that	SCONJ	IN	_	17	mark	11	15
tsc-2024-01-17:u0012:s11	5	people	people	NOUN	NNS	Number=Plur	17	nsubj	16	22
tsc-2024-01-17:u0012:s11	6	who	who	PRON	WP	PronType=Rel	10	nsubj	23	26
tsc-2024-01-17:u0012:s11	7	do	do	AUX	VBP	Mood=Ind|Tense=Pres|VerbForm=Fin	10	aux	27	29
tsc-2024-01-17:u0012:s11	8	n’t	not	PART	RB	_	10	advmod	29	32
tsc-2024-01-17:u0012:s11	9	even	even	ADV	RB	_	10	advmod	33	37
tsc-2024-01-17:u0012:s11	10	know	know	VERB	VB	VerbForm=Inf	5	acl:relcl	38	42
tsc-2024-01-17:u0012:s11	11	they	they	PRON	PRP	Case=Nom|Number=Plur|Person=3|PronType=Prs	13	nsubj	43	47
tsc-2024-01-17:u0012:s11	12	are	be	AUX	VBP	Mood=Ind|Tense=Pres|VerbForm=Fin	13	aux	48	51
tsc-2024-01-17:u0012:s11	13	using	use	VERB	VBG	Tense=Pres|VerbForm=Part	10	ccomp	52	57
tsc-2024-01-17:u0012:s11	14	it	it	PRON	PRP	Case=Acc|Gender=Neut|Number=Sing|Person=3|PronType=Prs	13	obj	58	60
tsc-2024-01-17:u0012:s11	15	,	,	PUNCT	,	_	5	punct	60	61
tsc-2024-01-17:u0012:s11	16	will	will	AUX	MD	VerbForm=Fin	17	aux	62	66
tsc-2024-01-17:u0012:s11	17	use	use	VERB	VB	VerbForm=Inf	3	ccomp	67	70
tsc-2024-01-17:u0012:s11	18	it	it	PRON	PRP	Case=Acc|Gender=Neut|Number=Sing|Person=3|PronType=Prs	17	obj	71	73
tsc-2024-01-17:u0012:s11	19	when	when	ADV	WRB	PronType=Int	20	mark	74	78
tsc-2024-01-17:u0012:s11	20	contributing	contribute	VERB	VBG	VerbForm=Ger	17	advcl	79	91
tsc-2024-01-17:u0012:s11	21	to	to	ADP	IN	_	24	case	92	94
tsc-2024-01-17:u0012:s11	22	a	a	DET	DT	Definite=Ind|PronType=Art	24	det	95	96
tsc-2024-01-17:u0012:s11	23	new	new	ADJ	JJ	Degree=Pos	24	amod	97	100
tsc-2024-01-17:u0012:s11	24	project	project	NOUN	NN	Number=Sing	20	obl	101	108
tsc-2024-01-17:u0012:s11	25	.	.	PUNCT	.	_	3	punct	108	109
tsc-2024-01-17:u0012:s12	1	*	*	PUNCT	NFP	_	2	punct	0	1
tsc-2024-01-17:u0012:s12	2	avoids	avoid	VERB	VBZ	Mood=Ind|Number=Sing|Person=3|Tense=Pres|VerbForm=Fin	0	root	2	8
tsc-2024-01-17:u0012:s12	3	the	the	DET	DT	Definite=Def|PronType=Art	4	det	9	12
tsc-2024-01-17:u0012:s12	4	issue	issue	NOUN	NN	Number=Sing	2	obj	13	18
tsc-2024-01-17:u0012:s12	5	with	with	ADP	IN	_	7	case	19	23
tsc-2024-01-17:u0012:s12	6	multiple	multiple	ADJ	JJ	Degree=Pos	7	amod	24	32
tsc-2024-01-17:u0012:s12	7	ways	way	NOUN	NNS	Number=Plur	4	nmod	33	37
tsc-2024-01-17:u0012:s12	8	to	to	PART	TO	_	9	mark	38	40
tsc-2024-01-17:u0012:s12	9	install	install	VERB	VB	VerbForm=Inf	7	acl	41	48
tsc-2024-01-17:u0012:s12	10	causing	cause	VERB	VBG	VerbForm=Ger	9	xcomp	49	56
tsc-2024-01-17:u0012:s12	11	broken	break	ADJ	JJ	Degree=Pos	13	amod	57	63
tsc-2024-01-17:u0012:s12	12	`	`	PUNCT	``	_	13	punct	64	65
tsc-2024-01-17:u0012:s12	13	PATH	path	NOUN	NN	Number=Sing	10	obj	65	69
tsc-2024-01-17:u0012:s12	14	`	`	PUNCT	``	_	13	punct	69	70
tsc-2024-01-17:u0012:s12	15	-	-	PUNCT	,	_	13	punct	71	72
tsc-2024-01-17:u0012:s12	16	see	see	VERB	VB	Mood=Imp|VerbForm=Fin	10	ccomp	73	76
tsc-2024-01-17:u0012:s12	17	[	[	PUNCT	-LRB-	_	18	punct	77	78
tsc-2024-01-17:u0012:s12	18	example	example	NOUN	NN	Number=Sing	16	obj	78	85
tsc-2024-01-17:u0012:s12	19	]	]	PUNCT	-RRB-	_	18	punct	85	86
tsc-2024-01-17:u0012:s12	20	(	(	PUNCT	-LRB-	_	21	punct	86	87
tsc-2024-01-17:u0012:s12	21	https://twitter.com/galstar/status/1745172635674169663	https://twitter.com/galstar/status/1745172635674169663	X	LS	_	18	appos	87	141
tsc-2024-01-17:u0012:s12	22	)	)	PUNCT	-RRB-	_	21	punct	141	142
tsc-2024-01-17:u0012:s12	23	*	*	PUNCT	NFP	_	21	punct	143	144
tsc-2024-01-17:u0012:s12	24	Claudio	Claudio	PROPN	NNP	Number=Sing	28	nsubj	145	152
tsc-2024-01-17:u0012:s12	25	may	may	AUX	MD	VerbForm=Fin	28	aux	153	156
tsc-2024-01-17:u0012:s12	26	be	be	AUX	VB	VerbForm=Inf	28	cop	157	159
tsc-2024-01-17:u0012:s12	27	bad	bad	ADJ	JJ	Degree=Pos	28	amod	160	163
tsc-2024-01-17:u0012:s12	28	example	example	NOUN	NN	Number=Sing	16	ccomp	164	171
tsc-2024-01-17:u0012:s12	29	but	but	CCONJ	CC	_	36	cc	172	175
tsc-2024-01-17:u0012:s12	30	in	in	ADP	IN	_	31	case	176	178
tsc-2024-01-17:u0012:s12	31	terms	term	NOUN	NNS	Number=Plur	36	obl	179	184
tsc-2024-01-17:u0012:s12	32	of	of	ADP	IN	_	36	mark	185	187
tsc-2024-01-17:u0012:s12	33	how	how	ADV	WRB	PronType=Int	34	advmod	188	191
tsc-2024-01-17:u0012:s12	34	many	many	ADJ	JJ	Degree=Pos	35	amod	192	196
tsc-2024-01-17:u0012:s12	35	people	people	NOUN	NNS	Number=Plur	36	nsubj	197	203
tsc-2024-01-17:u0012:s12	36	use	use	VERB	VBP	Mood=Ind|Tense=Pres|VerbForm=Fin	28	conj	204	207
tsc-2024-01-17:u0012:s12	37	IE	ie	PROPN	NNP	Number=Sing	36	obj	208	210
tsc-2024-01-17:u0012:s12	38	simply	simply	ADV	RB	_	43	advmod	211	217
tsc-2024-01-17:u0012:s12	39	because	because	SCONJ	IN	_	43	mark	218	225
tsc-2024-01-17:u0012:s12	40	it	it	PRON	PRP	Case=Nom|Gender=Neut|Number=Sing|Person=3|PronType=Prs	43	nsubj	226	228
tsc-2024-01-17:u0012:s12	41	s	be	AUX	VBZ	Mood=Ind|Number=Sing|Person=3|Tense=Pres|VerbForm=Fin	43	cop	228	229
tsc-2024-01-17:u0012:s12	42	the	the	DET	DT	Definite=Def|PronType=Art	43	det	230	233
tsc-2024-01-17:u0012:s12	43	Default	Default	NOUN	NN	Number=Sing	36	advcl	234	241
tsc-2024-01-17:u0012:s12	44	.	.	PUNCT	.	_	2	punct	241	242
tsc-2024-01-17:u0012:s13	1	More	more	ADV	RBR	_	2	advmod	0	4
tsc-2024-01-17:u0012:s13	2	inclined	inclin	VERB	VBN	Tense=Past|VerbForm=Part	0	root	5	13
tsc-2024-01-17:u0012:s13	3	if	if	SCONJ	IN	_	4	mark	14	16
tsc-2024-01-17:u0012:s13	4	adopted	adopt	VERB	VBN	Tense=Past|VerbForm=Part	2	advcl	17	24
tsc-2024-01-17:u0012:s13	5	by	by	ADP	IN	_	6	case	25	27
tsc-2024-01-17:u0012:s13	6	default	default	NOUN	NN	Number=Sing	4	obl	28	35
tsc-2024-01-17:u0012:s13	7	.	.	PUNCT	.	_	2	punct	35	36
tsc-2024-01-17:u0012:s14	1	Data	data	NOUN	NN	Number=Sing	4	nsubj	0	4
tsc-2024-01-17:u0012:s14	2	might	might	AUX	MD	VerbForm=Fin	4	aux	5	10
tsc-2024-01-17:u0012:s14	3	be	be	AUX	VB	VerbForm=Inf	4	cop	11	13
tsc-2024-01-17:u0012:s14	4	different	different	ADJ	JJ	Degree=Pos	0	root	14	23
tsc-2024-01-17:u0012:s14	5	if	if	SCONJ	IN	_	8	mark	24	26
tsc-2024-01-17:u0012:s14	6	others	other	NOUN	NNS	Number=Plur	8	nsubj:pass	27	33
tsc-2024-01-17:u0012:s14	7	were	be	AUX	VBD	Mood=Ind|Tense=Past|VerbForm=Fin	8	aux:pass	34	38
tsc-2024-01-17:u0012:s14	8	enabled	enable	VERB	VBN	Tense=Past|VerbForm=Part|Voice=Pass	4	advcl	39	46
tsc-2024-01-17:u0012:s14	9	by	by	ADP	IN	_	10	case	47	49
tsc-2024-01-17:u0012:s14	10	Default	Default	NOUN	NN	Number=Sing	8	obl	50	57
tsc-2024-01-17:u0012:s14	11	.	.	PUNCT	.	_	4	punct	57	58
tsc-2024-01-17:u0012:s14	12	*	*	PUNCT	NFP	_	4	punct	59	60
tsc-2024-01-17:u0012:s14	13	Darcy	Darcy	INTJ	UH	_	4	discourse	61	66
tsc-2024-01-17:u0012:s14	14	,	,	PUNCT	,	_	4	punct	66	67
tsc-2024-01-17:u0012:s14	15	only	only	ADV	RB	_	16	advmod	68	72
tsc-2024-01-17:u0012:s14	16	going	go	VERB	VBG	Tense=Pres|VerbForm=Part	4	parataxis	73	78
tsc-2024-01-17:u0012:s14	17	to	to	PART	TO	_	19	mark	79	81
tsc-2024-01-17:u0012:s14	18	be	be	AUX	VB	VerbForm=Inf	19	cop	82	84
tsc-2024-01-17:u0012:s14	19	aware	aware	ADJ	JJ	Degree=Pos	16	xcomp	85	90
tsc-2024-01-17:u0012:s14	20	of	of	ADP	IN	_	22	case	91	93
tsc-2024-01-17:u0012:s14	21	package	package	NOUN	NN	Number=Sing	22	compound	94	101
tsc-2024-01-17:u0012:s14	22	managers	manager	NOUN	NNS	Number=Plur	19	obl	102	110
tsc-2024-01-17:u0012:s14	23	that	that	PRON	WDT	PronType=Rel	25	nsubj	111	115
tsc-2024-01-17:u0012:s14	24	is	be	AUX	VBZ	Mood=Ind|Number=Sing|Person=3|Tense=Pres|VerbForm=Fin	25	cop	116	118
tsc-2024-01-17:u0012:s14	25	aware	aware	ADJ	JJ	Degree=Pos	22	acl:relcl	119	124
tsc-2024-01-17:u0012:s14	26	of	of	ADP	IN	_	25	obl	125	127
tsc-2024-01-17:u0012:s14	27	.	.	PUNCT	.	_	4	punct	127	128
tsc-2024-01-17:u0012:s15	1	Do	do	AUX	VBP	Mood=Ind|Tense=Pres|VerbForm=Fin	3	aux	0	2
tsc-2024-01-17:u0012:s15	2	n’t	not	PART	RB	_	3	advmod	2	5
tsc-2024-01-17:u0012:s15	3	think	think	VERB	VB	VerbForm=Inf	0	root	6	11
tsc-2024-01-17:u0012:s15	4	it	it	PRON	PRP	Case=Nom|Gender=Neut|Number=Sing|Person=3|PronType=Prs	6	nsubj	12	14
tsc-2024-01-17:u0012:s15	5	s	be	AUX	VBZ	Mood=Ind|Number=Sing|Person=3|Tense=Pres|VerbForm=Fin	6	aux	14	15
tsc-2024-01-17:u0012:s15	6	going	go	VERB	VBG	Tense=Pres|VerbForm=Part	3	ccomp	16	21
tsc-2024-01-17:u0012:s15	7	to	to	PART	TO	_	8	mark	22	24
tsc-2024-01-17:u0012:s15	8	help	help	VERB	VB	VerbForm=Inf	6	xcomp	25	29
tsc-2024-01-17:u0012:s15	9	with	with	SCONJ	IN	_	10	mark	30	34
tsc-2024-01-17:u0012:s15	10	creating	create	VERB	VBG	VerbForm=Ger	8	advcl	35	43
tsc-2024-01-17:u0012:s15	11	opportunities	opportunity	NOUN	NNS	Number=Plur	10	obj	44	57
tsc-2024-01-17:u0012:s15	12	for	for	ADP	IN	_	14	case	58	61
tsc-2024-01-17:u0012:s15	13	package	package	NOUN	NN	Number=Sing	14	compound	62	69
tsc-2024-01-17:u0012:s15	14	managers	manager	NOUN	NNS	Number=Plur	11	nmod	70	78
tsc-2024-01-17:u0012:s15	15	,	,	PUNCT	,	_	17	punct	78	79
tsc-2024-01-17:u0012:s15	16	more	more	ADV	RBR	_	17	advmod	80	84
tsc-2024-01-17:u0012:s15	17	see	see	VERB	VB	Mood=Imp|VerbForm=Fin	3	conj	85	88
tsc-2024-01-17:u0012:s15	18	it	it	PRON	PRP	Case=Acc|Gender=Neut|Number=Sing|Person=3|PronType=Prs	17	obj	89	91
tsc-2024-01-17:u0012:s15	19	as	as	SCONJ	IN	_	20	mark	92	94
tsc-2024-01-17:u0012:s15	20	locking	lock	VERB	VBG	VerbForm=Ger	17	advcl	95	102
tsc-2024-01-17:u0012:s15	21	in	in	ADP	IN	_	24	case	103	105
tsc-2024-01-17:u0012:s15	22	the	the	DET	DT	Definite=Def|PronType=Art	24	det	106	109
tsc-2024-01-17:u0012:s15	23	existing	exist	VERB	VBG	VerbForm=Ger	24	amod	110	118
tsc-2024-01-17:u0012:s15	24	ones	one	NOUN	NNS	Number=Plur	20	obl	119	123
tsc-2024-01-17:u0012:s15	25	.	.	PUNCT	.	_	3	punct	123	124
tsc-2024-01-17:u0012:s16	1	The	the	DET	DT	Definite=Def|PronType=Art	2	det	0	3
tsc-2024-01-17:u0012:s16	2	50	50	NUM	CD	NumType=Card	8	nsubj	4	6
tsc-2024-01-17:u0012:s16	3	/	/	SYM	SYM	_	4	case	6	7
tsc-2024-01-17:u0012:s16	4	50	50	NUM	CD	NumType=Card	2	nmod	7	9
tsc-2024-01-17:u0012:s16	5	at	at	ADP	IN	_	7	case	10	12
tsc-2024-01-17:u0012:s16	6	one	one	NUM	CD	NumType=Card	7	nummod	13	16
tsc-2024-01-17:u0012:s16	7	point	point	NOUN	NN	Number=Sing	2	nmod	17	22
tsc-2024-01-17:u0012:s16	8	supports	support	VERB	VBZ	Mood=Ind|Number=Sing|Person=3|Tense=Pres|VerbForm=Fin	0	root	23	31
tsc-2024-01-17:u0012:s16	9	this	this	PRON	DT	Number=Sing|PronType=Dem	8	obj	32	36
tsc-2024-01-17:u0012:s16	10	*	*	PUNCT	NFP	_	8	punct	37	38
tsc-2024-01-17:u0012:s16	11	Yagiz	Yagiz	INTJ	UH	_	13	discourse	39	44
tsc-2024-01-17:u0012:s16	12	,	,	PUNCT	,	_	13	punct	44	45
tsc-2024-01-17:u0012:s16	13	disagree	disagree	VERB	VB	Mood=Imp|VerbForm=Fin	8	parataxis	46	54
tsc-2024-01-17:u0012:s16	14	with	with	ADP	IN	_	18	case	55	59
tsc-2024-01-17:u0012:s16	15	the	the	DET	DT	Definite=Def|PronType=Art	18	det	60	63
tsc-2024-01-17:u0012:s16	16	lock	lock	NOUN	NN	Number=Sing	18	compound	64	68
tsc-2024-01-17:u0012:s16	17	-	-	PUNCT	HYPH	_	18	punct	68	69
tsc-2024-01-17:u0012:s16	18	in	in	NOUN	NN	Number=Sing	13	obl	69	71
tsc-2024-01-17:u0012:s16	19	,	,	PUNCT	,	_	13	punct	71	72
tsc-2024-01-17:u0012:s16	20	not	not	ADV	RB	_	21	advmod	73	76
tsc-2024-01-17:u0012:s16	21	enabling	enable	VERB	VBG	VerbForm=Ger	13	conj	77	85
tsc-2024-01-17:u0012:s16	22	the	the	DET	DT	Definite=Def|PronType=Art	24	det	86	89
tsc-2024-01-17:u0012:s16	23	same	same	ADJ	JJ	Degree=Pos	24	amod	90	94
tsc-2024-01-17:u0012:s16	24	level	level	NOUN	NN	Number=Sing	21	obj	95	100
tsc-2024-01-17:u0012:s16	25	of	of	ADP	IN	_	27	case	101	103
tsc-2024-01-17:u0012:s16	26	competitive	competitive	ADJ	JJ	Degree=Pos	27	amod	104	115
tsc-2024-01-17:u0012:s16	27	advantage	advantage	NOUN	NN	Number=Sing	24	nmod	116	125
tsc-2024-01-17:u0012:s16	28	is	be	AUX	VBZ	Mood=Ind|Number=Sing|Person=3|Tense=Pres|VerbForm=Fin	31	cop	126	128
tsc-2024-01-17:u0012:s16	29	a	a	DET	DT	Definite=Ind|PronType=Art	31	det	129	130
tsc-2024-01-17:u0012:s16	30	main	main	ADJ	JJ	Degree=Pos	31	amod	131	135
tsc-2024-01-17:u0012:s16	31	concern	concern	NOUN	NN	Number=Sing	13	conj	136	143
tsc-2024-01-17:u0012:s16	32	for	for	ADP	IN	_	33	case	144	147
tsc-2024-01-17:u0012:s16	33	me	I	PRON	PRP	Case=Acc|Number=Sing|Person=1|PronType=Prs	31	nmod	148	150
tsc-2024-01-17:u0012:s16	34	.	.	PUNCT	.	_	8	punct	150	151
tsc-2024-01-17:u0012:s17	1	If	if	SCONJ	IN	_	6	mark	0	2
tsc-2024-01-17:u0012:s17	2	all	all	DET	DT	_	6	nsubj:pass	3	6
tsc-2024-01-17:u0012:s17	3	of	of	ADP	IN	_	4	case	7	9
tsc-2024-01-17:u0012:s17	4	them	they	PRON	PRP	Case=Acc|Number=Plur|Person=3|PronType=Prs	2	nmod	10	14
tsc-2024-01-17:u0012:s17	5	were	be	AUX	VBD	Mood=Ind|Tense=Past|VerbForm=Fin	6	aux:pass	15	19
tsc-2024-01-17:u0012:s17	6	shipped	ship	VERB	VBN	Tense=Past|VerbForm=Part|Voice=Pass	16	advcl	20	27
tsc-2024-01-17:u0012:s17	7	at	at	ADP	IN	_	10	case	28	30
tsc-2024-01-17:u0012:s17	8	the	the	DET	DT	Definite=Def|PronType=Art	10	det	31	34
tsc-2024-01-17:u0012:s17	9	same	same	ADJ	JJ	Degree=Pos	10	amod	35	39
tsc-2024-01-17:u0012:s17	10	time	time	NOUN	NN	Number=Sing	6	obl	40	44
tsc-2024-01-17:u0012:s17	11	,	,	PUNCT	,	_	16	punct	44	45
tsc-2024-01-17:u0012:s17	12	then	then	ADV	RB	PronType=Dem	16	advmod	46	50
tsc-2024-01-17:u0012:s17	13	numbers	number	NOUN	NNS	Number=Plur	16	nsubj	51	58
tsc-2024-01-17:u0012:s17	14	might	might	AUX	MD	VerbForm=Fin	16	aux	59	64
tsc-2024-01-17:u0012:s17	15	be	be	AUX	VB	VerbForm=Inf	16	cop	65	67
tsc-2024-01-17:u0012:s17	16	Different	different	ADJ	JJ	Degree=Pos	0	root	68	77
tsc-2024-01-17:u0012:s17	17	.	.	PUNCT	.	_	16	punct	77	78
tsc-2024-01-17:u0012:s18	1	Alternative	alternative	ADJ	JJ	Degree=Pos	6	nsubj	0	11
tsc-2024-01-17:u0012:s18	2	to	to	PART	TO	_	3	mark	12	14
tsc-2024-01-17:u0012:s18	3	enabling	enable	VERB	VB	VerbForm=Inf	1	advcl	15	23
tsc-2024-01-17:u0012:s18	4	corepack	corepack	NOUN	NN	Number=Sing	3	obj	24	32
tsc-2024-01-17:u0012:s18	5	would	would	AUX	MD	VerbForm=Fin	6	aux	33	38
tsc-2024-01-17:u0012:s18	6	be	be	VERB	VB	VerbForm=Inf	0	root	39	41
tsc-2024-01-17:u0012:s18	7	to	to	PART	TO	_	8	mark	42	44
tsc-2024-01-17:u0012:s18	8	install	install	VERB	VB	VerbForm=Inf	6	ccomp	45	52
tsc-2024-01-17:u0012:s18	9	all	all	DET	DT	_	8	obj	53	56
tsc-2024-01-17:u0012:s18	10	of	of	ADP	IN	_	11	case	57	59
tsc-2024-01-17:u0012:s18	11	them	they	PRON	PRP	Case=Acc|Number=Plur|Person=3|PronType=Prs	9	nmod	60	64
tsc-2024-01-17:u0012:s18	12	.	.	PUNCT	.	_	6	punct	64	65
tsc-2024-01-17:u0012:s18	13	*	*	PUNCT	NFP	_	14	punct	66	67
tsc-2024-01-17:u0012:s18	14	Mael	Mael	NOUN	NN	Number=Sing	6	parataxis	68	72
tsc-2024-01-17:u0012:s18	15	,	,	PUNCT	,	_	14	punct	72	73
tsc-2024-01-17:u0012:s18	16	disagree	disagree	NOUN	NN	Number=Sing	14	appos	74	82
tsc-2024-01-17:u0012:s18	17	that	that	SCONJ	IN	_	21	mark	83	87
tsc-2024-01-17:u0012:s18	18	it	it	PRON	PRP	Case=Nom|Gender=Neut|Number=Sing|Person=3|PronType=Prs	21	nsubj	88	90
tsc-2024-01-17:u0012:s18	19	would	would	AUX	MD	VerbForm=Fin	21	aux	91	96
tsc-2024-01-17:u0012:s18	20	be	be	AUX	VB	VerbForm=Inf	21	aux	97	99
tsc-2024-01-17:u0012:s18	21	locking	lock	VERB	VBG	Tense=Pres|VerbForm=Part	16	acl	100	107
tsc-2024-01-17:u0012:s18	22	in	in	ADP	IN	_	26	case	108	110
tsc-2024-01-17:u0012:s18	23	the	the	DET	DT	Definite=Def|PronType=Art	26	det	111	114
tsc-2024-01-17:u0012:s18	24	package	package	NOUN	NN	Number=Sing	25	compound	115	122
tsc-2024-01-17:u0012:s18	25	manager	manager	NOUN	NN	Number=Sing	26	compound	123	130
tsc-2024-01-17:u0012:s18	26	list	list	NOUN	NN	Number=Sing	21	obl	131	135
tsc-2024-01-17:u0012:s18	27	.	.	PUNCT	.	_	6	punct	135	136
tsc-2024-01-17:u0012:s19	1	Any	any	DET	DT	_	4	det	0	3
tsc-2024-01-17:u0012:s19	2	other	other	ADJ	JJ	Degree=Pos	4	amod	4	9
tsc-2024-01-17:u0012:s19	3	package	package	NOUN	NN	Number=Sing	4	compound	10	17
tsc-2024-01-17:u0012:s19	4	manager	manager	NOUN	NN	Number=Sing	6	nsubj	18	25
tsc-2024-01-17:u0012:s19	5	could	could	AUX	MD	VerbForm=Fin	6	aux	26	31
tsc-2024-01-17:u0012:s19	6	advocate	advocate	VERB	VB	VerbForm=Inf	0	root	32	40
tsc-2024-01-17:u0012:s19	7	to	to	SCONJ	IN	_	9	mark	41	43
tsc-2024-01-17:u0012:s19	8	being	be	AUX	VBG	VerbForm=Ger	9	aux:pass	44	49
tsc-2024-01-17:u0012:s19	9	added	add	VERB	VBN	Tense=Past|VerbForm=Part|Voice=Pass	6	advcl	50	55
tsc-2024-01-17:u0012:s19	10	to	to	ADP	IN	_	12	case	56	58
tsc-2024-01-17:u0012:s19	11	the	the	DET	DT	Definite=Def|PronType=Art	12	det	59	62
tsc-2024-01-17:u0012:s19	12	list	list	NOUN	NN	Number=Sing	9	obl	63	67
tsc-2024-01-17:u0012:s19	13	.	.	PUNCT	.	_	6	punct	67	68
tsc-2024-01-17:u0012:s20	1	Not	not	PART	RB	_	3	advmod	0	3
tsc-2024-01-17:u0012:s20	2	being	be	AUX	VBG	VerbForm=Ger	3	aux:pass	4	9
tsc-2024-01-17:u0012:s20	3	shipped	ship	VERB	VBN	Tense=Past|VerbForm=Part|Voice=Pass	0	root	10	17
tsc-2024-01-17:u0012:s20	4	as	as	ADP	IN	_	5	case	18	20
tsc-2024-01-17:u0012:s20	5	part	part	NOUN	NN	Number=Sing	3	obl	21	25
tsc-2024-01-17:u0012:s20	6	of	of	ADP	IN	_	7	case	26	28
tsc-2024-01-17:u0012:s20	7	Node.js	Node.js	PROPN	NNPS	Number=Plur	5	nmod	29	36
tsc-2024-01-17:u0012:s21	1	has	have	AUX	VBZ	Mood=Ind|Number=Sing|Person=3|Tense=Pres|VerbForm=Fin	2	aux	0	3
tsc-2024-01-17:u0012:s21	2	caused	cause	VERB	VBN	Tense=Past|VerbForm=Part	0	root	4	10
tsc-2024-01-17:u0012:s21	3	lots	lot	NOUN	NNS	Number=Plur	2	obj	11	15
tsc-2024-01-17:u0012:s21	4	of	of	ADP	IN	_	5	case	16	18
tsc-2024-01-17:u0012:s21	5	issues	issue	NOUN	NNS	Number=Plur	3	nmod	19	25
tsc-2024-01-17:u0012:s21	6	over	over	ADP	IN	_	7	case	26	30
tsc-2024-01-17:u0012:s21	7	time	time	NOUN	NN	Number=Sing	5	nmod	31	35
tsc-2024-01-17:u0012:s21	8	.	.	PUNCT	.	_	2	punct	35	36
tsc-2024-01-17:u0012:s22	1	*	*	PUNCT	NFP	_	2	punct	0	1
tsc-2024-01-17:u0012:s22	2	Geoffrey	Geoffrey	NOUN	NN	Number=Sing	0	root	2	10
tsc-2024-01-17:u0012:s22	3	,	,	PUNCT	,	_	2	punct	10	11
tsc-2024-01-17:u0012:s22	4	concern	concern	NOUN	NN	Number=Sing	5	nsubj	12	19
tsc-2024-01-17:u0012:s22	5	is	be	VERB	VBZ	Mood=Ind|Number=Sing|Person=3|Tense=Pres|VerbForm=Fin	2	parataxis	20	22
tsc-2024-01-17:u0012:s22	6	that	that	SCONJ	IN	_	10	mark	23	27
tsc-2024-01-17:u0012:s22	7	we	we	PRON	PRP	Case=Nom|Number=Plur|Person=1|PronType=Prs	10	nmod:poss	28	30
tsc-2024-01-17:u0012:s22	8	ship	ship	NOUN	NN	Number=Sing	10	obl:npmod	31	35
tsc-2024-01-17:u0012:s22	9	both	both	CCONJ	CC	_	10	cc:preconj	36	40
tsc-2024-01-17:u0012:s22	10	npm	npm	NOUN	NN	Number=Sing	5	ccomp	41	44
tsc-2024-01-17:u0012:s22	11	and	and	CCONJ	CC	_	12	cc	45	48
tsc-2024-01-17:u0012:s22	12	corepack	corepack	NOUN	NN	Number=Sing	10	conj	49	57
tsc-2024-01-17:u0012:s22	13	,	,	PUNCT	,	_	10	punct	57	58
tsc-2024-01-17:u0012:s22	14	npm	npm	NOUN	NN	Number=Sing	10	appos	59	62
tsc-2024-01-17:u0012:s22	15	taking	take	VERB	VBG	VerbForm=Ger	14	acl	63	69
tsc-2024-01-17:u0012:s22	16	firm	firm	NOUN	NN	Number=Sing	15	obj	70	74
tsc-2024-01-17:u0012:s22	17	stand	stand	NOUN	NN	Number=Sing	15	obj	75	80
tsc-2024-01-17:u0012:s22	18	on	on	SCONJ	IN	_	20	mark	81	83
tsc-2024-01-17:u0012:s22	19	not	not	ADV	RB	_	20	advmod	84	87
tsc-2024-01-17:u0012:s22	20	including	include	VERB	VBG	VerbForm=Ger	21	case	88	97
tsc-2024-01-17:u0012:s22	21	npm	npm	NOUN	NN	Number=Sing	17	nmod	98	101
tsc-2024-01-17:u0012:s22	22	,	,	PUNCT	,	_	15	punct	101	102
tsc-2024-01-17:u0012:s22	23	if	if	SCONJ	IN	_	26	mark	103	105
tsc-2024-01-17:u0012:s22	24	it	it	PRON	PRP	Case=Nom|Gender=Neut|Number=Sing|Person=3|PronType=Prs	26	nsubj:pass	106	108
tsc-2024-01-17:u0012:s22	25	s	be	AUX	VBZ	Mood=Ind|Number=Sing|Person=3|Tense=Pres|VerbForm=Fin	26	aux:pass	108	109
tsc-2024-01-17:u0012:s22	26	enabled	enable	VERB	VBN	Tense=Past|VerbForm=Part|Voice=Pass	33	advcl	110	117
tsc-2024-01-17:u0012:s22	27	by	by	ADP	IN	_	28	case	118	120
tsc-2024-01-17:u0012:s22	28	default	default	NOUN	NN	Number=Sing	26	obl	121	128
tsc-2024-01-17:u0012:s22	29	,	,	PUNCT	,	_	33	punct	128	129
tsc-2024-01-17:u0012:s22	30	then	then	ADV	RB	PronType=Dem	33	advmod	130	134
tsc-2024-01-17:u0012:s22	31	people	people	NOUN	NNS	Number=Plur	33	nsubj	135	141
tsc-2024-01-17:u0012:s22	32	will	will	AUX	MD	VerbForm=Fin	33	aux	142	146
tsc-2024-01-17:u0012:s22	33	ask	ask	VERB	VB	VerbForm=Inf	15	parataxis	147	150
tsc-2024-01-17:u0012:s22	34	why	why	ADV	WRB	PronType=Int	38	advmod	151	154
tsc-2024-01-17:u0012:s22	35	it	it	PRON	PRP	Case=Nom|Gender=Neut|Number=Sing|Person=3|PronType=Prs	38	nsubj:pass	155	157
tsc-2024-01-17:u0012:s22	36	’s	be	AUX	VBZ	Mood=Ind|Number=Sing|Person=3|Tense=Pres|VerbForm=Fin	38	aux:pass	157	159
tsc-2024-01-17:u0012:s22	37	not	not	PART	RB	_	38	advmod	160	163
tsc-2024-01-17:u0012:s22	38	included	include	VERB	VBN	Tense=Past|VerbForm=Part|Voice=Pass	33	ccomp	164	172
tsc-2024-01-17:u0012:s22	39	.	.	PUNCT	.	_	2	punct	172	173
tsc-2024-01-17:u0012:s23	1	Could	could	AUX	MD	VerbForm=Fin	3	aux	0	5
tsc-2024-01-17:u0012:s23	2	we	we	PRON	PRP	Case=Nom|Number=Plur|Person=1|PronType=Prs	3	nsubj	6	8
tsc-2024-01-17:u0012:s23	3	add	add	VERB	VB	VerbForm=Inf	0	root	9	12
tsc-2024-01-17:u0012:s23	4	to	to	PART	TO	_	5	mark	13	15
tsc-2024-01-17:u0012:s23	5	npm	npm	VERB	VB	VerbForm=Inf	3	xcomp	16	19
tsc-2024-01-17:u0012:s23	6	,	,	PUNCT	,	_	5	punct	19	20
tsc-2024-01-17:u0012:s23	7	check	check	VERB	VB	VerbForm=Inf	5	ccomp	21	26
tsc-2024-01-17:u0012:s23	8	of	of	ADP	IN	_	10	case	27	29
tsc-2024-01-17:u0012:s23	9	package	package	NOUN	NN	Number=Sing	10	compound	30	37
tsc-2024-01-17:u0012:s23	10	manager	manager	NOUN	NN	Number=Sing	7	obl	38	45
tsc-2024-01-17:u0012:s23	11	,	,	PUNCT	,	_	13	punct	45	46
tsc-2024-01-17:u0012:s23	12	and	and	CCONJ	CC	_	13	cc	47	50
tsc-2024-01-17:u0012:s23	13	spit	spit	NOUN	NN	Number=Sing	10	conj	51	55
tsc-2024-01-17:u0012:s23	14	out	out	ADP	RP	_	7	compound:prt	56	59
tsc-2024-01-17:u0012:s23	15	error	error	NOUN	NN	Number=Sing	7	obj	60	65
tsc-2024-01-17:u0012:s23	16	saying	say	VERB	VBG	VerbForm=Ger	15	acl	66	72
tsc-2024-01-17:u0012:s23	17	using	use	VERB	VBG	VerbForm=Ger	16	xcomp	73	78
tsc-2024-01-17:u0012:s23	18	the	the	DET	DT	Definite=Def|PronType=Art	20	det	79	82
tsc-2024-01-17:u0012:s23	19	wrong	wrong	ADJ	JJ	Degree=Pos	20	amod	83	88
tsc-2024-01-17:u0012:s23	20	one	one	NOUN	NN	Number=Sing	17	obj	89	92
tsc-2024-01-17:u0012:s23	21	.	.	PUNCT	.	_	23	punct	92	93
tsc-2024-01-17:u0012:s23	22	*	*	PUNCT	NFP	_	23	punct	94	95
tsc-2024-01-17:u0012:s23	23	Matteo	Matteo	PROPN	NNP	Number=Sing	3	conj	96	102
tsc-2024-01-17:u0012:s23	24	,	,	PUNCT	,	_	25	punct	102	103
tsc-2024-01-17:u0012:s23	25	want	want	VERB	VBP	Mood=Ind|Tense=Pres|VerbForm=Fin	3	conj	104	108
tsc-2024-01-17:u0012:s23	26	to	to	PART	TO	_	27	mark	109	111
tsc-2024-01-17:u0012:s23	27	state	state	VERB	VB	VerbForm=Inf	25	xcomp	112	117
tsc-2024-01-17:u0012:s23	28	the	the	DET	DT	Definite=Def|PronType=Art	34	det	118	121
tsc-2024-01-17:u0012:s23	29	obvious	obvious	ADJ	JJ	Degree=Pos	34	amod	122	129
tsc-2024-01-17:u0012:s23	30	,	,	PUNCT	,	_	34	punct	129	130
tsc-2024-01-17:u0012:s23	31	npm	npm	NOUN	NN	Number=Sing	34	nsubj	131	134
tsc-2024-01-17:u0012:s23	32	is	be	AUX	VBZ	Mood=Ind|Number=Sing|Person=3|Tense=Pres|VerbForm=Fin	34	cop	135	137
tsc-2024-01-17:u0012:s23	33	the	the	DET	DT	Definite=Def|PronType=Art	34	det	138	141
tsc-2024-01-17:u0012:s23	34	default	default	NOUN	NN	Number=Sing	27	obj	142	149
tsc-2024-01-17:u0012:s23	35	,	,	PUNCT	,	_	41	punct	149	150
tsc-2024-01-17:u0012:s23	36	and	and	CCONJ	CC	_	41	cc	151	154
tsc-2024-01-17:u0012:s23	37	it	it	PRON	PRP	Case=Nom|Gender=Neut|Number=Sing|Person=3|PronType=Prs	41	nsubj	155	157
tsc-2024-01-17:u0012:s23	38	’s	be	AUX	VBZ	Mood=Ind|Number=Sing|Person=3|Tense=Pres|VerbForm=Fin	41	cop	157	159
tsc-2024-01-17:u0012:s23	39	the	the	DET	DT	Definite=Def|PronType=Art	41	det	160	163
tsc-2024-01-17:u0012:s23	40	golden	golden	ADJ	JJ	Degree=Pos	41	amod	164	170
tsc-2024-01-17:u0012:s23	41	standard	standard	NOUN	NN	Number=Sing	3	conj	171	179
tsc-2024-01-17:u0012:s23	42	since	since	SCONJ	IN	_	50	mark	180	185
tsc-2024-01-17:u0012:s23	43	all	all	DET	DT	_	46	det	186	189
tsc-2024-01-17:u0012:s23	44	other	other	ADJ	JJ	Degree=Pos	46	amod	190	195
tsc-2024-01-17:u0012:s23	45	package	package	NOUN	NN	Number=Sing	46	compound	196	203
tsc-2024-01-17:u0012:s23	46	managers	manager	NOUN	NNS	Number=Plur	50	nsubj	204	212
tsc-2024-01-17:u0012:s23	47	are	be	AUX	VBP	Mood=Ind|Tense=Pres|VerbForm=Fin	50	cop	213	216
tsc-2024-01-17:u0012:s23	48	npm	npm	ADJ	JJ	Degree=Pos	50	amod	217	220
tsc-2024-01-17:u0012:s23	49	registry	registry	NOUN	NN	Number=Sing	50	compound	221	229
tsc-2024-01-17:u0012:s23	50	clients	client	NOUN	NNS	Number=Plur	41	advcl	230	237
tsc-2024-01-17:u0012:s23	51	.	.	PUNCT	.	_	3	punct	237	238
tsc-2024-01-17:u0012:s24	1	It	it	PRON	PRP	Case=Nom|Gender=Neut|Number=Sing|Person=3|PronType=Prs	4	nsubj:pass	0	2
tsc-2024-01-17:u0012:s24	2	is	be	AUX	VBZ	Mood=Ind|Number=Sing|Person=3|Tense=Pres|VerbForm=Fin	4	aux:pass	3	5
tsc-2024-01-17:u0012:s24	3	,	,	PUNCT	,	_	2	punct	5	6
tsc-2024-01-17:u0012:s24	4	maintained	maintain	VERB	VBN	Tense=Past|VerbForm=Part	0	root	7	17
tsc-2024-01-17:u0012:s24	5	by	by	ADP	IN	_	7	case	18	20
tsc-2024-01-17:u0012:s24	6	the	the	DET	DT	Definite=Def|PronType=Art	7	det	21	24
tsc-2024-01-17:u0012:s24	7	people	people	NOUN	NNS	Number=Plur	4	obl	25	31
tsc-2024-01-17:u0012:s24	8	who	who	PRON	WP	PronType=Rel	9	nsubj	32	35
tsc-2024-01-17:u0012:s24	9	maintain	maintain	VERB	VBP	Mood=Ind|Tense=Pres|VerbForm=Fin	7	acl:relcl	36	44
tsc-2024-01-17:u0012:s24	10	the	the	DET	DT	Definite=Def|PronType=Art	11	det	45	48
tsc-2024-01-17:u0012:s24	11	registry	registry	NOUN	NN	Number=Sing	9	obj	49	57
tsc-2024-01-17:u0012:s24	12	so	so	ADV	RB	_	16	advmod	58	60
tsc-2024-01-17:u0012:s24	13	corepack	corepack	NOUN	NN	Number=Sing	16	nsubj	61	69
tsc-2024-01-17:u0012:s24	14	is	be	AUX	VBZ	Mood=Ind|Number=Sing|Person=3|Tense=Pres|VerbForm=Fin	16	aux	70	72
tsc-2024-01-17:u0012:s24	15	not	not	PART	RB	_	16	advmod	73	76
tsc-2024-01-17:u0012:s24	16	going	go	VERB	VBG	Tense=Pres|VerbForm=Part	9	ccomp	77	82
tsc-2024-01-17:u0012:s24	17	to	to	PART	TO	_	18	mark	83	85
tsc-2024-01-17:u0012:s24	18	change	change	VERB	VB	VerbForm=Inf	16	xcomp	86	92
tsc-2024-01-17:u0012:s24	19	that	that	PRON	DT	Number=Sing|PronType=Dem	18	obj	93	97
tsc-2024-01-17:u0012:s24	20	.	.	PUNCT	.	_	22	punct	97	98
tsc-2024-01-17:u0012:s24	21	*	*	PUNCT	NFP	_	22	punct	99	100
tsc-2024-01-17:u0012:s24	22	Antoine	Antoine	NOUN	NN	Number=Sing	4	xcomp	101	108
tsc-2024-01-17:u0012:s24	23	,	,	PUNCT	,	_	22	punct	108	109
tsc-2024-01-17:u0012:s24	24	another	another	DET	DT	_	25	det	110	117
tsc-2024-01-17:u0012:s24	25	advantage	advantage	NOUN	NN	Number=Sing	22	appos	118	127
tsc-2024-01-17:u0012:s24	26	,	,	PUNCT	,	_	22	punct	127	128
tsc-2024-01-17:u0012:s24	27	because	because	SCONJ	IN	_	31	mark	129	136
tsc-2024-01-17:u0012:s24	28	npm	npm	NOUN	NN	Number=Sing	29	compound	137	140
tsc-2024-01-17:u0012:s24	29	client	client	NOUN	NN	Number=Sing	31	nsubj	141	147
tsc-2024-01-17:u0012:s24	30	is	be	AUX	VBZ	Mood=Ind|Number=Sing|Person=3|Tense=Pres|VerbForm=Fin	31	cop	148	150
tsc-2024-01-17:u0012:s24	31	default	default	NOUN	NN	Number=Sing	22	advcl	151	158
tsc-2024-01-17:u0012:s24	32	we	we	PRON	PRP	Case=Nom|Number=Plur|Person=1|PronType=Prs	33	nsubj	159	161
tsc-2024-01-17:u0012:s24	33	get	get	VERB	VBP	Mood=Ind|Tense=Pres|VerbForm=Fin	31	acl:relcl	162	165
tsc-2024-01-17:u0012:s24	34	problem	problem	NOUN	NN	Number=Sing	35	compound	166	173
tsc-2024-01-17:u0012:s24	35	reports	report	NOUN	NNS	Number=Plur	33	obj	174	181
tsc-2024-01-17:u0012:s24	36	*	*	PUNCT	NFP	_	35	punct	182	183
tsc-2024-01-17:u0012:s24	37	Darcy	Darcy	NOUN	NN	Number=Sing	33	xcomp	184	189
tsc-2024-01-17:u0012:s24	38	,	,	PUNCT	,	_	33	punct	189	190
tsc-2024-01-17:u0012:s24	39	to	to	PART	TO	_	40	mark	191	193
tsc-2024-01-17:u0012:s24	40	add	add	VERB	VB	VerbForm=Inf	33	xcomp	194	197
tsc-2024-01-17:u0012:s24	41	on	on	ADP	IN	_	45	case	198	200
tsc-2024-01-17:u0012:s24	42	to	to	ADP	IN	_	45	case	201	203
tsc-2024-01-17:u0012:s24	43	Matteo	Matteo	PROPN	NNP	Number=Sing	45	nmod:poss	204	210
tsc-2024-01-17:u0012:s24	44	’s	's	PART	POS	_	43	case	210	212
tsc-2024-01-17:u0012:s24	45	comment	comment	NOUN	NN	Number=Sing	40	obl	213	220
tsc-2024-01-17:u0012:s24	46	about	about	ADP	IN	_	47	case	221	226
tsc-2024-01-17:u0012:s24	47	npm	npm	NOUN	NN	Number=Sing	40	obl	227	230
tsc-2024-01-17:u0012:s24	48	being	be	AUX	VBG	VerbForm=Ger	54	cop	231	236
tsc-2024-01-17:u0012:s24	49	the	the	DET	DT	Definite=Def|PronType=Art	54	det	237	240
tsc-2024-01-17:u0012:s24	50	“	"	PUNCT	``	_	54	punct	241	242
tsc-2024-01-17:u0012:s24	51	official	official	NOUN	NN	Number=Sing	54	compound	242	250
tsc-2024-01-17:u0012:s24	52	”	"	PUNCT	''	_	54	punct	250	251
tsc-2024-01-17:u0012:s24	53	registry	registry	NOUN	NN	Number=Sing	54	compound	252	260
tsc-2024-01-17:u0012:s24	54	client	client	NOUN	NN	Number=Sing	47	acl	261	267
tsc-2024-01-17:u0012:s24	55	,	,	PUNCT	,	_	54	punct	267	268
tsc-2024-01-17:u0012:s24	56	it	it	PRON	PRP	Case=Nom|Gender=Neut|Number=Sing|Person=3|PronType=Prs	60	nsubj	269	271
tsc-2024-01-17:u0012:s24	57	has	have	AUX	VBZ	Mood=Ind|Number=Sing|Person=3|Tense=Pres|VerbForm=Fin	60	aux	272	275
tsc-2024-01-17:u0012:s24	58	a	a	DET	DT	Definite=Ind|PronType=Art	60	det	276	277
tsc-2024-01-17:u0012:s24	59	paid	paid	VERB	VBN	Tense=Past|VerbForm=Part	60	amod	278	282
tsc-2024-01-17:u0012:s24	60	team	team	NOUN	NN	Number=Sing	54	parataxis	283	287
tsc-2024-01-17:u0012:s24	61	to	to	PART	TO	_	62	mark	288	290
tsc-2024-01-17:u0012:s24	62	maintain	maintain	VERB	VB	VerbForm=Inf	60	advcl	291	299
tsc-2024-01-17:u0012:s24	63	.	.	PUNCT	.	_	22	punct	299	300
tsc-2024-01-17:u0012:s25	1	npm	npm	ADV	RB	_	4	advmod	0	3
tsc-2024-01-17:u0012:s25	2	does	do	AUX	VBZ	Mood=Ind|Number=Sing|Person=3|Tense=Pres|VerbForm=Fin	4	aux	4	8
tsc-2024-01-17:u0012:s25	3	self	self	PRON	PRP	_	4	nsubj	9	13
tsc-2024-01-17:u0012:s25	4	regulate	regulate	VERB	VB	VerbForm=Inf	0	root	14	22
tsc-2024-01-17:u0012:s25	5	,	,	PUNCT	,	_	7	punct	22	23
tsc-2024-01-17:u0012:s25	6	respected	respect	VERB	VBN	Tense=Past|VerbForm=Part	7	amod	24	33
tsc-2024-01-17:u0012:s25	7	engines	engine	NOUN	NNS	Number=Plur	4	obj	34	41
tsc-2024-01-17:u0012:s25	8	,	,	PUNCT	,	_	11	punct	41	42
tsc-2024-01-17:u0012:s25	9	it	it	PRON	PRP	Case=Nom|Gender=Neut|Number=Sing|Person=3|PronType=Prs	11	nsubj	43	45
tsc-2024-01-17:u0012:s25	10	will	will	AUX	MD	VerbForm=Fin	11	aux	46	50
tsc-2024-01-17:u0012:s25	11	warn	warn	VERB	VB	VerbForm=Inf	4	conj	51	55
tsc-2024-01-17:u0012:s25	12	or	or	CCONJ	CC	_	13	cc	56	58
tsc-2024-01-17:u0012:s25	13	error	error	NOUN	NN	Number=Sing	11	conj	59	64
tsc-2024-01-17:u0012:s25	14	if	if	SCONJ	IN	_	20	mark	65	67
tsc-2024-01-17:u0012:s25	15	the	the	DET	DT	Definite=Def|PronType=Art	17	det	68	71
tsc-2024-01-17:u0012:s25	16	package	package	NOUN	NN	Number=Sing	17	compound	72	79
tsc-2024-01-17:u0012:s25	17	manager	manager	NOUN	NN	Number=Sing	20	nsubj	80	87
tsc-2024-01-17:u0012:s25	18	does	do	AUX	VBZ	Mood=Ind|Number=Sing|Person=3|Tense=Pres|VerbForm=Fin	20	aux	88	92
tsc-2024-01-17:u0012:s25	19	not	not	PART	RB	_	20	advmod	93	96
tsc-2024-01-17:u0012:s25	20	match	match	VERB	VB	VerbForm=Inf	11	advcl	97	102
tsc-2024-01-17:u0012:s25	21	.	.	PUNCT	.	_	4	punct	102	103
tsc-2024-01-17:u0012:s26	1	Data	data	PROPN	NNP	Number=Sing	2	nsubj	0	4
tsc-2024-01-17:u0012:s26	2	shows	show	VERB	VBZ	Mood=Ind|Number=Sing|Person=3|Tense=Pres|VerbForm=Fin	0	root	5	10
tsc-2024-01-17:u0012:s26	3	it	it	PRON	PRP	Case=Nom|Gender=Neut|Number=Sing|Person=3|PronType=Prs	6	nsubj	11	13
tsc-2024-01-17:u0012:s26	4	has	have	AUX	VBZ	Mood=Ind|Number=Sing|Person=3|Tense=Pres|VerbForm=Fin	6	aux	14	17
tsc-2024-01-17:u0012:s26	5	not	not	PART	RB	_	6	advmod	18	21
tsc-2024-01-17:u0012:s26	6	prevented	prevent	VERB	VBN	Tense=Past|VerbForm=Part	2	ccomp	22	31
tsc-2024-01-17:u0012:s26	7	other	other	ADJ	JJ	Degree=Pos	8	amod	32	37
tsc-2024-01-17:u0012:s26	8	managers	manager	NOUN	NNS	Number=Plur	6	obj	38	46
tsc-2024-01-17:u0012:s26	9	from	from	SCONJ	IN	_	10	mark	47	51
tsc-2024-01-17:u0012:s26	10	entering	enter	VERB	VBG	VerbForm=Ger	6	advcl	52	60
tsc-2024-01-17:u0012:s26	11	a	a	DET	DT	Definite=Ind|PronType=Art	13	det	61	62
tsc-2024-01-17:u0012:s26	12	competing	competing	VERB	VBG	VerbForm=Ger	13	amod	63	72
tsc-2024-01-17:u0012:s26	13	products	product	NOUN	NNS	Number=Plur	10	obj	73	81
tsc-2024-01-17:u0012:s26	14	.	.	PUNCT	.	_	2	punct	81	82
tsc-2024-01-17:u0012:s26	15	*	*	PUNCT	NFP	_	2	punct	83	84
tsc-2024-01-17:u0012:s26	16	Ruy	Ruy	PROPN	NNP	Number=Sing	18	nsubj	85	88
tsc-2024-01-17:u0012:s26	17	,	,	PUNCT	,	_	18	punct	88	89
tsc-2024-01-17:u0012:s26	18	concerned	concern	ADJ	JJ	Degree=Pos	2	parataxis	90	99
tsc-2024-01-17:u0012:s26	19	it	it	PRON	PRP	Case=Nom|Gender=Neut|Number=Sing|Person=3|PronType=Prs	23	nsubj	100	102
tsc-2024-01-17:u0012:s26	20	’s	be	AUX	VBZ	Mood=Ind|Number=Sing|Person=3|Tense=Pres|VerbForm=Fin	23	cop	102	104
tsc-2024-01-17:u0012:s26	21	too	too	ADV	RB	_	22	advmod	105	108
tsc-2024-01-17:u0012:s26	22	much	much	ADJ	JJ	Degree=Pos	23	amod	109	113
tsc-2024-01-17:u0012:s26	23	scope	scope	NOUN	NN	Number=Sing	18	ccomp	114	119
tsc-2024-01-17:u0012:s26	24	to	to	PART	TO	_	25	mark	120	122
tsc-2024-01-17:u0012:s26	25	pull	pull	VERB	VB	VerbForm=Inf	44	csubj	123	127
tsc-2024-01-17:u0012:s26	26	into	into	ADP	IN	_	28	case	128	132
tsc-2024-01-17:u0012:s26	27	the	the	DET	DT	Definite=Def|PronType=Art	28	det	133	136
tsc-2024-01-17:u0012:s26	28	runtime	runtime	NOUN	NN	Number=Sing	25	obl	137	144
tsc-2024-01-17:u0012:s26	29	,	,	PUNCT	,	_	28	punct	144	145
tsc-2024-01-17:u0012:s26	30	Ruy	Ruy	PROPN	NNP	Number=Sing	28	appos	146	149
tsc-2024-01-17:u0012:s26	31	,	,	PUNCT	,	_	25	punct	149	150
tsc-2024-01-17:u0012:s26	32	maybe	maybe	ADV	RB	_	33	advmod	151	156
tsc-2024-01-17:u0012:s26	33	adding	add	VERB	VBG	VerbForm=Ger	25	advcl	157	163
tsc-2024-01-17:u0012:s26	34	other	other	ADJ	JJ	Degree=Pos	36	amod	164	169
tsc-2024-01-17:u0012:s26	35	package	package	NOUN	NN	Number=Sing	36	compound	170	177
tsc-2024-01-17:u0012:s26	36	managers	manager	NOUN	NNS	Number=Plur	33	obj	178	186
tsc-2024-01-17:u0012:s26	37	to	to	ADP	IN	_	39	case	187	189
tsc-2024-01-17:u0012:s26	38	other	other	ADJ	JJ	Degree=Pos	39	amod	190	195
tsc-2024-01-17:u0012:s26	39	containers	container	NOUN	NNS	Number=Plur	36	nmod	196	206
tsc-2024-01-17:u0012:s26	40	might	might	AUX	MD	VerbForm=Fin	44	aux	207	212
tsc-2024-01-17:u0012:s26	41	be	be	AUX	VB	VerbForm=Inf	44	cop	213	215
tsc-2024-01-17:u0012:s26	42	a	a	DET	DT	Definite=Ind|PronType=Art	44	det	216	217
tsc-2024-01-17:u0012:s26	43	better	better	ADJ	JJR	Degree=Cmp	44	amod	218	224
tsc-2024-01-17:u0012:s26	44	way	way	NOUN	NN	Number=Sing	23	parataxis	225	228
tsc-2024-01-17:u0012:s26	45	than	than	ADP	IN	_	46	case	229	233
tsc-2024-01-17:u0012:s26	46	building	building	NOUN	NN	Number=Sing	44	nmod	234	242
tsc-2024-01-17:u0012:s26	47	into	into	ADP	IN	_	49	case	243	247
tsc-2024-01-17:u0012:s26	48	the	the	DET	DT	Definite=Def|PronType=Art	49	det	248	251
tsc-2024-01-17:u0012:s26	49	runtime	runtime	NOUN	NN	Number=Sing	46	nmod	252	259
tsc-2024-01-17:u0012:s26	50	Itself	itself	PRON	PRP	Gender=Neut|Number=Sing|Person=3|PronType=Prs	49	nmod:npmod	260	266
tsc-2024-01-17:u0012:s26	51	.	.	PUNCT	.	_	2	punct	266	267
tsc-2024-01-17:u0012:s27	1	Anecdotal	Anecdotal	ADJ	JJ	Degree=Pos	2	amod	0	9
tsc-2024-01-17:u0012:s27	2	correlation	correlation	NOUN	NN	Number=Sing	0	root	10	21
tsc-2024-01-17:u0012:s27	3	:	:	PUNCT	:	_	2	punct	21	22
tsc-2024-01-17:u0012:s28	1	Yarn	yarn	ADJ	JJ	Degree=Pos	2	amod	0	4
tsc-2024-01-17:u0012:s28	2	v1	v1	NOUN	NN	Number=Sing	5	nsubj:pass	5	7
tsc-2024-01-17:u0012:s28	3	is	be	AUX	VBZ	Mood=Ind|Number=Sing|Person=3|Tense=Pres|VerbForm=Fin	5	aux:pass	8	10
tsc-2024-01-17:u0012:s28	4	currently	currently	ADV	RB	_	5	advmod	11	20
tsc-2024-01-17:u0012:s28	5	shipped	ship	VERB	VBN	Tense=Past|VerbForm=Part|Voice=Pass	0	root	21	28
tsc-2024-01-17:u0012:s28	6	with	with	ADP	IN	_	9	case	29	33
tsc-2024-01-17:u0012:s28	7	our	we	PRON	PRP$	Number=Plur|Person=1|Poss=Yes|PronType=Prs	9	nmod:poss	34	37
tsc-2024-01-17:u0012:s28	8	Docker	Docker	NOUN	NN	Number=Sing	9	compound	38	44
tsc-2024-01-17:u0012:s28	9	image	image	NOUN	NN	Number=Sing	5	obl	45	50
tsc-2024-01-17:u0012:s28	10	and	and	CCONJ	CC	_	17	cc	51	54
tsc-2024-01-17:u0012:s28	11	it	it	PRON	PRP	Case=Nom|Gender=Neut|Number=Sing|Person=3|PronType=Prs	17	nsubj	55	57
tsc-2024-01-17:u0012:s28	12	’s	be	AUX	VBZ	Mood=Ind|Number=Sing|Person=3|Tense=Pres|VerbForm=Fin	17	cop	57	59
tsc-2024-01-17:u0012:s28	13	also	also	ADV	RB	_	17	advmod	60	64
tsc-2024-01-17:u0012:s28	14	the	the	DET	DT	Definite=Def|PronType=Art	17	det	65	68
tsc-2024-01-17:u0012:s28	15	leading	leading	VERB	VBG	VerbForm=Ger	17	amod	69	76
tsc-2024-01-17:u0012:s28	16	package	package	NOUN	NN	Number=Sing	17	compound	77	84
tsc-2024-01-17:u0012:s28	17	manager	manager	NOUN	NN	Number=Sing	5	conj	85	92
tsc-2024-01-17:u0012:s28	18	showing	show	VERB	VBG	VerbForm=Ger	17	acl	93	100
tsc-2024-01-17:u0012:s28	19	up	up	ADP	RP	_	18	compound:prt	101	103
tsc-2024-01-17:u0012:s28	20	in	in	ADP	IN	_	21	case	104	106
tsc-2024-01-17:u0012:s28	21	data	data	NOUN	NN	Number=Sing	18	obl	107	111
tsc-2024-01-17:u0012:s28	22	shared	share	VERB	VBN	Tense=Past|VerbForm=Part	21	acl	112	118
tsc-2024-01-17:u0012:s28	23	by	by	ADP	IN	_	27	case	119	121
tsc-2024-01-17:u0012:s28	24	the	the	DET	DT	Definite=Def|PronType=Art	27	det	122	125
tsc-2024-01-17:u0012:s28	25	npm	npm	NOUN	NN	Number=Sing	26	compound	126	129
tsc-2024-01-17:u0012:s28	26	registry	registry	NOUN	NN	Number=Sing	27	compound	130	138
tsc-2024-01-17:u0012:s28	27	team	team	NOUN	NN	Number=Sing	22	obl	139	143
tsc-2024-01-17:u0012:s28	28	.	.	PUNCT	.	_	5	punct	143	144
tsc-2024-01-17:u0012:s28	29	*	*	PUNCT	NFP	_	5	punct	145	146
tsc-2024-01-17:u0012:s28	30	Steven	Steven	PROPN	NNP	Number=Sing	5	conj	147	153
tsc-2024-01-17:u0012:s28	31	,	,	PUNCT	,	_	30	punct	153	154
tsc-2024-01-17:u0012:s28	32	the	the	DET	DT	Definite=Def|PronType=Art	35	det	155	158
tsc-2024-01-17:u0012:s28	33	whole	whole	ADJ	JJ	Degree=Pos	35	amod	159	164
tsc-2024-01-17:u0012:s28	34	anti-competitive	anti-competitive	ADJ	JJ	Degree=Pos	35	amod	165	181
tsc-2024-01-17:u0012:s28	35	nature	nature	NOUN	NN	Number=Sing	30	appos	182	188
tsc-2024-01-17:u0012:s28	36	,	,	PUNCT	,	_	39	punct	188	189
tsc-2024-01-17:u0012:s28	37	but	but	CCONJ	CC	_	39	cc	190	193
tsc-2024-01-17:u0012:s28	38	key	key	ADJ	JJ	Degree=Pos	39	amod	194	197
tsc-2024-01-17:u0012:s28	39	problem	problem	NOUN	NN	Number=Sing	5	conj	198	205
tsc-2024-01-17:u0012:s28	40	it	it	PRON	PRP	Case=Nom|Gender=Neut|Number=Sing|Person=3|PronType=Prs	41	nsubj	206	208
tsc-2024-01-17:u0012:s28	41	solves	solve	VERB	VBZ	Mood=Ind|Number=Sing|Person=3|Tense=Pres|VerbForm=Fin	39	ccomp	209	215
tsc-2024-01-17:u0012:s28	42	it	it	SCONJ	IN	_	43	mark	216	218
tsc-2024-01-17:u0012:s28	43	choosing	choose	VERB	VBG	VerbForm=Ger	41	advcl	219	227
tsc-2024-01-17:u0012:s28	44	the	the	DET	DT	Definite=Def|PronType=Art	46	det	228	231
tsc-2024-01-17:u0012:s28	45	right	right	ADJ	JJ	Degree=Pos	46	amod	232	237
tsc-2024-01-17:u0012:s28	46	version	version	NOUN	NN	Number=Sing	43	obj	238	245
tsc-2024-01-17:u0012:s28	47	of	of	ADP	IN	_	50	case	246	248
tsc-2024-01-17:u0012:s28	48	the	the	DET	DT	Definite=Def|PronType=Art	50	det	249	252
tsc-2024-01-17:u0012:s28	49	package	package	NOUN	NN	Number=Sing	50	compound	253	260
tsc-2024-01-17:u0012:s28	50	manager	manager	NOUN	NN	Number=Sing	46	nmod	261	268
tsc-2024-01-17:u0012:s28	51	which	which	PRON	WDT	PronType=Rel	57	obj	269	274
tsc-2024-01-17:u0012:s28	52	the	the	DET	DT	Definite=Def|PronType=Art	54	det	275	278
tsc-2024-01-17:u0012:s28	53	other	other	ADJ	JJ	Degree=Pos	54	amod	279	284
tsc-2024-01-17:u0012:s28	54	tools	tool	NOUN	NNS	Number=Plur	57	nsubj	285	290
tsc-2024-01-17:u0012:s28	55	do	do	AUX	VBP	Mood=Ind|Tense=Pres|VerbForm=Fin	57	aux	291	293
tsc-2024-01-17:u0012:s28	56	n’t	not	PART	RB	_	57	advmod	293	296
tsc-2024-01-17:u0012:s28	57	fix	fix	VERB	VB	VerbForm=Inf	50	acl:relcl	297	300
tsc-2024-01-17:u0012:s28	58	.	.	PUNCT	.	_	5	punct	300	301
tsc-2024-01-17:u0012:s29	1	Seems	seem	VERB	VBZ	Mood=Ind|Number=Sing|Person=3|Tense=Pres|VerbForm=Fin	8	parataxis	0	5
tsc-2024-01-17:u0012:s29	2	like	like	SCONJ	IN	_	6	mark	6	10
tsc-2024-01-17:u0012:s29	3	this	this	PRON	DT	Number=Sing|PronType=Dem	6	nsubj:pass	11	15
tsc-2024-01-17:u0012:s29	4	has	have	AUX	VBZ	Mood=Ind|Number=Sing|Person=3|Tense=Pres|VerbForm=Fin	6	aux	16	19
tsc-2024-01-17:u0012:s29	5	been	be	AUX	VBN	Tense=Past|VerbForm=Part	6	aux:pass	20	24
tsc-2024-01-17:u0012:s29	6	overlooked	overlook	VERB	VBN	Tense=Past|VerbForm=Part	1	advcl	25	35
tsc-2024-01-17:u0012:s29	7	*	*	PUNCT	NFP	_	1	punct	36	37
tsc-2024-01-17:u0012:s29	8	lib	lib	NOUN	NN	Number=Sing	22	nsubj	38	41
tsc-2024-01-17:u0012:s29	9	:	:	PUNCT	:	_	8	punct	41	42
tsc-2024-01-17:u0012:s29	10	promote	promote	ADJ	JJ	Degree=Pos	11	amod	43	50
tsc-2024-01-17:u0012:s29	11	process.binding/_tickCallback	process.binding/_tickCallback	NOUN	NN	Number=Sing	8	appos	51	80
tsc-2024-01-17:u0012:s29	12	to	to	PART	TO	_	13	mark	81	83
tsc-2024-01-17:u0012:s29	13	runtime	runtime	VERB	VB	VerbForm=Inf	11	acl	84	91
tsc-2024-01-17:u0012:s29	14	deprecation	deprecation	NOUN	NN	Number=Sing	16	compound	92	103
tsc-2024-01-17:u0012:s29	15	[	[	PUNCT	-LRB-	_	16	punct	104	105
tsc-2024-01-17:u0012:s29	16	#50687	#50687	NOUN	NN	Number=Sing	13	obj	105	111
tsc-2024-01-17:u0012:s29	17	]	]	PUNCT	-RRB-	_	16	punct	111	112
tsc-2024-01-17:u0012:s29	18	(	(	PUNCT	-LRB-	_	19	punct	112	113
tsc-2024-01-17:u0012:s29	19	https://github.com/nodejs/node/pull/50687	https://github.com/nodejs/node/pull/50687	X	LS	_	16	appos	113	154
tsc-2024-01-17:u0012:s29	20	)	)	PUNCT	-RRB-	_	19	punct	154	155
tsc-2024-01-17:u0012:s29	21	*	*	PUNCT	NFP	_	8	punct	156	157
tsc-2024-01-17:u0012:s29	22	skipped	skip	VERB	VBD	Mood=Ind|Tense=Past|VerbForm=Fin	0	root	158	165
tsc-2024-01-17:u0012:s29	23	not	not	PART	RB	_	25	advmod	166	169
tsc-2024-01-17:u0012:s29	24	enough	enough	ADJ	JJ	Degree=Pos	25	amod	170	176
tsc-2024-01-17:u0012:s29	25	time	time	NOUN	NN	Number=Sing	22	parataxis	177	181
tsc-2024-01-17:u0012:s29	26	this	this	DET	DT	Number=Sing|PronType=Dem	29	det	182	186
tsc-2024-01-17:u0012:s29	27	week	week	NOUN	NN	Number=Sing	29	compound	187	191
tsc-2024-01-17:u0012:s29	28	*	*	PUNCT	NFP	_	29	punct	192	193
tsc-2024-01-17:u0012:s29	29	lib	lib	NOUN	NN	Number=Sing	25	obj	194	197
tsc-2024-01-17:u0012:s29	30	:	:	PUNCT	:	_	29	punct	197	198
tsc-2024-01-17:u0012:s29	31	rewrite	rewrite	ADJ	JJ	Degree=Pos	32	amod	199	206
tsc-2024-01-17:u0012:s29	32	AsyncLocalStorage	AsyncLocalStorage	NOUN	NN	Number=Sing	29	appos	207	224
tsc-2024-01-17:u0012:s29	33	without	without	ADP	IN	_	34	case	225	232
tsc-2024-01-17:u0012:s29	34	async_hooks	async_hook	NOUN	NNS	Number=Plur	25	nmod	233	244
tsc-2024-01-17:u0012:s29	35	[	[	PUNCT	-LRB-	_	36	punct	245	246
tsc-2024-01-17:u0012:s29	36	#48528	#48528	NUM	CD	NumType=Card	34	appos	246	252
tsc-2024-01-17:u0012:s29	37	]	]	PUNCT	-RRB-	_	36	punct	252	253
tsc-2024-01-17:u0012:s29	38	(	(	PUNCT	-LRB-	_	39	punct	253	254
tsc-2024-01-17:u0012:s29	39	https://github.com/nodejs/node/pull/48528	https://github.com/nodejs/node/pull/48528	X	LS	_	36	appos	254	295
tsc-2024-01-17:u0012:s29	40	)	)	PUNCT	-RRB-	_	39	punct	295	296
tsc-2024-01-17:u0012:s29	41	*	*	PUNCT	NFP	_	39	punct	297	298
tsc-2024-01-17:u0012:s29	42	skipped	skip	VERB	VBD	Mood=Ind|Tense=Past|VerbForm=Fin	22	conj	299	306
tsc-2024-01-17:u0012:s29	43	not	not	PART	RB	_	45	advmod	307	310
tsc-2024-01-17:u0012:s29	44	enough	enough	ADJ	JJ	Degree=Pos	45	amod	311	317
tsc-2024-01-17:u0012:s29	45	time	time	NOUN	NN	Number=Sing	42	xcomp	318	322
tsc-2024-01-17:u0012:s29	46	this	this	DET	DT	Number=Sing|PronType=Dem	47	det	323	327
tsc-2024-01-17:u0012:s29	47	week	week	NOUN	NN	Number=Sing	45	nmod:tmod	328	332
tsc-2024-01-17:u0013:s00	1	###	###	SYM	NFP	_	0	root	0	3
tsc-2024-01-17:u0013:s00	2	nodejs	nodej	NOUN	NNS	Number=Plur	1	compound	4	10
tsc-2024-01-17:u0013:s00	3	/	/	PUNCT	,	_	4	cc	10	11
tsc-2024-01-17:u0013:s00	4	admin	admin	NOUN	NN	Number=Sing	2	conj	11	16
tsc-2024-01-17:u0014:s00	1	*	*	PUNCT	NFP	_	2	punct	0	1
tsc-2024-01-17:u0014:s00	2	Redesign	Redesign	NOUN	NN	Number=Sing	15	nsubj	2	10
tsc-2024-01-17:u0014:s00	3	of	of	ADP	IN	_	5	case	11	13
tsc-2024-01-17:u0014:s00	4	Node.js	Node.js	PROPN	NNP	Number=Sing	5	compound	14	21
tsc-2024-01-17:u0014:s00	5	Website	website	PROPN	NNP	Number=Sing	14	compound	22	29
tsc-2024-01-17:u0014:s00	6	[	[	PUNCT	-LRB-	_	7	punct	30	31
tsc-2024-01-17:u0014:s00	7	#	#	SYM	NN	Number=Sing	11	appos	31	32
tsc-2024-01-17:u0014:s00	8	818	818	NUM	CD	NumType=Card	7	nummod	32	35
tsc-2024-01-17:u0014:s00	9	]	]	PUNCT	-RRB-	_	7	punct	35	36
tsc-2024-01-17:u0014:s00	10	(	(	PUNCT	-LRB-	_	11	punct	36	37
tsc-2024-01-17:u0014:s00	11	https://github.com/nodejs/admin/issues/818	https://github.com/nodejs/admin/issues/818	X	LS	_	5	appos	37	79
tsc-2024-01-17:u0014:s00	12	)	)	PUNCT	-RRB-	_	11	punct	79	80
tsc-2024-01-17:u0014:s00	13	*	*	PUNCT	NFP	_	11	punct	81	82
tsc-2024-01-17:u0014:s00	14	Claudio	Claudio	PROPN	NNP	Number=Sing	2	appos	83	90
tsc-2024-01-17:u0014:s00	15	Wanted	want	VERB	VBD	Mood=Ind|Tense=Past|VerbForm=Fin	0	root	91	97
tsc-2024-01-17:u0014:s00	16	to	to	PART	TO	_	17	mark	98	100
tsc-2024-01-17:u0014:s00	17	give	give	VERB	VB	VerbForm=Inf	15	xcomp	101	105
tsc-2024-01-17:u0014:s00	18	a	a	DET	DT	Definite=Ind|PronType=Art	20	det	106	107
tsc-2024-01-17:u0014:s00	19	quick	quick	ADJ	JJ	Degree=Pos	20	amod	108	113
tsc-2024-01-17:u0014:s00	20	overview	overview	NOUN	NN	Number=Sing	17	obj	114	122
tsc-2024-01-17:u0014:s00	21	and	and	CCONJ	CC	_	22	cc	123	126
tsc-2024-01-17:u0014:s00	22	have	have	VERB	VBP	Mood=Ind|Tense=Pres|VerbForm=Fin	15	conj	127	131
tsc-2024-01-17:u0014:s00	23	space	space	NOUN	NN	Number=Sing	22	obj	132	137
tsc-2024-01-17:u0014:s00	24	for	for	ADP	IN	_	26	case	138	141
tsc-2024-01-17:u0014:s00	25	some	some	DET	DT	_	26	det	142	146
tsc-2024-01-17:u0014:s00	26	discussion	discussion	NOUN	NN	Number=Sing	23	nmod	147	157
tsc-2024-01-17:u0014:s00	27	on	on	ADP	IN	_	29	case	158	160
tsc-2024-01-17:u0014:s00	28	key	key	ADJ	JJ	Degree=Pos	29	amod	161	164
tsc-2024-01-17:u0014:s00	29	questions	question	NOUN	NNS	Number=Plur	26	nmod	165	174
tsc-2024-01-17:u0014:s00	30	/	/	PUNCT	,	_	31	cc	174	175
tsc-2024-01-17:u0014:s00	31	concerns	concern	NOUN	NNS	Number=Plur	29	conj	175	183
tsc-2024-01-17:u0014:s00	32	*	*	PUNCT	NFP	_	33	punct	184	185
tsc-2024-01-17:u0014:s00	33	Claudio	Claudio	PROPN	NNP	Number=Sing	29	conj	186	193
tsc-2024-01-17:u0014:s00	34	,	,	PUNCT	,	_	35	punct	193	194
tsc-2024-01-17:u0014:s00	35	showed	show	VERB	VBD	Mood=Ind|Tense=Past|VerbForm=Fin	15	conj	195	201
tsc-2024-01-17:u0014:s00	36	what	what	PRON	WP	PronType=Int	54	obj	202	206
tsc-2024-01-17:u0014:s00	37	the	the	DET	DT	Definite=Def|PronType=Art	50	det	207	210
tsc-2024-01-17:u0014:s00	38	flagged	flag	VERB	VBD	Mood=Ind|Tense=Past|VerbForm=Fin	43	amod	211	218
tsc-2024-01-17:u0014:s00	39	(	(	PUNCT	-LRB-	_	41	punct	219	220
tsc-2024-01-17:u0014:s00	40	not	not	ADV	RB	_	41	advmod	220	223
tsc-2024-01-17:u0014:s00	41	visible	visible	ADJ	JJ	Degree=Pos	38	parataxis	224	231
tsc-2024-01-17:u0014:s00	42	)	)	PUNCT	-RRB-	_	41	punct	231	232
tsc-2024-01-17:u0014:s00	43	version	version	NOUN	NN	Number=Sing	50	conj	233	240
tsc-2024-01-17:u0014:s00	44	of	of	ADP	IN	_	48	case	241	243
tsc-2024-01-17:u0014:s00	45	the	the	DET	DT	Definite=Def|PronType=Art	48	det	244	247
tsc-2024-01-17:u0014:s00	46	home	home	NOUN	NN	Number=Sing	47	compound	248	252
tsc-2024-01-17:u0014:s00	47	page	page	NOUN	NN	Number=Sing	48	compound	253	257
tsc-2024-01-17:u0014:s00	48	shows	show	NOUN	NNS	Number=Plur	43	nmod	258	263
tsc-2024-01-17:u0014:s00	49	*	*	PUNCT	NFP	_	43	punct	264	265
tsc-2024-01-17:u0014:s00	50	Michael	Michael	PROPN	NNP	Number=Sing	54	nsubj	266	273
tsc-2024-01-17:u0014:s00	51	,	,	PUNCT	,	_	54	punct	273	274
tsc-2024-01-17:u0014:s00	52	does	do	AUX	VBZ	Mood=Ind|Number=Sing|Person=3|Tense=Pres|VerbForm=Fin	54	aux	275	279
tsc-2024-01-17:u0014:s00	53	it	it	PRON	PRP	Case=Nom|Gender=Neut|Number=Sing|Person=3|PronType=Prs	54	nsubj	280	282
tsc-2024-01-17:u0014:s00	54	work	work	VERB	VB	VerbForm=Inf	15	ccomp	283	287
tsc-2024-01-17:u0014:s00	55	across	across	ADP	IN	_	57	case	288	294
tsc-2024-01-17:u0014:s00	56	all	all	DET	DT	_	57	det	295	298
tsc-2024-01-17:u0014:s00	57	platforms	platform	NOUN	NNS	Number=Plur	54	obl	299	308
tsc-2024-01-17:u0014:s00	58	,	,	PUNCT	,	_	59	punct	308	309
tsc-2024-01-17:u0014:s00	59	Claudio	Claudio	PROPN	NNP	Number=Sing	57	conj	310	317
tsc-2024-01-17:u0014:s00	60	,	,	PUNCT	,	_	15	punct	317	318
tsc-2024-01-17:u0014:s00	61	yes	yes	INTJ	UH	_	15	discourse	319	322
tsc-2024-01-17:u0014:s00	62	.	.	PUNCT	.	_	15	punct	322	323
tsc-2024-01-17:u0014:s00	63	*	*	PUNCT	NFP	_	15	punct	324	325
tsc-2024-01-17:u0014:s00	64	Michael	Michael	PROPN	NNP	Number=Sing	15	obj	326	333
tsc-2024-01-17:u0014:s00	65	,	,	PUNCT	,	_	15	punct	333	334
tsc-2024-01-17:u0014:s00	66	would	would	AUX	MD	VerbForm=Fin	68	aux	335	340
tsc-2024-01-17:u0014:s00	67	it	it	PRON	PRP	Case=Nom|Gender=Neut|Number=Sing|Person=3|PronType=Prs	68	expl	341	343
tsc-2024-01-17:u0014:s00	68	make	make	VERB	VB	VerbForm=Inf	15	ccomp	344	348
tsc-2024-01-17:u0014:s00	69	sense	sense	NOUN	NN	Number=Sing	68	obj	349	354
tsc-2024-01-17:u0014:s00	70	to	to	PART	TO	_	71	mark	355	357
tsc-2024-01-17:u0014:s00	71	add	add	VERB	VB	VerbForm=Inf	68	xcomp	358	361
tsc-2024-01-17:u0014:s00	72	another	another	DET	DT	_	73	det	362	369
tsc-2024-01-17:u0014:s00	73	line	line	NOUN	NN	Number=Sing	71	obj	370	374
tsc-2024-01-17:u0014:s00	74	after	after	ADP	IN	_	77	case	375	380
tsc-2024-01-17:u0014:s00	75	the	the	DET	DT	Definite=Def|PronType=Art	77	det	381	384
tsc-2024-01-17:u0014:s00	76	“	"	PUNCT	``	_	77	punct	385	386
tsc-2024-01-17:u0014:s00	77	Downloads	download	NOUN	NNS	Number=Plur	71	obl	386	395
tsc-2024-01-17:u0014:s00	78	…	.	PUNCT	.	_	15	punct	396	397
tsc-2024-01-17:u0014:s00	79	”	"	PUNCT	''	_	15	punct	397	398
tsc-2024-01-17:u0014:s00	80	which	which	PRON	WDT	PronType=Rel	81	nsubj	399	404
tsc-2024-01-17:u0014:s00	81	says	say	VERB	VBZ	Mood=Ind|Number=Sing|Person=3|Tense=Pres|VerbForm=Fin	15	acl:relcl	405	409
tsc-2024-01-17:u0014:s00	82	something	something	PRON	NN	Number=Sing	89	nsubj	410	419
tsc-2024-01-17:u0014:s00	83	like	like	ADP	IN	_	84	case	420	424
tsc-2024-01-17:u0014:s00	84	Downloads	download	NOUN	NNS	Number=Plur	82	nmod	425	434
tsc-2024-01-17:u0014:s00	85	for	for	ADP	IN	_	87	case	435	438
tsc-2024-01-17:u0014:s00	86	other	other	ADJ	JJ	Degree=Pos	87	amod	439	444
tsc-2024-01-17:u0014:s00	87	platforms	platform	NOUN	NNS	Number=Plur	84	nmod	445	454
tsc-2024-01-17:u0014:s00	88	are	be	AUX	VBP	Mood=Ind|Tense=Pres|VerbForm=Fin	89	cop	455	458
tsc-2024-01-17:u0014:s00	89	available	available	ADJ	JJ	Degree=Pos	81	ccomp	459	468
tsc-2024-01-17:u0014:s00	90	here	here	ADV	RB	PronType=Dem	89	advmod	469	473
tsc-2024-01-17:u0014:s00	91	”	"	PUNCT	''	_	81	punct	473	474
tsc-2024-01-17:u0014:s00	92	*	*	PUNCT	NFP	_	81	punct	475	476
tsc-2024-01-17:u0014:s00	93	Geoffrey	Geoffrey	INTJ	UH	_	96	discourse	477	485
tsc-2024-01-17:u0014:s00	94	,	,	PUNCT	,	_	96	punct	485	486
tsc-2024-01-17:u0014:s00	95	we	we	PRON	PRP	Case=Nom|Number=Plur|Person=1|PronType=Prs	96	nsubj	487	489
tsc-2024-01-17:u0014:s00	96	need	need	VERB	VBP	Mood=Ind|Tense=Pres|VerbForm=Fin	81	ccomp	490	494
tsc-2024-01-17:u0014:s00	97	to	to	PART	TO	_	98	mark	495	497
tsc-2024-01-17:u0014:s00	98	change	change	VERB	VB	VerbForm=Inf	96	xcomp	498	504
tsc-2024-01-17:u0014:s00	99	/	/	PUNCT	,	_	100	punct	504	505
tsc-2024-01-17:u0014:s00	100	agree	agree	VERB	VB	VerbForm=Inf	98	conj	505	510
tsc-2024-01-17:u0014:s00	101	on	on	ADP	IN	_	102	case	511	513
tsc-2024-01-17:u0014:s00	102	description	description	NOUN	NN	Number=Sing	100	obl	514	525
tsc-2024-01-17:u0014:s00	103	of	of	ADP	IN	_	104	case	526	528
tsc-2024-01-17:u0014:s00	104	Node.js	Node.js	PROPN	NNPS	Number=Plur	102	nmod	529	536
tsc-2024-01-17:u0014:s01	1	before	before	ADP	IN	_	4	case	0	6
tsc-2024-01-17:u0014:s01	2	landing	landing	NOUN	NN	Number=Sing	4	compound	7	14
tsc-2024-01-17:u0014:s01	3	*	*	PUNCT	NFP	_	4	punct	15	16
tsc-2024-01-17:u0014:s01	4	Claudio	Claudio	NOUN	NN	Number=Sing	6	obl	17	24
tsc-2024-01-17:u0014:s01	5	,	,	PUNCT	,	_	6	punct	24	25
tsc-2024-01-17:u0014:s01	6	learn	learn	VERB	VB	Mood=Imp|VerbForm=Fin	0	root	26	31
tsc-2024-01-17:u0014:s01	7	section	section	NOUN	NN	Number=Sing	6	obj	32	39
tsc-2024-01-17:u0014:s01	8	,	,	PUNCT	,	_	6	punct	39	40
tsc-2024-01-17:u0014:s01	9	moving	move	VERB	VBG	VerbForm=Ger	6	advcl	41	47
tsc-2024-01-17:u0014:s01	10	a	a	DET	DT	Definite=Ind|PronType=Art	11	det	48	49
tsc-2024-01-17:u0014:s01	11	bunch	bunch	NOUN	NN	Number=Sing	9	obj	50	55
tsc-2024-01-17:u0014:s01	12	of	of	ADP	IN	_	14	case	56	58
tsc-2024-01-17:u0014:s01	13	the	the	DET	DT	Definite=Def|PronType=Art	14	det	59	62
tsc-2024-01-17:u0014:s01	14	guides	guide	NOUN	NNS	Number=Plur	11	nmod	63	69
tsc-2024-01-17:u0014:s01	15	over	over	ADP	IN	_	18	case	70	74
tsc-2024-01-17:u0014:s01	16	to	to	ADP	IN	_	18	case	75	77
tsc-2024-01-17:u0014:s01	17	new	new	ADJ	JJ	Degree=Pos	18	amod	78	81
tsc-2024-01-17:u0014:s01	18	section	section	NOUN	NN	Number=Sing	9	obl	82	89
tsc-2024-01-17:u0014:s01	19	.	.	PUNCT	.	_	6	punct	89	90
tsc-2024-01-17:u0014:s02	1	Plan	plan	NOUN	NN	Number=Sing	2	nsubj	0	4
tsc-2024-01-17:u0014:s02	2	is	be	VERB	VBZ	Mood=Ind|Number=Sing|Person=3|Tense=Pres|VerbForm=Fin	0	root	5	7
tsc-2024-01-17:u0014:s02	3	to	to	PART	TO	_	4	mark	8	10
tsc-2024-01-17:u0014:s02	4	release	release	VERB	VB	VerbForm=Inf	2	ccomp	11	18
tsc-2024-01-17:u0014:s02	5	website	website	NOUN	NN	Number=Sing	4	obj	19	26
tsc-2024-01-17:u0014:s02	6	mid	mid	ADP	IN	_	8	case	27	30
tsc-2024-01-17:u0014:s02	7	this	this	DET	DT	Number=Sing|PronType=Dem	8	det	31	35
tsc-2024-01-17:u0014:s02	8	year	year	NOUN	NN	Number=Sing	4	obl	36	40
tsc-2024-01-17:u0014:s02	9	,	,	PUNCT	,	_	2	punct	40	41
tsc-2024-01-17:u0014:s02	10	*	*	PUNCT	NFP	_	2	punct	42	43
tsc-2024-01-17:u0014:s02	11	Claudio	Claudio	INTJ	UH	_	2	discourse	44	51
tsc-2024-01-17:u0014:s02	12	,	,	PUNCT	,	_	2	punct	51	52
tsc-2024-01-17:u0014:s03	1	Took	take	VERB	VBD	Mood=Ind|Tense=Past|VerbForm=Fin	0	root	0	4
tsc-2024-01-17:u0014:s03	2	us	we	PRON	PRP	Case=Acc|Number=Plur|Person=1|PronType=Prs	1	obj	5	7
tsc-2024-01-17:u0014:s03	3	through	through	ADV	RB	_	4	advmod	8	15
tsc-2024-01-17:u0014:s03	4	many	many	ADJ	JJ	Degree=Pos	1	advmod	16	20
tsc-2024-01-17:u0014:s03	5	of	of	ADP	IN	_	7	case	21	23
tsc-2024-01-17:u0014:s03	6	the	the	DET	DT	Definite=Def|PronType=Art	7	det	24	27
tsc-2024-01-17:u0014:s03	7	pages	page	NOUN	NNS	Number=Plur	4	obl	28	33
tsc-2024-01-17:u0014:s03	8	,	,	PUNCT	,	_	7	punct	33	34
tsc-2024-01-17:u0014:s03	9	likely	likely	ADJ	JJ	Degree=Pos	11	amod	35	41
tsc-2024-01-17:u0014:s03	10	separate	separate	ADJ	JJ	Degree=Pos	11	amod	42	50
tsc-2024-01-17:u0014:s03	11	meeting	meeting	NOUN	NN	Number=Sing	7	appos	51	58
tsc-2024-01-17:u0014:s03	12	on	on	ADP	IN	_	15	case	59	61
tsc-2024-01-17:u0014:s03	13	the	the	DET	DT	Definite=Def|PronType=Art	15	det	62	65
tsc-2024-01-17:u0014:s03	14	downloads	download	NOUN	NNS	Number=Plur	15	compound	66	75
tsc-2024-01-17:u0014:s03	15	page	page	NOUN	NN	Number=Sing	11	nmod	76	80
tsc-2024-01-17:u0014:s03	16	.	.	PUNCT	.	_	1	punct	80	81
tsc-2024-01-17:u0014:s03	17	*	*	PUNCT	NFP	_	1	punct	82	83
tsc-2024-01-17:u0014:s03	18	working	work	VERB	VBG	VerbForm=Ger	1	parataxis	84	91
tsc-2024-01-17:u0014:s03	19	on	on	SCONJ	IN	_	20	mark	92	94
tsc-2024-01-17:u0014:s03	20	adding	add	VERB	VBG	VerbForm=Ger	18	advcl	95	101
tsc-2024-01-17:u0014:s03	21	search	search	DET	WDT	PronType=Int	22	det	102	108
tsc-2024-01-17:u0014:s03	22	bar	bar	NOUN	NN	Number=Sing	27	compound	109	112
tsc-2024-01-17:u0014:s03	23	*	*	PUNCT	NFP	_	22	punct	113	114
tsc-2024-01-17:u0014:s03	24	Events	event	NOUN	NNS	Number=Plur	26	compound	115	121
tsc-2024-01-17:u0014:s03	25	/	/	PUNCT	,	_	26	punct	122	123
tsc-2024-01-17:u0014:s03	26	Collaborator	Collaborator	NOUN	NN	Number=Sing	22	conj	124	136
tsc-2024-01-17:u0014:s03	27	Summits	Summit	NOUN	NNS	Number=Plur	20	nmod	137	144
tsc-2024-01-17:u0014:s03	28	for	for	ADP	IN	_	27	case	145	148
tsc-2024-01-17:u0014:s03	29	2024	2024	NUM	CD	NumType=Card	27	nummod	149	153
tsc-2024-01-17:u0014:s03	30	[	[	PUNCT	-LRB-	_	27	punct	154	155
tsc-2024-01-17:u0014:s03	31	#	#	SYM	NN	Number=Sing	27	amod	155	156
tsc-2024-01-17:u0014:s03	32	814	814	NUM	CD	NumType=Card	31	nummod	156	159
tsc-2024-01-17:u0014:s03	33	]	]	PUNCT	-RRB-	_	27	punct	159	160
tsc-2024-01-17:u0014:s03	34	(	(	PUNCT	-LRB-	_	35	punct	160	161
tsc-2024-01-17:u0014:s03	35	https://github.com/nodejs/admin/issues/814	https://github.com/nodejs/admin/issues/814	X	ADD	_	27	appos	161	203
tsc-2024-01-17:u0014:s03	36	)	)	PUNCT	-RRB-	_	35	punct	203	204
tsc-2024-01-17:u0015:s00	1	##	##	PUNCT	.	_	0	root	0	2
tsc-2024-01-17:u0015:s01	1	Strategic	strategic	ADJ	JJ	Degree=Pos	2	amod	0	9
tsc-2024-01-17:u0015:s01	2	Initiatives	initiative	NOUN	NNS	Number=Plur	0	root	10	21
tsc-2024-01-17:u0015:s01	3	*	*	PUNCT	NFP	_	2	punct	22	23
tsc-2024-01-17:u0015:s01	4	skipped	skip	VERB	VBN	Tense=Past|VerbForm=Part	2	acl	24	31
tsc-2024-01-17:u0015:s01	5	this	this	DET	DT	Number=Sing|PronType=Dem	6	det	32	36
tsc-2024-01-17:u0015:s01	6	week	week	NOUN	NN	Number=Sing	4	obl:tmod	37	41
tsc-2024-01-17:u0016:s00	1	##	##	PUNCT	.	_	0	root	0	2
tsc-2024-01-17:u0016:s01	1	Upcoming	upcoming	ADJ	JJ	Degree=Pos	2	amod	0	8
tsc-2024-01-17:u0016:s01	2	Meetings	meeting	NOUN	NNS	Number=Plur	0	root	9	17
tsc-2024-01-17:u0017:s00	1	*	*	PUNCT	NFP	_	3	punct	0	1
tsc-2024-01-17:u0017:s00	2	**Node.js	**Node.js	PROPN	NNP	Number=Sing	3	compound	2	11
tsc-2024-01-17:u0017:s00	3	Project	project	PROPN	NNP	Number=Sing	0	root	12	19
tsc-2024-01-17:u0017:s00	4	Calendar	calendar	PROPN	NNP	Number=Sing	3	flat	20	28
tsc-2024-01-17:u0017:s00	5	**:	**:	PUNCT	.	_	3	punct	28	31
tsc-2024-01-17:u0017:s00	6	<	<	PUNCT	-LRB-	_	7	punct	32	33
tsc-2024-01-17:u0017:s00	7	https://nodejs.org/calendar	https://nodejs.org/calendar	NOUN	NN	Number=Sing	3	list	33	60
tsc-2024-01-17:u0017:s00	8	>	>	PUNCT	-RRB-	_	7	punct	60	61
tsc-2024-01-17:u0018:s00	1	Click	click	VERB	VB	Mood=Imp|VerbForm=Fin	0	root	0	5
tsc-2024-01-17:u0018:s00	2	`+	`+	SYM	$	_	3	punct	6	8
tsc-2024-01-17:u0018:s00	3	GoogleCalendar	GoogleCalendar	PROPN	NNP	Number=Sing	1	obj	8	22
tsc-2024-01-17:u0018:s00	4	`	`	PUNCT	``	_	3	punct	22	23
tsc-2024-01-17:u0018:s00	5	at	at	ADP	IN	_	8	case	24	26
tsc-2024-01-17:u0018:s00	6	the	the	DET	DT	Definite=Def|PronType=Art	8	det	27	30
tsc-2024-01-17:u0018:s00	7	bottom	bottom	ADJ	JJ	Degree=Pos	8	amod	31	37
tsc-2024-01-17:u0018:s00	8	right	right	NOUN	NN	Number=Sing	1	obl	38	43
tsc-2024-01-17:u0018:s00	9	to	to	PART	TO	_	10	mark	44	46
tsc-2024-01-17:u0018:s00	10	add	add	VERB	VB	VerbForm=Inf	1	advcl	47	50
tsc-2024-01-17:u0018:s00	11	to	to	ADP	IN	_	15	case	51	53
tsc-2024-01-17:u0018:s00	12	your	you	PRON	PRP$	Person=2|Poss=Yes|PronType=Prs	15	nmod:poss	54	58
tsc-2024-01-17:u0018:s00	13	own	own	ADJ	JJ	Degree=Pos	15	amod	59	62
tsc-2024-01-17:u0018:s00	14	Google	Google	PROPN	NNP	Number=Sing	15	compound	63	69
tsc-2024-01-17:u0018:s00	15	calendar	calendar	NOUN	NN	Number=Sing	10	obl	70	78
tsc-2024-01-17:u0018:s00	16	.	.	PUNCT	.	_	1	punct	78	79
tsc-2024-02-07:u0000:s00	1	#	#	SYM	NN	Number=Sing	2	compound	0	1
tsc-2024-02-07:u0000:s00	2	Node.js	Node.js	PROPN	NNP	Number=Sing	5	compound	2	9
tsc-2024-02-07:u0000:s00	3	Technical	technical	PROPN	NNP	Number=Sing	5	compound	10	19
tsc-2024-02-07:u0000:s00	4	Steering	steering	PROPN	NNP	Number=Sing	5	compound	20	28
tsc-2024-02-07:u0000:s00	5	Committee	committee	PROPN	NNP	Number=Sing	0	root	29	38
tsc-2024-02-07:u0000:s00	6	(	(	PUNCT	-LRB-	_	7	punct	39	40
tsc-2024-02-07:u0000:s00	7	TSC	TSC	PROPN	NNP	Number=Sing	5	appos	40	43
tsc-2024-02-07:u0000:s00	8	)	)	PUNCT	-RRB-	_	7	punct	43	44
tsc-2024-02-07:u0000:s01	1	Meeting	meeting	NOUN	NN	Number=Sing	0	root	0	7
tsc-2024-02-07:u0000:s01	2	2024	2024	NUM	CD	NumType=Card	1	nummod	8	12
tsc-2024-02-07:u0000:s01	3	-	-	SYM	SYM	_	1	punct	12	13
tsc-2024-02-07:u0000:s01	4	02	02	NUM	CD	NumType=Card	6	advmod	13	15
tsc-2024-02-07:u0000:s01	5	-	-	SYM	SYM	_	6	punct	15	16
tsc-2024-02-07:u0000:s01	6	07	07	NUM	CD	NumType=Card	1	parataxis	16	18
tsc-2024-02-07:u0001:s00	1	##	##	PUNCT	.	_	0	root	0	2
tsc-2024-02-07:u0001:s01	1	Links	link	NOUN	NNS	Number=Plur	0	root	0	5
tsc-2024-02-07:u0002:s00	1	*	*	PUNCT	NFP	_	0	root	0	1
tsc-2024-02-07:u0002:s01	1	**	**	PUNCT	NFP	_	2	punct	0	2
tsc-2024-02-07:u0002:s01	2	Recording	recording	NOUN	NN	Number=Sing	0	root	2	11
tsc-2024-02-07:u0002:s01	3	**:	**:	PUNCT	.	_	2	punct	11	14
tsc-2024-02-07:u0002:s01	4	<	<	PUNCT	-LRB-	_	5	punct	15	16
tsc-2024-02-07:u0002:s01	5	https://www.youtube.com/watch?v=dWRtrO4kwr4	https://www.youtube.com/watch?v=dWRtrO4kwr4	X	ADD	_	2	appos	16	59
tsc-2024-02-07:u0002:s01	6	>	>	PUNCT	-RRB-	_	5	punct	59	60
tsc-2024-02-07:u0002:s01	7	*	*	PUNCT	NFP	_	5	punct	61	62
tsc-2024-02-07:u0002:s01	8	**	**	PUNCT	NFP	_	2	punct	63	65
tsc-2024-02-07:u0002:s01	9	GitHub	GitHub	PROPN	NNP	Number=Sing	10	compound	65	71
tsc-2024-02-07:u0002:s01	10	Issue	issue	PROPN	NNP	Number=Sing	2	appos	72	77
tsc-2024-02-07:u0002:s01	11	**	**	PUNCT	NFP	_	2	punct	77	79
tsc-2024-02-07:u0002:s01	12	:	:	PUNCT	:	_	2	punct	79	80
tsc-2024-02-07:u0002:s01	13	<	<	PUNCT	-LRB-	_	14	punct	81	82
tsc-2024-02-07:u0002:s01	14	https://github.com/nodejs/TSC/issues/1500	https://github.com/nodejs/TSC/issues/1500	X	ADD	_	2	appos	82	123
tsc-2024-02-07:u0002:s01	15	>	>	PUNCT	-RRB-	_	14	punct	123	124
tsc-2024-02-07:u0002:s01	16	*	*	PUNCT	NFP	_	14	punct	125	126
tsc-2024-02-07:u0002:s01	17	**	**	PUNCT	NFP	_	2	punct	127	129
tsc-2024-02-07:u0002:s01	18	Minutes	Minutes	PROPN	NNPS	Number=Plur	19	compound	129	136
tsc-2024-02-07:u0002:s01	19	Google	Google	PROPN	NNP	Number=Sing	20	compound	137	143
tsc-2024-02-07:u0002:s01	20	Doc	Doc	PROPN	NNP	Number=Sing	2	appos	144	147
tsc-2024-02-07:u0002:s01	21	**	**	PUNCT	NFP	_	2	punct	147	149
tsc-2024-02-07:u0002:s01	22	:	:	PUNCT	:	_	2	punct	149	150
tsc-2024-02-07:u0002:s01	23	<	<	PUNCT	-LRB-	_	2	punct	151	152
tsc-2024-02-07:u0002:s01	24	https://docs.google.com/document/d/1iMJTrGC1T8QW5pmVGcRwzwAhP1xr8728tpPSJKfcdRw/edit	https://docs.google.com/document/d/1iMJTrGC1T8QW5pmVGcRwzwAhP1xr8728tpPSJKfcdRw/edit	NOUN	NN	Number=Sing	2	appos	152	236
tsc-2024-02-07:u0002:s01	25	>	>	PUNCT	-RRB-	_	24	punct	236	237
tsc-2024-02-07:u0003:s00	1	##	##	PUNCT	.	_	0	root	0	2
tsc-2024-02-07:u0003:s01	1	Present	present	PROPN	NNP	Number=Sing	0	root	0	7
tsc-2024-02-07:u0004:s00	1	*	*	PUNCT	NFP	_	2	punct	0	1
tsc-2024-02-07:u0004:s00	2	Antoine	Antoine	X	GW	_	5	goeswith	2	9
tsc-2024-02-07:u0004:s00	3	du	do	X	GW	_	5	goeswith	10	12
tsc-2024-02-07:u0004:s00	4	Hamel	Hamel	X	GW	_	5	goeswith	13	18
tsc-2024-02-07:u0004:s00	5	@aduh95	@aduh95	NOUN	NN	Number=Sing	35	appos	19	26
tsc-2024-02-07:u0004:s00	6	(	(	PUNCT	-LRB-	_	5	punct	27	28
tsc-2024-02-07:u0004:s00	7	voting	voting	NOUN	NN	Number=Sing	8	compound	28	34
tsc-2024-02-07:u0004:s00	8	member	member	NOUN	NN	Number=Sing	5	appos	35	41
tsc-2024-02-07:u0004:s00	9	)	)	PUNCT	-RRB-	_	8	punct	41	42
tsc-2024-02-07:u0004:s00	10	*	*	PUNCT	NFP	_	5	punct	43	44
tsc-2024-02-07:u0004:s00	11	Chengzhong	Chengzhong	PROPN	NNP	Number=Sing	13	compound	45	55
tsc-2024-02-07:u0004:s00	12	Wu	Wu	PROPN	NNP	Number=Sing	11	flat	56	58
tsc-2024-02-07:u0004:s00	13	@legendecas	@legendeca	NOUN	NNS	Number=Plur	5	conj	59	70
tsc-2024-02-07:u0004:s00	14	(	(	PUNCT	-LRB-	_	5	punct	71	72
tsc-2024-02-07:u0004:s00	15	voting	voting	NOUN	NN	Number=Sing	16	compound	72	78
tsc-2024-02-07:u0004:s00	16	member	member	NOUN	NN	Number=Sing	5	appos	79	85
tsc-2024-02-07:u0004:s00	17	)	)	PUNCT	-RRB-	_	16	punct	85	86
tsc-2024-02-07:u0004:s00	18	*	*	PUNCT	NFP	_	5	punct	87	88
tsc-2024-02-07:u0004:s00	19	Joyee	Joyee	PROPN	NNP	Number=Sing	21	compound	89	94
tsc-2024-02-07:u0004:s00	20	Cheung	Cheung	NOUN	NN	Number=Sing	21	compound	95	101
tsc-2024-02-07:u0004:s00	21	@joyeecheung	@joyeecheung	NOUN	NN	Number=Sing	5	conj	102	114
tsc-2024-02-07:u0004:s00	22	(	(	PUNCT	-LRB-	_	5	punct	115	116
tsc-2024-02-07:u0004:s00	23	voting	voting	NOUN	NN	Number=Sing	24	compound	116	122
tsc-2024-02-07:u0004:s00	24	member	member	NOUN	NN	Number=Sing	5	appos	123	129
tsc-2024-02-07:u0004:s00	25	)	)	PUNCT	-RRB-	_	24	punct	129	130
tsc-2024-02-07:u0004:s00	26	*	*	PUNCT	NFP	_	5	punct	131	132
tsc-2024-02-07:u0004:s00	27	Matteo	Matteo	PROPN	NNP	Number=Sing	5	conj	133	139
tsc-2024-02-07:u0004:s00	28	Collina	Collina	PROPN	NNP	Number=Sing	27	flat	140	147
tsc-2024-02-07:u0004:s00	29	@mcollina	@mcollina	PROPN	NNP	Number=Sing	27	flat	148	157
tsc-2024-02-07:u0004:s00	30	(	(	PUNCT	-LRB-	_	32	punct	158	159
tsc-2024-02-07:u0004:s00	31	voting	voting	NOUN	NN	Number=Sing	32	compound	159	165
tsc-2024-02-07:u0004:s00	32	member	member	NOUN	NN	Number=Sing	5	appos	166	172
tsc-2024-02-07:u0004:s00	33	)	)	PUNCT	-RRB-	_	32	punct	172	173
tsc-2024-02-07:u0004:s00	34	*	*	PUNCT	NFP	_	5	punct	174	175
tsc-2024-02-07:u0004:s00	35	Moshe	Moshe	PRON	PRP	Case=Nom|Gender=Masc|Number=Sing|Person=3|PronType=Prs	0	root	176	181
tsc-2024-02-07:u0004:s00	36	Atlow	Atlow	PROPN	NNP	Number=Sing	47	compound	182	187
tsc-2024-02-07:u0004:s00	37	@	@	ADP	IN	_	42	case	188	189
tsc-2024-02-07:u0004:s00	38	Mo	mo	PROPN	NNP	Number=Sing	39	compound	189	191
tsc-2024-02-07:u0004:s00	39	Low	low	PROPN	NNP	Number=Sing	42	compound	191	194
tsc-2024-02-07:u0004:s00	40	(	(	PUNCT	-LRB-	_	42	punct	195	196
tsc-2024-02-07:u0004:s00	41	voting	voting	NOUN	NN	Number=Sing	42	compound	196	202
tsc-2024-02-07:u0004:s00	42	member	member	NOUN	NN	Number=Sing	36	nmod	203	209
tsc-2024-02-07:u0004:s00	43	)	)	PUNCT	-RRB-	_	42	punct	209	210
tsc-2024-02-07:u0004:s00	44	*	*	PUNCT	NFP	_	42	punct	211	212
tsc-2024-02-07:u0004:s00	45	Richard	Richard	PROPN	NNP	Number=Sing	36	appos	213	220
tsc-2024-02-07:u0004:s00	46	Lau	Lau	PROPN	NNP	Number=Sing	45	flat	221	224
tsc-2024-02-07:u0004:s00	47	@richardlau	@richardlau	NOUN	NN	Number=Sing	52	compound	225	236
tsc-2024-02-07:u0004:s00	48	(	(	PUNCT	-LRB-	_	50	punct	237	238
tsc-2024-02-07:u0004:s00	49	voting	voting	NOUN	NN	Number=Sing	50	compound	238	244
tsc-2024-02-07:u0004:s00	50	member	member	NOUN	NN	Number=Sing	47	appos	245	251
tsc-2024-02-07:u0004:s00	51	)	)	PUNCT	-RRB-	_	50	punct	251	252
tsc-2024-02-07:u0004:s00	52	*	*	PUNCT	NFP	_	54	punct	253	254
tsc-2024-02-07:u0004:s00	53	Paolo	Paolo	PROPN	NNP	Number=Sing	54	compound	255	260
tsc-2024-02-07:u0004:s00	54	Insogna	Insogna	PROPN	NNP	Number=Sing	35	appos	261	268
tsc-2024-02-07:u0004:s00	55	@	@	ADP	IN	_	56	case	269	270
tsc-2024-02-07:u0004:s00	56	ShogunPanda	ShogunPanda	PROPN	NNP	Number=Sing	35	nmod	270	281
tsc-2024-02-07:u0004:s00	57	(	(	PUNCT	-LRB-	_	58	punct	282	283
tsc-2024-02-07:u0004:s00	58	invited	invite	VERB	VBN	Tense=Past|VerbForm=Part	61	amod	283	290
tsc-2024-02-07:u0004:s00	59	)	)	PUNCT	-RRB-	_	58	punct	290	291
tsc-2024-02-07:u0004:s00	60	*	*	PUNCT	NFP	_	58	punct	292	293
tsc-2024-02-07:u0004:s00	61	Ruy	Ruy	PROPN	NNP	Number=Sing	35	conj	294	297
tsc-2024-02-07:u0004:s00	62	Adorno	Adorno	PROPN	NNP	Number=Sing	61	flat	298	304
tsc-2024-02-07:u0004:s00	63	@ruyadorno	@ruyadorno	NOUN	NN	Number=Sing	61	flat	305	315
tsc-2024-02-07:u0004:s00	64	(	(	PUNCT	-LRB-	_	66	punct	316	317
tsc-2024-02-07:u0004:s00	65	voting	voting	NOUN	NN	Number=Sing	66	compound	317	323
tsc-2024-02-07:u0004:s00	66	member	member	NOUN	NN	Number=Sing	61	appos	324	330
tsc-2024-02-07:u0004:s00	67	)	)	PUNCT	-RRB-	_	66	punct	330	331
tsc-2024-02-07:u0004:s00	68	*	*	PUNCT	NFP	_	61	punct	332	333
tsc-2024-02-07:u0004:s00	69	Tobias	Tobias	PROPN	NNP	Number=Sing	70	compound	334	340
tsc-2024-02-07:u0004:s00	70	Nießen	Nießen	PROPN	NNP	Number=Sing	61	flat	341	347
tsc-2024-02-07:u0004:s00	71	@tniessen	@tniessen	NOUN	NNS	Number=Plur	61	flat	348	357
tsc-2024-02-07:u0004:s00	72	(	(	PUNCT	-LRB-	_	35	punct	358	359
tsc-2024-02-07:u0004:s00	73	voting	voting	NOUN	NN	Number=Sing	74	compound	359	365
tsc-2024-02-07:u0004:s00	74	member	member	NOUN	NN	Number=Sing	35	parataxis	366	372
tsc-2024-02-07:u0004:s00	75	)	)	PUNCT	-RRB-	_	35	punct	372	373
tsc-2024-02-07:u0005:s00	1	##	##	PUNCT	.	_	0	root	0	2
tsc-2024-02-07:u0005:s01	1	Agenda	agenda	PROPN	NNP	Number=Sing	0	root	0	6
tsc-2024-02-07:u0006:s00	1	###	###	SYM	NFP	_	0	root	0	3
tsc-2024-02-07:u0006:s01	1	Announcements	Announcement	NOUN	NNS	Number=Plur	0	root	0	13
tsc-2024-02-07:u0007:s00	1	*	*	PUNCT	NFP	_	0	root	0	1
tsc-2024-02-07:u0007:s01	1	Paolo	Paolo	SCONJ	IN	_	2	mark	0	5
tsc-2024-02-07:u0007:s01	2	joining	join	VERB	VBG	VerbForm=Ger	26	advcl	6	13
tsc-2024-02-07:u0007:s01	3	as	as	ADP	IN	_	5	case	14	16
tsc-2024-02-07:u0007:s01	4	invited	invite	VERB	VBN	Tense=Past|VerbForm=Part	5	amod	17	24
tsc-2024-02-07:u0007:s01	5	guest	guest	NOUN	NN	Number=Sing	2	obl	25	30
tsc-2024-02-07:u0007:s01	6	due	due	ADP	IN	_	12	case	31	34
tsc-2024-02-07:u0007:s01	7	to	to	ADP	IN	_	6	fixed	35	37
tsc-2024-02-07:u0007:s01	8	TSC	TSC	PROPN	NNP	Number=Sing	12	compound	38	41
tsc-2024-02-07:u0007:s01	9	nomination	nomination	NOUN	NN	Number=Sing	12	compound	42	52
tsc-2024-02-07:u0007:s01	10	*	*	PUNCT	NFP	_	12	punct	53	54
tsc-2024-02-07:u0007:s01	11	Collaborator	Collaborator	PROPN	NNP	Number=Sing	12	compound	55	67
tsc-2024-02-07:u0007:s01	12	Summit	Summit	PROPN	NNP	Number=Sing	2	obl	68	74
tsc-2024-02-07:u0007:s01	13	in	in	ADP	IN	_	14	case	75	77
tsc-2024-02-07:u0007:s01	14	London	London	PROPN	NNP	Number=Sing	2	obl	78	84
tsc-2024-02-07:u0007:s01	15	on	on	ADP	IN	_	19	case	85	87
tsc-2024-02-07:u0007:s01	16	the	the	DET	DT	Definite=Def|PronType=Art	19	det	88	91
tsc-2024-02-07:u0007:s01	17	3rd	3rd	ADJ	JJ	Degree=Pos|NumType=Ord	19	amod	92	95
tsc-2024-02-07:u0007:s01	18	and	and	CCONJ	CC	_	19	cc	96	99
tsc-2024-02-07:u0007:s01	19	4th	4th	NOUN	NN	Number=Sing	25	compound	100	103
tsc-2024-02-07:u0007:s01	20	of	of	ADP	IN	_	21	case	104	106
tsc-2024-02-07:u0007:s01	21	April	April	PROPN	NNP	Number=Sing	19	nmod	107	112
tsc-2024-02-07:u0007:s01	22	2024	2024	NUM	CD	NumType=Card	19	nummod	113	117
tsc-2024-02-07:u0007:s01	23	confirmed	confirm	VERB	VBN	Tense=Past|VerbForm=Part	19	acl	118	127
tsc-2024-02-07:u0007:s01	24	*	*	PUNCT	NFP	_	19	punct	128	129
tsc-2024-02-07:u0007:s01	25	Security	security	NOUN	NN	Number=Sing	2	obl	130	138
tsc-2024-02-07:u0007:s01	26	releases	release	VERB	VBZ	Mood=Ind|Number=Sing|Person=3|Tense=Pres|VerbForm=Fin	0	root	139	147
tsc-2024-02-07:u0007:s01	27	tomorrow	tomorrow	NOUN	NN	Number=Sing	26	obl:tmod	148	156
tsc-2024-02-07:u0007:s01	28	!	!	PUNCT	.	_	26	punct	156	157
tsc-2024-02-07:u0008:s00	1	###	###	SYM	NFP	_	6	punct	0	3
tsc-2024-02-07:u0008:s00	2	CPC	CPC	PROPN	NNP	Number=Sing	6	compound	4	7
tsc-2024-02-07:u0008:s00	3	and	and	CCONJ	CC	_	4	cc	8	11
tsc-2024-02-07:u0008:s00	4	Board	board	PROPN	NNP	Number=Sing	2	conj	12	17
tsc-2024-02-07:u0008:s00	5	Meeting	meeting	PROPN	NNP	Number=Sing	6	compound	18	25
tsc-2024-02-07:u0008:s00	6	Updates	updates	PROPN	NNP	Number=Sing	0	root	26	33
tsc-2024-02-07:u0009:s00	1	*	*	PUNCT	NFP	_	0	root	0	1
tsc-2024-02-07:u0009:s01	1	Nothing	nothing	PRON	NN	Number=Sing	0	root	0	7
tsc-2024-02-07:u0009:s01	2	to	to	PART	TO	_	3	mark	8	10
tsc-2024-02-07:u0009:s01	3	report	report	VERB	VB	VerbForm=Inf	1	acl	11	17
tsc-2024-02-07:u0010:s00	1	\	\	PUNCT	.	_	3	punct	0	1
tsc-2024-02-07:u0010:s00	2	*	*	PUNCT	NFP	_	3	punct	1	2
tsc-2024-02-07:u0010:s00	3	Extracted	Extract	VERB	VBN	Tense=Past|VerbForm=Part	10	amod	2	11
tsc-2024-02-07:u0010:s00	4	from	from	ADP	IN	_	7	case	12	16
tsc-2024-02-07:u0010:s00	5	**tsc	**tsc	NOUN	NN	Number=Sing	7	compound	17	22
tsc-2024-02-07:u0010:s00	6	-	-	PUNCT	HYPH	_	7	punct	22	23
tsc-2024-02-07:u0010:s00	7	agenda	agenda	NOUN	NN	Number=Sing	3	nmod	23	29
tsc-2024-02-07:u0010:s00	8	**	**	PUNCT	NFP	_	3	punct	29	31
tsc-2024-02-07:u0010:s00	9	labeled	label	VERB	VBN	Tense=Past|VerbForm=Part	10	amod	32	39
tsc-2024-02-07:u0010:s00	10	issues	issue	NOUN	NNS	Number=Plur	0	root	40	46
tsc-2024-02-07:u0010:s00	11	and	and	CCONJ	CC	_	13	cc	47	50
tsc-2024-02-07:u0010:s00	12	pull	pull	NOUN	NN	Number=Sing	13	compound	51	55
tsc-2024-02-07:u0010:s00	13	requests	request	NOUN	NNS	Number=Plur	10	conj	56	64
tsc-2024-02-07:u0010:s00	14	from	from	ADP	IN	_	17	case	65	69
tsc-2024-02-07:u0010:s00	15	the	the	DET	DT	Definite=Def|PronType=Art	17	det	70	73
tsc-2024-02-07:u0010:s00	16	**	**	PUNCT	NFP	_	17	punct	74	76
tsc-2024-02-07:u0010:s00	17	nodejs	nodej	NOUN	NNS	Number=Plur	13	nmod	76	82
tsc-2024-02-07:u0010:s00	18	org	org	ADJ	JJ	Degree=Pos	17	amod	83	86
tsc-2024-02-07:u0010:s00	19	**	**	PUNCT	NFP	_	10	punct	86	88
tsc-2024-02-07:u0010:s00	20	prior	prior	ADJ	JJ	Degree=Pos	23	case	89	94
tsc-2024-02-07:u0010:s00	21	to	to	ADP	IN	_	20	fixed	95	97
tsc-2024-02-07:u0010:s00	22	the	the	DET	DT	Definite=Def|PronType=Art	23	det	98	101
tsc-2024-02-07:u0010:s00	23	meeting	meeting	NOUN	NN	Number=Sing	10	nmod	102	109
tsc-2024-02-07:u0010:s00	24	.	.	PUNCT	.	_	10	punct	109	110
tsc-2024-02-07:u0011:s00	1	#	#	SYM	NN	Number=Sing	2	compound	0	1
tsc-2024-02-07:u0011:s00	2	###	###	SYM	NFP	_	0	root	1	4
tsc-2024-02-07:u0011:s00	3	nodejs	nodej	NOUN	NNS	Number=Plur	2	compound	5	11
tsc-2024-02-07:u0011:s00	4	/	/	PUNCT	,	_	5	cc	11	12
tsc-2024-02-07:u0011:s00	5	admin	admin	NOUN	NN	Number=Sing	3	conj	12	17
tsc-2024-02-07:u0012:s00	1	*	*	PUNCT	NFP	_	2	punct	0	1
tsc-2024-02-07:u0012:s00	2	Redesign	Redesign	NOUN	NN	Number=Sing	0	root	2	10
tsc-2024-02-07:u0012:s00	3	of	of	ADP	IN	_	5	case	11	13
tsc-2024-02-07:u0012:s00	4	Node.js	Node.js	PROPN	NNP	Number=Sing	5	compound	14	21
tsc-2024-02-07:u0012:s00	5	Website	website	PROPN	NNP	Number=Sing	2	nmod	22	29
tsc-2024-02-07:u0012:s00	6	[	[	PUNCT	-LRB-	_	7	punct	30	31
tsc-2024-02-07:u0012:s00	7	#	#	SYM	NN	Number=Sing	10	appos	31	32
tsc-2024-02-07:u0012:s00	8	818	818	NUM	CD	NumType=Card	7	nummod	32	35
tsc-2024-02-07:u0012:s00	9	]	]	PUNCT	-RRB-	_	7	punct	35	36
tsc-2024-02-07:u0012:s00	10	(	(	PUNCT	-LRB-	_	11	punct	36	37
tsc-2024-02-07:u0012:s00	11	https://github.com/nodejs/admin/issues/818	https://github.com/nodejs/admin/issues/818	X	LS	_	5	appos	37	79
tsc-2024-02-07:u0012:s00	12	)	)	PUNCT	-RRB-	_	11	punct	79	80
tsc-2024-02-07:u0012:s01	1	Discussed	discuss	VERB	VBN	Tense=Past|VerbForm=Part	0	root	0	9
tsc-2024-02-07:u0012:s01	2	last	last	ADJ	JJ	Degree=Pos	3	amod	10	14
tsc-2024-02-07:u0012:s01	3	week	week	NOUN	NN	Number=Sing	1	obl:tmod	15	19
tsc-2024-02-07:u0012:s01	4	,	,	PUNCT	,	_	1	punct	19	20
tsc-2024-02-07:u0012:s01	5	label	label	NOUN	NN	Number=Sing	1	obj	21	26
tsc-2024-02-07:u0012:s01	6	removed	remove	VERB	VBN	Tense=Past|VerbForm=Part	5	acl	27	34
tsc-2024-02-07:u0012:s01	7	.	.	PUNCT	.	_	1	punct	34	35
tsc-2024-02-07:u0012:s02	1	Richard	Richard	PROPN	NNP	Number=Sing	0	root	0	7
tsc-2024-02-07:u0012:s02	2	:	:	PUNCT	:	_	1	punct	7	8
tsc-2024-02-07:u0012:s03	1	One	one	NUM	CD	NumType=Card	2	nummod	0	3
tsc-2024-02-07:u0012:s03	2	Node.js	Node.j	NOUN	NNS	Number=Plur	0	root	4	11
tsc-2024-02-07:u0012:s03	3	“	"	PUNCT	``	_	2	punct	12	13
tsc-2024-02-07:u0012:s03	4	internet	internet	NOUN	NN	Number=Sing	6	compound	13	21
tsc-2024-02-07:u0012:s03	5	”	"	PUNCT	''	_	6	punct	21	22
tsc-2024-02-07:u0012:s03	6	test	test	NOUN	NN	Number=Sing	2	appos	23	27
tsc-2024-02-07:u0012:s03	7	broken	break	VERB	VBN	Tense=Past|VerbForm=Part	12	acl	28	34
tsc-2024-02-07:u0012:s03	8	by	by	ADP	IN	_	10	case	35	37
tsc-2024-02-07:u0012:s03	9	website	website	NOUN	NN	Number=Sing	10	compound	38	45
tsc-2024-02-07:u0012:s03	10	page	page	NOUN	NN	Number=Sing	7	obl	46	50
tsc-2024-02-07:u0012:s03	11	being	be	AUX	VBG	VerbForm=Ger	12	aux:pass	51	56
tsc-2024-02-07:u0012:s03	12	moved	move	VERB	VBN	Tense=Past|VerbForm=Part|Voice=Pass	2	conj	57	62
tsc-2024-02-07:u0012:s03	13	and	and	CCONJ	CC	_	14	cc	63	66
tsc-2024-02-07:u0012:s03	14	retitled	retitle	VERB	VBN	Tense=Past|VerbForm=Part	12	conj	67	75
tsc-2024-02-07:u0012:s03	15	.	.	PUNCT	.	_	2	punct	75	76
tsc-2024-02-07:u0012:s04	1	PR	pr	NOUN	NN	Number=Sing	4	nsubj:pass	0	2
tsc-2024-02-07:u0012:s04	2	has	have	AUX	VBZ	Mood=Ind|Number=Sing|Person=3|Tense=Pres|VerbForm=Fin	4	aux	3	6
tsc-2024-02-07:u0012:s04	3	been	be	AUX	VBN	Tense=Past|VerbForm=Part	4	aux:pass	7	11
tsc-2024-02-07:u0012:s04	4	opened	open	VERB	VBN	Tense=Past|VerbForm=Part|Voice=Pass	0	root	12	18
tsc-2024-02-07:u0012:s04	5	to	to	PART	TO	_	6	mark	19	21
tsc-2024-02-07:u0012:s04	6	fix	fix	VERB	VB	VerbForm=Inf	4	advcl	22	25
tsc-2024-02-07:u0012:s04	7	:	:	PUNCT	:	_	4	punct	25	26
tsc-2024-02-07:u0012:s04	8	<	<	PUNCT	-LRB-	_	9	punct	27	28
tsc-2024-02-07:u0012:s04	9	https://github.com/nodejs/node/pull/51693	https://github.com/nodejs/node/pull/51693	X	ADD	_	4	parataxis	28	69
tsc-2024-02-07:u0012:s04	10	>	>	PUNCT	-RRB-	_	9	punct	69	70
tsc-2024-02-07:u0013:s00	1	*	*	PUNCT	NFP	_	5	punct	0	1
tsc-2024-02-07:u0013:s00	2	Events	event	NOUN	NNS	Number=Plur	5	compound	2	8
tsc-2024-02-07:u0013:s00	3	/	/	PUNCT	,	_	4	cc	9	10
tsc-2024-02-07:u0013:s00	4	Collaborator	Collaborator	NOUN	NN	Number=Sing	2	conj	11	23
tsc-2024-02-07:u0013:s00	5	Summits	Summits	NOUN	NNS	Number=Plur	0	root	24	31
tsc-2024-02-07:u0013:s00	6	for	for	ADP	IN	_	10	case	32	35
tsc-2024-02-07:u0013:s00	7	2024	2024	NUM	CD	NumType=Card	10	nummod	36	40
tsc-2024-02-07:u0013:s00	8	[	[	PUNCT	-LRB-	_	9	punct	41	42
tsc-2024-02-07:u0013:s00	9	#	#	SYM	NN	Number=Sing	10	compound	42	43
tsc-2024-02-07:u0013:s00	10	814	814	NUM	CD	NumType=Card	5	nmod	43	46
tsc-2024-02-07:u0013:s00	11	]	]	PUNCT	-RRB-	_	5	punct	46	47
tsc-2024-02-07:u0013:s00	12	(	(	PUNCT	-LRB-	_	5	punct	47	48
tsc-2024-02-07:u0013:s00	13	https://github.com/nodejs/admin/issues/814	https://github.com/nodejs/admin/issues/814	X	ADD	_	5	appos	48	90
tsc-2024-02-07:u0013:s00	14	)	)	PUNCT	-RRB-	_	5	punct	90	91
tsc-2024-02-07:u0014:s00	1	#	#	SYM	NN	Number=Sing	3	compound	0	1
tsc-2024-02-07:u0014:s00	2	###	###	SYM	NFP	_	1	compound	1	4
tsc-2024-02-07:u0014:s00	3	nodejs	nodej	NOUN	NNS	Number=Plur	0	root	5	11
tsc-2024-02-07:u0014:s00	4	/	/	PUNCT	,	_	3	punct	11	12
tsc-2024-02-07:u0014:s00	5	next	next	ADJ	JJ	Degree=Pos	6	amod	12	16
tsc-2024-02-07:u0014:s00	6	-10	-10	NUM	CD	NumType=Card	3	appos	16	19
tsc-2024-02-07:u0015:s00	1	*	*	PUNCT	NFP	_	0	root	0	1
tsc-2024-02-07:u0015:s01	1	Deep	deep	ADJ	JJ	Degree=Pos	2	amod	0	4
tsc-2024-02-07:u0015:s01	2	Dive	Dive	NOUN	NN	Number=Sing	0	root	5	9
tsc-2024-02-07:u0015:s01	3	:	:	PUNCT	:	_	2	punct	9	10
tsc-2024-02-07:u0015:s01	4	Advocacy	Advocacy	NOUN	NN	Number=Sing	2	appos	11	19
tsc-2024-02-07:u0015:s01	5	and	and	CCONJ	CC	_	6	cc	20	23
tsc-2024-02-07:u0015:s01	6	promotion	promotion	NOUN	NN	Number=Sing	4	conj	24	33
tsc-2024-02-07:u0015:s01	7	for	for	ADP	IN	_	9	case	34	37
tsc-2024-02-07:u0015:s01	8	the	the	DET	DT	Definite=Def|PronType=Art	9	det	38	41
tsc-2024-02-07:u0015:s01	9	project	project	NOUN	NN	Number=Sing	4	nmod	42	49
tsc-2024-02-07:u0015:s01	10	[	[	PUNCT	-LRB-	_	4	punct	50	51
tsc-2024-02-07:u0015:s01	11	#247	#247	NUM	CD	NumType=Card	4	nummod	51	55
tsc-2024-02-07:u0015:s01	12	]	]	PUNCT	-RRB-	_	4	punct	55	56
tsc-2024-02-07:u0015:s01	13	(	(	PUNCT	-LRB-	_	4	punct	56	57
tsc-2024-02-07:u0015:s01	14	https://github.com/nodejs/next-10/issues/247	https://github.com/nodejs/next-10/issues/247	X	ADD	_	4	appos	57	101
tsc-2024-02-07:u0015:s01	15	)	)	PUNCT	-RRB-	_	4	punct	101	102
tsc-2024-02-07:u0016:s00	1	##	##	PUNCT	.	_	0	root	0	2
tsc-2024-02-07:u0016:s01	1	Strategic	strategic	ADJ	JJ	Degree=Pos	2	amod	0	9
tsc-2024-02-07:u0016:s01	2	Initiatives	initiative	NOUN	NNS	Number=Plur	0	root	10	21
tsc-2024-02-07:u0017:s00	1	##	##	PUNCT	.	_	0	root	0	2
tsc-2024-02-07:u0017:s01	1	Upcoming	upcoming	ADJ	JJ	Degree=Pos	2	amod	0	8
tsc-2024-02-07:u0017:s01	2	Meetings	meeting	NOUN	NNS	Number=Plur	0	root	9	17
tsc-2024-02-07:u0018:s00	1	*	*	PUNCT	NFP	_	3	punct	0	1
tsc-2024-02-07:u0018:s00	2	**Node.js	**Node.js	PROPN	NNP	Number=Sing	3	compound	2	11
tsc-2024-02-07:u0018:s00	3	Project	project	PROPN	NNP	Number=Sing	0	root	12	19
tsc-2024-02-07:u0018:s00	4	Calendar	calendar	PROPN	NNP	Number=Sing	3	flat	20	28
tsc-2024-02-07:u0018:s00	5	**:	**:	PUNCT	.	_	3	punct	28	31
tsc-2024-02-07:u0018:s00	6	<	<	PUNCT	-LRB-	_	7	punct	32	33
tsc-2024-02-07:u0018:s00	7	https://nodejs.org/calendar	https://nodejs.org/calendar	NOUN	NN	Number=Sing	3	list	33	60
tsc-2024-02-07:u0018:s00	8	>	>	PUNCT	-RRB-	_	7	punct	60	61
tsc-2024-02-07:u0019:s00	1	Click	click	VERB	VB	Mood=Imp|VerbForm=Fin	0	root	0	5
tsc-2024-02-07:u0019:s00	2	`+	`+	SYM	$	_	3	punct	6	8
tsc-2024-02-07:u0019:s00	3	GoogleCalendar	GoogleCalendar	PROPN	NNP	Number=Sing	1	obj	8	22
tsc-2024-02-07:u0019:s00	4	`	`	PUNCT	``	_	3	punct	22	23
tsc-2024-02-07:u0019:s00	5	at	at	ADP	IN	_	8	case	24	26
tsc-2024-02-07:u0019:s00	6	the	the	DET	DT	Definite=Def|PronType=Art	8	det	27	30
tsc-2024-02-07:u0019:s00	7	bottom	bottom	ADJ	JJ	Degree=Pos	8	amod	31	37
tsc-2024-02-07:u0019:s00	8	right	right	NOUN	NN	Number=Sing	1	obl	38	43
tsc-2024-02-07:u0019:s00	9	to	to	PART	TO	_	10	mark	44	46
tsc-2024-02-07:u0019:s00	10	add	add	VERB	VB	VerbForm=Inf	1	advcl	47	50
tsc-2024-02-07:u0019:s00	11	to	to	ADP	IN	_	15	case	51	53
tsc-2024-02-07:u0019:s00	12	your	you	PRON	PRP$	Person=2|Poss=Yes|PronType=Prs	15	nmod:poss	54	58
tsc-2024-02-07:u0019:s00	13	own	own	ADJ	JJ	Degree=Pos	15	amod	59	62
tsc-2024-02-07:u0019:s00	14	Google	Google	PROPN	NNP	Number=Sing	15	compound	63	69
tsc-2024-02-07:u0019:s00	15	calendar	calendar	NOUN	NN	Number=Sing	10	obl	70	78
tsc-2024-02-07:u0019:s00	16	.	.	PUNCT	.	_	1	punct	78	79
tsc-2025-01-08:u0000:s00	1	#	#	SYM	NN	Number=Sing	2	compound	0	1
tsc-2025-01-08:u0000:s00	2	Node.js	Node.js	PROPN	NNP	Number=Sing	5	compound	2	9
tsc-2025-01-08:u0000:s00	3	Technical	technical	PROPN	NNP	Number=Sing	5	compound	10	19
tsc-2025-01-08:u0000:s00	4	Steering	steering	PROPN	NNP	Number=Sing	5	compound	20	28
tsc-2025-01-08:u0000:s00	5	Committee	committee	PROPN	NNP	Number=Sing	0	root	29	38
tsc-2025-01-08:u0000:s00	6	(	(	PUNCT	-LRB-	_	7	punct	39	40
tsc-2025-01-08:u0000:s00	7	TSC	TSC	PROPN	NNP	Number=Sing	5	appos	40	43
tsc-2025-01-08:u0000:s00	8	)	)	PUNCT	-RRB-	_	7	punct	43	44
tsc-2025-01-08:u0000:s01	1	Meeting	meeting	NOUN	NN	Number=Sing	0	root	0	7
tsc-2025-01-08:u0000:s01	2	2025	2025	NUM	CD	NumType=Card	1	appos	8	12
tsc-2025-01-08:u0000:s01	3	-	-	SYM	SYM	_	4	case	12	13
tsc-2025-01-08:u0000:s01	4	01	01	NUM	CD	NumType=Card	2	nmod	13	15
tsc-2025-01-08:u0000:s01	5	-08	-08	NUM	CD	NumType=Card	1	nmod:tmod	15	18
tsc-2025-01-08:u0001:s00	1	##	##	PUNCT	.	_	0	root	0	2
tsc-2025-01-08:u0001:s01	1	Links	link	NOUN	NNS	Number=Plur	0	root	0	5
tsc-2025-01-08:u0002:s00	1	*	*	PUNCT	NFP	_	0	root	0	1
tsc-2025-01-08:u0002:s01	1	**	**	PUNCT	NFP	_	2	punct	0	2
tsc-2025-01-08:u0002:s01	2	Recording	recording	NOUN	NN	Number=Sing	0	root	2	11
tsc-2025-01-08:u0002:s01	3	**:	**:	PUNCT	.	_	2	punct	11	14
tsc-2025-01-08:u0002:s01	4	<	<	PUNCT	-LRB-	_	5	punct	15	16
tsc-2025-01-08:u0002:s01	5	https://youtube.com/live/trwFNI-Y0qE	https://youtube.com/live/trwfni-y0qe	VERB	VBD	Mood=Ind|Tense=Past|VerbForm=Fin	2	parataxis	16	52
tsc-2025-01-08:u0002:s01	6	>	>	PUNCT	-RRB-	_	5	punct	52	53
tsc-2025-01-08:u0002:s01	7	*	*	PUNCT	NFP	_	5	punct	54	55
tsc-2025-01-08:u0002:s01	8	**	**	PUNCT	NFP	_	2	punct	56	58
tsc-2025-01-08:u0002:s01	9	GitHub	GitHub	PROPN	NNP	Number=Sing	10	compound	58	64
tsc-2025-01-08:u0002:s01	10	Issue	issue	PROPN	NNP	Number=Sing	2	appos	65	70
tsc-2025-01-08:u0002:s01	11	**	**	PUNCT	NFP	_	2	punct	70	72
tsc-2025-01-08:u0002:s01	12	:	:	PUNCT	:	_	2	punct	72	73
tsc-2025-01-08:u0002:s01	13	<	<	PUNCT	-LRB-	_	2	punct	74	75
tsc-2025-01-08:u0002:s01	14	https://github.com/nodejs/TSC/issues/1670	https://github.com/nodejs/TSC/issues/1670	X	ADD	_	2	appos	75	116
tsc-2025-01-08:u0002:s01	15	>	>	PUNCT	-RRB-	_	2	punct	116	117
tsc-2025-01-08:u0003:s00	1	##	##	PUNCT	.	_	0	root	0	2
tsc-2025-01-08:u0003:s01	1	Present	present	PROPN	NNP	Number=Sing	0	root	0	7
tsc-2025-01-08:u0004:s00	1	*	*	PUNCT	NFP	_	2	punct	0	1
tsc-2025-01-08:u0004:s00	2	Antoine	Antoine	X	GW	_	5	goeswith	2	9
tsc-2025-01-08:u0004:s00	3	du	do	X	GW	_	5	goeswith	10	12
tsc-2025-01-08:u0004:s00	4	Hamel	Hamel	X	GW	_	5	goeswith	13	18
tsc-2025-01-08:u0004:s00	5	@aduh95	@aduh95	NOUN	NN	Number=Sing	0	root	19	26
tsc-2025-01-08:u0004:s00	6	(	(	PUNCT	-LRB-	_	5	punct	27	28
tsc-2025-01-08:u0004:s00	7	voting	voting	NOUN	NN	Number=Sing	8	compound	28	34
tsc-2025-01-08:u0004:s00	8	member	member	NOUN	NN	Number=Sing	5	appos	35	41
tsc-2025-01-08:u0004:s00	9	)	)	PUNCT	-RRB-	_	8	punct	41	42
tsc-2025-01-08:u0004:s00	10	*	*	PUNCT	NFP	_	5	punct	43	44
tsc-2025-01-08:u0004:s00	11	Yagiz	Yagiz	PROPN	NNP	Number=Sing	13	compound	45	50
tsc-2025-01-08:u0004:s00	12	Nizipli	Nizipli	PROPN	NNP	Number=Sing	11	flat	51	58
tsc-2025-01-08:u0004:s00	13	@anonrig	@anonrig	NOUN	NN	Number=Sing	5	conj	59	67
tsc-2025-01-08:u0004:s00	14	(	(	PUNCT	-LRB-	_	5	punct	68	69
tsc-2025-01-08:u0004:s00	15	voting	voting	NOUN	NN	Number=Sing	16	compound	69	75
tsc-2025-01-08:u0004:s00	16	member	member	NOUN	NN	Number=Sing	5	appos	76	82
tsc-2025-01-08:u0004:s00	17	)	)	PUNCT	-RRB-	_	16	punct	82	83
tsc-2025-01-08:u0004:s00	18	*	*	PUNCT	NFP	_	5	punct	84	85
tsc-2025-01-08:u0004:s00	19	Ruben	Ruben	PROPN	NNP	Number=Sing	20	compound	86	91
tsc-2025-01-08:u0004:s00	20	Bridgewater	Bridgewater	PROPN	NNP	Number=Sing	5	appos	92	103
tsc-2025-01-08:u0004:s00	21	@	@	ADP	IN	_	22	case	104	105
tsc-2025-01-08:u0004:s00	22	BridgeAR	BridgeAR	PROPN	NNP	Number=Sing	5	nmod	105	113
tsc-2025-01-08:u0004:s00	23	(	(	PUNCT	-LRB-	_	25	punct	114	115
tsc-2025-01-08:u0004:s00	24	voting	voting	NOUN	NN	Number=Sing	25	compound	115	121
tsc-2025-01-08:u0004:s00	25	member	member	NOUN	NN	Number=Sing	5	appos	122	128
tsc-2025-01-08:u0004:s00	26	)	)	PUNCT	-RRB-	_	25	punct	128	129
tsc-2025-01-08:u0004:s00	27	*	*	PUNCT	NFP	_	5	punct	130	131
tsc-2025-01-08:u0004:s00	28	Gireesh	Gireesh	PROPN	NNP	Number=Sing	30	compound	132	139
tsc-2025-01-08:u0004:s00	29	Punathil	Punathil	PROPN	NNP	Number=Sing	28	flat	140	148
tsc-2025-01-08:u0004:s00	30	@gireeshpunathil	@gireeshpunathil	NOUN	NN	Number=Sing	5	conj	149	165
tsc-2025-01-08:u0004:s00	31	(	(	PUNCT	-LRB-	_	5	punct	166	167
tsc-2025-01-08:u0004:s00	32	voting	voting	NOUN	NN	Number=Sing	33	compound	167	173
tsc-2025-01-08:u0004:s00	33	member	member	NOUN	NN	Number=Sing	5	appos	174	180
tsc-2025-01-08:u0004:s00	34	)	)	PUNCT	-RRB-	_	33	punct	180	181
tsc-2025-01-08:u0004:s00	35	*	*	PUNCT	NFP	_	5	punct	182	183
tsc-2025-01-08:u0004:s00	36	James	James	PROPN	NNP	Number=Sing	5	appos	184	189
tsc-2025-01-08:u0004:s00	37	Snell	Snell	PROPN	NNP	Number=Sing	36	flat	190	195
tsc-2025-01-08:u0004:s00	38	@	@	ADP	IN	_	39	case	196	197
tsc-2025-01-08:u0004:s00	39	jasnell	jasnell	NOUN	NN	Number=Sing	5	nmod	197	204
tsc-2025-01-08:u0004:s00	40	(	(	PUNCT	-LRB-	_	5	punct	205	206
tsc-2025-01-08:u0004:s00	41	voting	voting	NOUN	NN	Number=Sing	42	compound	206	212
tsc-2025-01-08:u0004:s00	42	member	member	NOUN	NN	Number=Sing	5	appos	213	219
tsc-2025-01-08:u0004:s00	43	)	)	PUNCT	-RRB-	_	42	punct	219	220
tsc-2025-01-08:u0004:s00	44	*	*	PUNCT	NFP	_	5	punct	221	222
tsc-2025-01-08:u0004:s00	45	Joyee	Joyee	PROPN	NNP	Number=Sing	47	compound	223	228
tsc-2025-01-08:u0004:s00	46	Cheung	Cheung	NOUN	NN	Number=Sing	47	compound	229	235
tsc-2025-01-08:u0004:s00	47	@joyeecheung	@joyeecheung	NOUN	NN	Number=Sing	5	conj	236	248
tsc-2025-01-08:u0004:s00	48	(	(	PUNCT	-LRB-	_	5	punct	249	250
tsc-2025-01-08:u0004:s00	49	voting	voting	NOUN	NN	Number=Sing	50	compound	250	256
tsc-2025-01-08:u0004:s00	50	member	member	NOUN	NN	Number=Sing	5	appos	257	263
tsc-2025-01-08:u0004:s00	51	)	)	PUNCT	-RRB-	_	50	punct	263	264
tsc-2025-01-08:u0004:s00	52	*	*	PUNCT	NFP	_	5	punct	265	266
tsc-2025-01-08:u0004:s00	53	Marco	Marco	PROPN	NNP	Number=Sing	55	compound	267	272
tsc-2025-01-08:u0004:s00	54	Ippolito	Ippolito	PROPN	NNP	Number=Sing	53	flat	273	281
tsc-2025-01-08:u0004:s00	55	@marco-ippolito	@marco-ippolito	NOUN	NN	Number=Sing	5	conj	282	297
tsc-2025-01-08:u0004:s00	56	(	(	PUNCT	-LRB-	_	5	punct	298	299
tsc-2025-01-08:u0004:s00	57	voting	voting	NOUN	NN	Number=Sing	58	compound	299	305
tsc-2025-01-08:u0004:s00	58	member	member	NOUN	NN	Number=Sing	5	appos	306	312
tsc-2025-01-08:u0004:s00	59	)	)	PUNCT	-RRB-	_	58	punct	312	313
tsc-2025-01-08:u0004:s00	60	*	*	PUNCT	NFP	_	5	punct	314	315
tsc-2025-01-08:u0004:s00	61	Matteo	Matteo	PROPN	NNP	Number=Sing	5	conj	316	322
tsc-2025-01-08:u0004:s00	62	Collina	Collina	PROPN	NNP	Number=Sing	61	flat	323	330
tsc-2025-01-08:u0004:s00	63	@mcollina	@mcollina	PROPN	NNP	Number=Sing	61	flat	331	340
tsc-2025-01-08:u0004:s00	64	(	(	PUNCT	-LRB-	_	66	punct	341	342
tsc-2025-01-08:u0004:s00	65	voting	voting	NOUN	NN	Number=Sing	66	compound	342	348
tsc-2025-01-08:u0004:s00	66	member	member	NOUN	NN	Number=Sing	5	parataxis	349	355
tsc-2025-01-08:u0004:s00	67	)	)	PUNCT	-RRB-	_	66	punct	355	356
tsc-2025-01-08:u0004:s00	68	*	*	PUNCT	NFP	_	5	punct	357	358
tsc-2025-01-08:u0004:s00	69	Michael	Michael	PROPN	NNP	Number=Sing	5	conj	359	366
tsc-2025-01-08:u0004:s00	70	Dawson	Dawson	PROPN	NNP	Number=Sing	69	flat	367	373
tsc-2025-01-08:u0004:s00	71	@mhdawson	@mhdawson	NOUN	NN	Number=Sing	69	flat	374	383
tsc-2025-01-08:u0004:s00	72	(	(	PUNCT	-LRB-	_	5	punct	384	385
tsc-2025-01-08:u0004:s00	73	voting	voting	NOUN	NN	Number=Sing	74	compound	385	391
tsc-2025-01-08:u0004:s00	74	member	member	NOUN	NN	Number=Sing	5	appos	392	398
tsc-2025-01-08:u0004:s00	75	)	)	PUNCT	-RRB-	_	74	punct	398	399
tsc-2025-01-08:u0004:s00	76	*	*	PUNCT	NFP	_	5	punct	400	401
tsc-2025-01-08:u0004:s00	77	Rafael	Rafael	PROPN	NNP	Number=Sing	78	compound	402	408
tsc-2025-01-08:u0004:s00	78	Gonzaga	Gonzaga	PROPN	NNP	Number=Sing	5	appos	409	416
tsc-2025-01-08:u0004:s00	79	@	@	ADP	IN	_	80	case	417	418
tsc-2025-01-08:u0004:s00	80	RafaelGSS	RafaelGSS	PROPN	NNP	Number=Sing	5	nmod	418	427
tsc-2025-01-08:u0004:s00	81	(	(	PUNCT	-LRB-	_	5	punct	428	429
tsc-2025-01-08:u0004:s00	82	voting	voting	NOUN	NN	Number=Sing	83	compound	429	435
tsc-2025-01-08:u0004:s00	83	member	member	NOUN	NN	Number=Sing	5	appos	436	442
tsc-2025-01-08:u0004:s00	84	)	)	PUNCT	-RRB-	_	83	punct	442	443
tsc-2025-01-08:u0004:s00	85	*	*	PUNCT	NFP	_	5	punct	444	445
tsc-2025-01-08:u0004:s00	86	Richard	Richard	PROPN	NNP	Number=Sing	5	appos	446	453
tsc-2025-01-08:u0004:s00	87	Lau	Lau	PROPN	NNP	Number=Sing	86	flat	454	457
tsc-2025-01-08:u0004:s00	88	@richardlau	@richardlau	NOUN	NN	Number=Sing	86	flat	458	469
tsc-2025-01-08:u0004:s00	89	(	(	PUNCT	-LRB-	_	91	punct	470	471
tsc-2025-01-08:u0004:s00	90	voting	voting	NOUN	NN	Number=Sing	91	compound	471	477
tsc-2025-01-08:u0004:s00	91	member	member	NOUN	NN	Number=Sing	5	parataxis	478	484
tsc-2025-01-08:u0004:s00	92	)	)	PUNCT	-RRB-	_	91	punct	484	485
tsc-2025-01-08:u0004:s00	93	*	*	PUNCT	NFP	_	5	punct	486	487
tsc-2025-01-08:u0004:s00	94	Robert	Robert	PROPN	NNP	Number=Sing	5	conj	488	494
tsc-2025-01-08:u0004:s00	95	Nagy	Nagy	PROPN	NNP	Number=Sing	94	flat	495	499
tsc-2025-01-08:u0004:s00	96	@ronag	@ronag	NOUN	NN	Number=Sing	94	flat	500	506
tsc-2025-01-08:u0004:s00	97	(	(	PUNCT	-LRB-	_	5	punct	507	508
tsc-2025-01-08:u0004:s00	98	voting	voting	NOUN	NN	Number=Sing	99	compound	508	514
tsc-2025-01-08:u0004:s00	99	member	member	NOUN	NN	Number=Sing	5	appos	515	521
tsc-2025-01-08:u0004:s00	100	)	)	PUNCT	-RRB-	_	99	punct	521	522
tsc-2025-01-08:u0004:s00	101	a	a	DET	DT	Definite=Ind|PronType=Art	103	det	523	524
tsc-2025-01-08:u0004:s00	102	*	*	PUNCT	NFP	_	103	punct	525	526
tsc-2025-01-08:u0004:s00	103	Ruy	Ruy	PROPN	NNP	Number=Sing	5	appos	526	529
tsc-2025-01-08:u0004:s00	104	Adorno	Adorno	PROPN	NNP	Number=Sing	103	flat	530	536
tsc-2025-01-08:u0004:s00	105	@ruyadorno	@ruyadorno	NOUN	NN	Number=Sing	103	flat	537	547
tsc-2025-01-08:u0004:s00	106	(	(	PUNCT	-LRB-	_	108	punct	548	549
tsc-2025-01-08:u0004:s00	107	voting	voting	NOUN	NN	Number=Sing	108	compound	549	555
tsc-2025-01-08:u0004:s00	108	member	member	NOUN	NN	Number=Sing	103	appos	556	562
tsc-2025-01-08:u0004:s00	109	)	)	PUNCT	-RRB-	_	108	punct	562	563
tsc-2025-01-08:u0004:s00	110	*	*	PUNCT	NFP	_	112	punct	564	565
tsc-2025-01-08:u0004:s00	111	Paolo	Paolo	PROPN	NNP	Number=Sing	112	compound	566	571
tsc-2025-01-08:u0004:s00	112	Insogna	Insogna	PROPN	NNP	Number=Sing	103	appos	572	579
tsc-2025-01-08:u0004:s00	113	@	@	ADP	IN	_	114	case	580	581
tsc-2025-01-08:u0004:s00	114	ShogunPanda	ShogunPanda	PROPN	NNP	Number=Sing	5	nmod	581	592
tsc-2025-01-08:u0004:s00	115	(	(	PUNCT	-LRB-	_	5	punct	593	594
tsc-2025-01-08:u0004:s00	116	voting	voting	NOUN	NN	Number=Sing	117	compound	594	600
tsc-2025-01-08:u0004:s00	117	member	member	NOUN	NN	Number=Sing	5	appos	601	607
tsc-2025-01-08:u0004:s00	118	)	)	PUNCT	-RRB-	_	117	punct	607	608
tsc-2025-01-08:u0004:s00	119	*	*	PUNCT	NFP	_	5	punct	609	610
tsc-2025-01-08:u0004:s00	120	Brie	Brie	PROPN	NNP	Number=Sing	5	conj	611	615
tsc-2025-01-08:u0004:s00	121	(	(	PUNCT	-LRB-	_	122	punct	616	617
tsc-2025-01-08:u0004:s00	122	gueest	gueest	ADJ	JJS	Degree=Sup	120	appos	617	623
tsc-2025-01-08:u0004:s00	123	for	for	ADP	IN	_	125	case	624	627
tsc-2025-01-08:u0004:s00	124	smartos	smarto	ADJ	JJ	Degree=Pos	125	amod	628	635
tsc-2025-01-08:u0004:s00	125	discussion	discussion	NOUN	NN	Number=Sing	122	obl	636	646
tsc-2025-01-08:u0004:s00	126	)	)	PUNCT	-RRB-	_	122	punct	646	647
tsc-2025-01-08:u0004:s00	127	*	*	PUNCT	NFP	_	5	punct	648	649
tsc-2025-01-08:u0004:s00	128	Jean	Jean	PROPN	NNP	Number=Sing	5	conj	650	654
tsc-2025-01-08:u0004:s00	129	,	,	PUNCT	,	_	5	punct	654	655
tsc-2025-01-08:u0004:s00	130	Burellier	Burellier	PROPN	NNP	Number=Sing	5	appos	656	665
tsc-2025-01-08:u0004:s00	131	@sheplu	@sheplu	PROPN	NNP	Number=Sing	130	flat	666	673
tsc-2025-01-08:u0004:s01	1	(	(	PUNCT	-LRB-	_	2	punct	0	1
tsc-2025-01-08:u0004:s01	2	Guest	guest	VERB	VB	Mood=Imp|VerbForm=Fin	0	root	1	6
tsc-2025-01-08:u0004:s01	3	for	for	ADP	IN	_	5	case	7	10
tsc-2025-01-08:u0004:s01	4	Summit	Summit	NOUN	NN	Number=Sing	5	compound	11	17
tsc-2025-01-08:u0004:s01	5	discussion	discussion	NOUN	NN	Number=Sing	2	obl	18	28
tsc-2025-01-08:u0004:s01	6	)	)	PUNCT	-RRB-	_	2	punct	28	29
tsc-2025-01-08:u0004:s01	7	*	*	PUNCT	NFP	_	2	punct	30	31
tsc-2025-01-08:u0004:s01	8	Bryan	Bryan	PROPN	NNP	Number=Sing	2	obj	32	37
tsc-2025-01-08:u0004:s01	9	English	English	PROPN	NNP	Number=Sing	8	flat	38	45
tsc-2025-01-08:u0004:s01	10	(	(	PUNCT	-LRB-	_	11	punct	46	47
tsc-2025-01-08:u0004:s01	11	Guest	guest	VERB	VB	Mood=Imp|VerbForm=Fin	2	parataxis	47	52
tsc-2025-01-08:u0004:s01	12	for	for	ADP	IN	_	14	case	53	56
tsc-2025-01-08:u0004:s01	13	summit	summit	NOUN	NN	Number=Sing	14	compound	57	63
tsc-2025-01-08:u0004:s01	14	discussion	discussion	NOUN	NN	Number=Sing	11	obl	64	74
tsc-2025-01-08:u0004:s01	15	)	)	PUNCT	-RRB-	_	11	punct	74	75
tsc-2025-01-08:u0005:s00	1	##	##	PUNCT	.	_	0	root	0	2
tsc-2025-01-08:u0005:s01	1	Agenda	agenda	PROPN	NNP	Number=Sing	0	root	0	6
tsc-2025-01-08:u0006:s00	1	###	###	SYM	NFP	_	0	root	0	3
tsc-2025-01-08:u0006:s01	1	Announcements	Announcement	NOUN	NNS	Number=Plur	0	root	0	13
tsc-2025-01-08:u0007:s00	1	*	*	PUNCT	NFP	_	0	root	0	1
tsc-2025-01-08:u0007:s01	1	No	no	DET	DT	_	2	det	0	2
tsc-2025-01-08:u0007:s01	2	announcements	announcement	NOUN	NNS	Number=Plur	0	root	3	16
tsc-2025-01-08:u0007:s01	3	this	this	DET	DT	Number=Sing|PronType=Dem	4	det	17	21
tsc-2025-01-08:u0007:s01	4	week	week	NOUN	NN	Number=Sing	2	nmod:tmod	22	26
tsc-2025-01-08:u0007:s01	5	.	.	PUNCT	.	_	2	punct	26	27
tsc-2025-01-08:u0008:s00	1	###	###	SYM	NFP	_	0	root	0	3
tsc-2025-01-08:u0008:s01	1	Reminders	Reminder	NOUN	NNS	Number=Plur	0	root	0	9
tsc-2025-01-08:u0009:s00	1	*	*	PUNCT	NFP	_	2	punct	0	1
tsc-2025-01-08:u0009:s00	2	Remember	remember	VERB	VB	Mood=Imp|VerbForm=Fin	0	root	2	10
tsc-2025-01-08:u0009:s00	3	to	to	PART	TO	_	4	mark	11	13
tsc-2025-01-08:u0009:s00	4	nominate	nominate	VERB	VB	VerbForm=Inf	2	xcomp	14	22
tsc-2025-01-08:u0009:s00	5	people	people	NOUN	NNS	Number=Plur	4	obj	23	29
tsc-2025-01-08:u0009:s00	6	for	for	ADP	IN	_	10	case	30	33
tsc-2025-01-08:u0009:s00	7	the	the	DET	DT	Definite=Def|PronType=Art	10	det	34	37
tsc-2025-01-08:u0009:s00	8	[	[	PUNCT	-LRB-	_	10	punct	38	39
tsc-2025-01-08:u0009:s00	9	contributor	contributor	NOUN	NN	Number=Sing	10	compound	39	50
tsc-2025-01-08:u0009:s00	10	spotlight	spotlight	NOUN	NN	Number=Sing	5	nmod	51	60
tsc-2025-01-08:u0009:s00	11	]	]	PUNCT	-RRB-	_	10	punct	60	61
tsc-2025-01-08:u0009:s00	12	(	(	PUNCT	-LRB-	_	14	punct	61	62
tsc-2025-01-08:u0009:s00	13	https://github.com/nodejs/node/blob/main/doc/contributing/reconizing-contributors.md	https://github.com/nodejs/node/blob/main/doc/contributing/reconizing-contributors.md	ADJ	JJ	Degree=Pos	14	amod	62	146
tsc-2025-01-08:u0009:s00	14	#bi-monthly-contributor-spotlight	#bi-monthly-contributor-spotlight	NOUN	NN	Number=Sing	10	appos	146	179
tsc-2025-01-08:u0009:s00	15	)	)	PUNCT	-RRB-	_	14	punct	179	180
tsc-2025-01-08:u0010:s00	1	###	###	SYM	NFP	_	6	punct	0	3
tsc-2025-01-08:u0010:s00	2	CPC	CPC	PROPN	NNP	Number=Sing	6	compound	4	7
tsc-2025-01-08:u0010:s00	3	and	and	CCONJ	CC	_	4	cc	8	11
tsc-2025-01-08:u0010:s00	4	Board	board	PROPN	NNP	Number=Sing	2	conj	12	17
tsc-2025-01-08:u0010:s00	5	Meeting	meeting	PROPN	NNP	Number=Sing	6	compound	18	25
tsc-2025-01-08:u0010:s00	6	Updates	updates	PROPN	NNP	Number=Sing	0	root	26	33
tsc-2025-01-08:u0011:s00	1	*	*	PUNCT	NFP	_	2	punct	0	1
tsc-2025-01-08:u0011:s00	2	Extracted	Extract	VERB	VBN	Tense=Past|VerbForm=Part	9	amod	1	10
tsc-2025-01-08:u0011:s00	3	from	from	ADP	IN	_	6	case	11	15
tsc-2025-01-08:u0011:s00	4	**tsc	**tsc	NOUN	NN	Number=Sing	6	compound	16	21
tsc-2025-01-08:u0011:s00	5	-	-	PUNCT	HYPH	_	6	punct	21	22
tsc-2025-01-08:u0011:s00	6	agenda	agenda	NOUN	NN	Number=Sing	2	obl	22	28
tsc-2025-01-08:u0011:s00	7	**	**	PUNCT	NFP	_	2	punct	28	30
tsc-2025-01-08:u0011:s00	8	labeled	label	VERB	VBN	Tense=Past|VerbForm=Part	9	amod	31	38
tsc-2025-01-08:u0011:s00	9	issues	issue	NOUN	NNS	Number=Plur	0	root	39	45
tsc-2025-01-08:u0011:s00	10	and	and	CCONJ	CC	_	12	cc	46	49
tsc-2025-01-08:u0011:s00	11	pull	pull	NOUN	NN	Number=Sing	12	compound	50	54
tsc-2025-01-08:u0011:s00	12	requests	request	NOUN	NNS	Number=Plur	9	conj	55	63
tsc-2025-01-08:u0011:s00	13	from	from	ADP	IN	_	16	case	64	68
tsc-2025-01-08:u0011:s00	14	the	the	DET	DT	Definite=Def|PronType=Art	16	det	69	72
tsc-2025-01-08:u0011:s00	15	**	**	PUNCT	NFP	_	16	punct	73	75
tsc-2025-01-08:u0011:s00	16	nodejs	nodej	NOUN	NNS	Number=Plur	12	nmod	75	81
tsc-2025-01-08:u0011:s00	17	org	org	ADJ	JJ	Degree=Pos	16	amod	82	85
tsc-2025-01-08:u0011:s00	18	**	**	PUNCT	NFP	_	9	punct	85	87
tsc-2025-01-08:u0011:s00	19	prior	prior	ADJ	JJ	Degree=Pos	22	case	88	93
tsc-2025-01-08:u0011:s00	20	to	to	ADP	IN	_	19	fixed	94	96
tsc-2025-01-08:u0011:s00	21	the	the	DET	DT	Definite=Def|PronType=Art	22	det	97	100
tsc-2025-01-08:u0011:s00	22	meeting	meeting	NOUN	NN	Number=Sing	9	nmod	101	108
tsc-2025-01-08:u0011:s00	23	.	.	PUNCT	.	_	9	punct	108	109
tsc-2025-01-08:u0012:s00	1	*	*	PUNCT	NFP	_	2	punct	0	1
tsc-2025-01-08:u0012:s00	2	Matteo	Matteo	NOUN	NN	Number=Sing	9	nsubj	2	8
tsc-2025-01-08:u0012:s00	3	,	,	PUNCT	,	_	2	punct	8	9
tsc-2025-01-08:u0012:s00	4	github	github	NUM	CD	NumType=Card	6	nummod	10	16
tsc-2025-01-08:u0012:s00	5	security	security	NOUN	NN	Number=Sing	6	compound	17	25
tsc-2025-01-08:u0012:s00	6	fund	fund	NOUN	NN	Number=Sing	2	appos	26	30
tsc-2025-01-08:u0012:s00	7	is	be	AUX	VBZ	Mood=Ind|Number=Sing|Person=3|Tense=Pres|VerbForm=Fin	9	cop	31	33
tsc-2025-01-08:u0012:s00	8	important	important	ADJ	JJ	Degree=Pos	9	amod	34	43
tsc-2025-01-08:u0012:s00	9	part	part	NOUN	NN	Number=Sing	0	root	44	48
tsc-2025-01-08:u0012:s00	10	,	,	PUNCT	,	_	9	punct	48	49
tsc-2025-01-08:u0012:s00	11	we	we	PRON	PRP	Case=Nom|Number=Plur|Person=1|PronType=Prs	12	nsubj	50	52
tsc-2025-01-08:u0012:s00	12	have	have	VERB	VBP	Mood=Ind|Tense=Pres|VerbForm=Fin	9	parataxis	53	57
tsc-2025-01-08:u0012:s00	13	issue	issue	NOUN	NN	Number=Sing	12	obj	58	63
tsc-2025-01-08:u0012:s00	14	to	to	PART	TO	_	15	mark	64	66
tsc-2025-01-08:u0012:s00	15	discuss	discuss	VERB	VB	VerbForm=Inf	13	acl	67	74
tsc-2025-01-08:u0012:s00	16	.	.	PUNCT	.	_	9	punct	74	75
tsc-2025-01-08:u0013:s00	1	###	###	SYM	NFP	_	0	root	0	3
tsc-2025-01-08:u0013:s00	2	openjs-foundation	openjs-foundation	NOUN	NN	Number=Sing	1	compound	4	21
tsc-2025-01-08:u0013:s00	3	/	/	PUNCT	,	_	4	cc	21	22
tsc-2025-01-08:u0013:s00	4	summit	summit	NOUN	NN	Number=Sing	2	conj	22	28
tsc-2025-01-08:u0014:s00	1	*	*	PUNCT	NFP	_	4	punct	0	1
tsc-2025-01-08:u0014:s00	2	Node.js	Node.js	PROPN	NNP	Number=Sing	4	compound	2	9
tsc-2025-01-08:u0014:s00	3	Collaborator	Collaborator	PROPN	NNP	Number=Sing	2	flat	10	22
tsc-2025-01-08:u0014:s00	4	Summit	Summit	PROPN	NNP	Number=Sing	18	compound	23	29
tsc-2025-01-08:u0014:s00	5	2025	2025	NUM	CD	NumType=Card	7	nummod	30	34
tsc-2025-01-08:u0014:s00	6	/	/	PUNCT	,	_	7	cc	35	36
tsc-2025-01-08:u0014:s00	7	Paris	Paris	PROPN	NNP	Number=Sing	4	conj	37	42
tsc-2025-01-08:u0014:s00	8	[	[	PUNCT	-LRB-	_	7	punct	43	44
tsc-2025-01-08:u0014:s00	9	#433	#433	NUM	CD	NumType=Card	7	appos	44	48
tsc-2025-01-08:u0014:s00	10	]	]	PUNCT	-RRB-	_	9	punct	48	49
tsc-2025-01-08:u0014:s00	11	(	(	PUNCT	-LRB-	_	12	punct	49	50
tsc-2025-01-08:u0014:s00	12	https://github.com/openjs-foundation/summit/issues/433	https://github.com/openjs-foundation/summit/issues/433	X	LS	_	13	nummod	50	104
tsc-2025-01-08:u0014:s00	13	)	)	PUNCT	-RRB-	_	9	punct	104	105
tsc-2025-01-08:u0014:s00	14	*	*	PUNCT	NFP	_	18	punct	106	107
tsc-2025-01-08:u0014:s00	15	Joyee	Joyee	PROPN	NNP	Number=Sing	18	compound	108	113
tsc-2025-01-08:u0014:s00	16	*	*	PUNCT	NFP	_	18	punct	114	115
tsc-2025-01-08:u0014:s00	17	better	better	ADJ	JJR	Degree=Cmp	18	amod	116	122
tsc-2025-01-08:u0014:s00	18	result	result	NOUN	NN	Number=Sing	33	compound	123	129
tsc-2025-01-08:u0014:s00	19	from	from	ADP	IN	_	22	case	130	134
tsc-2025-01-08:u0014:s00	20	the	the	DET	DT	Definite=Def|PronType=Art	22	det	135	138
tsc-2025-01-08:u0014:s00	21	summit	summit	NOUN	NN	Number=Sing	22	compound	139	145
tsc-2025-01-08:u0014:s00	22	query	query	NOUN	NN	Number=Sing	18	nmod	146	151
tsc-2025-01-08:u0014:s00	23	for	for	ADP	IN	_	24	case	152	155
tsc-2025-01-08:u0014:s00	24	Paris	Paris	PROPN	NNP	Number=Sing	18	nmod	156	161
tsc-2025-01-08:u0014:s00	25	,	,	PUNCT	,	_	18	punct	161	162
tsc-2025-01-08:u0014:s00	26	21	21	NUM	CD	NumType=Card	27	nummod	163	165
tsc-2025-01-08:u0014:s00	27	people	people	NOUN	NNS	Number=Plur	18	conj	166	172
tsc-2025-01-08:u0014:s00	28	so	so	ADV	RB	_	29	advmod	173	175
tsc-2025-01-08:u0014:s00	29	far	far	ADV	RB	Degree=Pos	18	advmod	176	179
tsc-2025-01-08:u0014:s00	30	,	,	PUNCT	,	_	18	punct	179	180
tsc-2025-01-08:u0014:s00	31	30	30	NUM	CD	NumType=Card	18	nummod	181	183
tsc-2025-01-08:u0014:s00	32	total	total	ADJ	JJ	Degree=Pos	33	amod	184	189
tsc-2025-01-08:u0014:s00	33	responses	response	NOUN	NNS	Number=Plur	0	root	190	199
tsc-2025-01-08:u0014:s00	34	.	.	PUNCT	.	_	33	punct	199	200
tsc-2025-01-08:u0014:s01	1	*	*	PUNCT	NFP	_	3	punct	0	1
tsc-2025-01-08:u0014:s01	2	will	will	AUX	MD	VerbForm=Fin	3	aux	2	6
tsc-2025-01-08:u0014:s01	3	need	need	VERB	VB	VerbForm=Inf	0	root	7	11
tsc-2025-01-08:u0014:s01	4	to	to	PART	TO	_	5	mark	12	14
tsc-2025-01-08:u0014:s01	5	request	request	VERB	VB	VerbForm=Inf	3	xcomp	15	22
tsc-2025-01-08:u0014:s01	6	about	about	ADV	RB	_	7	advmod	23	28
tsc-2025-01-08:u0014:s01	7	20	20	NUM	CD	NumType=Card	8	nummod	29	31
tsc-2025-01-08:u0014:s01	8	k	k	NUM	CD	NumType=Card	5	obj	31	32
tsc-2025-01-08:u0014:s01	9	from	from	ADP	IN	_	12	case	33	37
tsc-2025-01-08:u0014:s01	10	the	the	DET	DT	Definite=Def|PronType=Art	12	det	38	41
tsc-2025-01-08:u0014:s01	11	travel	travel	NOUN	NN	Number=Sing	12	compound	42	48
tsc-2025-01-08:u0014:s01	12	fund	fund	NOUN	NN	Number=Sing	5	obl	49	53
tsc-2025-01-08:u0014:s01	13	*	*	PUNCT	NFP	_	5	punct	54	55
tsc-2025-01-08:u0014:s01	14	looks	look	VERB	VBZ	Mood=Ind|Number=Sing|Person=3|Tense=Pres|VerbForm=Fin	5	conj	56	61
tsc-2025-01-08:u0014:s01	15	promising	promising	VERB	VBG	VerbForm=Ger	14	xcomp	62	71
tsc-2025-01-08:u0014:s01	16	,	,	PUNCT	,	_	3	punct	71	72
tsc-2025-01-08:u0014:s01	17	we	we	PRON	PRP	Case=Nom|Number=Plur|Person=1|PronType=Prs	19	nsubj	73	75
tsc-2025-01-08:u0014:s01	18	should	should	AUX	MD	VerbForm=Fin	19	aux	76	82
tsc-2025-01-08:u0014:s01	19	do	do	VERB	VB	VerbForm=Inf	3	parataxis	83	85
tsc-2025-01-08:u0014:s01	20	it	it	PRON	PRP	Case=Acc|Gender=Neut|Number=Sing|Person=3|PronType=Prs	19	obj	86	88
tsc-2025-01-08:u0014:s01	21	*	*	PUNCT	NFP	_	22	punct	89	90
tsc-2025-01-08:u0014:s01	22	April	April	PROPN	NNP	Number=Sing	27	nsubj	91	96
tsc-2025-01-08:u0014:s01	23	1	1	NUM	CD	NumType=Card	22	nummod	97	98
tsc-2025-01-08:u0014:s01	24	,	,	PUNCT	,	_	22	punct	98	99
tsc-2025-01-08:u0014:s01	25	2	2	NUM	CD	NumType=Card	22	nummod	100	101
tsc-2025-01-08:u0014:s01	26	is	be	AUX	VBZ	Mood=Ind|Number=Sing|Person=3|Tense=Pres|VerbForm=Fin	27	cop	102	104
tsc-2025-01-08:u0014:s01	27	better	better	ADJ	JJR	Degree=Cmp	19	parataxis	105	111
tsc-2025-01-08:u0014:s01	28	than	than	ADP	IN	_	30	case	112	116
tsc-2025-01-08:u0014:s01	29	other	other	ADJ	JJ	Degree=Pos	30	amod	117	122
tsc-2025-01-08:u0014:s01	30	dates	date	NOUN	NNS	Number=Plur	27	obl	123	128
tsc-2025-01-08:u0014:s01	31	*	*	PUNCT	NFP	_	37	punct	129	130
tsc-2025-01-08:u0014:s01	32	Matteo	Matteo	NOUN	NN	Number=Sing	35	compound	131	137
tsc-2025-01-08:u0014:s01	33	*	*	PUNCT	NFP	_	35	punct	138	139
tsc-2025-01-08:u0014:s01	34	fundamental	fundamental	ADJ	JJ	Degree=Pos	35	amod	140	151
tsc-2025-01-08:u0014:s01	35	question	question	NOUN	NN	Number=Sing	37	nsubj	152	160
tsc-2025-01-08:u0014:s01	36	is	be	AUX	VBZ	Mood=Ind|Number=Sing|Person=3|Tense=Pres|VerbForm=Fin	37	aux	161	163
tsc-2025-01-08:u0014:s01	37	looking	look	VERB	VBG	Tense=Pres|VerbForm=Part	27	ccomp	164	171
tsc-2025-01-08:u0014:s01	38	at	at	ADP	IN	_	40	case	172	174
tsc-2025-01-08:u0014:s01	39	travel	travel	NOUN	NN	Number=Sing	40	compound	175	181
tsc-2025-01-08:u0014:s01	40	fund	fund	NOUN	NN	Number=Sing	45	obl	182	186
tsc-2025-01-08:u0014:s01	41	,	,	PUNCT	,	_	40	punct	186	187
tsc-2025-01-08:u0014:s01	42	20	20	NUM	CD	NumType=Card	43	compound	188	190
tsc-2025-01-08:u0014:s01	43	k	k	NUM	CD	NumType=Card	40	conj	190	191
tsc-2025-01-08:u0014:s01	44	is	be	AUX	VBZ	Mood=Ind|Number=Sing|Person=3|Tense=Pres|VerbForm=Fin	45	cop	192	194
tsc-2025-01-08:u0014:s01	45	high	high	ADJ	JJ	Degree=Pos	37	parataxis	195	199
tsc-2025-01-08:u0014:s01	46	,	,	PUNCT	,	_	62	punct	199	200
tsc-2025-01-08:u0014:s01	47	if	if	SCONJ	IN	_	49	mark	201	203
tsc-2025-01-08:u0014:s01	48	we	we	PRON	PRP	Case=Nom|Number=Plur|Person=1|PronType=Prs	49	nsubj	204	206
tsc-2025-01-08:u0014:s01	49	plan	plan	VERB	VBP	Mood=Ind|Tense=Pres|VerbForm=Fin	62	advcl	207	211
tsc-2025-01-08:u0014:s01	50	to	to	PART	TO	_	51	mark	212	214
tsc-2025-01-08:u0014:s01	51	have	have	VERB	VB	VerbForm=Inf	49	xcomp	215	219
tsc-2025-01-08:u0014:s01	52	second	second	ADJ	JJ	Degree=Pos|NumType=Ord	53	amod	220	226
tsc-2025-01-08:u0014:s01	53	one	one	NOUN	NN	Number=Sing	51	obj	227	230
tsc-2025-01-08:u0014:s01	54	with	with	ADP	IN	_	55	case	231	235
tsc-2025-01-08:u0014:s01	55	JSConf.us	JSConf.us	PROPN	NNP	Number=Sing	49	nmod	236	245
tsc-2025-01-08:u0014:s01	56	,	,	PUNCT	,	_	62	punct	245	246
tsc-2025-01-08:u0014:s01	57	there	there	PRON	EX	_	62	expl	247	252
tsc-2025-01-08:u0014:s01	58	might	might	AUX	MD	VerbForm=Fin	62	aux	253	258
tsc-2025-01-08:u0014:s01	59	not	not	PART	RB	_	62	advmod	259	262
tsc-2025-01-08:u0014:s01	60	be	be	AUX	VB	VerbForm=Inf	62	cop	263	265
tsc-2025-01-08:u0014:s01	61	enough	enough	ADJ	JJ	Degree=Pos	62	amod	266	272
tsc-2025-01-08:u0014:s01	62	funds	fund	NOUN	NNS	Number=Plur	45	conj	273	278
tsc-2025-01-08:u0014:s01	63	.	.	PUNCT	.	_	3	punct	278	279
tsc-2025-01-08:u0014:s02	1	Not	not	PART	RB	_	2	advmod	0	3
tsc-2025-01-08:u0014:s02	2	convinced	convince	ADJ	JJ	Degree=Pos	0	root	4	13
tsc-2025-01-08:u0014:s02	3	we	we	PRON	PRP	Case=Nom|Number=Plur|Person=1|PronType=Prs	5	nsubj	14	16
tsc-2025-01-08:u0014:s02	4	’ll	’ll	AUX	MD	VerbForm=Fin	5	aux	16	19
tsc-2025-01-08:u0014:s02	5	get	get	VERB	VB	VerbForm=Inf	2	ccomp	20	23
tsc-2025-01-08:u0014:s02	6	as	as	ADV	RB	_	7	advmod	24	26
tsc-2025-01-08:u0014:s02	7	much	much	ADJ	JJ	Degree=Pos	8	amod	27	31
tsc-2025-01-08:u0014:s02	8	funding	funding	NOUN	NN	Number=Sing	5	obj	32	39
tsc-2025-01-08:u0014:s02	9	for	for	ADP	IN	_	10	case	40	43
tsc-2025-01-08:u0014:s02	10	it	it	PRON	PRP	Case=Acc|Gender=Neut|Number=Sing|Person=3|PronType=Prs	5	obl	44	46
tsc-2025-01-08:u0014:s02	11	.	.	PUNCT	.	_	2	punct	46	47
tsc-2025-01-08:u0014:s03	1	It	it	PRON	PRP	Case=Nom|Gender=Neut|Number=Sing|Person=3|PronType=Prs	3	nsubj	0	2
tsc-2025-01-08:u0014:s03	2	’s	be	AUX	VBZ	Mood=Ind|Number=Sing|Person=3|Tense=Pres|VerbForm=Fin	3	cop	2	4
tsc-2025-01-08:u0014:s03	3	⅓	⅓	NUM	CD	NumType=Card	0	root	5	6
tsc-2025-01-08:u0014:s03	4	of	of	ADP	IN	_	8	case	7	9
tsc-2025-01-08:u0014:s03	5	the	the	DET	DT	Definite=Def|PronType=Art	8	det	10	13
tsc-2025-01-08:u0014:s03	6	collaborator	collaborator	NOUN	NN	Number=Sing	8	compound	14	26
tsc-2025-01-08:u0014:s03	7	summit	summit	NOUN	NN	Number=Sing	8	compound	27	33
tsc-2025-01-08:u0014:s03	8	budget	budget	NOUN	NN	Number=Sing	3	nmod	34	40
tsc-2025-01-08:u0014:s03	9	for	for	ADP	IN	_	10	case	41	44
tsc-2025-01-08:u0014:s03	10	all	all	DET	DT	_	8	nmod	45	48
tsc-2025-01-08:u0014:s03	11	of	of	ADP	IN	_	13	case	49	51
tsc-2025-01-08:u0014:s03	12	the	the	DET	DT	Definite=Def|PronType=Art	13	det	52	55
tsc-2025-01-08:u0014:s03	13	project	project	NOUN	NN	Number=Sing	10	nmod	56	63
tsc-2025-01-08:u0014:s03	14	*	*	PUNCT	NFP	_	15	punct	64	65
tsc-2025-01-08:u0014:s03	15	Joyee	Joyee	PROPN	NNP	Number=Sing	13	appos	66	71
tsc-2025-01-08:u0014:s03	16	,	,	PUNCT	,	_	3	punct	71	72
tsc-2025-01-08:u0014:s03	17	do	do	AUX	VBP	Mood=Ind|Tense=Pres|VerbForm=Fin	19	aux	73	75
tsc-2025-01-08:u0014:s03	18	we	we	PRON	PRP	Case=Nom|Number=Plur|Person=1|PronType=Prs	19	nsubj	76	78
tsc-2025-01-08:u0014:s03	19	know	know	VERB	VB	VerbForm=Inf	3	parataxis	79	83
tsc-2025-01-08:u0014:s03	20	how	how	ADV	WRB	PronType=Int	21	advmod	84	87
tsc-2025-01-08:u0014:s03	21	much	much	ADJ	JJ	Degree=Pos	22	amod	88	92
tsc-2025-01-08:u0014:s03	22	budget	budget	NOUN	NN	Number=Sing	19	obj	93	99
tsc-2025-01-08:u0014:s03	23	we	we	PRON	PRP	Case=Nom|Number=Plur|Person=1|PronType=Prs	24	nsubj	100	102
tsc-2025-01-08:u0014:s03	24	have	have	VERB	VBP	Mood=Ind|Tense=Pres|VerbForm=Fin	22	acl:relcl	103	107
tsc-2025-01-08:u0014:s03	25	for	for	ADP	IN	_	28	case	108	111
tsc-2025-01-08:u0014:s03	26	the	the	DET	DT	Definite=Def|PronType=Art	28	det	112	115
tsc-2025-01-08:u0014:s03	27	first	first	ADJ	JJ	Degree=Pos|NumType=Ord	28	amod	116	121
tsc-2025-01-08:u0014:s03	28	quarter	quarter	NOUN	NN	Number=Sing	24	obl	122	129
tsc-2025-01-08:u0014:s03	29	.	.	PUNCT	.	_	3	punct	129	130
tsc-2025-01-08:u0014:s04	1	*	*	PUNCT	NFP	_	2	punct	0	1
tsc-2025-01-08:u0014:s04	2	Matteo	Matteo	PROPN	NNP	Number=Sing	6	nsubj:pass	2	8
tsc-2025-01-08:u0014:s04	3	,	,	PUNCT	,	_	6	punct	8	9
tsc-2025-01-08:u0014:s04	4	was	be	AUX	VBD	Mood=Ind|Number=Sing|Person=3|Tense=Past|VerbForm=Fin	6	aux:pass	10	13
tsc-2025-01-08:u0014:s04	5	fully	fully	ADV	RB	_	6	advmod	14	19
tsc-2025-01-08:u0014:s04	6	booked	book	VERB	VBN	Tense=Past|VerbForm=Part|Voice=Pass	0	root	20	26
tsc-2025-01-08:u0014:s04	7	,	,	PUNCT	,	_	11	punct	26	27
tsc-2025-01-08:u0014:s04	8	but	but	CCONJ	CC	_	11	cc	28	31
tsc-2025-01-08:u0014:s04	9	not	not	ADV	RB	_	10	advmod	32	35
tsc-2025-01-08:u0014:s04	10	fully	fully	ADV	RB	_	11	advmod	36	41
tsc-2025-01-08:u0014:s04	11	used	use	VERB	VBN	Tense=Past|VerbForm=Part|Voice=Pass	6	conj	42	46
tsc-2025-01-08:u0014:s04	12	.	.	PUNCT	.	_	6	punct	46	47
tsc-2025-01-08:u0014:s05	1	*	*	PUNCT	NFP	_	3	punct	0	1
tsc-2025-01-08:u0014:s05	2	General	General	NOUN	NN	Number=Sing	3	compound	2	9
tsc-2025-01-08:u0014:s05	3	agreement	agreement	NOUN	NN	Number=Sing	0	root	10	19
tsc-2025-01-08:u0014:s05	4	that	that	PRON	WDT	PronType=Rel	7	obj	20	24
tsc-2025-01-08:u0014:s05	5	we	we	PRON	PRP	Case=Nom|Number=Plur|Person=1|PronType=Prs	7	nsubj	25	27
tsc-2025-01-08:u0014:s05	6	should	should	AUX	MD	VerbForm=Fin	7	aux	28	34
tsc-2025-01-08:u0014:s05	7	go	go	VERB	VB	VerbForm=Inf	3	acl:relcl	35	37
tsc-2025-01-08:u0014:s05	8	ahead	ahead	ADV	RB	_	7	advmod	38	43
tsc-2025-01-08:u0014:s05	9	.	.	PUNCT	.	_	3	punct	43	44
tsc-2025-01-08:u0014:s06	1	Matteo	Matteo	PROPN	NNP	Number=Sing	3	nsubj	0	6
tsc-2025-01-08:u0014:s06	2	just	just	ADV	RB	_	3	advmod	7	11
tsc-2025-01-08:u0014:s06	3	wanted	want	VERB	VBD	Mood=Ind|Tense=Past|VerbForm=Fin	0	root	12	18
tsc-2025-01-08:u0014:s06	4	to	to	PART	TO	_	5	mark	19	21
tsc-2025-01-08:u0014:s06	5	flag	flag	VERB	VB	VerbForm=Inf	3	xcomp	22	26
tsc-2025-01-08:u0014:s06	6	that	that	SCONJ	IN	_	8	mark	27	31
tsc-2025-01-08:u0014:s06	7	there	there	PRON	EX	_	8	expl	32	37
tsc-2025-01-08:u0014:s06	8	are	be	VERB	VBP	Mood=Ind|Tense=Pres|VerbForm=Fin	5	ccomp	38	41
tsc-2025-01-08:u0014:s06	9	quite	quite	DET	PDT	_	12	det:predet	42	47
tsc-2025-01-08:u0014:s06	10	a	a	DET	DT	Definite=Ind|PronType=Art	12	det	48	49
tsc-2025-01-08:u0014:s06	11	few	few	ADJ	JJ	Degree=Pos	12	amod	50	53
tsc-2025-01-08:u0014:s06	12	people	people	NOUN	NNS	Number=Plur	8	nsubj	54	60
tsc-2025-01-08:u0014:s06	13	identifying	identify	VERB	VBG	VerbForm=Ger	12	acl	61	72
tsc-2025-01-08:u0014:s06	14	that	that	SCONJ	IN	_	16	mark	73	77
tsc-2025-01-08:u0014:s06	15	they	they	PRON	PRP	Case=Nom|Number=Plur|Person=3|PronType=Prs	16	nsubj	78	82
tsc-2025-01-08:u0014:s06	16	need	need	VERB	VBP	Mood=Ind|Tense=Pres|VerbForm=Fin	13	ccomp	83	87
tsc-2025-01-08:u0014:s06	17	travel	travel	NOUN	NN	Number=Sing	18	compound	88	94
tsc-2025-01-08:u0014:s06	18	funding	funding	NOUN	NN	Number=Sing	16	obj	95	102
tsc-2025-01-08:u0014:s06	19	.	.	PUNCT	.	_	3	punct	102	103
tsc-2025-01-08:u0014:s06	20	*	*	PUNCT	NFP	_	3	punct	104	105
tsc-2025-01-08:u0014:s06	21	Matteo	Matteo	NOUN	NN	Number=Sing	23	nsubj	106	112
tsc-2025-01-08:u0014:s06	22	will	will	AUX	MD	VerbForm=Fin	23	aux	113	117
tsc-2025-01-08:u0014:s06	23	take	take	VERB	VB	VerbForm=Inf	3	ccomp	118	122
tsc-2025-01-08:u0014:s06	24	action	action	NOUN	NN	Number=Sing	23	obj	123	129
tsc-2025-01-08:u0014:s06	25	to	to	PART	TO	_	26	mark	130	132
tsc-2025-01-08:u0014:s06	26	let	let	VERB	VB	VerbForm=Inf	23	advcl	133	136
tsc-2025-01-08:u0014:s06	27	Ben	Ben	PROPN	NNP	Number=Sing	26	obj	137	140
tsc-2025-01-08:u0014:s06	28	/	/	PUNCT	,	_	29	cc	140	141
tsc-2025-01-08:u0014:s06	29	Robin	Robin	PROPN	NNP	Number=Sing	27	conj	141	146
tsc-2025-01-08:u0014:s06	30	know	know	VERB	VB	VerbForm=Inf	26	xcomp	147	151
tsc-2025-01-08:u0014:s06	31	there	there	PRON	EX	_	33	expl	152	157
tsc-2025-01-08:u0014:s06	32	may	may	AUX	MD	VerbForm=Fin	33	aux	158	161
tsc-2025-01-08:u0014:s06	33	be	be	VERB	VB	VerbForm=Inf	30	ccomp	162	164
tsc-2025-01-08:u0014:s06	34	an	a	DET	DT	Definite=Ind|PronType=Art	35	det	165	167
tsc-2025-01-08:u0014:s06	35	influx	influx	NOUN	NN	Number=Sing	33	nsubj	168	174
tsc-2025-01-08:u0014:s06	36	of	of	ADP	IN	_	37	case	175	177
tsc-2025-01-08:u0014:s06	37	requests	request	NOUN	NNS	Number=Plur	35	nmod	178	186
tsc-2025-01-08:u0014:s06	38	.	.	PUNCT	.	_	3	punct	186	187
tsc-2025-01-08:u0014:s07	1	There	there	PRON	EX	_	3	expl	0	5
tsc-2025-01-08:u0014:s07	2	may	may	AUX	MD	VerbForm=Fin	3	aux	6	9
tsc-2025-01-08:u0014:s07	3	need	need	VERB	VB	VerbForm=Inf	0	root	10	14
tsc-2025-01-08:u0014:s07	4	to	to	PART	TO	_	7	mark	15	17
tsc-2025-01-08:u0014:s07	5	be	be	AUX	VB	VerbForm=Inf	7	cop	18	20
tsc-2025-01-08:u0014:s07	6	some	some	DET	DT	_	7	det	21	25
tsc-2025-01-08:u0014:s07	7	feedback	feedback	NOUN	NN	Number=Sing	3	xcomp	26	34
tsc-2025-01-08:u0014:s07	8	from	from	ADP	IN	_	10	case	35	39
tsc-2025-01-08:u0014:s07	9	the	the	DET	DT	Definite=Def|PronType=Art	10	det	40	43
tsc-2025-01-08:u0014:s07	10	project	project	NOUN	NN	Number=Sing	7	obl	44	51
tsc-2025-01-08:u0014:s07	11	on	on	ADP	IN	_	12	case	52	54
tsc-2025-01-08:u0014:s07	12	which	which	PRON	WDT	PronType=Int	14	obl	55	60
tsc-2025-01-08:u0014:s07	13	to	to	PART	TO	_	14	mark	61	63
tsc-2025-01-08:u0014:s07	14	approve	approve	VERB	VB	VerbForm=Inf	10	acl	64	71
tsc-2025-01-08:u0014:s07	15	/	/	PUNCT	,	_	16	punct	71	72
tsc-2025-01-08:u0014:s07	16	prioritize	prioritize	VERB	VB	VerbForm=Inf	14	conj	72	82
tsc-2025-01-08:u0014:s07	17	*	*	PUNCT	NFP	_	16	punct	83	84
tsc-2025-01-08:u0014:s07	18	Date	Date	NOUN	NN	Number=Sing	21	nsubj	85	89
tsc-2025-01-08:u0014:s07	19	would	would	AUX	MD	VerbForm=Fin	21	aux	90	95
tsc-2025-01-08:u0014:s07	20	be	be	AUX	VB	VerbForm=Inf	21	cop	96	98
tsc-2025-01-08:u0014:s07	21	April	April	PROPN	NNP	Number=Sing	7	parataxis	99	104
tsc-2025-01-08:u0014:s07	22	1	1	NUM	CD	NumType=Card	21	nummod	105	106
tsc-2025-01-08:u0014:s07	23	and	and	CCONJ	CC	_	26	cc	107	110
tsc-2025-01-08:u0014:s07	24	2	2	NUM	CD	NumType=Card	26	nummod	111	112
tsc-2025-01-08:u0014:s07	25	*	*	PUNCT	NFP	_	26	punct	113	114
tsc-2025-01-08:u0014:s07	26	Joyee	Joyee	NOUN	NN	Number=Sing	21	conj	115	120
tsc-2025-01-08:u0014:s07	27	,	,	PUNCT	,	_	32	punct	120	121
tsc-2025-01-08:u0014:s07	28	next	next	ADJ	JJ	Degree=Pos	29	amod	122	126
tsc-2025-01-08:u0014:s07	29	question	question	NOUN	NN	Number=Sing	32	nsubj	127	135
tsc-2025-01-08:u0014:s07	30	is	be	AUX	VBZ	Mood=Ind|Number=Sing|Person=3|Tense=Pres|VerbForm=Fin	32	cop	136	138
tsc-2025-01-08:u0014:s07	31	which	which	DET	WDT	PronType=Int	32	det	139	144
tsc-2025-01-08:u0014:s07	32	venue	venue	NOUN	NN	Number=Sing	21	parataxis	145	150
tsc-2025-01-08:u0014:s07	33	.	.	PUNCT	.	_	32	punct	150	151
tsc-2025-01-08:u0014:s07	34	*	*	PUNCT	NFP	_	32	punct	152	153
tsc-2025-01-08:u0014:s07	35	Jean	Jean	PROPN	NNP	Number=Sing	32	conj	154	158
tsc-2025-01-08:u0014:s07	36	,	,	PUNCT	,	_	37	punct	158	159
tsc-2025-01-08:u0014:s07	37	working	work	VERB	VBG	VerbForm=Ger	35	amod	160	167
tsc-2025-01-08:u0014:s07	38	on	on	ADP	IN	_	39	case	168	170
tsc-2025-01-08:u0014:s07	39	Sandolfi	Sandolfi	PROPN	NNP	Number=Sing	42	compound	171	179
tsc-2025-01-08:u0014:s07	40	on	on	ADP	IN	_	42	case	180	182
tsc-2025-01-08:u0014:s07	41	booking	booking	NOUN	NN	Number=Sing	42	compound	183	190
tsc-2025-01-08:u0014:s07	42	auditorium	auditorium	NOUN	NN	Number=Sing	37	obl	191	201
tsc-2025-01-08:u0014:s07	43	*	*	PUNCT	NFP	_	42	punct	202	203
tsc-2025-01-08:u0014:s07	44	Bryan	Bryan	PROPN	NNP	Number=Sing	35	flat	204	209
tsc-2025-01-08:u0014:s07	45	,	,	PUNCT	,	_	48	punct	209	210
tsc-2025-01-08:u0014:s07	46	we	we	PRON	PRP	Case=Nom|Number=Plur|Person=1|PronType=Prs	48	nsubj	211	213
tsc-2025-01-08:u0014:s07	47	will	will	AUX	MD	VerbForm=Fin	48	aux	214	218
tsc-2025-01-08:u0014:s07	48	have	have	VERB	VB	VerbForm=Inf	21	parataxis	219	223
tsc-2025-01-08:u0014:s07	49	more	more	ADJ	JJR	Degree=Cmp	50	amod	224	228
tsc-2025-01-08:u0014:s07	50	people	people	NOUN	NNS	Number=Plur	48	obj	229	235
tsc-2025-01-08:u0014:s07	51	if	if	SCONJ	IN	_	57	mark	236	238
tsc-2025-01-08:u0014:s07	52	it	it	PRON	PRP	Case=Nom|Gender=Neut|Number=Sing|Person=3|PronType=Prs	57	nsubj	239	241
tsc-2025-01-08:u0014:s07	53	is	be	AUX	VBZ	Mood=Ind|Number=Sing|Person=3|Tense=Pres|VerbForm=Fin	57	cop	242	244
tsc-2025-01-08:u0014:s07	54	a	a	DET	DT	Definite=Ind|PronType=Art	57	det	245	246
tsc-2025-01-08:u0014:s07	55	the	the	DET	DT	Definite=Def|PronType=Art	57	det	247	250
tsc-2025-01-08:u0014:s07	56	Datadog	Datadog	NOUN	NN	Number=Sing	57	compound	251	258
tsc-2025-01-08:u0014:s07	57	location	location	NOUN	NN	Number=Sing	62	advcl	259	267
tsc-2025-01-08:u0014:s07	58	*	*	PUNCT	NFP	_	59	punct	268	269
tsc-2025-01-08:u0014:s07	59	Joyee	Joyee	NOUN	NN	Number=Sing	57	conj	270	275
tsc-2025-01-08:u0014:s07	60	,	,	PUNCT	,	_	62	punct	275	276
tsc-2025-01-08:u0014:s07	61	impression	impression	NOUN	NN	Number=Sing	62	nsubj	277	287
tsc-2025-01-08:u0014:s07	62	is	be	VERB	VBZ	Mood=Ind|Number=Sing|Person=3|Tense=Pres|VerbForm=Fin	48	parataxis	288	290
tsc-2025-01-08:u0014:s07	63	that	that	SCONJ	IN	_	66	mark	291	295
tsc-2025-01-08:u0014:s07	64	Bryan	Bryan	PROPN	NNP	Number=Sing	66	nsubj	296	301
tsc-2025-01-08:u0014:s07	65	has	have	AUX	VBZ	Mood=Ind|Number=Sing|Person=3|Tense=Pres|VerbForm=Fin	66	aux	302	305
tsc-2025-01-08:u0014:s07	66	gotten	get	VERB	VBN	Tense=Past|VerbForm=Part	62	ccomp	306	312
tsc-2025-01-08:u0014:s07	67	further	further	ADV	RB	_	66	advmod	313	320
tsc-2025-01-08:u0014:s07	68	along	along	ADV	RB	_	66	advmod	321	326
tsc-2025-01-08:u0014:s07	69	,	,	PUNCT	,	_	73	punct	326	327
tsc-2025-01-08:u0014:s07	70	and	and	CCONJ	CC	_	73	cc	328	331
tsc-2025-01-08:u0014:s07	71	may	may	AUX	MD	VerbForm=Fin	73	aux	332	335
tsc-2025-01-08:u0014:s07	72	be	be	AUX	VB	VerbForm=Inf	73	cop	336	338
tsc-2025-01-08:u0014:s07	73	better	better	ADJ	JJR	Degree=Cmp	48	conj	339	345
tsc-2025-01-08:u0014:s07	74	for	for	ADP	IN	_	76	case	346	349
tsc-2025-01-08:u0014:s07	75	the	the	DET	DT	Definite=Def|PronType=Art	76	det	350	353
tsc-2025-01-08:u0014:s07	76	summit	summit	NOUN	NN	Number=Sing	73	obl	354	360
tsc-2025-01-08:u0014:s07	77	versus	versus	ADP	IN	_	80	case	361	367
tsc-2025-01-08:u0014:s07	78	the	the	DET	DT	Definite=Def|PronType=Art	80	det	368	371
tsc-2025-01-08:u0014:s07	79	Sandolfi	Sandolfi	PROPN	NNP	Number=Sing	80	compound	372	380
tsc-2025-01-08:u0014:s07	80	location	location	NOUN	NN	Number=Sing	76	nmod	381	389
tsc-2025-01-08:u0014:s07	81	.	.	PUNCT	.	_	3	punct	389	390
tsc-2025-01-08:u0014:s08	1	*	*	PUNCT	NFP	_	4	punct	0	1
tsc-2025-01-08:u0014:s08	2	Bryan	Bryan	PROPN	NNP	Number=Sing	4	nsubj	2	7
tsc-2025-01-08:u0014:s08	3	has	have	AUX	VBZ	Mood=Ind|Number=Sing|Person=3|Tense=Pres|VerbForm=Fin	4	aux	8	11
tsc-2025-01-08:u0014:s08	4	booked	book	VERB	VBN	Tense=Past|VerbForm=Part	0	root	12	18
tsc-2025-01-08:u0014:s08	5	largest	largest	ADJ	JJS	Degree=Sup	7	amod	19	26
tsc-2025-01-08:u0014:s08	6	meeting	meeting	NOUN	NN	Number=Sing	7	compound	27	34
tsc-2025-01-08:u0014:s08	7	room	room	NOUN	NN	Number=Sing	4	obj	35	39
tsc-2025-01-08:u0014:s08	8	in	in	ADP	IN	_	10	case	40	42
tsc-2025-01-08:u0014:s08	9	Datadog	Datadog	PROPN	NNP	Number=Sing	10	compound	43	50
tsc-2025-01-08:u0014:s08	10	Paris	Paris	PROPN	NNP	Number=Sing	7	nmod	51	56
tsc-2025-01-08:u0014:s08	11	office	office	NOUN	NN	Number=Sing	10	nmod	57	63
tsc-2025-01-08:u0014:s08	12	which	which	PRON	WDT	PronType=Rel	15	nsubj	64	69
tsc-2025-01-08:u0014:s08	13	is	be	AUX	VBZ	Mood=Ind|Number=Sing|Person=3|Tense=Pres|VerbForm=Fin	15	cop	70	72
tsc-2025-01-08:u0014:s08	14	~40	~40	NUM	CD	NumType=Card	15	nummod	73	76
tsc-2025-01-08:u0014:s08	15	people	people	NOUN	NNS	Number=Plur	11	acl:relcl	77	83
tsc-2025-01-08:u0014:s08	16	,	,	PUNCT	,	_	4	punct	83	84
tsc-2025-01-08:u0014:s08	17	typically	typically	ADV	RB	_	20	advmod	85	94
tsc-2025-01-08:u0014:s08	18	in	in	ADP	IN	_	20	case	95	97
tsc-2025-01-08:u0014:s08	19	classroom	classroom	NOUN	NN	Number=Sing	20	compound	98	107
tsc-2025-01-08:u0014:s08	20	style	style	NOUN	NN	Number=Sing	4	obl	108	113
tsc-2025-01-08:u0014:s08	21	.	.	PUNCT	.	_	4	punct	113	114
tsc-2025-01-08:u0014:s09	1	*	*	PUNCT	NFP	_	2	punct	0	1
tsc-2025-01-08:u0014:s09	2	Matteo	Matteo	PROPN	NNP	Number=Sing	0	root	2	8
tsc-2025-01-08:u0014:s09	3	,	,	PUNCT	,	_	2	punct	8	9
tsc-2025-01-08:u0014:s09	4	can	can	AUX	MD	VerbForm=Fin	6	aux	10	13
tsc-2025-01-08:u0014:s09	5	it	it	PRON	PRP	Case=Nom|Gender=Neut|Number=Sing|Person=3|PronType=Prs	6	nsubj	14	16
tsc-2025-01-08:u0014:s09	6	have	have	VERB	VB	VerbForm=Inf	2	parataxis	17	21
tsc-2025-01-08:u0014:s09	7	tables	table	NOUN	NNS	Number=Plur	6	obj	22	28
tsc-2025-01-08:u0014:s09	8	,	,	PUNCT	,	_	2	punct	28	29
tsc-2025-01-08:u0014:s09	9	Bryan	Bryan	PROPN	NNP	Number=Sing	2	appos	30	35
tsc-2025-01-08:u0014:s09	10	yes	yes	INTJ	UH	_	2	discourse	36	39
tsc-2025-01-08:u0014:s09	11	,	,	PUNCT	,	_	2	punct	39	40
tsc-2025-01-08:u0014:s09	12	by	by	ADP	IN	_	13	case	41	43
tsc-2025-01-08:u0014:s09	13	default	default	NOUN	NN	Number=Sing	16	obl	44	51
tsc-2025-01-08:u0014:s09	14	they	they	PRON	PRP	Case=Nom|Number=Plur|Person=3|PronType=Prs	16	nsubj	52	56
tsc-2025-01-08:u0014:s09	15	are	be	AUX	VBP	Mood=Ind|Tense=Pres|VerbForm=Fin	16	cop	57	60
tsc-2025-01-08:u0014:s09	16	chairs	chair	NOUN	NNS	Number=Plur	2	parataxis	61	67
tsc-2025-01-08:u0014:s09	17	with	with	ADP	IN	_	18	case	68	72
tsc-2025-01-08:u0014:s09	18	desks	desk	NOUN	NNS	Number=Plur	16	nmod	73	78
tsc-2025-01-08:u0014:s09	19	attached	attach	VERB	VBN	Tense=Past|VerbForm=Part	18	acl	79	87
tsc-2025-01-08:u0014:s09	20	.	.	PUNCT	.	_	2	punct	87	88
tsc-2025-01-08:u0014:s10	1	Actual	actual	ADJ	JJ	Degree=Pos	2	amod	0	6
tsc-2025-01-08:u0014:s10	2	tables	table	NOUN	NNS	Number=Plur	5	nsubj	7	13
tsc-2025-01-08:u0014:s10	3	is	be	AUX	VBZ	Mood=Ind|Number=Sing|Person=3|Tense=Pres|VerbForm=Fin	5	cop	14	16
tsc-2025-01-08:u0014:s10	4	probably	probably	ADV	RB	_	5	advmod	17	25
tsc-2025-01-08:u0014:s10	5	possible	possible	ADJ	JJ	Degree=Pos	0	root	26	34
tsc-2025-01-08:u0014:s10	6	as	as	ADV	RB	_	5	advmod	35	37
tsc-2025-01-08:u0014:s10	7	well	well	ADV	RB	Degree=Pos	6	fixed	38	42
tsc-2025-01-08:u0014:s10	8	.	.	PUNCT	.	_	5	punct	42	43
tsc-2025-01-08:u0014:s11	1	*	*	PUNCT	NFP	_	5	punct	0	1
tsc-2025-01-08:u0014:s11	2	Michael	Michael	PROPN	NNP	Number=Sing	5	nsubj	2	9
tsc-2025-01-08:u0014:s11	3	has	have	AUX	VBZ	Mood=Ind|Number=Sing|Person=3|Tense=Pres|VerbForm=Fin	5	aux	10	13
tsc-2025-01-08:u0014:s11	4	been	be	AUX	VBN	Tense=Past|VerbForm=Part	5	cop	14	18
tsc-2025-01-08:u0014:s11	5	good	good	ADJ	JJ	Degree=Pos	0	root	19	23
tsc-2025-01-08:u0014:s11	6	to	to	ADP	IN	_	10	case	24	26
tsc-2025-01-08:u0014:s11	7	another	another	DET	DT	_	10	det	27	34
tsc-2025-01-08:u0014:s11	8	break	break	VERB	VB	VerbForm=Inf	10	compound	35	40
tsc-2025-01-08:u0014:s11	9	out	out	ADP	RP	_	8	compound:prt	41	44
tsc-2025-01-08:u0014:s11	10	room	room	NOUN	NN	Number=Sing	5	obl	45	49
tsc-2025-01-08:u0014:s11	11	from	from	ADP	IN	_	13	case	50	54
tsc-2025-01-08:u0014:s11	12	parallel	parallel	ADJ	JJ	Degree=Pos	13	amod	55	63
tsc-2025-01-08:u0014:s11	13	sessions	session	NOUN	NNS	Number=Plur	5	obl	64	72
tsc-2025-01-08:u0014:s11	14	*	*	PUNCT	NFP	_	15	punct	73	74
tsc-2025-01-08:u0014:s11	15	Bryan	Bryan	NOUN	NN	Number=Sing	13	appos	75	80
tsc-2025-01-08:u0014:s11	16	,	,	PUNCT	,	_	5	punct	80	81
tsc-2025-01-08:u0014:s11	17	security	security	NOUN	NN	Number=Sing	21	nsubj	82	90
tsc-2025-01-08:u0014:s11	18	will	will	AUX	MD	VerbForm=Fin	21	aux	91	95
tsc-2025-01-08:u0014:s11	19	be	be	AUX	VB	VerbForm=Inf	21	cop	96	98
tsc-2025-01-08:u0014:s11	20	relatively	relatively	ADV	RB	_	21	advmod	99	109
tsc-2025-01-08:u0014:s11	21	tight	tight	ADJ	JJ	Degree=Pos	5	parataxis	110	115
tsc-2025-01-08:u0014:s11	22	.	.	PUNCT	.	_	5	punct	115	116
tsc-2025-01-08:u0014:s12	1	Bathroom	bathroom	PROPN	NNP	Number=Sing	0	root	0	8
tsc-2025-01-08:u0014:s12	2	s	's	PART	POS	_	1	case	8	9
tsc-2025-01-08:u0014:s12	3	just	just	ADV	RB	_	4	advmod	10	14
tsc-2025-01-08:u0014:s12	4	outside	outside	ADV	RB	_	1	advmod	15	22
tsc-2025-01-08:u0014:s12	5	,	,	PUNCT	,	_	12	punct	22	23
tsc-2025-01-08:u0014:s12	6	but	but	CCONJ	CC	_	12	cc	24	27
tsc-2025-01-08:u0014:s12	7	otherwise	otherwise	ADV	RB	_	12	advmod	28	37
tsc-2025-01-08:u0014:s12	8	an	a	DET	DT	Definite=Ind|PronType=Art	9	det	38	40
tsc-2025-01-08:u0014:s12	9	escort	escort	NOUN	NN	Number=Sing	12	nsubj:pass	41	47
tsc-2025-01-08:u0014:s12	10	Would	would	AUX	MD	VerbForm=Fin	12	aux	48	53
tsc-2025-01-08:u0014:s12	11	be	be	AUX	VB	VerbForm=Inf	12	aux:pass	54	56
tsc-2025-01-08:u0014:s12	12	needed	need	VERB	VBN	Tense=Past|VerbForm=Part|Voice=Pass	1	conj	57	63
tsc-2025-01-08:u0014:s12	13	.	.	PUNCT	.	_	1	punct	63	64
tsc-2025-01-08:u0014:s13	1	There	there	PRON	EX	_	2	expl	0	5
tsc-2025-01-08:u0014:s13	2	are	be	VERB	VBP	Mood=Ind|Tense=Pres|VerbForm=Fin	0	root	6	9
tsc-2025-01-08:u0014:s13	3	also	also	ADV	RB	_	2	advmod	10	14
tsc-2025-01-08:u0014:s13	4	a	a	DET	DT	Definite=Ind|PronType=Art	6	det	15	16
tsc-2025-01-08:u0014:s13	5	few	few	ADJ	JJ	Degree=Pos	6	amod	17	20
tsc-2025-01-08:u0014:s13	6	terraces	terrace	NOUN	NNS	Number=Plur	2	nsubj	21	29
tsc-2025-01-08:u0014:s13	7	off	off	ADP	IN	_	9	case	30	33
tsc-2025-01-08:u0014:s13	8	the	the	DET	DT	Definite=Def|PronType=Art	9	det	34	37
tsc-2025-01-08:u0014:s13	9	room	room	NOUN	NN	Number=Sing	6	nmod	38	42
tsc-2025-01-08:u0014:s13	10	that	that	PRON	WDT	PronType=Rel	12	nsubj	43	47
tsc-2025-01-08:u0014:s13	11	might	might	AUX	MD	VerbForm=Fin	12	aux	48	53
tsc-2025-01-08:u0014:s13	12	work	work	VERB	VB	VerbForm=Inf	9	acl:relcl	54	58
tsc-2025-01-08:u0014:s13	13	for	for	ADP	IN	_	15	case	59	62
tsc-2025-01-08:u0014:s13	14	smaller	smaller	ADJ	JJR	Degree=Cmp	15	amod	63	70
tsc-2025-01-08:u0014:s13	15	conversations	conversation	NOUN	NNS	Number=Plur	12	obl	71	84
tsc-2025-01-08:u0014:s13	16	.	.	PUNCT	.	_	18	punct	84	85
tsc-2025-01-08:u0014:s13	17	*	*	PUNCT	NFP	_	18	punct	86	87
tsc-2025-01-08:u0014:s13	18	Joyee	Joyee	PROPN	NNP	Number=Sing	19	conj	88	93
tsc-2025-01-08:u0014:s13	19	,	,	PUNCT	,	_	22	punct	93	94
tsc-2025-01-08:u0014:s13	20	so	so	ADV	RB	_	22	advmod	95	97
tsc-2025-01-08:u0014:s13	21	agreement	agreement	NOUN	NN	Number=Sing	22	nsubj	98	107
tsc-2025-01-08:u0014:s13	22	is	be	VERB	VBZ	Mood=Ind|Number=Sing|Person=3|Tense=Pres|VerbForm=Fin	2	conj	108	110
tsc-2025-01-08:u0014:s13	23	to	to	PART	TO	_	24	mark	111	113
tsc-2025-01-08:u0014:s13	24	use	use	VERB	VB	VerbForm=Inf	22	ccomp	114	117
tsc-2025-01-08:u0014:s13	25	DataDog	DataDog	PROPN	NNP	Number=Sing	26	compound	118	125
tsc-2025-01-08:u0014:s13	26	location	location	NOUN	NN	Number=Sing	24	obj	126	134
tsc-2025-01-08:u0014:s13	27	.	.	PUNCT	.	_	2	punct	134	135
tsc-2025-01-08:u0014:s13	28	*	*	PUNCT	NFP	_	2	punct	136	137
tsc-2025-01-08:u0014:s13	29	Many	Many	ADJ	JJ	Degree=Pos	30	amod	138	142
tsc-2025-01-08:u0014:s13	30	thanks	thanks	NOUN	NNS	Number=Plur	43	nsubj	143	149
tsc-2025-01-08:u0014:s13	31	to	to	ADP	IN	_	34	case	150	152
tsc-2025-01-08:u0014:s13	32	both	both	CCONJ	CC	_	34	cc:preconj	153	157
tsc-2025-01-08:u0014:s13	33	Data	data	PROPN	NNP	Number=Sing	34	compound	158	162
tsc-2025-01-08:u0014:s13	34	Dog	dog	PROPN	NNP	Number=Sing	30	nmod	162	165
tsc-2025-01-08:u0014:s13	35	and	and	CCONJ	CC	_	36	cc	166	169
tsc-2025-01-08:u0014:s13	36	Sandolfi	Sandolfi	PROPN	NNP	Number=Sing	34	conj	170	178
tsc-2025-01-08:u0014:s13	37	for	for	SCONJ	IN	_	38	mark	179	182
tsc-2025-01-08:u0014:s13	38	volunteering	volunteering	VERB	VBG	VerbForm=Ger	30	acl	183	195
tsc-2025-01-08:u0014:s13	39	locations	location	NOUN	NNS	Number=Plur	38	obj	196	205
tsc-2025-01-08:u0014:s13	40	*	*	PUNCT	NFP	_	39	punct	206	207
tsc-2025-01-08:u0014:s13	41	Jean	Jean	PROPN	NNP	Number=Sing	39	appos	208	212
tsc-2025-01-08:u0014:s13	42	,	,	PUNCT	,	_	43	punct	212	213
tsc-2025-01-08:u0014:s13	43	want	want	VERB	VBP	Mood=Ind|Tense=Pres|VerbForm=Fin	2	parataxis	214	218
tsc-2025-01-08:u0014:s13	44	to	to	PART	TO	_	45	mark	219	221
tsc-2025-01-08:u0014:s13	45	have	have	VERB	VB	VerbForm=Inf	43	xcomp	222	226
tsc-2025-01-08:u0014:s13	46	a	a	DET	DT	Definite=Ind|PronType=Art	47	det	227	228
tsc-2025-01-08:u0014:s13	47	meetup	meetup	NOUN	NN	Number=Sing	45	obj	229	235
tsc-2025-01-08:u0014:s13	48	after	after	ADP	IN	_	50	case	236	241
tsc-2025-01-08:u0014:s13	49	the	the	DET	DT	Definite=Def|PronType=Art	50	det	242	245
tsc-2025-01-08:u0014:s13	50	summit	summit	NOUN	NN	Number=Sing	45	obl	246	252
tsc-2025-01-08:u0014:s13	51	?	?	PUNCT	.	_	2	punct	252	253
tsc-2025-01-08:u0014:s14	1	Joyee	Joyee	VERB	VB	Mood=Imp|VerbForm=Fin	16	ccomp	0	5
tsc-2025-01-08:u0014:s14	2	that	that	PRON	DT	Number=Sing|PronType=Dem	3	nsubj	6	10
tsc-2025-01-08:u0014:s14	3	sounds	sound	VERB	VBZ	Mood=Ind|Number=Sing|Person=3|Tense=Pres|VerbForm=Fin	1	ccomp	11	17
tsc-2025-01-08:u0014:s14	4	like	like	ADP	IN	_	7	case	18	22
tsc-2025-01-08:u0014:s14	5	a	a	DET	DT	Definite=Ind|PronType=Art	7	det	23	24
tsc-2025-01-08:u0014:s14	6	good	good	ADJ	JJ	Degree=Pos	7	amod	25	29
tsc-2025-01-08:u0014:s14	7	idea	idea	NOUN	NN	Number=Sing	3	obl	30	34
tsc-2025-01-08:u0014:s14	8	*	*	PUNCT	NFP	_	7	punct	35	36
tsc-2025-01-08:u0014:s14	9	20	20	NUM	CD	NumType=Card	10	nummod	37	39
tsc-2025-01-08:u0014:s14	10	minute	minute	NOUN	NN	Number=Sing	11	compound	40	46
tsc-2025-01-08:u0014:s14	11	ride	ride	NOUN	NN	Number=Sing	7	nsubj	47	51
tsc-2025-01-08:u0014:s14	12	on	on	ADP	IN	_	14	case	52	54
tsc-2025-01-08:u0014:s14	13	the	the	DET	DT	Definite=Def|PronType=Art	14	det	55	58
tsc-2025-01-08:u0014:s14	14	subway	subway	NOUN	NN	Number=Sing	11	nmod	59	65
tsc-2025-01-08:u0014:s14	15	away	away	ADV	RB	_	3	advmod	66	70
tsc-2025-01-08:u0014:s14	16	z	z	VERB	VBZ	Mood=Ind|Number=Sing|Person=3|Tense=Pres|VerbForm=Fin	0	root	71	72
tsc-2025-01-08:u0015:s00	1	###	###	SYM	NFP	_	0	root	0	3
tsc-2025-01-08:u0015:s00	2	nodejs	nodej	NOUN	NNS	Number=Plur	1	compound	4	10
tsc-2025-01-08:u0015:s00	3	/	/	PUNCT	,	_	4	cc	10	11
tsc-2025-01-08:u0015:s00	4	node	node	NOUN	NN	Number=Sing	2	conj	11	15
tsc-2025-01-08:u0016:s00	1	*	*	PUNCT	NFP	_	2	punct	0	1
tsc-2025-01-08:u0016:s00	2	doc	doc	NOUN	NN	Number=Sing	0	root	2	5
tsc-2025-01-08:u0016:s00	3	:	:	PUNCT	:	_	2	punct	5	6
tsc-2025-01-08:u0016:s00	4	change	change	VERB	VB	Mood=Imp|VerbForm=Fin	2	parataxis	7	13
tsc-2025-01-08:u0016:s00	5	smartos	smartos	ADJ	JJ	Degree=Pos	7	amod	14	21
tsc-2025-01-08:u0016:s00	6	support	support	NOUN	NN	Number=Sing	7	compound	22	29
tsc-2025-01-08:u0016:s00	7	type	type	NOUN	NN	Number=Sing	4	obj	30	34
tsc-2025-01-08:u0016:s00	8	to	to	ADP	IN	_	11	case	35	37
tsc-2025-01-08:u0016:s00	9	experimental	experimental	ADJ	JJ	Degree=Pos	11	amod	38	50
tsc-2025-01-08:u0016:s00	10	[	[	PUNCT	-LRB-	_	11	punct	51	52
tsc-2025-01-08:u0016:s00	11	#56220	#56220	NUM	CD	NumType=Card	4	obl	52	58
tsc-2025-01-08:u0016:s00	12	]	]	PUNCT	-RRB-	_	11	punct	58	59
tsc-2025-01-08:u0016:s00	13	(	(	PUNCT	-LRB-	_	11	punct	59	60
tsc-2025-01-08:u0016:s00	14	https://github.com/nodejs/node/pull/56220	https://github.com/nodejs/node/pull/56220	X	ADD	_	11	appos	60	101
tsc-2025-01-08:u0016:s00	15	)	)	PUNCT	-RRB-	_	11	punct	101	102
tsc-2025-01-08:u0017:s00	1	*	*	PUNCT	NFP	_	2	punct	0	1
tsc-2025-01-08:u0017:s00	2	src	src	NOUN	NN	Number=Sing	21	nsubj:pass	2	5
tsc-2025-01-08:u0017:s00	3	:	:	PUNCT	:	_	2	punct	5	6
tsc-2025-01-08:u0017:s00	4	implement	implement	X	GW	_	8	case	7	16
tsc-2025-01-08:u0017:s00	5	whatwg	whatwg	X	ADD	_	8	nmod:poss	17	23
tsc-2025-01-08:u0017:s00	6	's	's	PART	POS	_	5	case	23	25
tsc-2025-01-08:u0017:s00	7	URLPattern	URLPattern	ADJ	JJ	Degree=Pos	8	amod	26	36
tsc-2025-01-08:u0017:s00	8	spec	spec	NOUN	NN	Number=Sing	2	appos	37	41
tsc-2025-01-08:u0017:s00	9	[	[	PUNCT	-LRB-	_	10	punct	42	43
tsc-2025-01-08:u0017:s00	10	#56452	#56452	NUM	CD	NumType=Card	8	appos	43	49
tsc-2025-01-08:u0017:s00	11	]	]	PUNCT	-RRB-	_	10	punct	49	50
tsc-2025-01-08:u0017:s00	12	(	(	PUNCT	-LRB-	_	13	punct	50	51
tsc-2025-01-08:u0017:s00	13	https://github.com/nodejs/node/pull/56452	https://github.com/nodejs/node/pull/56452	X	LS	_	14	nummod	51	92
tsc-2025-01-08:u0017:s00	14	)	)	PUNCT	-RRB-	_	10	punct	92	93
tsc-2025-01-08:u0017:s00	15	*	*	PUNCT	NFP	_	8	punct	94	95
tsc-2025-01-08:u0017:s00	16	Yagiz	Yagiz	PROPN	NNP	Number=Sing	8	conj	96	101
tsc-2025-01-08:u0017:s00	17	,	,	PUNCT	,	_	8	punct	101	102
tsc-2025-01-08:u0017:s00	18	WhatWG	WhatWG	PROPN	NNP	Number=Sing	8	appos	103	109
tsc-2025-01-08:u0017:s00	19	spec	spec	PROPN	NNP	Number=Sing	18	flat	110	114
tsc-2025-01-08:u0017:s00	20	is	be	AUX	VBZ	Mood=Ind|Number=Sing|Person=3|Tense=Pres|VerbForm=Fin	21	aux:pass	115	117
tsc-2025-01-08:u0017:s00	21	implemented	implement	VERB	VBN	Tense=Past|VerbForm=Part|Voice=Pass	0	root	118	129
tsc-2025-01-08:u0017:s00	22	by	by	ADP	IN	_	24	case	130	132
tsc-2025-01-08:u0017:s00	23	a	a	DET	DT	Definite=Ind|PronType=Art	24	det	133	134
tsc-2025-01-08:u0017:s00	24	number	number	NOUN	NN	Number=Sing	21	obl	135	141
tsc-2025-01-08:u0017:s00	25	of	of	ADP	IN	_	26	case	142	144
tsc-2025-01-08:u0017:s00	26	runtimes	runtime	NOUN	NNS	Number=Plur	24	nmod	145	153
tsc-2025-01-08:u0017:s00	27	and	and	CCONJ	CC	_	28	cc	154	157
tsc-2025-01-08:u0017:s00	28	browsers	browser	NOUN	NNS	Number=Plur	26	conj	158	166
tsc-2025-01-08:u0017:s00	29	,	,	PUNCT	,	_	24	punct	166	167
tsc-2025-01-08:u0017:s00	30	currently	currently	ADV	RB	_	31	advmod	168	177
tsc-2025-01-08:u0017:s00	31	blocked	block	VERB	VBN	Tense=Past|VerbForm=Part	24	acl	178	185
tsc-2025-01-08:u0017:s00	32	by	by	ADP	IN	_	33	case	186	188
tsc-2025-01-08:u0017:s00	33	Matteo	Matteo	PROPN	NNP	Number=Sing	31	obl	189	195
tsc-2025-01-08:u0017:s00	34	for	for	ADP	IN	_	36	case	196	199
tsc-2025-01-08:u0017:s00	35	perf	perf	NOUN	NN	Number=Sing	36	compound	200	204
tsc-2025-01-08:u0017:s00	36	issues	issue	NOUN	NNS	Number=Plur	31	obl	205	211
tsc-2025-01-08:u0017:s00	37	*	*	PUNCT	NFP	_	21	punct	212	213
tsc-2025-01-08:u0017:s00	38	Matteo	Matteo	INTJ	UH	_	42	discourse	214	220
tsc-2025-01-08:u0017:s00	39	,	,	PUNCT	,	_	42	punct	220	221
tsc-2025-01-08:u0017:s00	40	not	not	PART	RB	_	42	advmod	222	225
tsc-2025-01-08:u0017:s00	41	really	really	ADV	RB	_	42	advmod	226	232
tsc-2025-01-08:u0017:s00	42	usable	usable	ADJ	JJ	Degree=Pos	21	parataxis	233	239
tsc-2025-01-08:u0017:s00	43	for	for	ADP	IN	_	45	case	240	243
tsc-2025-01-08:u0017:s00	44	backend	backend	NOUN	NN	Number=Sing	45	compound	244	251
tsc-2025-01-08:u0017:s00	45	runtimes	runtime	NOUN	NNS	Number=Plur	42	obl	252	260
tsc-2025-01-08:u0017:s00	46	.	.	PUNCT	.	_	21	punct	260	261
tsc-2025-01-08:u0017:s01	1	*	*	PUNCT	NFP	_	4	punct	0	1
tsc-2025-01-08:u0017:s01	2	many	many	ADJ	JJ	Degree=Pos	3	amod	2	6
tsc-2025-01-08:u0017:s01	3	people	people	NOUN	NNS	Number=Plur	4	nsubj	7	13
tsc-2025-01-08:u0017:s01	4	believe	believe	VERB	VBP	Mood=Ind|Tense=Pres|VerbForm=Fin	0	root	14	21
tsc-2025-01-08:u0017:s01	5	it	it	PRON	PRP	Case=Nom|Gender=Neut|Number=Sing|Person=3|PronType=Prs	9	nsubj	22	24
tsc-2025-01-08:u0017:s01	6	s	be	AUX	VBZ	Mood=Ind|Number=Sing|Person=3|Tense=Pres|VerbForm=Fin	9	cop	24	25
tsc-2025-01-08:u0017:s01	7	a	a	DET	DT	Definite=Ind|PronType=Art	9	det	26	27
tsc-2025-01-08:u0017:s01	8	bad	bad	ADJ	JJ	Degree=Pos	9	amod	28	31
tsc-2025-01-08:u0017:s01	9	pattern	pattern	NOUN	NN	Number=Sing	4	ccomp	32	39
tsc-2025-01-08:u0017:s01	10	*	*	PUNCT	NFP	_	9	punct	40	41
tsc-2025-01-08:u0017:s01	11	The	the	DET	DT	Definite=Def|PronType=Art	13	det	42	45
tsc-2025-01-08:u0017:s01	12	fundamental	fundamental	ADJ	JJ	Degree=Pos	13	amod	46	57
tsc-2025-01-08:u0017:s01	13	question	question	NOUN	NN	Number=Sing	14	nsubj	58	66
tsc-2025-01-08:u0017:s01	14	is	be	VERB	VBZ	Mood=Ind|Number=Sing|Person=3|Tense=Pres|VerbForm=Fin	9	parataxis	67	69
tsc-2025-01-08:u0017:s01	15	if	if	SCONJ	IN	_	19	mark	70	72
tsc-2025-01-08:u0017:s01	16	we	we	PRON	PRP	Case=Nom|Number=Plur|Person=1|PronType=Prs	19	nsubj	73	75
tsc-2025-01-08:u0017:s01	17	should	should	AUX	MD	VerbForm=Fin	19	aux	76	82
tsc-2025-01-08:u0017:s01	18	really	really	ADV	RB	_	19	advmod	83	89
tsc-2025-01-08:u0017:s01	19	add	add	VERB	VB	VerbForm=Inf	14	ccomp	90	93
tsc-2025-01-08:u0017:s01	20	this	this	PRON	DT	Number=Sing|PronType=Dem	19	obj	94	98
tsc-2025-01-08:u0017:s01	21	?	?	PUNCT	.	_	4	punct	98	99
tsc-2025-01-08:u0017:s02	1	The	the	DET	DT	Definite=Def|PronType=Art	3	det	0	3
tsc-2025-01-08:u0017:s02	2	other	other	ADJ	JJ	Degree=Pos	3	amod	4	9
tsc-2025-01-08:u0017:s02	3	parts	part	NOUN	NNS	Number=Plur	8	nsubj:pass	10	15
tsc-2025-01-08:u0017:s02	4	of	of	ADP	IN	_	6	case	16	18
tsc-2025-01-08:u0017:s02	5	the	the	DET	DT	Definite=Def|PronType=Art	6	det	19	22
tsc-2025-01-08:u0017:s02	6	spec	spec	NOUN	NN	Number=Sing	3	nmod	23	27
tsc-2025-01-08:u0017:s02	7	were	be	AUX	VBD	Mood=Ind|Tense=Past|VerbForm=Fin	8	aux:pass	28	32
tsc-2025-01-08:u0017:s02	8	added	add	VERB	VBN	Tense=Past|VerbForm=Part|Voice=Pass	0	root	33	38
tsc-2025-01-08:u0017:s02	9	due	due	ADP	IN	_	12	case	39	42
tsc-2025-01-08:u0017:s02	10	to	to	ADP	IN	_	9	fixed	43	45
tsc-2025-01-08:u0017:s02	11	massive	massive	ADJ	JJ	Degree=Pos	12	amod	46	53
tsc-2025-01-08:u0017:s02	12	usage	usage	NOUN	NN	Number=Sing	8	obl	54	59
tsc-2025-01-08:u0017:s02	13	in	in	ADP	IN	_	15	case	60	62
tsc-2025-01-08:u0017:s02	14	the	the	DET	DT	Definite=Def|PronType=Art	15	det	63	66
tsc-2025-01-08:u0017:s02	15	ecosystem	ecosystem	NOUN	NN	Number=Sing	12	nmod	67	76
tsc-2025-01-08:u0017:s02	16	,	,	PUNCT	,	_	18	punct	76	77
tsc-2025-01-08:u0017:s02	17	not	not	PART	RB	_	18	advmod	78	81
tsc-2025-01-08:u0017:s02	18	sure	sure	ADJ	JJ	Degree=Pos	8	conj	82	86
tsc-2025-01-08:u0017:s02	19	that	that	SCONJ	IN	_	21	mark	87	91
tsc-2025-01-08:u0017:s02	20	really	really	ADV	RB	_	21	advmod	92	98
tsc-2025-01-08:u0017:s02	21	applies	apply	VERB	VBZ	Mood=Ind|Number=Sing|Person=3|Tense=Pres|VerbForm=Fin	18	ccomp	99	106
tsc-2025-01-08:u0017:s02	22	in	in	ADP	IN	_	24	case	107	109
tsc-2025-01-08:u0017:s02	23	this	this	DET	DT	Number=Sing|PronType=Dem	24	det	110	114
tsc-2025-01-08:u0017:s02	24	case	case	NOUN	NN	Number=Sing	21	obl	115	119
tsc-2025-01-08:u0017:s02	25	.	.	PUNCT	.	_	8	punct	119	120
tsc-2025-01-08:u0017:s02	26	*	*	PUNCT	NFP	_	8	punct	121	122
tsc-2025-01-08:u0017:s03	1	There	there	PRON	EX	_	2	expl	0	5
tsc-2025-01-08:u0017:s03	2	is	be	VERB	VBZ	Mood=Ind|Number=Sing|Person=3|Tense=Pres|VerbForm=Fin	0	root	6	8
tsc-2025-01-08:u0017:s03	3	also	also	ADV	RB	_	2	advmod	9	13
tsc-2025-01-08:u0017:s03	4	a	a	DET	DT	Definite=Ind|PronType=Art	5	det	14	15
tsc-2025-01-08:u0017:s03	5	proposal	proposal	NOUN	NN	Number=Sing	2	nsubj	16	24
tsc-2025-01-08:u0017:s03	6	from	from	ADP	IN	_	7	case	25	29
tsc-2025-01-08:u0017:s03	7	Deno	Deno	PROPN	NNP	Number=Sing	5	nmod	30	34
tsc-2025-01-08:u0017:s03	8	to	to	PART	TO	_	9	mark	35	37
tsc-2025-01-08:u0017:s03	9	add	add	VERB	VB	VerbForm=Inf	5	acl	38	41
tsc-2025-01-08:u0017:s03	10	a	a	DET	DT	Definite=Ind|PronType=Art	12	det	42	43
tsc-2025-01-08:u0017:s03	11	better	better	ADJ	JJR	Degree=Cmp	12	amod	44	50
tsc-2025-01-08:u0017:s03	12	option	option	NOUN	NN	Number=Sing	9	obj	51	57
tsc-2025-01-08:u0017:s03	13	,	,	PUNCT	,	_	15	punct	57	58
tsc-2025-01-08:u0017:s03	14	that	that	PRON	DT	Number=Sing|PronType=Dem	15	nsubj	59	63
tsc-2025-01-08:u0017:s03	15	allows	allow	VERB	VBZ	Mood=Ind|Number=Sing|Person=3|Tense=Pres|VerbForm=Fin	5	parataxis	64	70
tsc-2025-01-08:u0017:s03	16	more	more	ADJ	JJR	Degree=Cmp	17	amod	71	75
tsc-2025-01-08:u0017:s03	17	flexibility	flexibility	NOUN	NN	Number=Sing	15	obj	76	87
tsc-2025-01-08:u0017:s03	18	in	in	SCONJ	IN	_	19	mark	88	90
tsc-2025-01-08:u0017:s03	19	handling	handling	VERB	VBG	VerbForm=Ger	17	acl	91	99
tsc-2025-01-08:u0017:s03	20	patterns	patterns	NOUN	NNS	Number=Plur	19	obj	100	108
tsc-2025-01-08:u0017:s03	21	and	and	CCONJ	CC	_	22	cc	109	112
tsc-2025-01-08:u0017:s03	22	making	make	VERB	VBG	VerbForm=Ger	19	conj	113	119
tsc-2025-01-08:u0017:s03	23	it	it	PRON	PRP	Case=Acc|Gender=Neut|Number=Sing|Person=3|PronType=Prs	22	obj	120	122
tsc-2025-01-08:u0017:s03	24	run	run	VERB	VB	VerbForm=Inf	22	xcomp	123	126
tsc-2025-01-08:u0017:s03	25	much	much	ADV	RB	_	26	advmod	127	131
tsc-2025-01-08:u0017:s03	26	faster	faster	ADJ	JJR	Degree=Cmp	24	xcomp	132	138
tsc-2025-01-08:u0017:s03	27	.	.	PUNCT	.	_	2	punct	138	139
tsc-2025-01-08:u0017:s04	1	*	*	PUNCT	NFP	_	2	punct	0	1
tsc-2025-01-08:u0017:s04	2	Robert	robert	X	GW	_	9	discourse	2	8
tsc-2025-01-08:u0017:s04	3	,	,	PUNCT	,	_	9	punct	8	9
tsc-2025-01-08:u0017:s04	4	adding	add	VERB	VBG	VerbForm=Ger	9	advcl	10	16
tsc-2025-01-08:u0017:s04	5	it	it	PRON	PRP	Case=Nom|Gender=Neut|Number=Sing|Person=3|PronType=Prs	9	nsubj	17	19
tsc-2025-01-08:u0017:s04	6	does	do	AUX	VBZ	Mood=Ind|Number=Sing|Person=3|Tense=Pres|VerbForm=Fin	9	aux	20	24
tsc-2025-01-08:u0017:s04	7	not	not	PART	RB	_	9	advmod	25	28
tsc-2025-01-08:u0017:s04	8	necessarily	necessarily	ADV	RB	_	9	advmod	29	40
tsc-2025-01-08:u0017:s04	9	mean	mean	VERB	VB	VerbForm=Inf	0	root	41	45
tsc-2025-01-08:u0017:s04	10	we	we	PRON	PRP	Case=Nom|Number=Plur|Person=1|PronType=Prs	12	nsubj	46	48
tsc-2025-01-08:u0017:s04	11	are	be	AUX	VBP	Mood=Ind|Tense=Pres|VerbForm=Fin	12	aux	49	52
tsc-2025-01-08:u0017:s04	12	promoting	promote	VERB	VBG	Tense=Pres|VerbForm=Part	9	ccomp	53	62
tsc-2025-01-08:u0017:s04	13	it	it	PRON	PRP	Case=Acc|Gender=Neut|Number=Sing|Person=3|PronType=Prs	12	obj	63	65
tsc-2025-01-08:u0017:s04	14	*	*	PUNCT	NFP	_	9	punct	66	67
tsc-2025-01-08:u0017:s04	15	Half	Half	NOUN	NN	Number=Sing	26	nsubj	68	72
tsc-2025-01-08:u0017:s04	16	if	if	SCONJ	IN	_	18	mark	73	75
tsc-2025-01-08:u0017:s04	17	not	not	ADV	RB	_	18	advmod	76	79
tsc-2025-01-08:u0017:s04	18	more	more	ADJ	JJR	Degree=Cmp	15	advcl	80	84
tsc-2025-01-08:u0017:s04	19	of	of	ADP	IN	_	22	case	85	87
tsc-2025-01-08:u0017:s04	20	the	the	DET	DT	Definite=Def|PronType=Art	22	det	88	91
tsc-2025-01-08:u0017:s04	21	web	web	NOUN	NN	Number=Sing	22	compound	92	95
tsc-2025-01-08:u0017:s04	22	apis	apis	NOUN	NNS	Number=Plur	18	obl	96	100
tsc-2025-01-08:u0017:s04	23	are	be	AUX	VBP	Mood=Ind|Tense=Pres|VerbForm=Fin	26	cop	101	104
tsc-2025-01-08:u0017:s04	24	not	not	PART	RB	_	26	advmod	105	108
tsc-2025-01-08:u0017:s04	25	necessarily	necessarily	ADV	RB	_	26	advmod	109	120
tsc-2025-01-08:u0017:s04	26	good	good	ADJ	JJ	Degree=Pos	9	parataxis	121	125
tsc-2025-01-08:u0017:s04	27	for	for	ADP	IN	_	29	case	126	129
tsc-2025-01-08:u0017:s04	28	back	back	NOUN	NN	Number=Sing	29	compound	130	134
tsc-2025-01-08:u0017:s04	29	end	end	NOUN	NN	Number=Sing	26	obl	135	138
tsc-2025-01-08:u0017:s04	30	and	and	CCONJ	CC	_	32	cc	139	142
tsc-2025-01-08:u0017:s04	31	are	be	AUX	VBP	Mood=Ind|Tense=Pres|VerbForm=Fin	32	cop	143	146
tsc-2025-01-08:u0017:s04	32	slow	slow	ADJ	JJ	Degree=Pos	26	conj	147	151
tsc-2025-01-08:u0017:s04	33	so	so	SCONJ	IN	_	37	case	152	154
tsc-2025-01-08:u0017:s04	34	not	not	PART	RB	_	35	advmod	155	158
tsc-2025-01-08:u0017:s04	35	necessarily	necessarily	ADV	RB	_	33	fixed	159	170
tsc-2025-01-08:u0017:s04	36	a	a	DET	DT	Definite=Ind|PronType=Art	37	det	171	172
tsc-2025-01-08:u0017:s04	37	blocker	blocker	NOUN	NN	Number=Sing	32	obl	173	180
tsc-2025-01-08:u0017:s04	38	in	in	ADP	IN	_	40	case	181	183
tsc-2025-01-08:u0017:s04	39	this	this	DET	DT	Number=Sing|PronType=Dem	40	det	184	188
tsc-2025-01-08:u0017:s04	40	case	case	NOUN	NN	Number=Sing	37	nmod	189	193
tsc-2025-01-08:u0017:s04	41	to	to	PART	TO	_	43	mark	194	196
tsc-2025-01-08:u0017:s04	42	be	be	AUX	VB	VerbForm=Inf	43	cop	197	199
tsc-2025-01-08:u0017:s04	43	consistent	consistent	ADJ	JJ	Degree=Pos	37	acl	200	210
tsc-2025-01-08:u0017:s04	44	with	with	SCONJ	IN	_	47	mark	211	215
tsc-2025-01-08:u0017:s04	45	how	how	ADV	WRB	PronType=Int	47	advmod	216	219
tsc-2025-01-08:u0017:s04	46	we	we	PRON	PRP	Case=Nom|Number=Plur|Person=1|PronType=Prs	47	nsubj	220	222
tsc-2025-01-08:u0017:s04	47	decided	decide	VERB	VBD	Mood=Ind|Tense=Past|VerbForm=Fin	43	advcl	223	230
tsc-2025-01-08:u0017:s04	48	on	on	SCONJ	IN	_	49	mark	231	233
tsc-2025-01-08:u0017:s04	49	Adding	add	VERB	VBG	VerbForm=Ger	47	xcomp	234	240
tsc-2025-01-08:u0017:s04	50	other	other	ADJ	JJ	Degree=Pos	52	amod	241	246
tsc-2025-01-08:u0017:s04	51	Web	web	NOUN	NN	Number=Sing	52	compound	247	250
tsc-2025-01-08:u0017:s04	52	APIs	APIs	NOUN	NNS	Number=Plur	49	obj	251	255
tsc-2025-01-08:u0017:s04	53	.	.	PUNCT	.	_	37	punct	255	256
tsc-2025-01-08:u0017:s05	1	*	*	PUNCT	NFP	_	2	punct	0	1
tsc-2025-01-08:u0017:s05	2	Yagiz	Yagiz	INTJ	UH	_	7	discourse	2	7
tsc-2025-01-08:u0017:s05	3	,	,	PUNCT	,	_	7	punct	7	8
tsc-2025-01-08:u0017:s05	4	have	have	AUX	VBP	Mood=Ind|Tense=Pres|VerbForm=Fin	7	aux	9	13
tsc-2025-01-08:u0017:s05	5	not	not	PART	RB	_	7	advmod	14	17
tsc-2025-01-08:u0017:s05	6	yet	yet	ADV	RB	_	7	advmod	18	21
tsc-2025-01-08:u0017:s05	7	optimized	optimize	ADJ	JJ	Degree=Pos	18	amod	22	31
tsc-2025-01-08:u0017:s05	8	,	,	PUNCT	,	_	12	punct	31	32
tsc-2025-01-08:u0017:s05	9	and	and	CCONJ	CC	_	12	cc	33	36
tsc-2025-01-08:u0017:s05	10	have	have	AUX	VBP	Mood=Ind|Tense=Pres|VerbForm=Fin	12	aux	37	41
tsc-2025-01-08:u0017:s05	11	not	not	PART	RB	_	12	advmod	42	45
tsc-2025-01-08:u0017:s05	12	looked	look	VERB	VBN	Tense=Past|VerbForm=Part	7	conj	46	52
tsc-2025-01-08:u0017:s05	13	at	at	SCONJ	IN	_	14	mark	53	55
tsc-2025-01-08:u0017:s05	14	adding	adding	VERB	VBG	VerbForm=Ger	12	advcl	56	62
tsc-2025-01-08:u0017:s05	15	URLPatternList	URLPatternList	PROPN	NNP	Number=Sing	14	obj	63	77
tsc-2025-01-08:u0017:s05	16	.	.	PUNCT	.	_	7	punct	77	78
tsc-2025-01-08:u0017:s05	17	*	*	PUNCT	NFP	_	7	punct	79	80
tsc-2025-01-08:u0017:s05	18	James	James	PROPN	NNP	Number=Sing	20	nsubj	81	86
tsc-2025-01-08:u0017:s05	19	,	,	PUNCT	,	_	20	punct	86	87
tsc-2025-01-08:u0017:s05	20	want	want	VERB	VBP	Mood=Ind|Tense=Pres|VerbForm=Fin	0	root	88	92
tsc-2025-01-08:u0017:s05	21	to	to	PART	TO	_	22	mark	93	95
tsc-2025-01-08:u0017:s05	22	add	add	VERB	VB	VerbForm=Inf	20	xcomp	96	99
tsc-2025-01-08:u0017:s05	23	support	support	NOUN	NN	Number=Sing	22	obj	100	107
tsc-2025-01-08:u0017:s05	24	to	to	ADP	IN	_	26	case	108	110
tsc-2025-01-08:u0017:s05	25	the	the	DET	DT	Definite=Def|PronType=Art	26	det	111	114
tsc-2025-01-08:u0017:s05	26	idea	idea	NOUN	NN	Number=Sing	22	obl	115	119
tsc-2025-01-08:u0017:s05	27	that	that	SCONJ	IN	_	31	mark	120	124
tsc-2025-01-08:u0017:s05	28	it	it	PRON	PRP	Case=Nom|Gender=Neut|Number=Sing|Person=3|PronType=Prs	31	nsubj	125	127
tsc-2025-01-08:u0017:s05	29	’s	be	AUX	VBZ	Mood=Ind|Number=Sing|Person=3|Tense=Pres|VerbForm=Fin	31	cop	127	129
tsc-2025-01-08:u0017:s05	30	not	not	PART	RB	_	31	advmod	130	133
tsc-2025-01-08:u0017:s05	31	great	great	ADJ	JJ	Degree=Pos	20	ccomp	134	139
tsc-2025-01-08:u0017:s05	32	for	for	ADP	IN	_	34	case	140	143
tsc-2025-01-08:u0017:s05	33	back	back	NOUN	NN	Number=Sing	34	compound	144	148
tsc-2025-01-08:u0017:s05	34	end	end	NOUN	NN	Number=Sing	31	obl	149	152
tsc-2025-01-08:u0017:s05	35	,	,	PUNCT	,	_	38	punct	152	153
tsc-2025-01-08:u0017:s05	36	and	and	CCONJ	CC	_	38	cc	154	157
tsc-2025-01-08:u0017:s05	37	is	be	AUX	VBZ	Mood=Ind|Number=Sing|Person=3|Tense=Pres|VerbForm=Fin	38	cop	158	160
tsc-2025-01-08:u0017:s05	38	slow	slow	ADJ	JJ	Degree=Pos	20	conj	161	165
tsc-2025-01-08:u0017:s05	39	,	,	PUNCT	,	_	44	punct	165	166
tsc-2025-01-08:u0017:s05	40	but	but	CCONJ	CC	_	44	cc	167	170
tsc-2025-01-08:u0017:s05	41	those	those	PRON	DT	Number=Plur|PronType=Dem	44	nsubj	171	176
tsc-2025-01-08:u0017:s05	42	are	be	AUX	VBP	Mood=Ind|Tense=Pres|VerbForm=Fin	44	cop	177	180
tsc-2025-01-08:u0017:s05	43	not	not	PART	RB	_	44	advmod	181	184
tsc-2025-01-08:u0017:s05	44	reasons	reason	NOUN	NNS	Number=Plur	20	conj	185	192
tsc-2025-01-08:u0017:s05	45	to	to	PART	TO	_	47	mark	193	195
tsc-2025-01-08:u0017:s05	46	not	not	PART	RB	_	47	advmod	196	199
tsc-2025-01-08:u0017:s05	47	include	include	VERB	VB	VerbForm=Inf	44	acl	200	207
tsc-2025-01-08:u0017:s05	48	in	in	ADP	IN	_	49	case	208	210
tsc-2025-01-08:u0017:s05	49	Node.js	Node.js	PROPN	NNP	Number=Sing	47	obl	211	218
tsc-2025-01-08:u0017:s05	50	.	.	PUNCT	.	_	20	punct	218	219
tsc-2025-01-08:u0017:s06	1	We	we	PRON	PRP	Case=Nom|Number=Plur|Person=1|PronType=Prs	3	nsubj	0	2
tsc-2025-01-08:u0017:s06	2	’ve	have	AUX	VBP	Mood=Ind|Tense=Pres|VerbForm=Fin	3	aux	2	5
tsc-2025-01-08:u0017:s06	3	added	add	VERB	VBN	Tense=Past|VerbForm=Part	0	root	6	11
tsc-2025-01-08:u0017:s06	4	other	other	ADJ	JJ	Degree=Pos	5	amod	12	17
tsc-2025-01-08:u0017:s06	5	APIs	APIs	NOUN	NNS	Number=Plur	3	obj	18	22
tsc-2025-01-08:u0017:s06	6	which	which	PRON	WDT	PronType=Rel	11	nsubj	23	28
tsc-2025-01-08:u0017:s06	7	are	be	AUX	VBP	Mood=Ind|Tense=Pres|VerbForm=Fin	11	cop	29	32
tsc-2025-01-08:u0017:s06	8	in	in	ADP	IN	_	11	case	33	35
tsc-2025-01-08:u0017:s06	9	the	the	DET	DT	Definite=Def|PronType=Art	11	det	36	39
tsc-2025-01-08:u0017:s06	10	same	same	ADJ	JJ	Degree=Pos	11	amod	40	44
tsc-2025-01-08:u0017:s06	11	category	category	NOUN	NN	Number=Sing	5	acl:relcl	45	53
tsc-2025-01-08:u0018:s00	1	*	*	PUNCT	NFP	_	2	punct	0	1
tsc-2025-01-08:u0018:s00	2	fs	fs	NOUN	NNS	Number=Plur	0	root	2	4
tsc-2025-01-08:u0018:s00	3	:	:	PUNCT	:	_	2	punct	4	5
tsc-2025-01-08:u0018:s00	4	enable	enable	ADJ	JJ	Degree=Pos	6	amod	6	12
tsc-2025-01-08:u0018:s00	5	chunked	chunk	VERB	VBN	Tense=Past|VerbForm=Part	6	amod	13	20
tsc-2025-01-08:u0018:s00	6	reading	reading	NOUN	NN	Number=Sing	2	appos	21	28
tsc-2025-01-08:u0018:s00	7	for	for	ADP	IN	_	9	case	29	32
tsc-2025-01-08:u0018:s00	8	large	large	ADJ	JJ	Degree=Pos	9	amod	33	38
tsc-2025-01-08:u0018:s00	9	files	file	NOUN	NNS	Number=Plur	6	nmod	39	44
tsc-2025-01-08:u0018:s00	10	in	in	ADP	IN	_	11	case	45	47
tsc-2025-01-08:u0018:s00	11	readFileHandle	readFileHandle	PROPN	NNP	Number=Sing	9	nmod	48	62
tsc-2025-01-08:u0018:s00	12	[	[	PUNCT	-LRB-	_	11	punct	63	64
tsc-2025-01-08:u0018:s00	13	#56022	#56022	NUM	CD	NumType=Card	11	nummod	64	70
tsc-2025-01-08:u0018:s00	14	]	]	PUNCT	-RRB-	_	6	punct	70	71
tsc-2025-01-08:u0018:s00	15	(	(	PUNCT	-LRB-	_	16	punct	71	72
tsc-2025-01-08:u0018:s00	16	https://github.com/nodejs/node/pull/56022	https://github.com/nodejs/node/pull/56022	X	ADD	_	6	appos	72	113
tsc-2025-01-08:u0018:s00	17	)	)	PUNCT	-RRB-	_	16	punct	113	114
tsc-2025-01-08:u0019:s00	1	*	*	PUNCT	NFP	_	2	punct	0	1
tsc-2025-01-08:u0019:s00	2	test	test	NOUN	NN	Number=Sing	0	root	2	6
tsc-2025-01-08:u0019:s00	3	:	:	PUNCT	:	_	2	punct	6	7
tsc-2025-01-08:u0019:s00	4	improve	improve	VERB	VB	Mood=Imp|VerbForm=Fin	2	parataxis	8	15
tsc-2025-01-08:u0019:s00	5	zlib	zlib	NUM	CD	NumType=Card	6	nummod	16	20
tsc-2025-01-08:u0019:s00	6	tests	test	NOUN	NNS	Number=Plur	4	obj	21	26
tsc-2025-01-08:u0019:s00	7	[	[	PUNCT	-LRB-	_	8	punct	27	28
tsc-2025-01-08:u0019:s00	8	#55716	#55716	NUM	CD	NumType=Card	6	appos	28	34
tsc-2025-01-08:u0019:s00	9	]	]	PUNCT	-RRB-	_	8	punct	34	35
tsc-2025-01-08:u0019:s00	10	(	(	PUNCT	-LRB-	_	8	punct	35	36
tsc-2025-01-08:u0019:s00	11	https://github.com/nodejs/node/pull/55716	https://github.com/nodejs/node/pull/55716	X	ADD	_	8	appos	36	77
tsc-2025-01-08:u0019:s00	12	)	)	PUNCT	-RRB-	_	8	punct	77	78
tsc-2025-01-08:u0020:s00	1	###	###	SYM	NFP	_	0	root	0	3
tsc-2025-01-08:u0020:s00	2	nodejs	nodej	NOUN	NNS	Number=Plur	1	compound	4	10
tsc-2025-01-08:u0020:s00	3	/	/	PUNCT	,	_	4	cc	10	11
tsc-2025-01-08:u0020:s00	4	TSC	TSC	NOUN	NN	Number=Sing	2	conj	11	14
tsc-2025-01-08:u0021:s00	1	*	*	PUNCT	NFP	_	3	punct	0	1
tsc-2025-01-08:u0021:s00	2	Submit	submit	NOUN	NN	Number=Sing	3	compound	1	7
tsc-2025-01-08:u0021:s00	3	application	application	NOUN	NN	Number=Sing	0	root	8	19
tsc-2025-01-08:u0021:s00	4	for	for	ADP	IN	_	9	case	20	23
tsc-2025-01-08:u0021:s00	5	GitHub	GitHub	PROPN	NNP	Number=Sing	9	compound	24	30
tsc-2025-01-08:u0021:s00	6	Secure	secure	PROPN	NNP	Number=Sing	8	compound	31	37
tsc-2025-01-08:u0021:s00	7	Open	open	PROPN	NNP	Number=Sing	8	compound	38	42
tsc-2025-01-08:u0021:s00	8	Source	source	PROPN	NNP	Number=Sing	9	compound	43	49
tsc-2025-01-08:u0021:s00	9	Fund	fund	PROPN	NNP	Number=Sing	3	nmod	50	54
tsc-2025-01-08:u0021:s00	10	[	[	PUNCT	-LRB-	_	3	punct	55	56
tsc-2025-01-08:u0021:s00	11	#1671	#1671	NUM	CD	NumType=Card	13	appos	56	61
tsc-2025-01-08:u0021:s00	12	]	]	PUNCT	-RRB-	_	11	punct	61	62
tsc-2025-01-08:u0021:s00	13	(	(	PUNCT	-LRB-	_	3	punct	62	63
tsc-2025-01-08:u0021:s00	14	https://github.com/nodejs/TSC/issues/1671	https://github.com/nodejs/TSC/issues/1671	X	ADD	_	3	appos	63	104
tsc-2025-01-08:u0021:s00	15	)	)	PUNCT	-RRB-	_	3	punct	104	105
tsc-2025-01-08:u0022:s00	1	*	*	PUNCT	NFP	_	2	punct	0	1
tsc-2025-01-08:u0022:s00	2	Matteo	Matteo	PROPN	NNP	Number=Sing	5	nsubj	2	8
tsc-2025-01-08:u0022:s00	3	,	,	PUNCT	,	_	4	punct	8	9
tsc-2025-01-08:u0022:s00	4	$	$	SYM	$	_	2	conj	10	11
tsc-2025-01-08:u0022:s00	5	go	go	VERB	VB	Mood=Imp|VerbForm=Fin	0	root	12	14
tsc-2025-01-08:u0022:s00	6	into	into	ADP	IN	_	8	case	15	19
tsc-2025-01-08:u0022:s00	7	GitHub	GitHub	PROPN	NNP	Number=Sing	8	compound	20	26
tsc-2025-01-08:u0022:s00	8	sponsor	sponsor	NOUN	NN	Number=Sing	5	obl	27	34
tsc-2025-01-08:u0022:s00	9	,	,	PUNCT	,	_	5	punct	34	35
tsc-2025-01-08:u0022:s00	10	*	*	PUNCT	NFP	_	5	punct	36	37
tsc-2025-01-08:u0022:s00	11	Agreed	agree	VERB	VB	Mood=Imp|VerbForm=Fin	5	parataxis	38	44
tsc-2025-01-08:u0022:s00	12	that	that	SCONJ	IN	_	14	mark	45	49
tsc-2025-01-08:u0022:s00	13	we	we	PRON	PRP	Case=Nom|Number=Plur|Person=1|PronType=Prs	14	nsubj	50	52
tsc-2025-01-08:u0022:s00	14	submit	submit	VERB	VBP	Mood=Ind|Tense=Pres|VerbForm=Fin	11	ccomp	53	59
tsc-2025-01-08:u0022:s00	15	,	,	PUNCT	,	_	21	punct	59	60
tsc-2025-01-08:u0022:s00	16	summary	summary	NOUN	NN	Number=Sing	21	nsubj	61	68
tsc-2025-01-08:u0022:s00	17	is	be	AUX	VBZ	Mood=Ind|Number=Sing|Person=3|Tense=Pres|VerbForm=Fin	21	cop	69	71
tsc-2025-01-08:u0022:s00	18	in	in	ADP	IN	_	21	case	72	74
tsc-2025-01-08:u0022:s00	19	<	<	SYM	NFP	_	21	punct	75	76
tsc-2025-01-08:u0022:s00	20	https://github.com/nodejs/TSC/issues/1671	https://github.com/nodejs/TSC/issues/1671	NUM	CD	NumType=Card	21	compound	76	117
tsc-2025-01-08:u0022:s00	21	#issuecomment-2578440199	#issuecomment-2578440199	NUM	CD	NumType=Card	14	obj	117	141
tsc-2025-01-08:u0022:s00	22	>	>	PUNCT	-RRB-	_	24	punct	141	142
tsc-2025-01-08:u0022:s00	23	*	*	PUNCT	NFP	_	24	punct	143	144
tsc-2025-01-08:u0022:s00	24	Ruben	Ruben	PROPN	NNP	Number=Sing	21	appos	145	150
tsc-2025-01-08:u0022:s00	25	,	,	PUNCT	,	_	5	punct	150	151
tsc-2025-01-08:u0022:s00	26	maybe	maybe	ADV	RB	_	29	advmod	152	157
tsc-2025-01-08:u0022:s00	27	we	we	PRON	PRP	Case=Nom|Number=Plur|Person=1|PronType=Prs	29	nsubj	158	160
tsc-2025-01-08:u0022:s00	28	should	should	AUX	MD	VerbForm=Fin	29	aux	161	167
tsc-2025-01-08:u0022:s00	29	open	open	VERB	VB	VerbForm=Inf	5	parataxis	168	172
tsc-2025-01-08:u0022:s00	30	to	to	ADP	IN	_	35	case	173	175
tsc-2025-01-08:u0022:s00	31	other	other	ADJ	JJ	Degree=Pos	35	amod	176	181
tsc-2025-01-08:u0022:s00	32	collaborators	collaborator	NOUN	NNS	Number=Plur	35	compound	182	195
tsc-2025-01-08:u0022:s00	33	*	*	PUNCT	NFP	_	35	punct	196	197
tsc-2025-01-08:u0022:s00	34	Open	open	NOUN	NN	Number=Sing	35	compound	198	202
tsc-2025-01-08:u0022:s00	35	issue	issue	NOUN	NN	Number=Sing	29	obl	203	208
tsc-2025-01-08:u0022:s00	36	,	,	PUNCT	,	_	35	punct	208	209
tsc-2025-01-08:u0022:s00	37	ping	ping	VERB	VBG	VerbForm=Ger	35	acl	210	214
tsc-2025-01-08:u0022:s00	38	collaborators	collaborator	NOUN	NNS	Number=Plur	37	obj	215	228
tsc-2025-01-08:u0022:s00	39	with	with	ADP	IN	_	42	case	229	233
tsc-2025-01-08:u0022:s00	40	1	1	NUM	CD	NumType=Card	41	nummod	234	235
tsc-2025-01-08:u0022:s00	41	day	day	NOUN	NN	Number=Sing	42	compound	236	239
tsc-2025-01-08:u0022:s00	42	deadline	deadline	NOUN	NN	Number=Sing	37	obl	240	248
tsc-2025-01-08:u0022:s00	43	.	.	PUNCT	.	_	5	punct	248	249
tsc-2025-01-08:u0023:s00	1	*	*	PUNCT	NFP	_	2	punct	0	1
tsc-2025-01-08:u0023:s00	2	Status	status	NOUN	NN	Number=Sing	17	nsubj	2	8
tsc-2025-01-08:u0023:s00	3	of	of	ADP	IN	_	5	case	9	11
tsc-2025-01-08:u0023:s00	4	smartOS	smartOS	ADJ	JJ	Degree=Pos	5	amod	12	19
tsc-2025-01-08:u0023:s00	5	support	support	NOUN	NN	Number=Sing	2	nmod	20	27
tsc-2025-01-08:u0023:s00	6	and	and	CCONJ	CC	_	9	cc	28	31
tsc-2025-01-08:u0023:s00	7	what	what	DET	WDT	PronType=Int	9	det	32	36
tsc-2025-01-08:u0023:s00	8	future	future	NOUN	NN	Number=Sing	9	compound	37	43
tsc-2025-01-08:u0023:s00	9	holds	hold	NOUN	NNS	Number=Plur	2	conj	44	49
tsc-2025-01-08:u0023:s00	10	[	[	PUNCT	-LRB-	_	9	punct	50	51
tsc-2025-01-08:u0023:s00	11	#1663	#1663	NUM	CD	NumType=Card	9	nummod	51	56
tsc-2025-01-08:u0023:s00	12	]	]	PUNCT	-RRB-	_	9	punct	56	57
tsc-2025-01-08:u0023:s00	13	(	(	PUNCT	-LRB-	_	14	punct	57	58
tsc-2025-01-08:u0023:s00	14	https://github.com/nodejs/TSC/issues/1663	https://github.com/nodejs/TSC/issues/1663	X	LS	_	9	appos	58	99
tsc-2025-01-08:u0023:s00	15	)	)	PUNCT	-RRB-	_	14	punct	99	100
tsc-2025-01-08:u0023:s00	16	*	*	PUNCT	NFP	_	2	punct	101	102
tsc-2025-01-08:u0023:s00	17	skipped	skip	VERB	VBD	Mood=Ind|Tense=Past|VerbForm=Fin	0	root	103	110
tsc-2025-01-08:u0023:s00	18	as	as	SCONJ	IN	_	20	mark	111	113
tsc-2025-01-08:u0023:s00	19	we	we	PRON	PRP	Case=Nom|Number=Plur|Person=1|PronType=Prs	20	nsubj	114	116
tsc-2025-01-08:u0023:s00	20	ran	run	VERB	VBD	Mood=Ind|Tense=Past|VerbForm=Fin	17	advcl	117	120
tsc-2025-01-08:u0023:s00	21	out	out	ADP	IN	_	23	case	121	124
tsc-2025-01-08:u0023:s00	22	of	of	ADP	IN	_	23	case	125	127
tsc-2025-01-08:u0023:s00	23	time	time	NOUN	NN	Number=Sing	20	obl	128	132
tsc-2025-01-08:u0024:s00	1	*	*	PUNCT	NFP	_	2	punct	0	1
tsc-2025-01-08:u0024:s00	2	Clarify	clarify	VERB	VB	Mood=Imp|VerbForm=Fin	0	root	2	9
tsc-2025-01-08:u0024:s00	3	the	the	DET	DT	Definite=Def|PronType=Art	4	det	10	13
tsc-2025-01-08:u0024:s00	4	Charter	Charter	NOUN	NN	Number=Sing	2	obj	14	21
tsc-2025-01-08:u0024:s00	5	so	so	SCONJ	IN	_	20	mark	22	24
tsc-2025-01-08:u0024:s00	6	that	that	SCONJ	IN	_	5	fixed	25	29
tsc-2025-01-08:u0024:s00	7	contractors	contractor	NOUN	NNS	Number=Plur	9	nsubj	30	41
tsc-2025-01-08:u0024:s00	8	are	be	AUX	VBP	Mood=Ind|Tense=Pres|VerbForm=Fin	9	cop	42	45
tsc-2025-01-08:u0024:s00	9	explicity	explicity	NOUN	NN	Number=Sing	20	nsubj	46	55
tsc-2025-01-08:u0024:s00	10	counted	count	VERB	VBN	Tense=Past|VerbForm=Part	9	acl	56	63
tsc-2025-01-08:u0024:s00	11	as	as	SCONJ	IN	_	12	mark	64	66
tsc-2025-01-08:u0024:s00	12	affialiated	affialiate	VERB	VBN	Tense=Past|VerbForm=Part	10	advcl	67	78
tsc-2025-01-08:u0024:s00	13	[	[	PUNCT	-LRB-	_	14	punct	79	80
tsc-2025-01-08:u0024:s00	14	#1650	#1650	NUM	CD	NumType=Card	10	xcomp	80	85
tsc-2025-01-08:u0024:s00	15	]	]	PUNCT	-RRB-	_	14	punct	85	86
tsc-2025-01-08:u0024:s00	16	(	(	PUNCT	-LRB-	_	17	punct	86	87
tsc-2025-01-08:u0024:s00	17	https://github.com/nodejs/TSC/pull/1650	https://github.com/nodejs/TSC/pull/1650	X	LS	_	14	appos	87	126
tsc-2025-01-08:u0024:s00	18	)	)	PUNCT	-RRB-	_	17	punct	126	127
tsc-2025-01-08:u0024:s00	19	*	*	PUNCT	NFP	_	14	punct	128	129
tsc-2025-01-08:u0024:s00	20	skipped	skip	VERB	VBD	Mood=Ind|Tense=Past|VerbForm=Fin	2	advcl	130	137
tsc-2025-01-08:u0024:s00	21	as	as	SCONJ	IN	_	23	mark	138	140
tsc-2025-01-08:u0024:s00	22	we	we	PRON	PRP	Case=Nom|Number=Plur|Person=1|PronType=Prs	23	nsubj	141	143
tsc-2025-01-08:u0024:s00	23	ran	run	VERB	VBD	Mood=Ind|Tense=Past|VerbForm=Fin	2	advcl	144	147
tsc-2025-01-08:u0024:s00	24	out	out	ADP	IN	_	26	case	148	151
tsc-2025-01-08:u0024:s00	25	of	of	ADP	IN	_	26	case	152	154
tsc-2025-01-08:u0024:s00	26	time	time	NOUN	NN	Number=Sing	23	obl	155	159
tsc-2025-01-08:u0025:s00	1	*	*	PUNCT	NFP	_	0	root	0	1
tsc-2025-01-08:u0025:s01	1	Let	let	VERB	VB	Mood=Imp|VerbForm=Fin	0	root	0	3
tsc-2025-01-08:u0025:s01	2	's	's	PRON	PRP	Case=Acc|Number=Plur|Person=1|PronType=Prs	1	obj	3	5
tsc-2025-01-08:u0025:s01	3	talk	talk	VERB	VB	VerbForm=Inf	1	xcomp	6	10
tsc-2025-01-08:u0025:s01	4	about	about	ADP	IN	_	7	case	11	16
tsc-2025-01-08:u0025:s01	5	the	the	DET	DT	Definite=Def|PronType=Art	7	det	17	20
tsc-2025-01-08:u0025:s01	6	CI	CI	PROPN	NNP	Number=Sing	7	compound	21	23
tsc-2025-01-08:u0025:s01	7	situation	situation	NOUN	NN	Number=Sing	3	obl	24	33
tsc-2025-01-08:u0025:s01	8	[	[	PUNCT	-LRB-	_	9	punct	34	35
tsc-2025-01-08:u0025:s01	9	#1614	#1614	NUM	CD	NumType=Card	7	appos	35	40
tsc-2025-01-08:u0025:s01	10	]	]	PUNCT	-RRB-	_	9	punct	40	41
tsc-2025-01-08:u0025:s01	11	(	(	PUNCT	-LRB-	_	9	punct	41	42
tsc-2025-01-08:u0025:s01	12	https://github.com/nodejs/TSC/issues/1614	https://github.com/nodejs/TSC/issues/1614	X	LS	_	9	appos	42	83
tsc-2025-01-08:u0025:s01	13	)	)	PUNCT	-RRB-	_	9	punct	83	84
tsc-2025-01-08:u0025:s01	14	*	*	PUNCT	NFP	_	7	punct	85	86
tsc-2025-01-08:u0025:s01	15	skipped	skip	VERB	VBN	Tense=Past|VerbForm=Part|Voice=Pass	3	parataxis	87	94
tsc-2025-01-08:u0025:s01	16	as	as	SCONJ	IN	_	18	mark	95	97
tsc-2025-01-08:u0025:s01	17	we	we	PRON	PRP	Case=Nom|Number=Plur|Person=1|PronType=Prs	18	nsubj	98	100
tsc-2025-01-08:u0025:s01	18	ran	run	VERB	VBD	Mood=Ind|Tense=Past|VerbForm=Fin	15	advcl	101	104
tsc-2025-01-08:u0025:s01	19	out	out	ADP	IN	_	21	case	105	108
tsc-2025-01-08:u0025:s01	20	of	of	ADP	IN	_	21	case	109	111
tsc-2025-01-08:u0025:s01	21	time	time	NOUN	NN	Number=Sing	18	obl	112	116
tsc-2025-01-08:u0026:s00	1	*	*	PUNCT	NFP	_	2	punct	0	1
tsc-2025-01-08:u0026:s00	2	Open	open	PROPN	NNP	Number=Sing	0	root	2	6
tsc-2025-01-08:u0026:s00	3	OpenCollective	OpenCollective	PROPN	NNP	Number=Sing	2	flat	7	21
tsc-2025-01-08:u0026:s00	4	and	and	CCONJ	CC	_	5	cc	22	25
tsc-2025-01-08:u0026:s00	5	Github	Github	PROPN	NNP	Number=Sing	2	conj	26	32
tsc-2025-01-08:u0026:s00	6	Sponsors	sponsors	PROPN	NNP	Number=Sing	5	flat	33	41
tsc-2025-01-08:u0026:s00	7	for	for	ADP	IN	_	8	case	42	45
tsc-2025-01-08:u0026:s00	8	Node.js	Node.js	PROPN	NNP	Number=Sing	2	nmod	46	53
tsc-2025-01-08:u0026:s00	9	[	[	PUNCT	-LRB-	_	10	punct	54	55
tsc-2025-01-08:u0026:s00	10	#1553	#1553	NUM	CD	NumType=Card	8	nummod	55	60
tsc-2025-01-08:u0026:s00	11	]	]	PUNCT	-RRB-	_	2	punct	60	61
tsc-2025-01-08:u0026:s00	12	(	(	PUNCT	-LRB-	_	13	punct	61	62
tsc-2025-01-08:u0026:s00	13	https://github.com/nodejs/TSC/issues/1553	https://github.com/nodejs/TSC/issues/1553	X	LS	_	14	nummod	62	103
tsc-2025-01-08:u0026:s00	14	)	)	PUNCT	-RRB-	_	2	punct	103	104
tsc-2025-01-08:u0026:s00	15	*	*	PUNCT	NFP	_	2	punct	105	106
tsc-2025-01-08:u0026:s00	16	Michael	Michael	PROPN	NNP	Number=Sing	2	flat	107	114
tsc-2025-01-08:u0026:s00	17	,	,	PUNCT	,	_	18	punct	114	115
tsc-2025-01-08:u0026:s00	18	meeting	meeting	NOUN	NN	Number=Sing	2	list	116	123
tsc-2025-01-08:u0026:s00	19	Ben	Ben	PROPN	NNP	Number=Sing	18	appos	124	127
tsc-2025-01-08:u0026:s00	20	,	,	PUNCT	,	_	2	punct	127	128
tsc-2025-01-08:u0026:s00	21	to	to	PART	TO	_	22	mark	129	131
tsc-2025-01-08:u0026:s00	22	figure	figure	VERB	VB	VerbForm=Inf	2	parataxis	132	138
tsc-2025-01-08:u0026:s00	23	out	out	ADP	RP	_	22	compound:prt	139	142
tsc-2025-01-08:u0026:s00	24	logistics	logistic	NOUN	NNS	Number=Plur	22	obj	143	152
tsc-2025-01-08:u0027:s00	1	##	##	PUNCT	.	_	0	root	0	2
tsc-2025-01-08:u0027:s01	1	Strategic	strategic	ADJ	JJ	Degree=Pos	2	amod	0	9
tsc-2025-01-08:u0027:s01	2	Initiatives	initiative	NOUN	NNS	Number=Plur	0	root	10	21
tsc-2025-01-08:u0027:s01	3	*	*	PUNCT	NFP	_	2	punct	22	23
tsc-2025-01-08:u0027:s01	4	skipped	skip	VERB	VBD	Mood=Ind|Tense=Past|VerbForm=Fin	2	parataxis	24	31
tsc-2025-01-08:u0027:s01	5	as	as	SCONJ	IN	_	7	mark	32	34
tsc-2025-01-08:u0027:s01	6	we	we	PRON	PRP	Case=Nom|Number=Plur|Person=1|PronType=Prs	7	nsubj	35	37
tsc-2025-01-08:u0027:s01	7	ran	run	VERB	VBD	Mood=Ind|Tense=Past|VerbForm=Fin	4	advcl	38	41
tsc-2025-01-08:u0027:s01	8	out	out	ADP	IN	_	10	case	42	45
tsc-2025-01-08:u0027:s01	9	of	of	ADP	IN	_	10	case	46	48
tsc-2025-01-08:u0027:s01	10	time	time	NOUN	NN	Number=Sing	7	obl	49	53
tsc-2025-01-08:u0028:s00	1	##	##	PUNCT	.	_	0	root	0	2
tsc-2025-01-08:u0028:s01	1	Upcoming	upcoming	ADJ	JJ	Degree=Pos	2	amod	0	8
tsc-2025-01-08:u0028:s01	2	Meetings	meeting	NOUN	NNS	Number=Plur	0	root	9	17
tsc-2025-01-08:u0029:s00	1	*	*	PUNCT	NFP	_	3	punct	0	1
tsc-2025-01-08:u0029:s00	2	**Node.js	**Node.js	PROPN	NNP	Number=Sing	3	compound	2	11
tsc-2025-01-08:u0029:s00	3	Project	project	PROPN	NNP	Number=Sing	0	root	12	19
tsc-2025-01-08:u0029:s00	4	Calendar	calendar	PROPN	NNP	Number=Sing	3	flat	20	28
tsc-2025-01-08:u0029:s00	5	**:	**:	PUNCT	.	_	3	punct	28	31
tsc-2025-01-08:u0029:s00	6	<	<	PUNCT	-LRB-	_	7	punct	32	33
tsc-2025-01-08:u0029:s00	7	https://nodejs.org/calendar	https://nodejs.org/calendar	NOUN	NN	Number=Sing	3	list	33	60
tsc-2025-01-08:u0029:s00	8	>	>	PUNCT	-RRB-	_	7	punct	60	61
tsc-2025-01-08:u0030:s00	1	Click	click	VERB	VB	Mood=Imp|VerbForm=Fin	0	root	0	5
tsc-2025-01-08:u0030:s00	2	`+	`+	SYM	$	_	3	punct	6	8
tsc-2025-01-08:u0030:s00	3	GoogleCalendar	GoogleCalendar	PROPN	NNP	Number=Sing	1	obj	8	22
tsc-2025-01-08:u0030:s00	4	`	`	PUNCT	``	_	3	punct	22	23
tsc-2025-01-08:u0030:s00	5	at	at	ADP	IN	_	8	case	24	26
tsc-2025-01-08:u0030:s00	6	the	the	DET	DT	Definite=Def|PronType=Art	8	det	27	30
tsc-2025-01-08:u0030:s00	7	bottom	bottom	ADJ	JJ	Degree=Pos	8	amod	31	37
tsc-2025-01-08:u0030:s00	8	right	right	NOUN	NN	Number=Sing	1	obl	38	43
tsc-2025-01-08:u0030:s00	9	to	to	PART	TO	_	10	mark	44	46
tsc-2025-01-08:u0030:s00	10	add	add	VERB	VB	VerbForm=Inf	1	advcl	47	50
tsc-2025-01-08:u0030:s00	11	to	to	ADP	IN	_	15	case	51	53
tsc-2025-01-08:u0030:s00	12	your	you	PRON	PRP$	Person=2|Poss=Yes|PronType=Prs	15	nmod:poss	54	58
tsc-2025-01-08:u0030:s00	13	own	own	ADJ	JJ	Degree=Pos	15	amod	59	62
tsc-2025-01-08:u0030:s00	14	Google	Google	PROPN	NNP	Number=Sing	15	compound	63	69
tsc-2025-01-08:u0030:s00	15	calendar	calendar	NOUN	NN	Number=Sing	10	obl	70	78
tsc-2025-01-08:u0030:s00	16	.	.	PUNCT	.	_	1	punct	78	79
tsc-2025-02-05:u0000:s00	1	#	#	SYM	NN	Number=Sing	2	compound	0	1
tsc-2025-02-05:u0000:s00	2	Node.js	Node.js	PROPN	NNP	Number=Sing	5	compound	2	9
tsc-2025-02-05:u0000:s00	3	Technical	technical	PROPN	NNP	Number=Sing	5	compound	10	19
tsc-2025-02-05:u0000:s00	4	Steering	steering	PROPN	NNP	Number=Sing	5	compound	20	28
tsc-2025-02-05:u0000:s00	5	Committee	committee	PROPN	NNP	Number=Sing	0	root	29	38
tsc-2025-02-05:u0000:s00	6	(	(	PUNCT	-LRB-	_	7	punct	39	40
tsc-2025-02-05:u0000:s00	7	TSC	TSC	PROPN	NNP	Number=Sing	5	appos	40	43
tsc-2025-02-05:u0000:s00	8	)	)	PUNCT	-RRB-	_	7	punct	43	44
tsc-2025-02-05:u0000:s01	1	Meeting	meeting	NOUN	NN	Number=Sing	0	root	0	7
tsc-2025-02-05:u0000:s01	2	2025	2025	NUM	CD	NumType=Card	1	nummod	8	12
tsc-2025-02-05:u0000:s01	3	-	-	SYM	SYM	_	1	punct	12	13
tsc-2025-02-05:u0000:s01	4	02	02	NUM	CD	NumType=Card	1	nummod	13	15
tsc-2025-02-05:u0000:s01	5	-	-	SYM	SYM	_	6	case	15	16
tsc-2025-02-05:u0000:s01	6	05	05	NUM	CD	NumType=Card	4	nmod	16	18
tsc-2025-02-05:u0001:s00	1	##	##	PUNCT	.	_	0	root	0	2
tsc-2025-02-05:u0001:s01	1	Links	link	NOUN	NNS	Number=Plur	0	root	0	5
tsc-2025-02-05:u0002:s00	1	*	*	PUNCT	NFP	_	0	root	0	1
tsc-2025-02-05:u0002:s01	1	**	**	PUNCT	NFP	_	2	punct	0	2
tsc-2025-02-05:u0002:s01	2	Recording	recording	NOUN	NN	Number=Sing	0	root	2	11
tsc-2025-02-05:u0002:s01	3	**:	**:	PUNCT	.	_	2	punct	11	14
tsc-2025-02-05:u0002:s01	4	<	<	PUNCT	-LRB-	_	5	punct	15	16
tsc-2025-02-05:u0002:s01	5	https://www.youtube.com/watch?v=VU7PZUGRNnc	https://www.youtube.com/watch?v=VU7PZUGRNnc	X	FW	_	2	appos	16	59
tsc-2025-02-05:u0002:s01	6	>	>	PUNCT	-RRB-	_	5	punct	59	60
tsc-2025-02-05:u0002:s01	7	*	*	PUNCT	NFP	_	5	punct	61	62
tsc-2025-02-05:u0002:s01	8	**	**	PUNCT	NFP	_	2	punct	63	65
tsc-2025-02-05:u0002:s01	9	GitHub	GitHub	PROPN	NNP	Number=Sing	10	compound	65	71
tsc-2025-02-05:u0002:s01	10	Issue	issue	PROPN	NNP	Number=Sing	2	appos	72	77
tsc-2025-02-05:u0002:s01	11	**	**	PUNCT	NFP	_	2	punct	77	79
tsc-2025-02-05:u0002:s01	12	:	:	PUNCT	:	_	2	punct	79	80
tsc-2025-02-05:u0002:s01	13	<	<	PUNCT	-LRB-	_	2	punct	81	82
tsc-2025-02-05:u0002:s01	14	https://github.com/nodejs/TSC/issues/1683	https://github.com/nodejs/TSC/issues/1683	X	ADD	_	2	appos	82	123
tsc-2025-02-05:u0002:s01	15	>	>	PUNCT	-RRB-	_	2	punct	123	124
tsc-2025-02-05:u0003:s00	1	##	##	PUNCT	.	_	0	root	0	2
tsc-2025-02-05:u0003:s01	1	Present	present	PROPN	NNP	Number=Sing	0	root	0	7
tsc-2025-02-05:u0004:s00	1	*	*	PUNCT	NFP	_	2	punct	0	1
tsc-2025-02-05:u0004:s00	2	Antoine	Antoine	X	GW	_	5	goeswith	2	9
tsc-2025-02-05:u0004:s00	3	du	do	X	GW	_	5	goeswith	10	12
tsc-2025-02-05:u0004:s00	4	Hamel	Hamel	X	GW	_	5	goeswith	13	18
tsc-2025-02-05:u0004:s00	5	@aduh95	@aduh95	NOUN	NN	Number=Sing	40	compound	19	26
tsc-2025-02-05:u0004:s00	6	(	(	PUNCT	-LRB-	_	5	punct	27	28
tsc-2025-02-05:u0004:s00	7	voting	voting	NOUN	NN	Number=Sing	8	compound	28	34
tsc-2025-02-05:u0004:s00	8	member	member	NOUN	NN	Number=Sing	5	appos	35	41
tsc-2025-02-05:u0004:s00	9	)	)	PUNCT	-RRB-	_	8	punct	41	42
tsc-2025-02-05:u0004:s00	10	*	*	PUNCT	NFP	_	5	punct	43	44
tsc-2025-02-05:u0004:s00	11	Joyee	Joyee	PROPN	NNP	Number=Sing	13	compound	45	50
tsc-2025-02-05:u0004:s00	12	Cheung	Cheung	NOUN	NN	Number=Sing	13	compound	51	57
tsc-2025-02-05:u0004:s00	13	@joyeecheung	@joyeecheung	NOUN	NN	Number=Sing	5	conj	58	70
tsc-2025-02-05:u0004:s00	14	(	(	PUNCT	-LRB-	_	5	punct	71	72
tsc-2025-02-05:u0004:s00	15	voting	voting	NOUN	NN	Number=Sing	16	compound	72	78
tsc-2025-02-05:u0004:s00	16	member	member	NOUN	NN	Number=Sing	5	appos	79	85
tsc-2025-02-05:u0004:s00	17	)	)	PUNCT	-RRB-	_	16	punct	85	86
tsc-2025-02-05:u0004:s00	18	*	*	PUNCT	NFP	_	5	punct	87	88
tsc-2025-02-05:u0004:s00	19	Marco	Marco	PROPN	NNP	Number=Sing	21	compound	89	94
tsc-2025-02-05:u0004:s00	20	Ippolito	Ippolito	PROPN	NNP	Number=Sing	19	flat	95	103
tsc-2025-02-05:u0004:s00	21	@marco-ippolito	@marco-ippolito	NOUN	NN	Number=Sing	5	conj	104	119
tsc-2025-02-05:u0004:s00	22	(	(	PUNCT	-LRB-	_	5	punct	120	121
tsc-2025-02-05:u0004:s00	23	voting	voting	NOUN	NN	Number=Sing	24	compound	121	127
tsc-2025-02-05:u0004:s00	24	member	member	NOUN	NN	Number=Sing	5	appos	128	134
tsc-2025-02-05:u0004:s00	25	)	)	PUNCT	-RRB-	_	24	punct	134	135
tsc-2025-02-05:u0004:s00	26	*	*	PUNCT	NFP	_	5	punct	136	137
tsc-2025-02-05:u0004:s00	27	Michael	Michael	PROPN	NNP	Number=Sing	5	conj	138	145
tsc-2025-02-05:u0004:s00	28	Dawson	Dawson	PROPN	NNP	Number=Sing	27	flat	146	152
tsc-2025-02-05:u0004:s00	29	@mhdawson	@mhdawson	NOUN	NN	Number=Sing	27	flat	153	162
tsc-2025-02-05:u0004:s00	30	(	(	PUNCT	-LRB-	_	5	punct	163	164
tsc-2025-02-05:u0004:s00	31	voting	voting	NOUN	NN	Number=Sing	32	compound	164	170
tsc-2025-02-05:u0004:s00	32	member	member	NOUN	NN	Number=Sing	5	conj	171	177
tsc-2025-02-05:u0004:s00	33	)	)	PUNCT	-RRB-	_	32	punct	177	178
tsc-2025-02-05:u0004:s00	34	*	*	PUNCT	NFP	_	5	punct	179	180
tsc-2025-02-05:u0004:s00	35	Richard	Richard	PROPN	NNP	Number=Sing	5	appos	181	188
tsc-2025-02-05:u0004:s00	36	Lau	Lau	PROPN	NNP	Number=Sing	35	flat	189	192
tsc-2025-02-05:u0004:s00	37	@richardlau	@richardlau	NOUN	NN	Number=Sing	35	flat	193	204
tsc-2025-02-05:u0004:s00	38	(	(	PUNCT	-LRB-	_	5	punct	205	206
tsc-2025-02-05:u0004:s00	39	voting	voting	NOUN	NN	Number=Sing	40	compound	206	212
tsc-2025-02-05:u0004:s00	40	member	member	NOUN	NN	Number=Sing	48	compound	213	219
tsc-2025-02-05:u0004:s00	41	)	)	PUNCT	-RRB-	_	40	punct	219	220
tsc-2025-02-05:u0004:s00	42	*	*	PUNCT	NFP	_	40	punct	221	222
tsc-2025-02-05:u0004:s00	43	Robert	Robert	PROPN	NNP	Number=Sing	40	appos	223	229
tsc-2025-02-05:u0004:s00	44	Nagy	Nagy	PROPN	NNP	Number=Sing	43	flat	230	234
tsc-2025-02-05:u0004:s00	45	@ronag	@ronag	NOUN	NN	Number=Sing	43	flat	235	241
tsc-2025-02-05:u0004:s00	46	(	(	PUNCT	-LRB-	_	40	punct	242	243
tsc-2025-02-05:u0004:s00	47	voting	voting	NOUN	NN	Number=Sing	48	compound	243	249
tsc-2025-02-05:u0004:s00	48	member	member	NOUN	NN	Number=Sing	0	root	250	256
tsc-2025-02-05:u0004:s00	49	)	)	PUNCT	-RRB-	_	48	punct	256	257
tsc-2025-02-05:u0005:s00	1	##	##	PUNCT	.	_	0	root	0	2
tsc-2025-02-05:u0005:s01	1	Agenda	agenda	PROPN	NNP	Number=Sing	0	root	0	6
tsc-2025-02-05:u0006:s00	1	###	###	SYM	NFP	_	0	root	0	3
tsc-2025-02-05:u0006:s01	1	Announcements	Announcement	NOUN	NNS	Number=Plur	0	root	0	13
tsc-2025-02-05:u0007:s00	1	*	*	PUNCT	NFP	_	0	root	0	1
tsc-2025-02-05:u0007:s01	1	No	no	DET	DT	_	2	det	0	2
tsc-2025-02-05:u0007:s01	2	announcements	announcement	NOUN	NNS	Number=Plur	0	root	3	16
tsc-2025-02-05:u0007:s01	3	this	this	DET	DT	Number=Sing|PronType=Dem	4	det	17	21
tsc-2025-02-05:u0007:s01	4	week	week	NOUN	NN	Number=Sing	2	nmod:tmod	22	26
tsc-2025-02-05:u0007:s01	5	.	.	PUNCT	.	_	2	punct	26	27
tsc-2025-02-05:u0008:s00	1	###	###	SYM	NFP	_	0	root	0	3
tsc-2025-02-05:u0008:s01	1	Reminders	Reminder	NOUN	NNS	Number=Plur	0	root	0	9
tsc-2025-02-05:u0009:s00	1	*	*	PUNCT	NFP	_	2	punct	0	1
tsc-2025-02-05:u0009:s00	2	Remember	remember	VERB	VB	Mood=Imp|VerbForm=Fin	0	root	2	10
tsc-2025-02-05:u0009:s00	3	to	to	PART	TO	_	4	mark	11	13
tsc-2025-02-05:u0009:s00	4	nominate	nominate	VERB	VB	VerbForm=Inf	2	xcomp	14	22
tsc-2025-02-05:u0009:s00	5	people	people	NOUN	NNS	Number=Plur	4	obj	23	29
tsc-2025-02-05:u0009:s00	6	for	for	ADP	IN	_	10	case	30	33
tsc-2025-02-05:u0009:s00	7	the	the	DET	DT	Definite=Def|PronType=Art	10	det	34	37
tsc-2025-02-05:u0009:s00	8	[	[	PUNCT	-LRB-	_	10	punct	38	39
tsc-2025-02-05:u0009:s00	9	contributor	contributor	NOUN	NN	Number=Sing	10	compound	39	50
tsc-2025-02-05:u0009:s00	10	spotlight	spotlight	NOUN	NN	Number=Sing	5	nmod	51	60
tsc-2025-02-05:u0009:s00	11	]	]	PUNCT	-RRB-	_	10	punct	60	61
tsc-2025-02-05:u0009:s00	12	(	(	PUNCT	-LRB-	_	14	punct	61	62
tsc-2025-02-05:u0009:s00	13	https://github.com/nodejs/node/blob/main/doc/contributing/reconizing-contributors.md	https://github.com/nodejs/node/blob/main/doc/contributing/reconizing-contributors.md	ADJ	JJ	Degree=Pos	14	amod	62	146
tsc-2025-02-05:u0009:s00	14	#bi-monthly-contributor-spotlight	#bi-monthly-contributor-spotlight	NOUN	NN	Number=Sing	10	appos	146	179
tsc-2025-02-05:u0009:s00	15	)	)	PUNCT	-RRB-	_	14	punct	179	180
tsc-2025-02-05:u0010:s00	1	###	###	SYM	NFP	_	6	punct	0	3
tsc-2025-02-05:u0010:s00	2	CPC	CPC	PROPN	NNP	Number=Sing	6	compound	4	7
tsc-2025-02-05:u0010:s00	3	and	and	CCONJ	CC	_	4	cc	8	11
tsc-2025-02-05:u0010:s00	4	Board	board	PROPN	NNP	Number=Sing	2	conj	12	17
tsc-2025-02-05:u0010:s00	5	Meeting	meeting	PROPN	NNP	Number=Sing	6	compound	18	25
tsc-2025-02-05:u0010:s00	6	Updates	updates	PROPN	NNP	Number=Sing	0	root	26	33
tsc-2025-02-05:u0011:s00	1	*	*	PUNCT	NFP	_	0	root	0	1
tsc-2025-02-05:u0011:s01	1	No	no	DET	DT	_	2	det	0	2
tsc-2025-02-05:u0011:s01	2	updates	update	NOUN	NNS	Number=Plur	0	root	3	10
tsc-2025-02-05:u0011:s01	3	this	this	DET	DT	Number=Sing|PronType=Dem	4	det	11	15
tsc-2025-02-05:u0011:s01	4	week	week	NOUN	NN	Number=Sing	2	nmod:tmod	16	20
tsc-2025-02-05:u0012:s00	1	*	*	PUNCT	NFP	_	2	punct	0	1
tsc-2025-02-05:u0012:s00	2	Extracted	Extract	VERB	VBN	Tense=Past|VerbForm=Part	9	amod	1	10
tsc-2025-02-05:u0012:s00	3	from	from	ADP	IN	_	6	case	11	15
tsc-2025-02-05:u0012:s00	4	**tsc	**tsc	NOUN	NN	Number=Sing	6	compound	16	21
tsc-2025-02-05:u0012:s00	5	-	-	PUNCT	HYPH	_	6	punct	21	22
tsc-2025-02-05:u0012:s00	6	agenda	agenda	NOUN	NN	Number=Sing	2	obl	22	28
tsc-2025-02-05:u0012:s00	7	**	**	PUNCT	NFP	_	2	punct	28	30
tsc-2025-02-05:u0012:s00	8	labeled	label	VERB	VBN	Tense=Past|VerbForm=Part	9	amod	31	38
tsc-2025-02-05:u0012:s00	9	issues	issue	NOUN	NNS	Number=Plur	0	root	39	45
tsc-2025-02-05:u0012:s00	10	and	and	CCONJ	CC	_	12	cc	46	49
tsc-2025-02-05:u0012:s00	11	pull	pull	NOUN	NN	Number=Sing	12	compound	50	54
tsc-2025-02-05:u0012:s00	12	requests	request	NOUN	NNS	Number=Plur	9	conj	55	63
tsc-2025-02-05:u0012:s00	13	from	from	ADP	IN	_	16	case	64	68
tsc-2025-02-05:u0012:s00	14	the	the	DET	DT	Definite=Def|PronType=Art	16	det	69	72
tsc-2025-02-05:u0012:s00	15	**	**	PUNCT	NFP	_	16	punct	73	75
tsc-2025-02-05:u0012:s00	16	nodejs	nodej	NOUN	NNS	Number=Plur	12	nmod	75	81
tsc-2025-02-05:u0012:s00	17	org	org	ADJ	JJ	Degree=Pos	16	amod	82	85
tsc-2025-02-05:u0012:s00	18	**	**	PUNCT	NFP	_	9	punct	85	87
tsc-2025-02-05:u0012:s00	19	prior	prior	ADJ	JJ	Degree=Pos	22	case	88	93
tsc-2025-02-05:u0012:s00	20	to	to	ADP	IN	_	19	fixed	94	96
tsc-2025-02-05:u0012:s00	21	the	the	DET	DT	Definite=Def|PronType=Art	22	det	97	100
tsc-2025-02-05:u0012:s00	22	meeting	meeting	NOUN	NN	Number=Sing	9	nmod	101	108
tsc-2025-02-05:u0012:s00	23	.	.	PUNCT	.	_	9	punct	108	109
tsc-2025-02-05:u0013:s00	1	###	###	SYM	NFP	_	0	root	0	3
tsc-2025-02-05:u0013:s00	2	nodejs	nodej	NOUN	NNS	Number=Plur	1	compound	4	10
tsc-2025-02-05:u0013:s00	3	/	/	PUNCT	,	_	4	cc	10	11
tsc-2025-02-05:u0013:s00	4	node	node	NOUN	NN	Number=Sing	2	conj	11	15
tsc-2025-02-05:u0014:s00	1	*	*	PUNCT	NFP	_	2	punct	0	1
tsc-2025-02-05:u0014:s00	2	Deadlock	Deadlock	NOUN	NN	Number=Sing	14	nsubj	2	10
tsc-2025-02-05:u0014:s00	3	at	at	ADP	IN	_	5	case	11	13
tsc-2025-02-05:u0014:s00	4	process	process	NOUN	NN	Number=Sing	5	compound	14	21
tsc-2025-02-05:u0014:s00	5	shutdown	shutdown	NOUN	NN	Number=Sing	2	nmod	22	30
tsc-2025-02-05:u0014:s00	6	[	[	PUNCT	-LRB-	_	2	punct	31	32
tsc-2025-02-05:u0014:s00	7	#54918	#54918	NUM	CD	NumType=Card	2	appos	32	38
tsc-2025-02-05:u0014:s00	8	]	]	PUNCT	-RRB-	_	7	punct	38	39
tsc-2025-02-05:u0014:s00	9	(	(	PUNCT	-LRB-	_	10	punct	39	40
tsc-2025-02-05:u0014:s00	10	https://github.com/nodejs/node/issues/54918	https://github.com/nodejs/node/issues/54918	X	LS	_	7	appos	40	83
tsc-2025-02-05:u0014:s00	11	)	)	PUNCT	-RRB-	_	10	punct	83	84
tsc-2025-02-05:u0014:s00	12	*	*	PUNCT	NFP	_	2	punct	85	86
tsc-2025-02-05:u0014:s00	13	Matteo	Matteo	PROPN	NNP	Number=Sing	2	appos	87	93
tsc-2025-02-05:u0014:s00	14	reached	reach	VERB	VBD	Mood=Ind|Tense=Past|VerbForm=Fin	0	root	94	101
tsc-2025-02-05:u0014:s00	15	out	out	ADV	RB	_	14	advmod	102	105
tsc-2025-02-05:u0014:s00	16	to	to	ADP	IN	_	17	case	106	108
tsc-2025-02-05:u0014:s00	17	Ben	Ben	PROPN	NNP	Number=Sing	14	obl	109	112
tsc-2025-02-05:u0014:s00	18	,	,	PUNCT	,	_	14	punct	112	113
tsc-2025-02-05:u0014:s00	19	let	let	VERB	VB	VerbForm=Inf	14	parataxis	114	117
tsc-2025-02-05:u0014:s00	20	’s	us	PRON	PRP	_	19	obj	117	119
tsc-2025-02-05:u0014:s00	21	leave	leave	VERB	VB	VerbForm=Inf	19	xcomp	120	125
tsc-2025-02-05:u0014:s00	22	on	on	ADP	IN	_	23	case	126	128
tsc-2025-02-05:u0014:s00	23	agenda	agenda	NOUN	NN	Number=Sing	21	obl	129	135
tsc-2025-02-05:u0014:s00	24	to	to	ADP	IN	_	26	case	136	138
tsc-2025-02-05:u0014:s00	25	next	next	ADJ	JJ	Degree=Pos	26	amod	139	143
tsc-2025-02-05:u0014:s00	26	week	week	NOUN	NN	Number=Sing	21	obl	144	148
tsc-2025-02-05:u0015:s00	1	###	###	SYM	NFP	_	0	root	0	3
tsc-2025-02-05:u0015:s00	2	nodejs	nodej	NOUN	NNS	Number=Plur	1	compound	4	10
tsc-2025-02-05:u0015:s00	3	/	/	PUNCT	,	_	4	cc	10	11
tsc-2025-02-05:u0015:s00	4	TSC	TSC	NOUN	NN	Number=Sing	2	conj	11	14
tsc-2025-02-05:u0016:s00	1	*	*	PUNCT	NFP	_	2	punct	0	1
tsc-2025-02-05:u0016:s00	2	Plan	plan	NOUN	NN	Number=Sing	22	nsubj	2	6
tsc-2025-02-05:u0016:s00	3	for	for	ADP	IN	_	5	case	7	10
tsc-2025-02-05:u0016:s00	4	Collab	Collab	PROPN	NNP	Number=Sing	5	compound	11	17
tsc-2025-02-05:u0016:s00	5	Summit	Summit	PROPN	NNP	Number=Sing	2	nmod	18	24
tsc-2025-02-05:u0016:s00	6	before	before	ADV	RB	_	21	case	25	31
tsc-2025-02-05:u0016:s00	7	/	/	PUNCT	,	_	9	cc	31	32
tsc-2025-02-05:u0016:s00	8	after	after	ADP	IN	_	7	case	32	37
tsc-2025-02-05:u0016:s00	9	JSConfUS	JSConfUS	PROPN	NNP	Number=Sing	6	conj	38	46
tsc-2025-02-05:u0016:s00	10	[	[	PUNCT	-LRB-	_	11	punct	47	48
tsc-2025-02-05:u0016:s00	11	#1654	#1654	NUM	CD	NumType=Card	21	nummod	48	53
tsc-2025-02-05:u0016:s00	12	]	]	PUNCT	-RRB-	_	11	punct	53	54
tsc-2025-02-05:u0016:s00	13	(	(	PUNCT	-LRB-	_	14	punct	54	55
tsc-2025-02-05:u0016:s00	14	https://github.com/nodejs/TSC/issues/1654	https://github.com/nodejs/TSC/issues/1654	X	LS	_	11	appos	55	96
tsc-2025-02-05:u0016:s00	15	)	)	PUNCT	-RRB-	_	14	punct	96	97
tsc-2025-02-05:u0016:s00	16	*	*	PUNCT	NFP	_	11	punct	98	99
tsc-2025-02-05:u0016:s00	17	Discussed	discuss	VERB	VBN	Tense=Past|VerbForm=Part	11	parataxis	100	109
tsc-2025-02-05:u0016:s00	18	last	last	ADJ	JJ	Degree=Pos	19	amod	110	114
tsc-2025-02-05:u0016:s00	19	week	week	NOUN	NN	Number=Sing	17	obl:tmod	115	119
tsc-2025-02-05:u0016:s00	20	,	,	PUNCT	,	_	11	punct	119	120
tsc-2025-02-05:u0016:s00	21	consensus	consensus	NOUN	NN	Number=Sing	2	nmod	121	130
tsc-2025-02-05:u0016:s00	22	seems	seem	VERB	VBZ	Mood=Ind|Number=Sing|Person=3|Tense=Pres|VerbForm=Fin	0	root	131	136
tsc-2025-02-05:u0016:s00	23	to	to	PART	TO	_	31	mark	137	139
tsc-2025-02-05:u0016:s00	24	be	be	AUX	VB	VerbForm=Inf	31	cop	140	142
tsc-2025-02-05:u0016:s00	25	that	that	SCONJ	IN	_	27	mark	143	147
tsc-2025-02-05:u0016:s00	26	we	we	PRON	PRP	Case=Nom|Number=Plur|Person=1|PronType=Prs	27	nsubj	148	150
tsc-2025-02-05:u0016:s00	27	move	move	VERB	VBP	Mood=Ind|Tense=Pres|VerbForm=Fin	24	ccomp	151	155
tsc-2025-02-05:u0016:s00	28	forward	forward	ADV	RB	_	27	advmod	156	163
tsc-2025-02-05:u0016:s00	29	with	with	ADP	IN	_	31	case	164	168
tsc-2025-02-05:u0016:s00	30	the	the	DET	DT	Definite=Def|PronType=Art	31	det	169	172
tsc-2025-02-05:u0016:s00	31	plan	plan	NOUN	NN	Number=Sing	22	xcomp	173	177
tsc-2025-02-05:u0016:s00	32	proposed	propose	VERB	VBN	Tense=Past|VerbForm=Part	31	acl	178	186
tsc-2025-02-05:u0016:s00	33	.	.	PUNCT	.	_	22	punct	186	187
tsc-2025-02-05:u0016:s00	34	*	*	PUNCT	NFP	_	22	punct	188	189
tsc-2025-02-05:u0016:s01	1	Michael	Michael	PROPN	NNP	Number=Sing	2	nsubj	0	7
tsc-2025-02-05:u0016:s01	2	commented	comment	VERB	VBD	Mood=Ind|Tense=Past|VerbForm=Fin	0	root	8	17
tsc-2025-02-05:u0016:s01	3	on	on	ADP	IN	_	5	case	18	20
tsc-2025-02-05:u0016:s01	4	the	the	DET	DT	Definite=Def|PronType=Art	5	det	21	24
tsc-2025-02-05:u0016:s01	5	issue	issue	NOUN	NN	Number=Sing	2	obl	25	30
tsc-2025-02-05:u0016:s01	6	to	to	ADP	IN	_	8	case	31	33
tsc-2025-02-05:u0016:s01	7	that	that	DET	DT	Number=Sing|PronType=Dem	8	det	34	38
tsc-2025-02-05:u0016:s01	8	effect	effect	NOUN	NN	Number=Sing	2	obl	39	45
tsc-2025-02-05:u0016:s01	9	and	and	CCONJ	CC	_	10	cc	46	49
tsc-2025-02-05:u0016:s01	10	removed	remove	VERB	VBN	Tense=Past|VerbForm=Part	2	conj	50	57
tsc-2025-02-05:u0016:s01	11	from	from	ADP	IN	_	12	case	58	62
tsc-2025-02-05:u0016:s01	12	agenda	agenda	NOUN	NN	Number=Sing	10	obl	63	69
tsc-2025-02-05:u0016:s01	13	.	.	PUNCT	.	_	2	punct	69	70
tsc-2025-02-05:u0017:s00	1	*	*	PUNCT	NFP	_	0	root	0	1
tsc-2025-02-05:u0017:s01	1	Let	let	VERB	VB	Mood=Imp|VerbForm=Fin	0	root	0	3
tsc-2025-02-05:u0017:s01	2	's	's	PRON	PRP	Case=Acc|Number=Plur|Person=1|PronType=Prs	1	obj	3	5
tsc-2025-02-05:u0017:s01	3	talk	talk	VERB	VB	VerbForm=Inf	1	xcomp	6	10
tsc-2025-02-05:u0017:s01	4	about	about	ADP	IN	_	7	case	11	16
tsc-2025-02-05:u0017:s01	5	the	the	DET	DT	Definite=Def|PronType=Art	7	det	17	20
tsc-2025-02-05:u0017:s01	6	CI	CI	PROPN	NNP	Number=Sing	7	compound	21	23
tsc-2025-02-05:u0017:s01	7	situation	situation	NOUN	NN	Number=Sing	19	obl	24	33
tsc-2025-02-05:u0017:s01	8	[	[	PUNCT	-LRB-	_	9	punct	34	35
tsc-2025-02-05:u0017:s01	9	#1614	#1614	NUM	CD	NumType=Card	7	appos	35	40
tsc-2025-02-05:u0017:s01	10	]	]	PUNCT	-RRB-	_	9	punct	40	41
tsc-2025-02-05:u0017:s01	11	(	(	PUNCT	-LRB-	_	12	punct	41	42
tsc-2025-02-05:u0017:s01	12	https://github.com/nodejs/TSC/issues/1614	https://github.com/nodejs/TSC/issues/1614	X	LS	_	9	parataxis	42	83
tsc-2025-02-05:u0017:s01	13	)	)	PUNCT	-RRB-	_	12	punct	83	84
tsc-2025-02-05:u0017:s01	14	*	*	PUNCT	NFP	_	12	punct	85	86
tsc-2025-02-05:u0017:s01	15	Richard	Richard	PROPN	NNP	Number=Sing	19	nsubj	87	94
tsc-2025-02-05:u0017:s01	16	,	,	PUNCT	,	_	19	punct	94	95
tsc-2025-02-05:u0017:s01	17	new	new	ADJ	JJ	Degree=Pos	18	amod	96	99
tsc-2025-02-05:u0017:s01	18	V8	v8	PROPN	NNP	Number=Sing	19	nsubj	100	102
tsc-2025-02-05:u0017:s01	19	landed	lande	VERB	VBD	Mood=Ind|Tense=Past|VerbForm=Fin	3	ccomp	103	109
tsc-2025-02-05:u0017:s01	20	last	last	ADJ	JJ	Degree=Pos	21	amod	110	114
tsc-2025-02-05:u0017:s01	21	week	week	NOUN	NN	Number=Sing	19	obl:tmod	115	119
tsc-2025-02-05:u0017:s01	22	,	,	PUNCT	,	_	19	punct	119	120
tsc-2025-02-05:u0017:s01	23	that	that	PRON	DT	Number=Sing|PronType=Dem	24	nsubj	121	125
tsc-2025-02-05:u0017:s01	24	invalidates	invalidate	VERB	VBZ	Mood=Ind|Number=Sing|Person=3|Tense=Pres|VerbForm=Fin	19	ccomp	126	137
tsc-2025-02-05:u0017:s01	25	caches	cache	NOUN	NNS	Number=Plur	24	obj	138	144
tsc-2025-02-05:u0017:s01	26	,	,	PUNCT	,	_	24	punct	144	145
tsc-2025-02-05:u0017:s01	27	so	so	SCONJ	IN	_	29	mark	146	148
tsc-2025-02-05:u0017:s01	28	that	that	PRON	DT	Number=Sing|PronType=Dem	29	nsubj	149	153
tsc-2025-02-05:u0017:s01	29	causes	cause	VERB	VBZ	Mood=Ind|Number=Sing|Person=3|Tense=Pres|VerbForm=Fin	24	advcl	154	160
tsc-2025-02-05:u0017:s01	30	generally	generally	ADV	RB	_	31	advmod	161	170
tsc-2025-02-05:u0017:s01	31	longer	longer	ADV	RBR	Degree=Cmp	29	advmod	171	177
tsc-2025-02-05:u0017:s01	32	build	build	VERB	VBP	Mood=Ind|Tense=Pres|VerbForm=Fin	29	ccomp	178	183
tsc-2025-02-05:u0017:s01	33	times	time	NOUN	NNS	Number=Plur	32	obl:tmod	184	189
tsc-2025-02-05:u0017:s01	34	,	,	PUNCT	,	_	19	punct	189	190
tsc-2025-02-05:u0017:s01	35	that	that	PRON	DT	Number=Sing|PronType=Dem	39	nsubj:pass	191	195
tsc-2025-02-05:u0017:s01	36	should	should	AUX	MD	VerbForm=Fin	39	aux	196	202
tsc-2025-02-05:u0017:s01	37	now	now	ADV	RB	_	39	advmod	203	206
tsc-2025-02-05:u0017:s01	38	be	be	AUX	VB	VerbForm=Inf	39	aux:pass	207	209
tsc-2025-02-05:u0017:s01	39	resolved	resolve	VERB	VBN	Tense=Past|VerbForm=Part|Voice=Pass	19	parataxis	210	218
tsc-2025-02-05:u0017:s01	40	.	.	PUNCT	.	_	1	punct	218	219
tsc-2025-02-05:u0018:s00	1	##	##	PUNCT	.	_	0	root	0	2
tsc-2025-02-05:u0018:s01	1	Strategic	strategic	ADJ	JJ	Degree=Pos	2	amod	0	9
tsc-2025-02-05:u0018:s01	2	Initiatives	initiative	NOUN	NNS	Number=Plur	0	root	10	21
tsc-2025-02-05:u0019:s00	1	*	*	PUNCT	NFP	_	0	root	0	1
tsc-2025-02-05:u0019:s01	1	Antoine	Antoine	ADV	RB	_	4	advmod	0	7
tsc-2025-02-05:u0019:s01	2	,	,	PUNCT	,	_	4	punct	7	8
tsc-2025-02-05:u0019:s01	3	core	core	NOUN	NN	Number=Sing	4	compound	9	13
tsc-2025-02-05:u0019:s01	4	promises	promise	NOUN	NNS	Number=Plur	38	nsubj	14	22
tsc-2025-02-05:u0019:s01	5	,	,	PUNCT	,	_	12	punct	22	23
tsc-2025-02-05:u0019:s01	6	no	no	DET	DT	_	12	det	24	26
tsc-2025-02-05:u0019:s01	7	update	update	NOUN	NN	Number=Sing	11	compound	27	33
tsc-2025-02-05:u0019:s01	8	*	*	PUNCT	NFP	_	9	punct	34	35
tsc-2025-02-05:u0019:s01	9	Joyee	Joyee	NOUN	NN	Number=Sing	7	conj	36	41
tsc-2025-02-05:u0019:s01	10	,	,	PUNCT	,	_	9	punct	41	42
tsc-2025-02-05:u0019:s01	11	startup	startup	NOUN	NN	Number=Sing	12	compound	43	50
tsc-2025-02-05:u0019:s01	12	snapshot	snapshot	NOUN	NN	Number=Sing	4	conj	51	59
tsc-2025-02-05:u0019:s01	13	,	,	PUNCT	,	_	15	punct	59	60
tsc-2025-02-05:u0019:s01	14	no	no	DET	DT	_	15	det	61	63
tsc-2025-02-05:u0019:s01	15	update	update	NOUN	NN	Number=Sing	4	conj	64	70
tsc-2025-02-05:u0019:s01	16	*	*	PUNCT	NFP	_	15	punct	71	72
tsc-2025-02-05:u0019:s01	17	Next	next	ADV	RB	_	19	advmod	73	77
tsc-2025-02-05:u0019:s01	18	-	-	SYM	SYM	_	19	case	77	78
tsc-2025-02-05:u0019:s01	19	10	10	NUM	CD	NumType=Card	15	nmod	78	80
tsc-2025-02-05:u0019:s01	20	,	,	PUNCT	,	_	4	punct	80	81
tsc-2025-02-05:u0019:s01	21	planning	plan	VERB	VBG	VerbForm=Ger	4	acl	82	90
tsc-2025-02-05:u0019:s01	22	for	for	ADP	IN	_	23	case	91	94
tsc-2025-02-05:u0019:s01	23	survey	survey	NOUN	NN	Number=Sing	21	obl	95	101
tsc-2025-02-05:u0019:s01	24	before	before	ADP	IN	_	27	case	102	108
tsc-2025-02-05:u0019:s01	25	the	the	DET	DT	Definite=Def|PronType=Art	27	det	109	112
tsc-2025-02-05:u0019:s01	26	collaborator	collaborator	NOUN	NN	Number=Sing	27	compound	113	125
tsc-2025-02-05:u0019:s01	27	summit	summit	NOUN	NN	Number=Sing	23	nmod	126	132
tsc-2025-02-05:u0019:s01	28	in	in	ADP	IN	_	29	case	133	135
tsc-2025-02-05:u0019:s01	29	April	April	PROPN	NNP	Number=Sing	27	nmod	136	141
tsc-2025-02-05:u0019:s01	30	,	,	PUNCT	,	_	38	punct	141	142
tsc-2025-02-05:u0019:s01	31	if	if	SCONJ	IN	_	34	mark	143	145
tsc-2025-02-05:u0019:s01	32	you	you	PRON	PRP	Case=Nom|Person=2|PronType=Prs	34	nsubj	146	149
tsc-2025-02-05:u0019:s01	33	are	be	AUX	VBP	Mood=Ind|Tense=Pres|VerbForm=Fin	34	cop	150	153
tsc-2025-02-05:u0019:s01	34	interested	interested	ADJ	JJ	Degree=Pos	38	advcl	154	164
tsc-2025-02-05:u0019:s01	35	there	there	ADV	RB	PronType=Dem	34	advmod	165	170
tsc-2025-02-05:u0019:s01	36	will	will	AUX	MD	VerbForm=Fin	38	aux	171	175
tsc-2025-02-05:u0019:s01	37	be	be	AUX	VB	VerbForm=Inf	38	cop	176	178
tsc-2025-02-05:u0019:s01	38	PRs	prs	NOUN	NNS	Number=Plur	0	root	179	182
tsc-2025-02-05:u0019:s01	39	for	for	ADP	IN	_	40	case	183	186
tsc-2025-02-05:u0019:s01	40	questions	question	NOUN	NNS	Number=Plur	38	obl	187	196
tsc-2025-02-05:u0019:s01	41	,	,	PUNCT	,	_	38	punct	196	197
tsc-2025-02-05:u0019:s01	42	etc	etc	X	FW	_	45	goeswith	198	201
tsc-2025-02-05:u0019:s01	43	sometime	sometime	ADV	RB	_	45	advmod	202	210
tsc-2025-02-05:u0019:s01	44	this	this	DET	DT	Number=Sing|PronType=Dem	45	det	211	215
tsc-2025-02-05:u0019:s01	45	week	week	NOUN	NN	Number=Sing	38	parataxis	216	220
tsc-2025-02-05:u0019:s01	46	.	.	PUNCT	.	_	38	punct	220	221
tsc-2025-02-05:u0020:s00	1	##	##	PUNCT	.	_	0	root	0	2
tsc-2025-02-05:u0020:s01	1	Upcoming	upcoming	ADJ	JJ	Degree=Pos	2	amod	0	8
tsc-2025-02-05:u0020:s01	2	Meetings	meeting	NOUN	NNS	Number=Plur	0	root	9	17
tsc-2025-02-05:u0021:s00	1	*	*	PUNCT	NFP	_	3	punct	0	1
tsc-2025-02-05:u0021:s00	2	**Node.js	**Node.js	PROPN	NNP	Number=Sing	3	compound	2	11
tsc-2025-02-05:u0021:s00	3	Project	project	PROPN	NNP	Number=Sing	0	root	12	19
tsc-2025-02-05:u0021:s00	4	Calendar	calendar	PROPN	NNP	Number=Sing	3	flat	20	28
tsc-2025-02-05:u0021:s00	5	**:	**:	PUNCT	.	_	3	punct	28	31
tsc-2025-02-05:u0021:s00	6	<	<	PUNCT	-LRB-	_	7	punct	32	33
tsc-2025-02-05:u0021:s00	7	https://nodejs.org/calendar	https://nodejs.org/calendar	NOUN	NN	Number=Sing	3	list	33	60
tsc-2025-02-05:u0021:s00	8	>	>	PUNCT	-RRB-	_	7	punct	60	61
tsc-2025-02-05:u0022:s00	1	Click	click	VERB	VB	Mood=Imp|VerbForm=Fin	0	root	0	5
tsc-2025-02-05:u0022:s00	2	`+	`+	SYM	$	_	3	punct	6	8
tsc-2025-02-05:u0022:s00	3	GoogleCalendar	GoogleCalendar	PROPN	NNP	Number=Sing	1	obj	8	22
tsc-2025-02-05:u0022:s00	4	`	`	PUNCT	``	_	3	punct	22	23
tsc-2025-02-05:u0022:s00	5	at	at	ADP	IN	_	8	case	24	26
tsc-2025-02-05:u0022:s00	6	the	the	DET	DT	Definite=Def|PronType=Art	8	det	27	30
tsc-2025-02-05:u0022:s00	7	bottom	bottom	ADJ	JJ	Degree=Pos	8	amod	31	37
tsc-2025-02-05:u0022:s00	8	right	right	NOUN	NN	Number=Sing	1	obl	38	43
tsc-2025-02-05:u0022:s00	9	to	to	PART	TO	_	10	mark	44	46
tsc-2025-02-05:u0022:s00	10	add	add	VERB	VB	VerbForm=Inf	1	advcl	47	50
tsc-2025-02-05:u0022:s00	11	to	to	ADP	IN	_	15	case	51	53
tsc-2025-02-05:u0022:s00	12	your	you	PRON	PRP$	Person=2|Poss=Yes|PronType=Prs	15	nmod:poss	54	58
tsc-2025-02-05:u0022:s00	13	own	own	ADJ	JJ	Degree=Pos	15	amod	59	62
tsc-2025-02-05:u0022:s00	14	Google	Google	PROPN	NNP	Number=Sing	15	compound	63	69
tsc-2025-02-05:u0022:s00	15	calendar	calendar	NOUN	NN	Number=Sing	10	obl	70	78
tsc-2025-02-05:u0022:s00	16	.	.	PUNCT	.	_	1	punct	78	79
tsc-2025-03-05:u0000:s00	1	#	#	SYM	NN	Number=Sing	2	compound	0	1
tsc-2025-03-05:u0000:s00	2	Node.js	Node.js	PROPN	NNP	Number=Sing	5	compound	2	9
tsc-2025-03-05:u0000:s00	3	Technical	technical	PROPN	NNP	Number=Sing	5	compound	10	19
tsc-2025-03-05:u0000:s00	4	Steering	steering	PROPN	NNP	Number=Sing	5	compound	20	28
tsc-2025-03-05:u0000:s00	5	Committee	committee	PROPN	NNP	Number=Sing	0	root	29	38
tsc-2025-03-05:u0000:s00	6	(	(	PUNCT	-LRB-	_	7	punct	39	40
tsc-2025-03-05:u0000:s00	7	TSC	TSC	PROPN	NNP	Number=Sing	5	appos	40	43
tsc-2025-03-05:u0000:s00	8	)	)	PUNCT	-RRB-	_	7	punct	43	44
tsc-2025-03-05:u0000:s01	1	Meeting	meeting	NOUN	NN	Number=Sing	0	root	0	7
tsc-2025-03-05:u0000:s01	2	2025-	2025-	PUNCT	:	_	1	punct	8	13
tsc-2025-03-05:u0000:s01	3	03	03	NUM	CD	NumType=Card	4	nummod	13	15
tsc-2025-03-05:u0000:s01	4	-05	-05	NUM	CD	NumType=Card	1	appos	15	18
tsc-2025-03-05:u0001:s00	1	##	##	PUNCT	.	_	0	root	0	2
tsc-2025-03-05:u0001:s01	1	Links	link	NOUN	NNS	Number=Plur	0	root	0	5
tsc-2025-03-05:u0002:s00	1	*	*	PUNCT	NFP	_	0	root	0	1
tsc-2025-03-05:u0002:s01	1	**	**	PUNCT	NFP	_	2	punct	0	2
tsc-2025-03-05:u0002:s01	2	Recording	recording	NOUN	NN	Number=Sing	0	root	2	11
tsc-2025-03-05:u0002:s01	3	**:	**:	PUNCT	.	_	2	punct	11	14
tsc-2025-03-05:u0002:s01	4	<	<	PUNCT	-LRB-	_	2	punct	15	16
tsc-2025-03-05:u0002:s01	5	https://www.youtube.com/watch?v=jFB-IVB7kcI	https://www.youtube.com/watch?v=jfb-ivb7kci	INTJ	UH	_	2	discourse	16	59
tsc-2025-03-05:u0002:s01	6	>	>	PUNCT	,	_	2	punct	59	60
tsc-2025-03-05:u0002:s01	7	*	*	PUNCT	NFP	_	2	punct	61	62
tsc-2025-03-05:u0002:s01	8	**	**	PUNCT	NFP	_	2	punct	63	65
tsc-2025-03-05:u0002:s01	9	GitHub	GitHub	PROPN	NNP	Number=Sing	10	compound	65	71
tsc-2025-03-05:u0002:s01	10	Issue	issue	PROPN	NNP	Number=Sing	2	appos	72	77
tsc-2025-03-05:u0002:s01	11	**	**	PUNCT	NFP	_	2	punct	77	79
tsc-2025-03-05:u0002:s01	12	:	:	PUNCT	:	_	2	punct	79	80
tsc-2025-03-05:u0002:s01	13	<	<	PUNCT	-LRB-	_	2	punct	81	82
tsc-2025-03-05:u0002:s01	14	https://github.com/nodejs/TSC/issues/1693	https://github.com/nodejs/TSC/issues/1693	X	ADD	_	2	appos	82	123
tsc-2025-03-05:u0002:s01	15	>	>	PUNCT	-RRB-	_	2	punct	123	124
tsc-2025-03-05:u0003:s00	1	##	##	PUNCT	.	_	0	root	0	2
tsc-2025-03-05:u0003:s01	1	Present	present	PROPN	NNP	Number=Sing	0	root	0	7
tsc-2025-03-05:u0004:s00	1	*	*	PUNCT	NFP	_	2	punct	0	1
tsc-2025-03-05:u0004:s00	2	Antoine	Antoine	X	GW	_	5	goeswith	2	9
tsc-2025-03-05:u0004:s00	3	du	do	X	GW	_	5	goeswith	10	12
tsc-2025-03-05:u0004:s00	4	Hamel	Hamel	X	GW	_	5	goeswith	13	18
tsc-2025-03-05:u0004:s00	5	@aduh95	@aduh95	NOUN	NN	Number=Sing	48	compound	19	26
tsc-2025-03-05:u0004:s00	6	(	(	PUNCT	-LRB-	_	5	punct	27	28
tsc-2025-03-05:u0004:s00	7	voting	voting	NOUN	NN	Number=Sing	8	compound	28	34
tsc-2025-03-05:u0004:s00	8	member	member	NOUN	NN	Number=Sing	5	appos	35	41
tsc-2025-03-05:u0004:s00	9	)	)	PUNCT	-RRB-	_	8	punct	41	42
tsc-2025-03-05:u0004:s00	10	*	*	PUNCT	NFP	_	5	punct	43	44
tsc-2025-03-05:u0004:s00	11	Chengzhong	Chengzhong	PROPN	NNP	Number=Sing	13	compound	45	55
tsc-2025-03-05:u0004:s00	12	Wu	Wu	PROPN	NNP	Number=Sing	11	flat	56	58
tsc-2025-03-05:u0004:s00	13	@legendecas	@legendeca	NOUN	NNS	Number=Plur	5	conj	59	70
tsc-2025-03-05:u0004:s00	14	(	(	PUNCT	-LRB-	_	5	punct	71	72
tsc-2025-03-05:u0004:s00	15	voting	voting	NOUN	NN	Number=Sing	16	compound	72	78
tsc-2025-03-05:u0004:s00	16	member	member	NOUN	NN	Number=Sing	5	appos	79	85
tsc-2025-03-05:u0004:s00	17	)	)	PUNCT	-RRB-	_	16	punct	85	86
tsc-2025-03-05:u0004:s00	18	*	*	PUNCT	NFP	_	5	punct	87	88
tsc-2025-03-05:u0004:s00	19	Joyee	Joyee	PROPN	NNP	Number=Sing	21	compound	89	94
tsc-2025-03-05:u0004:s00	20	Cheung	Cheung	NOUN	NN	Number=Sing	21	compound	95	101
tsc-2025-03-05:u0004:s00	21	@joyeecheung	@joyeecheung	NOUN	NN	Number=Sing	5	conj	102	114
tsc-2025-03-05:u0004:s00	22	(	(	PUNCT	-LRB-	_	5	punct	115	116
tsc-2025-03-05:u0004:s00	23	voting	voting	NOUN	NN	Number=Sing	24	compound	116	122
tsc-2025-03-05:u0004:s00	24	member	member	NOUN	NN	Number=Sing	5	appos	123	129
tsc-2025-03-05:u0004:s00	25	)	)	PUNCT	-RRB-	_	24	punct	129	130
tsc-2025-03-05:u0004:s00	26	*	*	PUNCT	NFP	_	5	punct	131	132
tsc-2025-03-05:u0004:s00	27	Marco	Marco	PROPN	NNP	Number=Sing	29	compound	133	138
tsc-2025-03-05:u0004:s00	28	Ippolito	Ippolito	PROPN	NNP	Number=Sing	27	flat	139	147
tsc-2025-03-05:u0004:s00	29	@marco-ippolito	@marco-ippolito	NOUN	NN	Number=Sing	5	conj	148	163
tsc-2025-03-05:u0004:s00	30	(	(	PUNCT	-LRB-	_	5	punct	164	165
tsc-2025-03-05:u0004:s00	31	voting	voting	NOUN	NN	Number=Sing	32	compound	165	171
tsc-2025-03-05:u0004:s00	32	member	member	NOUN	NN	Number=Sing	5	appos	172	178
tsc-2025-03-05:u0004:s00	33	)	)	PUNCT	-RRB-	_	32	punct	178	179
tsc-2025-03-05:u0004:s00	34	*	*	PUNCT	NFP	_	5	punct	180	181
tsc-2025-03-05:u0004:s00	35	Michael	Michael	PROPN	NNP	Number=Sing	5	conj	182	189
tsc-2025-03-05:u0004:s00	36	Dawson	Dawson	PROPN	NNP	Number=Sing	35	flat	190	196
tsc-2025-03-05:u0004:s00	37	@mhdawson	@mhdawson	NOUN	NN	Number=Sing	35	flat	197	206
tsc-2025-03-05:u0004:s00	38	(	(	PUNCT	-LRB-	_	5	punct	207	208
tsc-2025-03-05:u0004:s00	39	voting	voting	NOUN	NN	Number=Sing	40	compound	208	214
tsc-2025-03-05:u0004:s00	40	member	member	NOUN	NN	Number=Sing	5	conj	215	221
tsc-2025-03-05:u0004:s00	41	)	)	PUNCT	-RRB-	_	40	punct	221	222
tsc-2025-03-05:u0004:s00	42	*	*	PUNCT	NFP	_	5	punct	223	224
tsc-2025-03-05:u0004:s00	43	Richard	Richard	PROPN	NNP	Number=Sing	5	appos	225	232
tsc-2025-03-05:u0004:s00	44	Lau	Lau	PROPN	NNP	Number=Sing	43	flat	233	236
tsc-2025-03-05:u0004:s00	45	@richardlau	@richardlau	NOUN	NN	Number=Sing	43	flat	237	248
tsc-2025-03-05:u0004:s00	46	(	(	PUNCT	-LRB-	_	5	punct	249	250
tsc-2025-03-05:u0004:s00	47	voting	voting	NOUN	NN	Number=Sing	48	compound	250	256
tsc-2025-03-05:u0004:s00	48	member	member	NOUN	NN	Number=Sing	56	compound	257	263
tsc-2025-03-05:u0004:s00	49	)	)	PUNCT	-RRB-	_	48	punct	263	264
tsc-2025-03-05:u0004:s00	50	*	*	PUNCT	NFP	_	48	punct	265	266
tsc-2025-03-05:u0004:s00	51	Robert	Robert	PROPN	NNP	Number=Sing	48	appos	267	273
tsc-2025-03-05:u0004:s00	52	Nagy	Nagy	PROPN	NNP	Number=Sing	51	flat	274	278
tsc-2025-03-05:u0004:s00	53	@ronag	@ronag	NOUN	NN	Number=Sing	51	flat	279	285
tsc-2025-03-05:u0004:s00	54	(	(	PUNCT	-LRB-	_	48	punct	286	287
tsc-2025-03-05:u0004:s00	55	voting	voting	NOUN	NN	Number=Sing	56	compound	287	293
tsc-2025-03-05:u0004:s00	56	member	member	NOUN	NN	Number=Sing	65	compound	294	300
tsc-2025-03-05:u0004:s00	57	)	)	PUNCT	-RRB-	_	56	punct	300	301
tsc-2025-03-05:u0004:s00	58	*	*	PUNCT	NFP	_	60	punct	302	303
tsc-2025-03-05:u0004:s00	59	Ruben	Ruben	PROPN	NNP	Number=Sing	60	compound	304	309
tsc-2025-03-05:u0004:s00	60	Bridgewater	Bridgewater	PROPN	NNP	Number=Sing	56	appos	310	321
tsc-2025-03-05:u0004:s00	61	@	@	ADP	IN	_	62	case	322	323
tsc-2025-03-05:u0004:s00	62	BridgeAR	BridgeAR	PROPN	NNP	Number=Sing	56	nmod	323	331
tsc-2025-03-05:u0004:s00	63	(	(	PUNCT	-LRB-	_	56	punct	332	333
tsc-2025-03-05:u0004:s00	64	voting	voting	NOUN	NN	Number=Sing	65	compound	333	339
tsc-2025-03-05:u0004:s00	65	member	member	NOUN	NN	Number=Sing	68	conj	340	346
tsc-2025-03-05:u0004:s00	66	)	)	PUNCT	-RRB-	_	65	punct	346	347
tsc-2025-03-05:u0004:s00	67	*	*	PUNCT	NFP	_	65	punct	348	349
tsc-2025-03-05:u0004:s00	68	Ruy	Ruy	PROPN	NNP	Number=Sing	0	root	350	353
tsc-2025-03-05:u0004:s00	69	Adorno	Adorno	PROPN	NNP	Number=Sing	68	flat	354	360
tsc-2025-03-05:u0004:s00	70	@ruyadorno	@ruyadorno	NOUN	NN	Number=Sing	68	flat	361	371
tsc-2025-03-05:u0004:s00	71	(	(	PUNCT	-LRB-	_	68	punct	372	373
tsc-2025-03-05:u0004:s00	72	voting	voting	NOUN	NN	Number=Sing	73	compound	373	379
tsc-2025-03-05:u0004:s00	73	member	member	NOUN	NN	Number=Sing	68	nmod:npmod	380	386
tsc-2025-03-05:u0004:s00	74	)	)	PUNCT	-RRB-	_	68	punct	386	387
tsc-2025-03-05:u0004:s00	75	*	*	PUNCT	NFP	_	68	punct	388	389
tsc-2025-03-05:u0004:s00	76	Paolo	Paolo	PROPN	NNP	Number=Sing	68	flat	390	395
tsc-2025-03-05:u0004:s00	77	Insogna	Insogna	PROPN	NNP	Number=Sing	68	flat	396	403
tsc-2025-03-05:u0004:s00	78	@	@	ADP	IN	_	87	case	404	405
tsc-2025-03-05:u0004:s00	79	ShogunPanda	ShogunPanda	PROPN	NNP	Number=Sing	87	compound	405	416
tsc-2025-03-05:u0004:s00	80	(	(	PUNCT	-LRB-	_	82	punct	417	418
tsc-2025-03-05:u0004:s00	81	voting	voting	NOUN	NN	Number=Sing	82	compound	418	424
tsc-2025-03-05:u0004:s00	82	member	member	NOUN	NN	Number=Sing	79	parataxis	425	431
tsc-2025-03-05:u0004:s00	83	)	)	PUNCT	-RRB-	_	82	punct	431	432
tsc-2025-03-05:u0004:s00	84	*	*	PUNCT	NFP	_	82	punct	433	434
tsc-2025-03-05:u0004:s00	85	Michaël	Michaël	PROPN	NNP	Number=Sing	86	compound	435	442
tsc-2025-03-05:u0004:s00	86	Zasso	Zasso	PROPN	NNP	Number=Sing	87	compound	443	448
tsc-2025-03-05:u0004:s00	87	@targos	@targo	NOUN	NNS	Number=Plur	68	flat	449	456
tsc-2025-03-05:u0004:s00	88	(	(	PUNCT	-LRB-	_	68	punct	457	458
tsc-2025-03-05:u0004:s00	89	voting	voting	NOUN	NN	Number=Sing	90	compound	458	464
tsc-2025-03-05:u0004:s00	90	member	member	NOUN	NN	Number=Sing	68	parataxis	465	471
tsc-2025-03-05:u0004:s00	91	)	)	PUNCT	-RRB-	_	90	punct	471	472
tsc-2025-03-05:u0005:s00	1	##	##	PUNCT	.	_	0	root	0	2
tsc-2025-03-05:u0005:s01	1	Agenda	agenda	PROPN	NNP	Number=Sing	0	root	0	6
tsc-2025-03-05:u0006:s00	1	###	###	SYM	NFP	_	0	root	0	3
tsc-2025-03-05:u0006:s01	1	Announcements	Announcement	NOUN	NNS	Number=Plur	0	root	0	13
tsc-2025-03-05:u0007:s00	1	*	*	PUNCT	NFP	_	3	punct	0	1
tsc-2025-03-05:u0007:s00	2	no	no	DET	DT	_	3	det	2	4
tsc-2025-03-05:u0007:s00	3	announcements	announcement	NOUN	NNS	Number=Plur	0	root	5	18
tsc-2025-03-05:u0007:s00	4	this	this	DET	DT	Number=Sing|PronType=Dem	5	det	19	23
tsc-2025-03-05:u0007:s00	5	week	week	NOUN	NN	Number=Sing	3	nmod:tmod	24	28
tsc-2025-03-05:u0007:s00	6	.	.	PUNCT	.	_	3	punct	28	29
tsc-2025-03-05:u0008:s00	1	###	###	SYM	NFP	_	0	root	0	3
tsc-2025-03-05:u0008:s01	1	Reminders	Reminder	NOUN	NNS	Number=Plur	0	root	0	9
tsc-2025-03-05:u0009:s00	1	*	*	PUNCT	NFP	_	2	punct	0	1
tsc-2025-03-05:u0009:s00	2	Remember	remember	VERB	VB	Mood=Imp|VerbForm=Fin	0	root	2	10
tsc-2025-03-05:u0009:s00	3	to	to	PART	TO	_	4	mark	11	13
tsc-2025-03-05:u0009:s00	4	nominate	nominate	VERB	VB	VerbForm=Inf	2	xcomp	14	22
tsc-2025-03-05:u0009:s00	5	people	people	NOUN	NNS	Number=Plur	4	obj	23	29
tsc-2025-03-05:u0009:s00	6	for	for	ADP	IN	_	10	case	30	33
tsc-2025-03-05:u0009:s00	7	the	the	DET	DT	Definite=Def|PronType=Art	10	det	34	37
tsc-2025-03-05:u0009:s00	8	[	[	PUNCT	-LRB-	_	10	punct	38	39
tsc-2025-03-05:u0009:s00	9	contributor	contributor	NOUN	NN	Number=Sing	10	compound	39	50
tsc-2025-03-05:u0009:s00	10	spotlight	spotlight	NOUN	NN	Number=Sing	5	nmod	51	60
tsc-2025-03-05:u0009:s00	11	]	]	PUNCT	-RRB-	_	10	punct	60	61
tsc-2025-03-05:u0009:s00	12	(	(	PUNCT	-LRB-	_	14	punct	61	62
tsc-2025-03-05:u0009:s00	13	https://github.com/nodejs/node/blob/main/doc/contributing/reconizing-contributors.md	https://github.com/nodejs/node/blob/main/doc/contributing/reconizing-contributors.md	ADJ	JJ	Degree=Pos	14	amod	62	146
tsc-2025-03-05:u0009:s00	14	#bi-monthly-contributor-spotlight	#bi-monthly-contributor-spotlight	NOUN	NN	Number=Sing	10	appos	146	179
tsc-2025-03-05:u0009:s00	15	)	)	PUNCT	-RRB-	_	14	punct	179	180
tsc-2025-03-05:u0010:s00	1	###	###	SYM	NFP	_	6	punct	0	3
tsc-2025-03-05:u0010:s00	2	CPC	CPC	PROPN	NNP	Number=Sing	6	compound	4	7
tsc-2025-03-05:u0010:s00	3	and	and	CCONJ	CC	_	4	cc	8	11
tsc-2025-03-05:u0010:s00	4	Board	board	PROPN	NNP	Number=Sing	2	conj	12	17
tsc-2025-03-05:u0010:s00	5	Meeting	meeting	PROPN	NNP	Number=Sing	6	compound	18	25
tsc-2025-03-05:u0010:s00	6	Updates	updates	PROPN	NNP	Number=Sing	0	root	26	33
tsc-2025-03-05:u0011:s00	1	*	*	PUNCT	NFP	_	0	root	0	1
tsc-2025-03-05:u0011:s01	1	No	no	INTJ	UH	_	2	discourse	0	2
tsc-2025-03-05:u0011:s01	2	update	update	VERB	VB	Mood=Imp|VerbForm=Fin	0	root	3	9
tsc-2025-03-05:u0011:s01	3	this	this	DET	DT	Number=Sing|PronType=Dem	4	det	10	14
tsc-2025-03-05:u0011:s01	4	week	week	NOUN	NN	Number=Sing	2	obj	15	19
tsc-2025-03-05:u0012:s00	1	*	*	PUNCT	NFP	_	2	punct	0	1
tsc-2025-03-05:u0012:s00	2	Extracted	Extract	VERB	VBN	Tense=Past|VerbForm=Part	9	amod	1	10
tsc-2025-03-05:u0012:s00	3	from	from	ADP	IN	_	6	case	11	15
tsc-2025-03-05:u0012:s00	4	**tsc	**tsc	NOUN	NN	Number=Sing	6	compound	16	21
tsc-2025-03-05:u0012:s00	5	-	-	PUNCT	HYPH	_	6	punct	21	22
tsc-2025-03-05:u0012:s00	6	agenda	agenda	NOUN	NN	Number=Sing	2	obl	22	28
tsc-2025-03-05:u0012:s00	7	**	**	PUNCT	NFP	_	2	punct	28	30
tsc-2025-03-05:u0012:s00	8	labeled	label	VERB	VBN	Tense=Past|VerbForm=Part	9	amod	31	38
tsc-2025-03-05:u0012:s00	9	issues	issue	NOUN	NNS	Number=Plur	0	root	39	45
tsc-2025-03-05:u0012:s00	10	and	and	CCONJ	CC	_	12	cc	46	49
tsc-2025-03-05:u0012:s00	11	pull	pull	NOUN	NN	Number=Sing	12	compound	50	54
tsc-2025-03-05:u0012:s00	12	requests	request	NOUN	NNS	Number=Plur	9	conj	55	63
tsc-2025-03-05:u0012:s00	13	from	from	ADP	IN	_	16	case	64	68
tsc-2025-03-05:u0012:s00	14	the	the	DET	DT	Definite=Def|PronType=Art	16	det	69	72
tsc-2025-03-05:u0012:s00	15	**	**	PUNCT	NFP	_	16	punct	73	75
tsc-2025-03-05:u0012:s00	16	nodejs	nodej	NOUN	NNS	Number=Plur	12	nmod	75	81
tsc-2025-03-05:u0012:s00	17	org	org	ADJ	JJ	Degree=Pos	16	amod	82	85
tsc-2025-03-05:u0012:s00	18	**	**	PUNCT	NFP	_	9	punct	85	87
tsc-2025-03-05:u0012:s00	19	prior	prior	ADJ	JJ	Degree=Pos	22	case	88	93
tsc-2025-03-05:u0012:s00	20	to	to	ADP	IN	_	19	fixed	94	96
tsc-2025-03-05:u0012:s00	21	the	the	DET	DT	Definite=Def|PronType=Art	22	det	97	100
tsc-2025-03-05:u0012:s00	22	meeting	meeting	NOUN	NN	Number=Sing	9	nmod	101	108
tsc-2025-03-05:u0012:s00	23	.	.	PUNCT	.	_	9	punct	108	109
tsc-2025-03-05:u0013:s00	1	###	###	SYM	NFP	_	0	root	0	3
tsc-2025-03-05:u0013:s00	2	nodejs	nodej	NOUN	NNS	Number=Plur	1	compound	4	10
tsc-2025-03-05:u0013:s00	3	/	/	PUNCT	,	_	4	cc	10	11
tsc-2025-03-05:u0013:s00	4	node	node	NOUN	NN	Number=Sing	2	conj	11	15
tsc-2025-03-05:u0014:s00	1	*	*	PUNCT	NFP	_	2	punct	0	1
tsc-2025-03-05:u0014:s00	2	Deadlock	Deadlock	NOUN	NN	Number=Sing	0	root	2	10
tsc-2025-03-05:u0014:s00	3	at	at	ADP	IN	_	5	case	11	13
tsc-2025-03-05:u0014:s00	4	process	process	NOUN	NN	Number=Sing	5	compound	14	21
tsc-2025-03-05:u0014:s00	5	shutdown	shutdown	NOUN	NN	Number=Sing	2	nmod	22	30
tsc-2025-03-05:u0014:s00	6	[	[	PUNCT	-LRB-	_	2	punct	31	32
tsc-2025-03-05:u0014:s00	7	#54918	#54918	NUM	CD	NumType=Card	2	appos	32	38
tsc-2025-03-05:u0014:s00	8	]	]	PUNCT	-RRB-	_	7	punct	38	39
tsc-2025-03-05:u0014:s00	9	(	(	PUNCT	-LRB-	_	10	punct	39	40
tsc-2025-03-05:u0014:s00	10	https://github.com/nodejs/node/issues/54918	https://github.com/nodejs/node/issues/54918	X	LS	_	7	appos	40	83
tsc-2025-03-05:u0014:s00	11	)	)	PUNCT	-RRB-	_	10	punct	83	84
tsc-2025-03-05:u0014:s00	12	*	*	PUNCT	NFP	_	2	punct	85	86
tsc-2025-03-05:u0014:s00	13	no	no	INTJ	UH	_	14	discourse	87	89
tsc-2025-03-05:u0014:s00	14	update	update	VERB	VB	Mood=Imp|VerbForm=Fin	2	parataxis	90	96
tsc-2025-03-05:u0014:s00	15	this	this	DET	DT	Number=Sing|PronType=Dem	16	det	97	101
tsc-2025-03-05:u0014:s00	16	week	week	NOUN	NN	Number=Sing	14	obj	102	106
tsc-2025-03-05:u0015:s00	1	###	###	SYM	NFP	_	2	punct	0	3
tsc-2025-03-05:u0015:s00	2	nodejs/nodejs.org	nodejs/nodejs.org	X	ADD	_	0	root	4	21
tsc-2025-03-05:u0016:s00	1	*	*	PUNCT	NFP	_	0	root	0	1
tsc-2025-03-05:u0016:s01	1	Talk	talk	VERB	VB	Mood=Imp|VerbForm=Fin	0	root	0	4
tsc-2025-03-05:u0016:s01	2	about	about	SCONJ	IN	_	6	mark	5	10
tsc-2025-03-05:u0016:s01	3	how	how	ADV	WRB	PronType=Int	6	advmod	11	14
tsc-2025-03-05:u0016:s01	4	Node.js	Node.js	PROPN	NNP	Number=Sing	6	nsubj:pass	15	22
tsc-2025-03-05:u0016:s01	5	is	be	AUX	VBZ	Mood=Ind|Number=Sing|Person=3|Tense=Pres|VerbForm=Fin	6	aux:pass	23	25
tsc-2025-03-05:u0016:s01	6	funded	fund	VERB	VBN	Tense=Past|VerbForm=Part|Voice=Pass	1	advcl	26	32
tsc-2025-03-05:u0016:s01	7	-	-	PUNCT	HYPH	_	8	punct	33	34
tsc-2025-03-05:u0016:s01	8	fund	fund	NOUN	NN	Number=Sing	9	compound	35	39
tsc-2025-03-05:u0016:s01	9	maintainers	maintainer	NOUN	NNS	Number=Plur	6	conj	40	51
tsc-2025-03-05:u0016:s01	10	[	[	PUNCT	-LRB-	_	9	punct	52	53
tsc-2025-03-05:u0016:s01	11	#6626	#6626	NUM	CD	NumType=Card	9	nummod	53	58
tsc-2025-03-05:u0016:s01	12	]	]	PUNCT	-RRB-	_	9	punct	58	59
tsc-2025-03-05:u0016:s01	13	(	(	PUNCT	-LRB-	_	14	punct	59	60
tsc-2025-03-05:u0016:s01	14	https://github.com/nodejs/nodejs.org/issues/6626	https://github.com/nodejs/nodejs.org/issues/6626	X	LS	_	9	parataxis	60	108
tsc-2025-03-05:u0016:s01	15	)	)	PUNCT	-RRB-	_	14	punct	108	109
tsc-2025-03-05:u0016:s01	16	*	*	PUNCT	NFP	_	1	punct	110	111
tsc-2025-03-05:u0016:s02	1	We	we	PRON	PRP	Case=Nom|Number=Plur|Person=1|PronType=Prs	3	nsubj	0	2
tsc-2025-03-05:u0016:s02	2	have	have	AUX	VBP	Mood=Ind|Tense=Pres|VerbForm=Fin	3	aux	3	7
tsc-2025-03-05:u0016:s02	3	turned	turn	VERB	VBN	Tense=Past|VerbForm=Part	0	root	8	14
tsc-2025-03-05:u0016:s02	4	on	on	ADP	IN	_	8	case	15	17
tsc-2025-03-05:u0016:s02	5	OpenCollective	OpenCollective	ADJ	JJ	Degree=Pos	8	amod	18	32
tsc-2025-03-05:u0016:s02	6	and	and	CCONJ	CC	_	7	cc	33	36
tsc-2025-03-05:u0016:s02	7	GitHub	GitHub	ADJ	JJ	Degree=Pos	5	conj	37	43
tsc-2025-03-05:u0016:s02	8	sponsors	sponsor	NOUN	NNS	Number=Plur	3	obl	44	52
tsc-2025-03-05:u0016:s02	9	and	and	CCONJ	CC	_	10	cc	53	56
tsc-2025-03-05:u0016:s02	10	documented	document	VERB	VBN	Tense=Past|VerbForm=Part	3	conj	57	67
tsc-2025-03-05:u0016:s02	11	where	where	ADV	WRB	PronType=Int	15	mark	68	73
tsc-2025-03-05:u0016:s02	12	how	how	ADV	WRB	PronType=Int	15	advmod	74	77
tsc-2025-03-05:u0016:s02	13	we	we	PRON	PRP	Case=Nom|Number=Plur|Person=1|PronType=Prs	15	nsubj	78	80
tsc-2025-03-05:u0016:s02	14	would	would	AUX	MD	VerbForm=Fin	15	aux	81	86
tsc-2025-03-05:u0016:s02	15	spend	spend	VERB	VB	VerbForm=Inf	3	advcl	87	92
tsc-2025-03-05:u0016:s02	16	funds	fund	NOUN	NNS	Number=Plur	15	obj	93	98
tsc-2025-03-05:u0016:s02	17	-	-	PUNCT	,	_	15	punct	99	100
tsc-2025-03-05:u0016:s02	18	<	<	PUNCT	-LRB-	_	19	punct	101	102
tsc-2025-03-05:u0016:s02	19	https://github.com/nodejs/TSC/blob/main/Nodejs-Funding-Sources.md	https://github.com/nodejs/TSC/blob/main/Nodejs-Funding-Sources.md	VERB	VBN	Tense=Past|VerbForm=Part	15	parataxis	102	167
tsc-2025-03-05:u0016:s02	20	>	>	PUNCT	-RRB-	_	19	punct	167	168
tsc-2025-03-05:u0016:s02	21	*	*	PUNCT	NFP	_	19	punct	169	170
tsc-2025-03-05:u0016:s02	22	agreed	agree	VERB	VBD	Mood=Ind|Tense=Past|VerbForm=Fin	15	parataxis	171	177
tsc-2025-03-05:u0016:s02	23	to	to	PART	TO	_	24	mark	178	180
tsc-2025-03-05:u0016:s02	24	remove	remove	VERB	VB	VerbForm=Inf	22	xcomp	181	187
tsc-2025-03-05:u0016:s02	25	tsc	tsc	NOUN	NN	Number=Sing	27	compound	188	191
tsc-2025-03-05:u0016:s02	26	-	-	PUNCT	HYPH	_	27	punct	191	192
tsc-2025-03-05:u0016:s02	27	agenda	agenda	NOUN	NN	Number=Sing	24	obj	192	198
tsc-2025-03-05:u0016:s02	28	for	for	ADP	IN	_	29	case	199	202
tsc-2025-03-05:u0016:s02	29	now	now	ADV	RB	_	24	advmod	203	206
tsc-2025-03-05:u0017:s00	1	*	*	PUNCT	NFP	_	0	root	0	1
tsc-2025-03-05:u0017:s01	1	Talk	talk	VERB	VB	Mood=Imp|VerbForm=Fin	0	root	0	4
tsc-2025-03-05:u0017:s01	2	about	about	SCONJ	IN	_	4	mark	5	10
tsc-2025-03-05:u0017:s01	3	how	how	ADV	WRB	PronType=Int	4	advmod	11	14
tsc-2025-03-05:u0017:s01	4	Node.js	Node.js	PROPN	NNP	Number=Sing	1	obj	15	22
tsc-2025-03-05:u0017:s02	1	is	be	AUX	VBZ	Mood=Ind|Number=Sing|Person=3|Tense=Pres|VerbForm=Fin	2	aux:pass	0	2
tsc-2025-03-05:u0017:s02	2	funded	funded	VERB	VBN	Tense=Past|VerbForm=Part|Voice=Pass	0	root	3	9
tsc-2025-03-05:u0017:s02	3	-	-	PUNCT	HYPH	_	4	punct	10	11
tsc-2025-03-05:u0017:s02	4	foundation	foundation	NOUN	NN	Number=Sing	7	compound	12	22
tsc-2025-03-05:u0017:s02	5	and	and	CCONJ	CC	_	6	cc	23	26
tsc-2025-03-05:u0017:s02	6	company	company	NOUN	NN	Number=Sing	4	conj	27	34
tsc-2025-03-05:u0017:s02	7	support	support	NOUN	NN	Number=Sing	15	compound	35	42
tsc-2025-03-05:u0017:s02	8	[	[	PUNCT	-LRB-	_	7	punct	43	44
tsc-2025-03-05:u0017:s02	9	#6625	#6625	NUM	CD	NumType=Card	7	nummod	44	49
tsc-2025-03-05:u0017:s02	10	]	]	PUNCT	-RRB-	_	7	punct	49	50
tsc-2025-03-05:u0017:s02	11	(	(	PUNCT	-LRB-	_	12	punct	50	51
tsc-2025-03-05:u0017:s02	12	https://github.com/nodejs/nodejs.org/issues/6625	https://github.com/nodejs/nodejs.org/issues/6625	X	LS	_	7	appos	51	99
tsc-2025-03-05:u0017:s02	13	)	)	PUNCT	-RRB-	_	12	punct	99	100
tsc-2025-03-05:u0017:s02	14	*	*	PUNCT	NFP	_	7	punct	101	102
tsc-2025-03-05:u0017:s02	15	Discussion	discussion	NOUN	NN	Number=Sing	26	nsubj	103	113
tsc-2025-03-05:u0017:s02	16	on	on	ADP	IN	_	18	case	114	116
tsc-2025-03-05:u0017:s02	17	sponsors	sponsor	NOUN	NNS	Number=Plur	18	compound	117	125
tsc-2025-03-05:u0017:s02	18	page	page	NOUN	NN	Number=Sing	15	nmod	126	130
tsc-2025-03-05:u0017:s02	19	on	on	ADP	IN	_	20	case	131	133
tsc-2025-03-05:u0017:s02	20	Nodejs.org	Nodejs.org	PROPN	NNP	Number=Sing	18	nmod	134	144
tsc-2025-03-05:u0017:s02	21	-	-	PUNCT	,	_	15	punct	145	146
tsc-2025-03-05:u0017:s02	22	<	<	PUNCT	-LRB-	_	23	punct	147	148
tsc-2025-03-05:u0017:s02	23	https://github.com/nodejs/nodejs.org/discussions/7477	https://github.com/nodejs/nodejs.org/discussions/7477	X	ADD	_	15	appos	148	201
tsc-2025-03-05:u0017:s02	24	>	>	PUNCT	-RRB-	_	23	punct	201	202
tsc-2025-03-05:u0017:s02	25	*	*	PUNCT	NFP	_	23	punct	203	204
tsc-2025-03-05:u0017:s02	26	agreed	agree	VERB	VBD	Mood=Ind|Tense=Past|VerbForm=Fin	2	conj	205	211
tsc-2025-03-05:u0017:s02	27	to	to	PART	TO	_	28	mark	212	214
tsc-2025-03-05:u0017:s02	28	remove	remove	VERB	VB	VerbForm=Inf	26	xcomp	215	221
tsc-2025-03-05:u0017:s02	29	tsc	tsc	NOUN	NN	Number=Sing	31	compound	222	225
tsc-2025-03-05:u0017:s02	30	-	-	PUNCT	HYPH	_	31	punct	225	226
tsc-2025-03-05:u0017:s02	31	agenda	agenda	NOUN	NN	Number=Sing	28	obj	226	232
tsc-2025-03-05:u0017:s02	32	for	for	ADP	IN	_	33	case	233	236
tsc-2025-03-05:u0017:s02	33	now	now	ADV	RB	_	28	advmod	237	240
tsc-2025-03-05:u0018:s00	1	*	*	PUNCT	NFP	_	0	root	0	1
tsc-2025-03-05:u0018:s01	1	Test	test	ADJ	JJS	Degree=Sup	2	amod	0	4
tsc-2025-03-05:u0018:s01	2	runner	runner	NOUN	NN	Number=Sing	19	compound	5	11
tsc-2025-03-05:u0018:s01	3	matching	match	VERB	VBG	VerbForm=Ger	2	acl	12	20
tsc-2025-03-05:u0018:s01	4	every	every	DET	DT	_	5	det	21	26
tsc-2025-03-05:u0018:s01	5	.ts	.t	NOUN	NNS	Number=Plur	3	obj	27	30
tsc-2025-03-05:u0018:s01	6	and	and	CCONJ	CC	_	7	cc	31	34
tsc-2025-03-05:u0018:s01	7	.js	.j	NOUN	NNS	Number=Plur	5	conj	35	38
tsc-2025-03-05:u0018:s01	8	if	if	SCONJ	IN	_	12	mark	39	41
tsc-2025-03-05:u0018:s01	9	glob	glob	NOUN	NN	Number=Sing	12	nsubj:pass	42	46
tsc-2025-03-05:u0018:s01	10	is	be	AUX	VBZ	Mood=Ind|Number=Sing|Person=3|Tense=Pres|VerbForm=Fin	12	aux:pass	47	49
tsc-2025-03-05:u0018:s01	11	not	not	PART	RB	_	12	advmod	50	53
tsc-2025-03-05:u0018:s01	12	provided	provide	VERB	VBN	Tense=Past|VerbForm=Part|Voice=Pass	3	advcl	54	62
tsc-2025-03-05:u0018:s01	13	-	-	PUNCT	,	_	2	punct	63	64
tsc-2025-03-05:u0018:s01	14	<	<	PUNCT	-LRB-	_	15	punct	65	66
tsc-2025-03-05:u0018:s01	15	https://github.com/nodejs/node/issues/56546	https://github.com/nodejs/node/issues/56546	X	ADD	_	2	appos	66	109
tsc-2025-03-05:u0018:s01	16	>	>	PUNCT	-RRB-	_	15	punct	109	110
tsc-2025-03-05:u0018:s01	17	*	*	PUNCT	NFP	_	15	punct	111	112
tsc-2025-03-05:u0018:s01	18	side	side	NOUN	NN	Number=Sing	19	compound	113	117
tsc-2025-03-05:u0018:s01	19	effect	effect	NOUN	NN	Number=Sing	27	nsubj	118	124
tsc-2025-03-05:u0018:s01	20	of	of	SCONJ	IN	_	21	mark	125	127
tsc-2025-03-05:u0018:s01	21	enabling	enable	VERB	VBG	VerbForm=Ger	19	acl	128	136
tsc-2025-03-05:u0018:s01	22	TSC	TSC	PROPN	NNP	Number=Sing	23	compound	137	140
tsc-2025-03-05:u0018:s01	23	support	support	NOUN	NN	Number=Sing	21	obj	141	148
tsc-2025-03-05:u0018:s01	24	by	by	ADP	IN	_	25	case	149	151
tsc-2025-03-05:u0018:s01	25	default	default	NOUN	NN	Number=Sing	21	obl	152	159
tsc-2025-03-05:u0018:s01	26	,	,	PUNCT	,	_	27	punct	159	160
tsc-2025-03-05:u0018:s01	27	broke	break	VERB	VBD	Mood=Ind|Tense=Past|VerbForm=Fin	0	root	161	166
tsc-2025-03-05:u0018:s01	28	some	some	DET	DT	_	29	det	167	171
tsc-2025-03-05:u0018:s01	29	users	user	NOUN	NNS	Number=Plur	27	obj	172	177
tsc-2025-03-05:u0018:s01	30	,	,	PUNCT	,	_	32	punct	177	178
tsc-2025-03-05:u0018:s01	31	will	will	AUX	MD	VerbForm=Fin	32	aux	179	183
tsc-2025-03-05:u0018:s01	32	have	have	VERB	VB	VerbForm=Inf	27	conj	184	188
tsc-2025-03-05:u0018:s01	33	same	same	ADJ	JJ	Degree=Pos	34	amod	189	193
tsc-2025-03-05:u0018:s01	34	problem	problem	NOUN	NN	Number=Sing	32	obj	194	201
tsc-2025-03-05:u0018:s01	35	with	with	ADP	IN	_	37	case	202	206
tsc-2025-03-05:u0018:s01	36	22	22	NUM	CD	NumType=Card	37	nummod	207	209
tsc-2025-03-05:u0018:s01	37	backport	backport	NOUN	NN	Number=Sing	34	nmod	210	218
tsc-2025-03-05:u0018:s01	38	.	.	PUNCT	.	_	27	punct	218	219
tsc-2025-03-05:u0018:s02	1	*	*	PUNCT	NFP	_	5	punct	0	1
tsc-2025-03-05:u0018:s02	2	already	already	ADV	RB	_	5	advmod	2	9
tsc-2025-03-05:u0018:s02	3	a	a	DET	DT	Definite=Ind|PronType=Art	5	det	10	11
tsc-2025-03-05:u0018:s02	4	fair	fair	ADJ	JJ	Degree=Pos	5	amod	12	16
tsc-2025-03-05:u0018:s02	5	number	number	NOUN	NN	Number=Sing	0	root	17	23
tsc-2025-03-05:u0018:s02	6	of	of	ADP	IN	_	7	case	24	26
tsc-2025-03-05:u0018:s02	7	differences	difference	NOUN	NNS	Number=Plur	5	nmod	27	38
tsc-2025-03-05:u0018:s02	8	in	in	ADP	IN	_	10	case	39	41
tsc-2025-03-05:u0018:s02	9	test	test	NOUN	NN	Number=Sing	10	compound	42	46
tsc-2025-03-05:u0018:s02	10	runner	runner	NOUN	NN	Number=Sing	7	nmod	47	53
tsc-2025-03-05:u0018:s02	11	between	between	ADP	IN	_	14	case	54	61
tsc-2025-03-05:u0018:s02	12	the	the	DET	DT	Definite=Def|PronType=Art	14	det	62	65
tsc-2025-03-05:u0018:s02	13	LTS	LTS	NOUN	NN	Number=Sing	14	compound	66	69
tsc-2025-03-05:u0018:s02	14	versions	version	NOUN	NNS	Number=Plur	10	nmod	70	78
tsc-2025-03-05:u0018:s02	15	,	,	PUNCT	,	_	10	punct	78	79
tsc-2025-03-05:u0018:s02	16	current	current	ADJ	JJ	Degree=Pos	7	amod	80	87
tsc-2025-03-05:u0018:s02	17	.	.	PUNCT	.	_	5	punct	87	88
tsc-2025-03-05:u0018:s02	18	*	*	PUNCT	NFP	_	5	punct	89	90
tsc-2025-03-05:u0018:s03	1	A	a	DET	DT	Definite=Ind|PronType=Art	3	det	0	1
tsc-2025-03-05:u0018:s03	2	few	few	ADJ	JJ	Degree=Pos	3	amod	2	5
tsc-2025-03-05:u0018:s03	3	suggestions	suggestion	NOUN	NNS	Number=Plur	18	nsubj	6	17
tsc-2025-03-05:u0018:s03	4	in	in	ADP	IN	_	5	case	18	20
tsc-2025-03-05:u0018:s03	5	terms	term	NOUN	NNS	Number=Plur	3	nmod	21	26
tsc-2025-03-05:u0018:s03	6	of	of	SCONJ	IN	_	9	mark	27	29
tsc-2025-03-05:u0018:s03	7	how	how	ADV	WRB	PronType=Int	9	advmod	30	33
tsc-2025-03-05:u0018:s03	8	to	to	PART	TO	_	9	mark	34	36
tsc-2025-03-05:u0018:s03	9	address	address	VERB	VB	VerbForm=Inf	5	acl	37	44
tsc-2025-03-05:u0018:s03	10	*	*	PUNCT	NFP	_	9	punct	45	46
tsc-2025-03-05:u0018:s03	11	If	if	SCONJ	IN	_	13	mark	47	49
tsc-2025-03-05:u0018:s03	12	we	we	PRON	PRP	Case=Nom|Number=Plur|Person=1|PronType=Prs	13	nsubj	50	52
tsc-2025-03-05:u0018:s03	13	want	want	VERB	VBP	Mood=Ind|Tense=Pres|VerbForm=Fin	9	advcl	53	57
tsc-2025-03-05:u0018:s03	14	to	to	PART	TO	_	15	mark	58	60
tsc-2025-03-05:u0018:s03	15	backport	backport	VERB	VB	VerbForm=Inf	13	xcomp	61	69
tsc-2025-03-05:u0018:s03	16	,	,	PUNCT	,	_	18	punct	69	70
tsc-2025-03-05:u0018:s03	17	we	we	PRON	PRP	Case=Nom|Number=Plur|Person=1|PronType=Prs	18	nsubj	71	73
tsc-2025-03-05:u0018:s03	18	need	need	VERB	VBP	Mood=Ind|Tense=Pres|VerbForm=Fin	0	root	74	78
tsc-2025-03-05:u0018:s03	19	to	to	PART	TO	_	20	mark	79	81
tsc-2025-03-05:u0018:s03	20	agree	agree	VERB	VB	VerbForm=Inf	18	xcomp	82	87
tsc-2025-03-05:u0018:s03	21	on	on	ADP	IN	_	23	case	88	90
tsc-2025-03-05:u0018:s03	22	a	a	DET	DT	Definite=Ind|PronType=Art	23	det	91	92
tsc-2025-03-05:u0018:s03	23	solution	solution	NOUN	NN	Number=Sing	20	obl	93	101
tsc-2025-03-05:u0018:s03	24	*	*	PUNCT	NFP	_	18	punct	102	103
tsc-2025-03-05:u0018:s03	25	FYI	fyi	ADV	RB	_	28	advmod	104	107
tsc-2025-03-05:u0018:s03	26	as	as	SCONJ	IN	_	28	mark	108	110
tsc-2025-03-05:u0018:s03	27	there	there	PRON	EX	_	28	expl	111	116
tsc-2025-03-05:u0018:s03	28	is	be	VERB	VBZ	Mood=Ind|Number=Sing|Person=3|Tense=Pres|VerbForm=Fin	18	advcl	117	119
tsc-2025-03-05:u0018:s03	29	no	no	DET	DT	_	30	det	120	122
tsc-2025-03-05:u0018:s03	30	solution	solution	NOUN	NN	Number=Sing	28	nsubj	123	131
tsc-2025-03-05:u0018:s03	31	that	that	PRON	WDT	PronType=Rel	34	nsubj	132	136
tsc-2025-03-05:u0018:s03	32	does	do	AUX	VBZ	Mood=Ind|Number=Sing|Person=3|Tense=Pres|VerbForm=Fin	34	aux	137	141
tsc-2025-03-05:u0018:s03	33	not	not	PART	RB	_	34	advmod	142	145
tsc-2025-03-05:u0018:s03	34	cause	cause	VERB	VB	VerbForm=Inf	30	acl:relcl	146	151
tsc-2025-03-05:u0018:s03	35	some	some	DET	DT	_	36	det	152	156
tsc-2025-03-05:u0018:s03	36	group	group	NOUN	NN	Number=Sing	34	obj	157	162
tsc-2025-03-05:u0018:s03	37	some	some	DET	DT	_	38	det	163	167
tsc-2025-03-05:u0018:s03	38	pain	pain	NOUN	NN	Number=Sing	34	obj	168	172
tsc-2025-03-05:u0018:s03	39	.	.	PUNCT	.	_	18	punct	172	173
tsc-2025-03-05:u0018:s03	40	*	*	PUNCT	NFP	_	18	punct	174	175
tsc-2025-03-05:u0018:s03	41	Michael	Michael	PROPN	NNP	Number=Sing	45	nsubj	176	183
tsc-2025-03-05:u0018:s03	42	tradeoff	tradeoff	NOUN	NN	Number=Sing	41	flat	184	192
tsc-2025-03-05:u0018:s03	43	is	be	AUX	VBZ	Mood=Ind|Number=Sing|Person=3|Tense=Pres|VerbForm=Fin	45	cop	193	195
tsc-2025-03-05:u0018:s03	44	between	between	ADP	IN	_	45	case	196	203
tsc-2025-03-05:u0018:s03	45	users	user	NOUN	NNS	Number=Plur	18	ccomp	204	209
tsc-2025-03-05:u0018:s03	46	of	of	ADP	IN	_	47	case	210	212
tsc-2025-03-05:u0018:s03	47	22	22	NUM	CD	NumType=Card	48	nmod	213	215
tsc-2025-03-05:u0018:s03	48	having	have	VERB	VBG	VerbForm=Ger	45	acl:relcl	216	222
tsc-2025-03-05:u0018:s03	49	to	to	PART	TO	_	50	mark	223	225
tsc-2025-03-05:u0018:s03	50	opt	opt	VERB	VB	VerbForm=Inf	48	xcomp	226	229
tsc-2025-03-05:u0018:s03	51	in	in	ADP	IN	_	50	compound:prt	230	232
tsc-2025-03-05:u0018:s03	52	,	,	PUNCT	,	_	50	punct	232	233
tsc-2025-03-05:u0018:s03	53	versus	versus	ADP	IN	_	55	case	234	240
tsc-2025-03-05:u0018:s03	54	breaking	break	NOUN	NN	Number=Sing	55	compound	241	249
tsc-2025-03-05:u0018:s03	55	people	people	NOUN	NNS	Number=Plur	50	obl	250	256
tsc-2025-03-05:u0018:s03	56	when	when	ADV	WRB	PronType=Int	59	mark	257	261
tsc-2025-03-05:u0018:s03	57	it	it	PRON	PRP	Case=Nom|Gender=Neut|Number=Sing|Person=3|PronType=Prs	59	nsubj	262	264
tsc-2025-03-05:u0018:s03	58	automatically	automatically	ADV	RB	_	59	advmod	265	278
tsc-2025-03-05:u0018:s03	59	includes	include	VERB	VBZ	Mood=Ind|Number=Sing|Person=3|Tense=Pres|VerbForm=Fin	50	advcl	279	287
tsc-2025-03-05:u0018:s03	60	TS	T	NOUN	NNS	Number=Plur	61	compound	288	290
tsc-2025-03-05:u0018:s03	61	files	files	NOUN	NNS	Number=Plur	59	obj	291	296
tsc-2025-03-05:u0018:s03	62	*	*	PUNCT	NFP	_	18	punct	297	298
tsc-2025-03-05:u0018:s03	63	Joyee	Joyee	PROPN	NNP	Number=Sing	64	nsubj	299	304
tsc-2025-03-05:u0018:s03	64	seems	seem	VERB	VBZ	Mood=Ind|Number=Sing|Person=3|Tense=Pres|VerbForm=Fin	18	ccomp	305	310
tsc-2025-03-05:u0018:s03	65	that	that	SCONJ	IN	_	72	mark	311	315
tsc-2025-03-05:u0018:s03	66	that	that	DET	DT	Number=Sing|PronType=Dem	69	det	316	320
tsc-2025-03-05:u0018:s03	67	auto	auto	NOUN	NN	Number=Sing	68	compound	321	325
tsc-2025-03-05:u0018:s03	68	match	match	NOUN	NN	Number=Sing	69	compound	326	331
tsc-2025-03-05:u0018:s03	69	behaviour	behaviour	NOUN	NN	Number=Sing	72	nsubj	332	341
tsc-2025-03-05:u0018:s03	70	does	do	AUX	VBZ	Mood=Ind|Number=Sing|Person=3|Tense=Pres|VerbForm=Fin	72	aux	342	346
tsc-2025-03-05:u0018:s03	71	not	not	PART	RB	_	72	advmod	347	350
tsc-2025-03-05:u0018:s03	72	seem	seem	VERB	VB	VerbForm=Inf	64	ccomp	351	355
tsc-2025-03-05:u0018:s03	73	desirable	desirable	ADJ	JJ	Degree=Pos	72	xcomp	356	365
tsc-2025-03-05:u0018:s03	74	anyway	anyway	ADV	RB	_	72	advmod	366	372
tsc-2025-03-05:u0018:s03	75	so	so	ADV	RB	_	78	advmod	373	375
tsc-2025-03-05:u0018:s03	76	does	do	AUX	VBZ	Mood=Ind|Number=Sing|Person=3|Tense=Pres|VerbForm=Fin	78	aux	376	380
tsc-2025-03-05:u0018:s03	77	not	not	PART	RB	_	78	advmod	381	384
tsc-2025-03-05:u0018:s03	78	seem	seem	VERB	VB	VerbForm=Inf	72	conj	385	389
tsc-2025-03-05:u0018:s03	79	like	like	SCONJ	IN	_	82	mark	390	394
tsc-2025-03-05:u0018:s03	80	we	we	PRON	PRP	Case=Nom|Number=Plur|Person=1|PronType=Prs	82	nsubj	395	397
tsc-2025-03-05:u0018:s03	81	should	should	AUX	MD	VerbForm=Fin	82	aux	398	404
tsc-2025-03-05:u0018:s03	82	backport	backport	VERB	VB	VerbForm=Inf	78	ccomp	405	413
tsc-2025-03-05:u0018:s03	83	*	*	PUNCT	NFP	_	84	punct	414	415
tsc-2025-03-05:u0018:s03	84	Marco	Marco	PROPN	NNP	Number=Sing	82	obj	416	421
tsc-2025-03-05:u0018:s03	85	,	,	PUNCT	,	_	89	punct	421	422
tsc-2025-03-05:u0018:s03	86	would	would	AUX	MD	VerbForm=Fin	89	aux	423	428
tsc-2025-03-05:u0018:s03	87	be	be	AUX	VB	VerbForm=Inf	89	cop	429	431
tsc-2025-03-05:u0018:s03	88	an	a	DET	DT	Definite=Ind|PronType=Art	89	det	432	434
tsc-2025-03-05:u0018:s03	89	option	option	NOUN	NN	Number=Sing	82	conj	435	441
tsc-2025-03-05:u0018:s03	90	,	,	PUNCT	,	_	94	punct	441	442
tsc-2025-03-05:u0018:s03	91	but	but	CCONJ	CC	_	94	cc	443	446
tsc-2025-03-05:u0018:s03	92	some	some	DET	DT	_	93	det	447	451
tsc-2025-03-05:u0018:s03	93	people	people	NOUN	NNS	Number=Plur	94	nsubj	452	458
tsc-2025-03-05:u0018:s03	94	mentioned	mention	VERB	VBN	Tense=Past|VerbForm=Part	82	conj	459	468
tsc-2025-03-05:u0018:s03	95	they	they	PRON	PRP	Case=Nom|Number=Plur|Person=3|PronType=Prs	97	nsubj	469	473
tsc-2025-03-05:u0018:s03	96	do	do	AUX	VBP	Mood=Ind|Tense=Pres|VerbForm=Fin	97	aux	474	476
tsc-2025-03-05:u0018:s03	97	include	include	VERB	VB	VerbForm=Inf	94	ccomp	477	484
tsc-2025-03-05:u0018:s03	98	both	both	ADV	RB	_	97	advmod	485	489
tsc-2025-03-05:u0018:s03	99	.	.	PUNCT	.	_	18	punct	489	490
tsc-2025-03-05:u0018:s03	100	*	*	PUNCT	NFP	_	18	punct	491	492
tsc-2025-03-05:u0018:s03	101	Joyee	Joyee	PROPN	NNP	Number=Sing	18	obj	493	498
tsc-2025-03-05:u0018:s03	102	still	still	ADV	RB	_	103	advmod	499	504
tsc-2025-03-05:u0018:s03	103	comes	come	VERB	VBZ	Mood=Ind|Number=Sing|Person=3|Tense=Pres|VerbForm=Fin	18	conj	505	510
tsc-2025-03-05:u0018:s03	104	down	down	ADP	RP	_	103	compound:prt	511	515
tsc-2025-03-05:u0018:s03	105	to	to	SCONJ	IN	_	106	mark	516	518
tsc-2025-03-05:u0018:s03	106	using	use	VERB	VBG	VerbForm=Ger	103	advcl	519	524
tsc-2025-03-05:u0018:s03	107	with	with	ADP	IN	_	108	case	525	529
tsc-2025-03-05:u0018:s03	108	glob	glob	NOUN	NN	Number=Sing	106	obl	530	534
tsc-2025-03-05:u0018:s03	109	,	,	PUNCT	,	_	18	punct	534	535
tsc-2025-03-05:u0018:s03	110	can	can	AUX	MD	VerbForm=Fin	112	aux	536	539
tsc-2025-03-05:u0018:s03	111	we	we	PRON	PRP	Case=Nom|Number=Plur|Person=1|PronType=Prs	112	nsubj	540	542
tsc-2025-03-05:u0018:s03	112	backport	backport	VERB	VB	VerbForm=Inf	18	ccomp	543	551
tsc-2025-03-05:u0018:s03	113	so	so	ADV	RB	_	112	advmod	552	554
tsc-2025-03-05:u0018:s03	114	that	that	SCONJ	IN	_	116	mark	555	559
tsc-2025-03-05:u0018:s03	115	not	not	PART	RB	_	116	advmod	560	563
tsc-2025-03-05:u0018:s03	116	included	include	VERB	VBN	Tense=Past|VerbForm=Part|Voice=Pass	112	ccomp	564	572
tsc-2025-03-05:u0018:s03	117	by	by	ADP	IN	_	120	case	573	575
tsc-2025-03-05:u0018:s03	118	default	default	NOUN	NN	Number=Sing	120	compound	576	583
tsc-2025-03-05:u0018:s03	119	*	*	PUNCT	NFP	_	120	punct	584	585
tsc-2025-03-05:u0018:s03	120	Marco	Marco	PROPN	NNP	Number=Sing	116	obl	586	591
tsc-2025-03-05:u0018:s03	121	,	,	PUNCT	,	_	116	punct	591	592
tsc-2025-03-05:u0018:s03	122	likely	likely	ADV	RB	_	116	advmod	593	599
tsc-2025-03-05:u0018:s03	123	to	to	PART	TO	_	125	mark	600	602
tsc-2025-03-05:u0018:s03	124	be	be	AUX	VB	VerbForm=Inf	125	aux:pass	603	605
tsc-2025-03-05:u0018:s03	125	backported	backport	VERB	VBN	Tense=Past|VerbForm=Part|Voice=Pass	122	xcomp	606	616
tsc-2025-03-05:u0018:s03	126	in	in	ADP	IN	_	127	case	617	619
tsc-2025-03-05:u0018:s03	127	April	April	PROPN	NNP	Number=Sing	125	obl	620	625
tsc-2025-03-05:u0018:s03	128	so	so	ADV	RB	_	130	advmod	626	628
tsc-2025-03-05:u0018:s03	129	no	no	DET	DT	_	130	det	629	631
tsc-2025-03-05:u0018:s03	130	rush	rush	NOUN	NN	Number=Sing	125	obl	632	636
tsc-2025-03-05:u0018:s03	131	but	but	CCONJ	CC	_	133	cc	637	640
tsc-2025-03-05:u0018:s03	132	please	please	INTJ	UH	_	133	discourse	641	647
tsc-2025-03-05:u0018:s03	133	review	review	VERB	VB	Mood=Imp|VerbForm=Fin	130	conj	648	654
tsc-2025-03-05:u0018:s03	134	and	and	CCONJ	CC	_	135	cc	655	658
tsc-2025-03-05:u0018:s03	135	comment	comment	VERB	VB	Mood=Imp|VerbForm=Fin	133	conj	659	666
tsc-2025-03-05:u0018:s03	136	*	*	PUNCT	NFP	_	135	punct	667	668
tsc-2025-03-05:u0018:s03	137	Michael	Michael	PROPN	NNP	Number=Sing	135	obj	669	676
tsc-2025-03-05:u0018:s03	138	Z	Z	PROPN	NNP	Number=Sing	137	flat	677	678
tsc-2025-03-05:u0018:s03	139	,	,	PUNCT	,	_	133	punct	678	679
tsc-2025-03-05:u0018:s03	140	I	I	PRON	PRP	Case=Nom|Number=Sing|Person=1|PronType=Prs	141	nsubj	680	681
tsc-2025-03-05:u0018:s03	141	assume	assume	VERB	VBP	Mood=Ind|Tense=Pres|VerbForm=Fin	133	parataxis	682	688
tsc-2025-03-05:u0018:s03	142	when	when	ADV	WRB	PronType=Int	144	mark	689	693
tsc-2025-03-05:u0018:s03	143	you	you	PRON	PRP	Case=Nom|Person=2|PronType=Prs	144	nsubj	694	697
tsc-2025-03-05:u0018:s03	144	say	say	VERB	VBP	Mood=Ind|Tense=Pres|VerbForm=Fin	146	advcl	698	701
tsc-2025-03-05:u0018:s03	145	it	it	PRON	PRP	Case=Nom|Gender=Neut|Number=Sing|Person=3|PronType=Prs	146	nsubj	702	704
tsc-2025-03-05:u0018:s03	146	searches	search	VERB	VBZ	Mood=Ind|Number=Sing|Person=3|Tense=Pres|VerbForm=Fin	141	ccomp	705	713
tsc-2025-03-05:u0018:s03	147	everything	everything	PRON	NN	Number=Sing	146	obj	714	724
tsc-2025-03-05:u0018:s03	148	I	I	PRON	PRP	Case=Nom|Number=Sing|Person=1|PronType=Prs	149	nsubj	725	726
tsc-2025-03-05:u0018:s03	149	assume	assume	VERB	VBP	Mood=Ind|Tense=Pres|VerbForm=Fin	147	acl:relcl	727	733
tsc-2025-03-05:u0018:s03	150	you	you	PRON	PRP	Case=Nom|Person=2|PronType=Prs	151	nsubj	734	737
tsc-2025-03-05:u0018:s03	151	mean	mean	VERB	VBP	Mood=Ind|Tense=Pres|VerbForm=Fin	149	ccomp	738	742
tsc-2025-03-05:u0018:s03	152	it	it	PRON	PRP	Case=Nom|Gender=Neut|Number=Sing|Person=3|PronType=Prs	155	nsubj	743	745
tsc-2025-03-05:u0018:s03	153	does	do	AUX	VBZ	Mood=Ind|Number=Sing|Person=3|Tense=Pres|VerbForm=Fin	155	aux	746	750
tsc-2025-03-05:u0018:s03	154	not	not	PART	RB	_	155	advmod	751	754
tsc-2025-03-05:u0018:s03	155	include	include	VERB	VB	VerbForm=Inf	151	ccomp	755	762
tsc-2025-03-05:u0018:s03	156	node_modules	node_module	NOUN	NNS	Number=Plur	155	obj	763	775
tsc-2025-03-05:u0018:s03	157	.	.	PUNCT	.	_	18	punct	775	776
tsc-2025-03-05:u0018:s04	1	Looking	look	VERB	VBG	VerbForm=Ger	0	root	0	7
tsc-2025-03-05:u0018:s04	2	at	at	ADP	IN	_	4	case	8	10
tsc-2025-03-05:u0018:s04	3	the	the	DET	DT	Definite=Def|PronType=Art	4	det	11	14
tsc-2025-03-05:u0018:s04	4	code	code	NOUN	NN	Number=Sing	1	obl	15	19
tsc-2025-03-05:u0018:s04	5	that	that	PRON	WDT	PronType=Rel	9	nsubj	20	24
tsc-2025-03-05:u0018:s04	6	may	may	AUX	MD	VerbForm=Fin	9	aux	25	28
tsc-2025-03-05:u0018:s04	7	not	not	PART	RB	_	9	advmod	29	32
tsc-2025-03-05:u0018:s04	8	be	be	AUX	VB	VerbForm=Inf	9	cop	33	35
tsc-2025-03-05:u0018:s04	9	true	true	ADJ	JJ	Degree=Pos	4	acl:relcl	36	40
tsc-2025-03-05:u0018:s04	10	and	and	CCONJ	CC	_	13	cc	41	44
tsc-2025-03-05:u0018:s04	11	it	it	PRON	PRP	Case=Nom|Gender=Neut|Number=Sing|Person=3|PronType=Prs	13	nsubj	45	47
tsc-2025-03-05:u0018:s04	12	would	would	AUX	MD	VerbForm=Fin	13	aux	48	53
tsc-2025-03-05:u0018:s04	13	run	run	VERB	VB	VerbForm=Inf	1	conj	54	57
tsc-2025-03-05:u0018:s04	14	tests	test	NOUN	NNS	Number=Plur	13	obj	58	63
tsc-2025-03-05:u0018:s04	15	in	in	ADP	IN	_	18	case	64	66
tsc-2025-03-05:u0018:s04	16	the	the	DET	DT	Definite=Def|PronType=Art	18	det	67	70
tsc-2025-03-05:u0018:s04	17	node_modules	node_module	NOUN	NNS	Number=Plur	18	compound	71	83
tsc-2025-03-05:u0018:s04	18	directory	directory	NOUN	NN	Number=Sing	14	nmod	84	93
tsc-2025-03-05:u0018:s04	19	.	.	PUNCT	.	_	1	punct	93	94
tsc-2025-03-05:u0018:s05	1	*	*	PUNCT	NFP	_	2	punct	0	1
tsc-2025-03-05:u0018:s05	2	Richard	Richard	PROPN	NNP	Number=Sing	6	vocative	2	9
tsc-2025-03-05:u0018:s05	3	,	,	PUNCT	,	_	6	punct	9	10
tsc-2025-03-05:u0018:s05	4	a	a	DET	DT	Definite=Ind|PronType=Art	5	det	11	12
tsc-2025-03-05:u0018:s05	5	bit	bit	NOUN	NN	Number=Sing	6	obl:npmod	13	16
tsc-2025-03-05:u0018:s05	6	worried	worried	ADJ	JJ	Degree=Pos	0	root	17	24
tsc-2025-03-05:u0018:s05	7	if	if	SCONJ	IN	_	9	mark	25	27
tsc-2025-03-05:u0018:s05	8	we	we	PRON	PRP	Case=Nom|Number=Plur|Person=1|PronType=Prs	9	nsubj	28	30
tsc-2025-03-05:u0018:s05	9	discuss	discuss	VERB	VBP	Mood=Ind|Tense=Pres|VerbForm=Fin	6	advcl	31	38
tsc-2025-03-05:u0018:s05	10	backporting	backport	VERB	VBG	VerbForm=Ger	9	xcomp	39	50
tsc-2025-03-05:u0018:s05	11	globs	glob	NOUN	NNS	Number=Plur	10	obj	51	56
tsc-2025-03-05:u0018:s05	12	to	to	ADP	IN	_	13	case	57	59
tsc-2025-03-05:u0018:s05	13	Node.js	Node.js	PROPN	NNP	Number=Sing	10	obl	60	67
tsc-2025-03-05:u0018:s05	14	20	20	NUM	CD	NumType=Card	13	nummod	68	70
tsc-2025-03-05:u0018:s05	15	,	,	PUNCT	,	_	6	punct	70	71
tsc-2025-03-05:u0018:s05	16	seems	seem	VERB	VBZ	Mood=Ind|Number=Sing|Person=3|Tense=Pres|VerbForm=Fin	6	ccomp	72	77
tsc-2025-03-05:u0018:s05	17	like	like	SCONJ	IN	_	21	mark	78	82
tsc-2025-03-05:u0018:s05	18	we	we	PRON	PRP	Case=Nom|Number=Plur|Person=1|PronType=Prs	21	nsubj	83	85
tsc-2025-03-05:u0018:s05	19	have	have	AUX	VBP	Mood=Ind|Tense=Pres|VerbForm=Fin	21	aux	86	90
tsc-2025-03-05:u0018:s05	20	already	already	ADV	RB	_	21	advmod	91	98
tsc-2025-03-05:u0018:s05	21	pulled	pull	VERB	VBN	Tense=Past|VerbForm=Part	16	advcl	99	105
tsc-2025-03-05:u0018:s05	22	back	back	ADV	RB	_	21	advmod	106	110
tsc-2025-03-05:u0018:s05	23	more	more	ADJ	JJR	Degree=Cmp	21	obj	111	115
tsc-2025-03-05:u0018:s05	24	than	than	ADP	IN	_	25	case	116	120
tsc-2025-03-05:u0018:s05	25	normal	normal	ADJ	JJ	Degree=Pos	23	obl	121	127
tsc-2025-03-05:u0018:s05	26	due	due	ADJ	JJ	Degree=Pos	21	amod	128	131
tsc-2025-03-05:u0018:s05	27	to	to	PART	TO	_	28	mark	132	134
tsc-2025-03-05:u0018:s05	28	require	require	VERB	VB	VerbForm=Inf	26	xcomp	135	142
tsc-2025-03-05:u0018:s05	29	esm	esm	NOUN	NN	Number=Sing	28	obj	143	146
tsc-2025-03-05:u0018:s05	30	which	which	PRON	WDT	PronType=Rel	32	nsubj	147	152
tsc-2025-03-05:u0018:s05	31	is	be	AUX	VBZ	Mood=Ind|Number=Sing|Person=3|Tense=Pres|VerbForm=Fin	32	cop	153	155
tsc-2025-03-05:u0018:s05	32	good	good	ADJ	JJ	Degree=Pos	29	acl:relcl	156	160
tsc-2025-03-05:u0018:s05	33	,	,	PUNCT	,	_	39	punct	160	161
tsc-2025-03-05:u0018:s05	34	but	but	CCONJ	CC	_	39	cc	162	165
tsc-2025-03-05:u0018:s05	35	other	other	ADJ	JJ	Degree=Pos	36	amod	166	171
tsc-2025-03-05:u0018:s05	36	things	thing	NOUN	NNS	Number=Plur	39	nsubj:pass	172	178
tsc-2025-03-05:u0018:s05	37	are	be	AUX	VBP	Mood=Ind|Tense=Pres|VerbForm=Fin	39	aux	179	182
tsc-2025-03-05:u0018:s05	38	being	be	AUX	VBG	VerbForm=Ger	39	aux:pass	183	188
tsc-2025-03-05:u0018:s05	39	proposed	propose	VERB	VBN	Tense=Past|VerbForm=Part	6	conj	189	197
tsc-2025-03-05:u0018:s05	40	just	just	ADV	RB	_	44	advmod	198	202
tsc-2025-03-05:u0018:s05	41	because	because	SCONJ	IN	_	44	mark	203	210
tsc-2025-03-05:u0018:s05	42	we	we	PRON	PRP	Case=Nom|Number=Plur|Person=1|PronType=Prs	44	nsubj	211	213
tsc-2025-03-05:u0018:s05	43	are	be	AUX	VBP	Mood=Ind|Tense=Pres|VerbForm=Fin	44	aux	214	217
tsc-2025-03-05:u0018:s05	44	doing	do	VERB	VBG	Tense=Pres|VerbForm=Part	39	advcl	218	223
tsc-2025-03-05:u0018:s05	45	a	a	DET	DT	Definite=Ind|PronType=Art	47	det	224	225
tsc-2025-03-05:u0018:s05	46	SemVer	SemVer	NOUN	NN	Number=Sing	47	compound	226	232
tsc-2025-03-05:u0018:s05	47	minor	minor	NOUN	NN	Number=Sing	44	obj	233	238
tsc-2025-03-05:u0018:s05	48	.	.	PUNCT	.	_	6	punct	238	239
tsc-2025-03-05:u0018:s06	1	Want	want	VERB	VBZ	Mood=Ind|Number=Sing|Person=3|Tense=Pres|VerbForm=Fin	0	root	0	4
tsc-2025-03-05:u0018:s06	2	to	to	PART	TO	_	4	mark	5	7
tsc-2025-03-05:u0018:s06	3	be	be	AUX	VB	VerbForm=Inf	4	cop	8	10
tsc-2025-03-05:u0018:s06	4	careful	careful	ADJ	JJ	Degree=Pos	1	xcomp	11	18
tsc-2025-03-05:u0018:s06	5	about	about	SCONJ	IN	_	6	case	19	24
tsc-2025-03-05:u0018:s06	6	what	what	PRON	WP	PronType=Int	4	obl	25	29
tsc-2025-03-05:u0018:s06	7	we	we	PRON	PRP	Case=Nom|Number=Plur|Person=1|PronType=Prs	8	nsubj	30	32
tsc-2025-03-05:u0018:s06	8	pull	pull	VERB	VBP	Mood=Ind|Tense=Pres|VerbForm=Fin	6	acl:relcl	33	37
tsc-2025-03-05:u0018:s06	9	into	into	ADP	IN	_	10	case	38	42
tsc-2025-03-05:u0018:s06	10	20	20	NUM	CD	NumType=Card	8	obl	43	45
tsc-2025-03-05:u0018:s06	11	.	.	PUNCT	.	_	1	punct	45	46
tsc-2025-03-05:u0019:s00	1	###	###	SYM	NFP	_	0	root	0	3
tsc-2025-03-05:u0019:s00	2	nodejs	nodej	NOUN	NNS	Number=Plur	1	compound	4	10
tsc-2025-03-05:u0019:s00	3	/	/	PUNCT	,	_	4	cc	10	11
tsc-2025-03-05:u0019:s00	4	TSC	TSC	NOUN	NN	Number=Sing	2	conj	11	14
tsc-2025-03-05:u0020:s00	1	*	*	PUNCT	NFP	_	0	root	0	1
tsc-2025-03-05:u0020:s01	1	Let	let	VERB	VB	Mood=Imp|VerbForm=Fin	0	root	0	3
tsc-2025-03-05:u0020:s01	2	's	's	PRON	PRP	Case=Acc|Number=Plur|Person=1|PronType=Prs	1	obj	3	5
tsc-2025-03-05:u0020:s01	3	talk	talk	VERB	VB	VerbForm=Inf	1	xcomp	6	10
tsc-2025-03-05:u0020:s01	4	about	about	ADP	IN	_	7	case	11	16
tsc-2025-03-05:u0020:s01	5	the	the	DET	DT	Definite=Def|PronType=Art	7	det	17	20
tsc-2025-03-05:u0020:s01	6	CI	CI	PROPN	NNP	Number=Sing	7	compound	21	23
tsc-2025-03-05:u0020:s01	7	situation	situation	NOUN	NN	Number=Sing	3	obl	24	33
tsc-2025-03-05:u0020:s01	8	[	[	PUNCT	-LRB-	_	9	punct	34	35
tsc-2025-03-05:u0020:s01	9	#1614	#1614	NUM	CD	NumType=Card	7	appos	35	40
tsc-2025-03-05:u0020:s01	10	]	]	PUNCT	-RRB-	_	9	punct	40	41
tsc-2025-03-05:u0020:s01	11	(	(	PUNCT	-LRB-	_	12	punct	41	42
tsc-2025-03-05:u0020:s01	12	https://github.com/nodejs/TSC/issues/1614	https://github.com/nodejs/TSC/issues/1614	X	LS	_	9	appos	42	83
tsc-2025-03-05:u0020:s01	13	)	)	PUNCT	-RRB-	_	12	punct	83	84
tsc-2025-03-05:u0020:s01	14	*	*	PUNCT	NFP	_	3	punct	85	86
tsc-2025-03-05:u0020:s01	15	talked	talk	VERB	VBD	Mood=Ind|Tense=Past|VerbForm=Fin	1	parataxis	87	93
tsc-2025-03-05:u0020:s01	16	about	about	ADP	IN	_	18	case	94	99
tsc-2025-03-05:u0020:s01	17	shutdown	shutdown	ADJ	JJ	Degree=Pos	18	amod	100	108
tsc-2025-03-05:u0020:s01	18	problem	problem	NOUN	NN	Number=Sing	15	obl	109	116
tsc-2025-03-05:u0020:s01	19	before	before	SCONJ	IN	_	21	case	117	123
tsc-2025-03-05:u0020:s01	20	,	,	PUNCT	,	_	21	punct	123	124
tsc-2025-03-05:u0020:s01	21	nothing	nothing	PRON	NN	Number=Sing	15	advcl	125	132
tsc-2025-03-05:u0020:s01	22	other	other	ADJ	JJ	Degree=Pos	23	amod	133	138
tsc-2025-03-05:u0020:s01	23	specific	specific	ADJ	JJ	Degree=Pos	21	amod	139	147
tsc-2025-03-05:u0020:s01	24	to	to	PART	TO	_	25	mark	148	150
tsc-2025-03-05:u0020:s01	25	discuss	discuss	VERB	VB	VerbForm=Inf	23	advcl	151	158
tsc-2025-03-05:u0021:s00	1	*	*	PUNCT	NFP	_	4	punct	0	1
tsc-2025-03-05:u0021:s00	2	Open	open	PROPN	NNP	Number=Sing	3	compound	2	6
tsc-2025-03-05:u0021:s00	3	Corepack	Corepack	PROPN	NNP	Number=Sing	4	compound	7	15
tsc-2025-03-05:u0021:s00	4	Vote	vote	PROPN	NNP	Number=Sing	15	nsubj	16	20
tsc-2025-03-05:u0021:s00	5	[	[	PUNCT	-LRB-	_	4	punct	21	22
tsc-2025-03-05:u0021:s00	6	#	#	SYM	NN	Number=Sing	4	appos	22	23
tsc-2025-03-05:u0021:s00	7	1527	1527	NUM	CD	NumType=Card	6	nummod	23	27
tsc-2025-03-05:u0021:s00	8	]	]	PUNCT	-RRB-	_	4	punct	27	28
tsc-2025-03-05:u0021:s00	9	(	(	PUNCT	-LRB-	_	10	punct	28	29
tsc-2025-03-05:u0021:s00	10	https://github.com/nodejs/TSC/pull/1527	https://github.com/nodejs/TSC/pull/1527	X	LS	_	4	appos	29	68
tsc-2025-03-05:u0021:s00	11	)	)	PUNCT	-RRB-	_	10	punct	68	69
tsc-2025-03-05:u0021:s00	12	*	*	PUNCT	NFP	_	10	punct	70	71
tsc-2025-03-05:u0021:s00	13	Marco	Marco	PROPN	NNP	Number=Sing	4	flat	72	77
tsc-2025-03-05:u0021:s00	14	,	,	PUNCT	,	_	15	punct	77	78
tsc-2025-03-05:u0021:s00	15	added	add	VERB	VBD	Mood=Ind|Tense=Past|VerbForm=Fin	0	root	79	84
tsc-2025-03-05:u0021:s00	16	the	the	DET	DT	Definite=Def|PronType=Art	18	det	85	88
tsc-2025-03-05:u0021:s00	17	agenda	agenda	NOUN	NN	Number=Sing	18	compound	89	95
tsc-2025-03-05:u0021:s00	18	tag	tag	NOUN	NN	Number=Sing	15	obj	96	99
tsc-2025-03-05:u0021:s00	19	to	to	ADP	IN	_	21	case	100	102
tsc-2025-03-05:u0021:s00	20	this	this	DET	DT	Number=Sing|PronType=Dem	21	det	103	107
tsc-2025-03-05:u0021:s00	21	one	one	NOUN	NN	Number=Sing	18	nmod	108	111
tsc-2025-03-05:u0021:s00	22	.	.	PUNCT	.	_	15	punct	111	112
tsc-2025-03-05:u0021:s00	23	*	*	PUNCT	NFP	_	15	punct	113	114
tsc-2025-03-05:u0021:s01	1	Something	something	PRON	NN	Number=Sing	2	nsubj	0	9
tsc-2025-03-05:u0021:s01	2	broke	break	VERB	VBD	Mood=Ind|Tense=Past|VerbForm=Fin	0	root	10	15
tsc-2025-03-05:u0021:s01	3	in	in	ADP	IN	_	4	case	16	18
tsc-2025-03-05:u0021:s01	4	corepack	corepack	NOUN	NN	Number=Sing	2	obl	19	27
tsc-2025-03-05:u0021:s01	5	and	and	CCONJ	CC	_	7	cc	28	31
tsc-2025-03-05:u0021:s01	6	we	we	PRON	PRP	Case=Nom|Number=Plur|Person=1|PronType=Prs	7	nsubj	32	34
tsc-2025-03-05:u0021:s01	7	had	have	VERB	VBD	Mood=Ind|Tense=Past|VerbForm=Fin	2	conj	35	38
tsc-2025-03-05:u0021:s01	8	to	to	PART	TO	_	9	mark	39	41
tsc-2025-03-05:u0021:s01	9	do	do	VERB	VB	VerbForm=Inf	7	xcomp	42	44
tsc-2025-03-05:u0021:s01	10	a	a	DET	DT	Definite=Ind|PronType=Art	11	det	45	46
tsc-2025-03-05:u0021:s01	11	release	release	NOUN	NN	Number=Sing	9	obj	47	54
tsc-2025-03-05:u0021:s01	12	in	in	ADP	IN	_	15	case	55	57
tsc-2025-03-05:u0021:s01	13	all	all	DET	DT	_	15	det	58	61
tsc-2025-03-05:u0021:s01	14	LTS	LTS	NOUN	NNS	Number=Plur	15	compound	62	65
tsc-2025-03-05:u0021:s01	15	versions	version	NOUN	NNS	Number=Plur	11	nmod	66	74
tsc-2025-03-05:u0021:s01	16	.	.	PUNCT	.	_	2	punct	74	75
tsc-2025-03-05:u0021:s02	1	We	we	PRON	PRP	Case=Nom|Number=Plur|Person=1|PronType=Prs	4	nsubj	0	2
tsc-2025-03-05:u0021:s02	2	are	be	AUX	VBP	Mood=Ind|Tense=Pres|VerbForm=Fin	4	aux	3	6
tsc-2025-03-05:u0021:s02	3	still	still	ADV	RB	_	4	advmod	7	12
tsc-2025-03-05:u0021:s02	4	working	work	VERB	VBG	Tense=Pres|VerbForm=Part	0	root	13	20
tsc-2025-03-05:u0021:s02	5	on	on	ADP	IN	_	6	case	21	23
tsc-2025-03-05:u0021:s02	6	20	20	NUM	CD	NumType=Card	4	obl	24	26
tsc-2025-03-05:u0021:s02	7	.	.	PUNCT	.	_	4	punct	26	27
tsc-2025-03-05:u0021:s03	1	Work	work	VERB	VB	Mood=Imp|VerbForm=Fin	0	root	0	4
tsc-2025-03-05:u0021:s03	2	around	around	ADV	RB	_	1	advmod	5	11
tsc-2025-03-05:u0021:s03	3	was	be	AUX	VBD	Mood=Ind|Number=Sing|Person=3|Tense=Past|VerbForm=Fin	5	cop	12	15
tsc-2025-03-05:u0021:s03	4	for	for	ADP	IN	_	5	case	16	19
tsc-2025-03-05:u0021:s03	5	people	people	NOUN	NNS	Number=Plur	1	obl	20	26
tsc-2025-03-05:u0021:s03	6	to	to	PART	TO	_	7	mark	27	29
tsc-2025-03-05:u0021:s03	7	do	do	VERB	VB	VerbForm=Inf	5	acl	30	32
tsc-2025-03-05:u0021:s03	8	corepack	corepack	NOUN	NN	Number=Sing	9	compound	33	41
tsc-2025-03-05:u0021:s03	9	install	install	NOUN	NN	Number=Sing	7	obj	42	49
tsc-2025-03-05:u0021:s03	10	which	which	PRON	WDT	PronType=Rel	11	nsubj	50	55
tsc-2025-03-05:u0021:s03	11	turned	turn	VERB	VBD	Mood=Ind|Tense=Past|VerbForm=Fin	9	acl:relcl	56	62
tsc-2025-03-05:u0021:s03	12	out	out	ADP	RP	_	11	compound:prt	63	66
tsc-2025-03-05:u0021:s03	13	not	not	ADV	RB	_	11	advmod	67	70
tsc-2025-03-05:u0021:s03	14	to	to	PART	TO	_	18	mark	71	73
tsc-2025-03-05:u0021:s03	15	be	be	AUX	VB	VerbForm=Inf	18	cop	74	76
tsc-2025-03-05:u0021:s03	16	a	a	DET	DT	Definite=Ind|PronType=Art	18	det	77	78
tsc-2025-03-05:u0021:s03	17	huge	huge	ADJ	JJ	Degree=Pos	18	amod	79	83
tsc-2025-03-05:u0021:s03	18	issue	issue	NOUN	NN	Number=Sing	11	xcomp	84	89
tsc-2025-03-05:u0021:s03	19	.	.	PUNCT	.	_	1	punct	89	90
tsc-2025-03-05:u0021:s04	1	*	*	PUNCT	NFP	_	2	punct	0	1
tsc-2025-03-05:u0021:s04	2	Based	base	VERB	VBN	Tense=Past|VerbForm=Part	0	root	2	7
tsc-2025-03-05:u0021:s04	3	on	on	SCONJ	IN	_	8	mark	8	10
tsc-2025-03-05:u0021:s04	4	how	how	ADV	WRB	PronType=Int	8	advmod	11	14
tsc-2025-03-05:u0021:s04	5	people	people	NOUN	NNS	Number=Plur	8	nsubj	15	21
tsc-2025-03-05:u0021:s04	6	could	could	AUX	MD	VerbForm=Fin	8	aux	22	27
tsc-2025-03-05:u0021:s04	7	easily	easily	ADV	RB	_	8	advmod	28	34
tsc-2025-03-05:u0021:s04	8	install	install	VERB	VB	VerbForm=Inf	2	advcl	35	42
tsc-2025-03-05:u0021:s04	9	corepack	corepack	NOUN	NN	Number=Sing	8	obj	43	51
tsc-2025-03-05:u0021:s04	10	to	to	PART	TO	_	11	mark	52	54
tsc-2025-03-05:u0021:s04	11	address	address	VERB	VB	VerbForm=Inf	8	advcl	55	62
tsc-2025-03-05:u0021:s04	12	issue	issue	NOUN	NN	Number=Sing	11	obj	63	68
tsc-2025-03-05:u0021:s04	13	,	,	PUNCT	,	_	8	punct	68	69
tsc-2025-03-05:u0021:s04	14	its	its	PRON	PRP$	Gender=Neut|Number=Sing|Person=3|Poss=Yes|PronType=Prs	18	nmod:poss	70	73
tsc-2025-03-05:u0021:s04	15	probably	probably	ADV	RB	_	18	advmod	74	82
tsc-2025-03-05:u0021:s04	16	a	a	DET	DT	Definite=Ind|PronType=Art	18	det	83	84
tsc-2025-03-05:u0021:s04	17	good	good	ADJ	JJ	Degree=Pos	18	amod	85	89
tsc-2025-03-05:u0021:s04	18	time	time	NOUN	NN	Number=Sing	8	obj	90	94
tsc-2025-03-05:u0021:s04	19	to	to	PART	TO	_	20	mark	95	97
tsc-2025-03-05:u0021:s04	20	consider	consider	VERB	VB	VerbForm=Inf	18	acl	98	106
tsc-2025-03-05:u0021:s04	21	if	if	SCONJ	IN	_	24	mark	107	109
tsc-2025-03-05:u0021:s04	22	we	we	PRON	PRP	Case=Nom|Number=Plur|Person=1|PronType=Prs	24	nsubj	110	112
tsc-2025-03-05:u0021:s04	23	can	can	AUX	MD	VerbForm=Fin	24	aux	113	116
tsc-2025-03-05:u0021:s04	24	remove	remove	VERB	VB	VerbForm=Inf	20	advcl	117	123
tsc-2025-03-05:u0021:s04	25	it	it	PRON	PRP	Case=Acc|Gender=Neut|Number=Sing|Person=3|PronType=Prs	24	obj	124	126
tsc-2025-03-05:u0021:s04	26	as	as	SCONJ	IN	_	30	mark	127	129
tsc-2025-03-05:u0021:s04	27	it	it	PRON	PRP	Case=Nom|Gender=Neut|Number=Sing|Person=3|PronType=Prs	30	nsubj:pass	130	132
tsc-2025-03-05:u0021:s04	28	has	have	AUX	VBZ	Mood=Ind|Number=Sing|Person=3|Tense=Pres|VerbForm=Fin	30	aux	133	136
tsc-2025-03-05:u0021:s04	29	been	be	AUX	VBN	Tense=Past|VerbForm=Part	30	aux:pass	137	141
tsc-2025-03-05:u0021:s04	30	demonstrated	demonstrate	VERB	VBN	Tense=Past|VerbForm=Part	24	advcl	142	154
tsc-2025-03-05:u0021:s04	31	people	people	NOUN	NNS	Number=Plur	33	nsubj	155	161
tsc-2025-03-05:u0021:s04	32	can	can	AUX	MD	VerbForm=Fin	33	aux	162	165
tsc-2025-03-05:u0021:s04	33	work	work	VERB	VB	VerbForm=Inf	30	ccomp	166	170
tsc-2025-03-05:u0021:s04	34	around	around	ADV	RB	_	33	advmod	171	177
tsc-2025-03-05:u0021:s04	35	,	,	PUNCT	,	_	39	punct	177	178
tsc-2025-03-05:u0021:s04	36	and	and	CCONJ	CC	_	39	cc	179	182
tsc-2025-03-05:u0021:s04	37	that	that	SCONJ	IN	_	39	mark	183	187
tsc-2025-03-05:u0021:s04	38	there	there	PRON	EX	_	39	expl	188	193
tsc-2025-03-05:u0021:s04	39	is	be	VERB	VBZ	Mood=Ind|Number=Sing|Person=3|Tense=Pres|VerbForm=Fin	33	conj	194	196
tsc-2025-03-05:u0021:s04	40	a	a	DET	DT	Definite=Ind|PronType=Art	41	det	197	198
tsc-2025-03-05:u0021:s04	41	burden	burden	NOUN	NN	Number=Sing	39	nsubj	199	205
tsc-2025-03-05:u0021:s04	42	in	in	SCONJ	IN	_	43	mark	206	208
tsc-2025-03-05:u0021:s04	43	including	include	VERB	VBG	VerbForm=Ger	41	acl	209	218
tsc-2025-03-05:u0021:s04	44	it	it	PRON	PRP	Case=Acc|Gender=Neut|Number=Sing|Person=3|PronType=Prs	43	obj	219	221
tsc-2025-03-05:u0021:s04	45	.	.	PUNCT	.	_	2	punct	221	222
tsc-2025-03-05:u0021:s05	1	*	*	PUNCT	NFP	_	2	punct	0	1
tsc-2025-03-05:u0021:s05	2	Michael	Michael	PROPN	NNP	Number=Sing	0	root	2	9
tsc-2025-03-05:u0021:s05	3	Zasso	Zasso	PROPN	NNP	Number=Sing	2	flat	10	15
tsc-2025-03-05:u0021:s05	4	(	(	PUNCT	-LRB-	_	6	punct	16	17
tsc-2025-03-05:u0021:s05	5	in	in	ADP	IN	_	6	case	17	19
tsc-2025-03-05:u0021:s05	6	chat	chat	PRON	DT	Number=Sing|PronType=Dem	2	nmod	20	24
tsc-2025-03-05:u0021:s05	7	)	)	PUNCT	-RRB-	_	6	punct	24	25
tsc-2025-03-05:u0021:s05	8	:	:	PUNCT	:	_	2	punct	25	26
tsc-2025-03-05:u0021:s05	9	<	<	PUNCT	-LRB-	_	10	punct	27	28
tsc-2025-03-05:u0021:s05	10	https://github.com/nodejs/package-maintenance/blob/main/docs/version-management/proposal-next-steps.md	https://github.com/nodejs/package-maintenance/blob/main/docs/version-management/proposal-next-steps.md	ADJ	JJ	Degree=Pos	2	appos	28	130
tsc-2025-03-05:u0021:s05	11	>	>	PUNCT	-RRB-	_	10	punct	130	131
tsc-2025-03-05:u0021:s06	1	AFAIK	Afaike	VERB	VB	Mood=Imp|VerbForm=Fin	0	root	0	5
tsc-2025-03-05:u0021:s06	2	the	the	DET	DT	Definite=Def|PronType=Art	3	det	6	9
tsc-2025-03-05:u0021:s06	3	vote	vote	NOUN	NN	Number=Sing	5	nsubj:pass	10	14
tsc-2025-03-05:u0021:s06	4	was	be	AUX	VBD	Mood=Ind|Number=Sing|Person=3|Tense=Past|VerbForm=Fin	5	aux:pass	15	18
tsc-2025-03-05:u0021:s06	5	postponed	postpone	VERB	VBN	Tense=Past|VerbForm=Part|Voice=Pass	1	ccomp	19	28
tsc-2025-03-05:u0021:s06	6	until	until	ADP	IN	_	9	case	29	34
tsc-2025-03-05:u0021:s06	7	package	package	NOUN	NN	Number=Sing	9	compound	35	42
tsc-2025-03-05:u0021:s06	8	maintenance	maintenance	NOUN	NN	Number=Sing	9	compound	43	54
tsc-2025-03-05:u0021:s06	9	team	team	NOUN	NN	Number=Sing	5	obl	55	59
tsc-2025-03-05:u0021:s06	10	determines	determine	VERB	VBZ	Mood=Ind|Number=Sing|Person=3|Tense=Pres|VerbForm=Fin	1	parataxis	60	70
tsc-2025-03-05:u0021:s06	11	it	it	PRON	PRP	Case=Nom|Gender=Neut|Number=Sing|Person=3|PronType=Prs	13	expl	71	73
tsc-2025-03-05:u0021:s06	12	's	be	AUX	VBZ	Mood=Ind|Number=Sing|Person=3|Tense=Pres|VerbForm=Fin	13	cop	73	75
tsc-2025-03-05:u0021:s06	13	good	good	ADJ	JJ	Degree=Pos	10	ccomp	76	80
tsc-2025-03-05:u0021:s06	14	to	to	PART	TO	_	15	mark	81	83
tsc-2025-03-05:u0021:s06	15	go	go	VERB	VB	VerbForm=Inf	13	csubj	84	86
tsc-2025-03-05:u0021:s06	16	.	.	PUNCT	.	_	1	punct	86	87
tsc-2025-03-05:u0021:s07	1	But	but	CCONJ	CC	_	3	cc	0	3
tsc-2025-03-05:u0021:s07	2	it	it	PRON	PRP	Case=Nom|Gender=Neut|Number=Sing|Person=3|PronType=Prs	3	expl	4	6
tsc-2025-03-05:u0021:s07	3	seems	seem	VERB	VBZ	Mood=Ind|Number=Sing|Person=3|Tense=Pres|VerbForm=Fin	0	root	7	12
tsc-2025-03-05:u0021:s07	4	that	that	SCONJ	IN	_	7	mark	13	17
tsc-2025-03-05:u0021:s07	5	the	the	DET	DT	Definite=Def|PronType=Art	6	det	18	21
tsc-2025-03-05:u0021:s07	6	initiative	initiative	NOUN	NN	Number=Sing	7	nsubj	22	32
tsc-2025-03-05:u0021:s07	7	lost	lose	VERB	VBD	Mood=Ind|Tense=Past|VerbForm=Fin	3	ccomp	33	37
tsc-2025-03-05:u0021:s07	8	it	it	PRON	PRP	Case=Nom|Gender=Neut|Number=Sing|Person=3|PronType=Prs	10	nmod:poss	38	40
tsc-2025-03-05:u0021:s07	9	s	be	PART	POS	_	8	case	40	41
tsc-2025-03-05:u0021:s07	10	momentum	momentum	NOUN	NN	Number=Sing	7	obj	42	50
tsc-2025-03-05:u0021:s07	11	*	*	PUNCT	NFP	_	12	punct	51	52
tsc-2025-03-05:u0021:s07	12	Michael	Michael	PROPN	NNP	Number=Sing	10	appos	53	60
tsc-2025-03-05:u0021:s07	13	anybody	anybody	PRON	NN	Number=Sing	12	appos	61	68
tsc-2025-03-05:u0021:s07	14	in	in	ADP	IN	_	16	case	69	71
tsc-2025-03-05:u0021:s07	15	the	the	DET	DT	Definite=Def|PronType=Art	16	det	72	75
tsc-2025-03-05:u0021:s07	16	meeting	meeting	NOUN	NN	Number=Sing	13	nmod	76	83
tsc-2025-03-05:u0021:s07	17	who	who	PRON	WP	PronType=Rel	18	nsubj	84	87
tsc-2025-03-05:u0021:s07	18	object	object	VERB	VBP	Mood=Ind|Tense=Pres|VerbForm=Fin	16	acl:relcl	88	94
tsc-2025-03-05:u0021:s07	19	or	or	CCONJ	CC	_	20	cc	95	97
tsc-2025-03-05:u0021:s07	20	need	need	VERB	VBP	Mood=Ind|Tense=Pres|VerbForm=Fin	18	conj	98	102
tsc-2025-03-05:u0021:s07	21	more	more	ADJ	JJR	Degree=Cmp	22	amod	103	107
tsc-2025-03-05:u0021:s07	22	time	time	NOUN	NN	Number=Sing	18	obj	108	112
tsc-2025-03-05:u0021:s07	23	to	to	PART	TO	_	24	mark	113	115
tsc-2025-03-05:u0021:s07	24	consider	consider	VERB	VB	VerbForm=Inf	22	acl	116	124
tsc-2025-03-05:u0021:s07	25	before	before	SCONJ	IN	_	26	mark	125	131
tsc-2025-03-05:u0021:s07	26	agreeing	agree	VERB	VBG	VerbForm=Ger	24	advcl	132	140
tsc-2025-03-05:u0021:s07	27	it	it	PRON	PRP	Case=Nom|Gender=Neut|Number=Sing|Person=3|PronType=Prs	29	nsubj	141	143
tsc-2025-03-05:u0021:s07	28	can	can	AUX	MD	VerbForm=Fin	29	aux	144	147
tsc-2025-03-05:u0021:s07	29	move	move	VERB	VB	VerbForm=Inf	26	ccomp	148	152
tsc-2025-03-05:u0021:s07	30	forward	forward	ADV	RB	_	29	advmod	153	160
tsc-2025-03-05:u0021:s07	31	.	.	PUNCT	.	_	3	punct	160	161
tsc-2025-03-05:u0021:s08	1	*	*	PUNCT	NFP	_	6	punct	0	1
tsc-2025-03-05:u0021:s08	2	Nobody	nobody	PRON	NN	Number=Sing	6	nsubj	2	8
tsc-2025-03-05:u0021:s08	3	in	in	ADP	IN	_	5	case	9	11
tsc-2025-03-05:u0021:s08	4	the	the	DET	DT	Definite=Def|PronType=Art	5	det	12	15
tsc-2025-03-05:u0021:s08	5	meeting	meeting	NOUN	NN	Number=Sing	2	nmod	16	23
tsc-2025-03-05:u0021:s08	6	raised	raise	VERB	VBD	Mood=Ind|Tense=Past|VerbForm=Fin	0	root	24	30
tsc-2025-03-05:u0021:s08	7	their	they	PRON	PRP$	Number=Plur|Person=3|Poss=Yes|PronType=Prs	8	nmod:poss	31	36
tsc-2025-03-05:u0021:s08	8	hand	hand	NOUN	NN	Number=Sing	6	obj	37	41
tsc-2025-03-05:u0021:s08	9	*	*	PUNCT	NFP	_	14	punct	42	43
tsc-2025-03-05:u0021:s08	10	Marco	Marco	PROPN	NNP	Number=Sing	12	nmod:poss	44	49
tsc-2025-03-05:u0021:s08	11	’s	's	PART	POS	_	10	case	49	51
tsc-2025-03-05:u0021:s08	12	plan	plan	NOUN	NN	Number=Sing	14	nsubj	52	56
tsc-2025-03-05:u0021:s08	13	is	be	AUX	VBZ	Mood=Ind|Number=Sing|Person=3|Tense=Pres|VerbForm=Fin	14	cop	57	59
tsc-2025-03-05:u0021:s08	14	to	to	ADP	IN	_	8	case	60	62
tsc-2025-03-05:u0021:s08	15	*	*	PUNCT	NFP	_	14	punct	63	64
tsc-2025-03-05:u0021:s09	1	At	at	ADP	IN	_	2	case	0	2
tsc-2025-03-05:u0021:s09	2	mention	mention	NOUN	NN	Number=Sing	16	obl	3	10
tsc-2025-03-05:u0021:s09	3	the	the	DET	DT	Definite=Def|PronType=Art	6	det	11	14
tsc-2025-03-05:u0021:s09	4	package	package	NOUN	NN	Number=Sing	6	compound	15	22
tsc-2025-03-05:u0021:s09	5	maintenance	maintenance	NOUN	NN	Number=Sing	6	compound	23	34
tsc-2025-03-05:u0021:s09	6	team	team	NOUN	NN	Number=Sing	2	nmod	35	39
tsc-2025-03-05:u0021:s09	7	in	in	ADP	IN	_	11	case	40	42
tsc-2025-03-05:u0021:s09	8	the	the	DET	DT	Definite=Def|PronType=Art	11	det	43	46
tsc-2025-03-05:u0021:s09	9	issue	issue	NOUN	NN	Number=Sing	11	compound	47	52
tsc-2025-03-05:u0021:s09	10	*	*	PUNCT	NFP	_	11	punct	53	54
tsc-2025-03-05:u0021:s09	11	Land	land	NOUN	NN	Number=Sing	6	nmod	55	59
tsc-2025-03-05:u0021:s09	12	the	the	DET	DT	Definite=Def|PronType=Art	13	det	60	63
tsc-2025-03-05:u0021:s09	13	PR	pr	NOUN	NN	Number=Sing	6	appos	64	66
tsc-2025-03-05:u0021:s09	14	if	if	SCONJ	IN	_	16	mark	67	69
tsc-2025-03-05:u0021:s09	15	there	there	PRON	EX	_	16	expl	70	75
tsc-2025-03-05:u0021:s09	16	are	be	VERB	VBP	Mood=Ind|Tense=Pres|VerbForm=Fin	0	root	76	79
tsc-2025-03-05:u0021:s09	17	no	no	DET	DT	_	18	det	80	82
tsc-2025-03-05:u0021:s09	18	objections	objection	NOUN	NNS	Number=Plur	16	nsubj	83	93
tsc-2025-03-05:u0021:s09	19	on	on	ADP	IN	_	20	case	94	96
tsc-2025-03-05:u0021:s09	20	Monday	Monday	PROPN	NNP	Number=Sing	18	nmod	97	103
tsc-2025-03-05:u0022:s00	1	###	###	SYM	NFP	_	2	punct	0	3
tsc-2025-03-05:u0022:s00	2	nodejs	nodej	NOUN	NNS	Number=Plur	0	root	4	10
tsc-2025-03-05:u0022:s00	3	/	/	PUNCT	,	_	2	punct	10	11
tsc-2025-03-05:u0022:s00	4	security	security	NOUN	NN	Number=Sing	6	compound	11	19
tsc-2025-03-05:u0022:s00	5	-	-	PUNCT	HYPH	_	6	punct	19	20
tsc-2025-03-05:u0022:s00	6	wg	wg	NOUN	NN	Number=Sing	2	appos	20	22
tsc-2025-03-05:u0023:s00	1	*	*	PUNCT	NFP	_	2	punct	0	1
tsc-2025-03-05:u0023:s00	2	Update	update	NOUN	NN	Number=Sing	0	root	2	8
tsc-2025-03-05:u0023:s00	3	on	on	ADP	IN	_	4	case	9	11
tsc-2025-03-05:u0023:s00	4	CVEs	CVEs	PROPN	NNP	Number=Sing	2	nmod	12	16
tsc-2025-03-05:u0023:s00	5	for	for	ADP	IN	_	8	case	17	20
tsc-2025-03-05:u0023:s00	6	EOL	EOL	PROPN	NNP	Number=Sing	8	compound	21	24
tsc-2025-03-05:u0023:s00	7	Release	release	NOUN	NN	Number=Sing	8	compound	25	32
tsc-2025-03-05:u0023:s00	8	Lines	lines	NOUN	NNS	Number=Plur	4	nmod	33	38
tsc-2025-03-05:u0023:s00	9	–	-	PUNCT	,	_	2	punct	39	40
tsc-2025-03-05:u0023:s01	1	MITRE	Mitre	AUX	VBD	Mood=Ind|Tense=Past|VerbForm=Fin	5	cop	0	5
tsc-2025-03-05:u0023:s01	2	Removal	removal	ADJ	JJ	Degree=Pos	5	amod	6	13
tsc-2025-03-05:u0023:s01	3	&	&	CCONJ	CC	_	4	cc	14	15
tsc-2025-03-05:u0023:s01	4	Next	next	ADJ	JJ	Degree=Pos	2	conj	16	20
tsc-2025-03-05:u0023:s01	5	Steps	step	NOUN	NNS	Number=Plur	0	root	21	26
tsc-2025-03-05:u0023:s01	6	[	[	PUNCT	-LRB-	_	7	punct	27	28
tsc-2025-03-05:u0023:s01	7	#1443	#1443	NUM	CD	NumType=Card	9	appos	28	33
tsc-2025-03-05:u0023:s01	8	]	]	PUNCT	-RRB-	_	7	punct	33	34
tsc-2025-03-05:u0023:s01	9	(	(	PUNCT	-LRB-	_	10	punct	34	35
tsc-2025-03-05:u0023:s01	10	https://github.com/nodejs/security-wg/issues/1443	https://github.com/nodejs/security-wg/issues/1443	X	LS	_	5	appos	35	84
tsc-2025-03-05:u0023:s01	11	)	)	PUNCT	-RRB-	_	10	punct	84	85
tsc-2025-03-05:u0023:s01	12	*	*	PUNCT	NFP	_	5	punct	86	87
tsc-2025-03-05:u0023:s01	13	<	<	PUNCT	-LRB-	_	14	punct	88	89
tsc-2025-03-05:u0023:s01	14	https://github.com/nodejs/nodejs.org/pull/7537/files	https://github.com/nodejs/nodejs.org/pull/7537/file	NOUN	NNS	Number=Plur	5	appos	89	141
tsc-2025-03-05:u0023:s01	15	>	>	PUNCT	-RRB-	_	14	punct	141	142
tsc-2025-03-05:u0024:s00	1	##	##	PUNCT	.	_	0	root	0	2
tsc-2025-03-05:u0024:s01	1	Strategic	strategic	ADJ	JJ	Degree=Pos	2	amod	0	9
tsc-2025-03-05:u0024:s01	2	Initiatives	initiative	NOUN	NNS	Number=Plur	0	root	10	21
tsc-2025-03-05:u0025:s00	1	*	*	PUNCT	NFP	_	2	punct	0	1
tsc-2025-03-05:u0025:s00	2	Michael	Michael	PROPN	NNP	Number=Sing	9	nsubj	2	9
tsc-2025-03-05:u0025:s00	3	Zasso	Zasso	PROPN	NNP	Number=Sing	2	flat	10	15
tsc-2025-03-05:u0025:s00	4	-	-	PUNCT	HYPH	_	2	punct	16	17
tsc-2025-03-05:u0025:s00	5	V8	V8	PROPN	NNP	Number=Sing	6	compound	18	20
tsc-2025-03-05:u0025:s00	6	currency	currency	NOUN	NN	Number=Sing	2	appos	21	29
tsc-2025-03-05:u0025:s00	7	,	,	PUNCT	,	_	9	punct	29	30
tsc-2025-03-05:u0025:s00	8	please	please	INTJ	UH	_	9	discourse	31	37
tsc-2025-03-05:u0025:s00	9	help	help	VERB	VB	Mood=Imp|VerbForm=Fin	0	root	38	42
tsc-2025-03-05:u0025:s00	10	me	I	PRON	PRP	Case=Acc|Number=Sing|Person=1|PronType=Prs	9	obj	43	45
tsc-2025-03-05:u0025:s00	11	as	as	SCONJ	IN	_	13	mark	46	48
tsc-2025-03-05:u0025:s00	12	there	there	PRON	EX	_	13	expl	49	54
tsc-2025-03-05:u0025:s00	13	are	be	VERB	VBP	Mood=Ind|Tense=Pres|VerbForm=Fin	9	advcl	55	58
tsc-2025-03-05:u0025:s00	14	many	many	ADJ	JJ	Degree=Pos	15	amod	59	63
tsc-2025-03-05:u0025:s00	15	issues	issue	NOUN	NNS	Number=Plur	13	nsubj	64	70
tsc-2025-03-05:u0025:s00	16	in	in	ADP	IN	_	19	case	71	73
tsc-2025-03-05:u0025:s00	17	the	the	DET	DT	Definite=Def|PronType=Art	19	det	74	77
tsc-2025-03-05:u0025:s00	18	build	build	NOUN	NN	Number=Sing	19	compound	78	83
tsc-2025-03-05:u0025:s00	19	System	system	NOUN	NN	Number=Sing	15	nmod	84	90
tsc-2025-03-05:u0025:s00	20	*	*	PUNCT	NFP	_	9	punct	91	92
tsc-2025-03-05:u0025:s00	21	<	<	PUNCT	-LRB-	_	22	punct	93	94
tsc-2025-03-05:u0025:s00	22	https://github.com/nodejs/node/pull/57114	https://github.com/nodejs/node/pull/57114	X	ADD	_	9	appos	94	135
tsc-2025-03-05:u0025:s00	23	>	>	PUNCT	-RRB-	_	22	punct	135	136
tsc-2025-03-05:u0025:s00	24	*	*	PUNCT	NFP	_	22	punct	137	138
tsc-2025-03-05:u0025:s00	25	issues	issue	NOUN	NNS	Number=Plur	9	obj	139	145
tsc-2025-03-05:u0025:s00	26	on	on	ADP	IN	_	27	case	146	148
tsc-2025-03-05:u0025:s00	27	windows	window	NOUN	NNS	Number=Plur	25	nmod	149	156
tsc-2025-03-05:u0025:s00	28	,	,	PUNCT	,	_	30	punct	156	157
tsc-2025-03-05:u0025:s00	29	smart	smart	ADJ	JJ	Degree=Pos	30	amod	158	163
tsc-2025-03-05:u0025:s00	30	os	os	NOUN	NNS	Number=Plur	25	conj	164	166
tsc-2025-03-05:u0025:s00	31	and	and	CCONJ	CC	_	32	cc	167	170
tsc-2025-03-05:u0025:s00	32	arm	arm	VERB	VBP	Mood=Ind|Tense=Pres|VerbForm=Fin	9	conj	171	174
tsc-2025-03-05:u0025:s00	33	*	*	PUNCT	NFP	_	9	punct	175	176
tsc-2025-03-05:u0025:s00	34	Richard	richard	PROPN	NNP	Number=Sing	35	nsubj	177	184
tsc-2025-03-05:u0025:s00	35	found	find	VERB	VBD	Mood=Ind|Tense=Past|VerbForm=Fin	9	ccomp	185	190
tsc-2025-03-05:u0025:s00	36	out	out	ADP	RP	_	35	compound:prt	191	194
tsc-2025-03-05:u0025:s00	37	why	why	ADV	WRB	PronType=Int	42	advmod	195	198
tsc-2025-03-05:u0025:s00	38	the	the	DET	DT	Definite=Def|PronType=Art	39	det	199	202
tsc-2025-03-05:u0025:s00	39	V8	V8	PROPN	NNP	Number=Sing	42	nsubj:pass	203	205
tsc-2025-03-05:u0025:s00	40	CI	CI	PROPN	NNP	Number=Sing	39	flat	206	208
tsc-2025-03-05:u0025:s00	41	was	be	AUX	VBD	Mood=Ind|Number=Sing|Person=3|Tense=Past|VerbForm=Fin	42	aux:pass	209	212
tsc-2025-03-05:u0025:s00	42	broken	broken	VERB	VBN	Tense=Past|VerbForm=Part|Voice=Pass	35	ccomp	213	219
tsc-2025-03-05:u0025:s00	43	and	and	CCONJ	CC	_	44	cc	220	223
tsc-2025-03-05:u0025:s00	44	opened	open	VERB	VBN	Tense=Past|VerbForm=Part	42	conj	224	230
tsc-2025-03-05:u0025:s00	45	a	a	DET	DT	Definite=Ind|PronType=Art	46	det	231	232
tsc-2025-03-05:u0025:s00	46	PR	pr	NOUN	NN	Number=Sing	44	obj	233	235
tsc-2025-03-05:u0025:s00	47	to	to	PART	TO	_	48	mark	236	238
tsc-2025-03-05:u0025:s00	48	fix	fix	VERB	VB	VerbForm=Inf	46	acl	239	242
tsc-2025-03-05:u0025:s00	49	it	it	PRON	PRP	Case=Acc|Gender=Neut|Number=Sing|Person=3|PronType=Prs	48	obj	243	245
tsc-2025-03-05:u0025:s00	50	*	*	PUNCT	NFP	_	9	punct	246	247
tsc-2025-03-05:u0025:s00	51	Chengzhong	Chengzhong	PROPN	NNP	Number=Sing	53	nsubj	248	258
tsc-2025-03-05:u0025:s00	52	has	have	AUX	VBZ	Mood=Ind|Number=Sing|Person=3|Tense=Pres|VerbForm=Fin	53	aux	259	262
tsc-2025-03-05:u0025:s00	53	identified	identify	VERB	VBN	Tense=Past|VerbForm=Part	9	ccomp	263	273
tsc-2025-03-05:u0025:s00	54	issue	issue	NOUN	NN	Number=Sing	53	obj	274	279
tsc-2025-03-05:u0025:s00	55	related	related	ADJ	JJ	Degree=Pos	54	amod	280	287
tsc-2025-03-05:u0025:s00	56	to	to	ADP	IN	_	57	case	288	290
tsc-2025-03-05:u0025:s00	57	workers	worker	NOUN	NNS	Number=Plur	55	obl	291	298
tsc-2025-03-05:u0025:s00	58	planning	plan	VERB	VBG	VerbForm=Ger	53	acl	299	307
tsc-2025-03-05:u0025:s00	59	to	to	PART	TO	_	60	mark	308	310
tsc-2025-03-05:u0025:s00	60	submit	submit	VERB	VB	VerbForm=Inf	58	xcomp	311	317
tsc-2025-03-05:u0025:s00	61	patch	patch	NOUN	NN	Number=Sing	60	obj	318	323
tsc-2025-03-05:u0025:s00	62	to	to	ADP	IN	_	69	case	324	326
tsc-2025-03-05:u0025:s00	63	v8	v8	NUM	CD	NumType=Card	67	nummod	327	329
tsc-2025-03-05:u0025:s00	64	*	*	PUNCT	NFP	_	67	punct	330	331
tsc-2025-03-05:u0025:s00	65	Antoine	Antoine	NOUN	NN	Number=Sing	67	compound	332	339
tsc-2025-03-05:u0025:s00	66	-	-	PUNCT	HYPH	_	67	punct	340	341
tsc-2025-03-05:u0025:s00	67	core	core	NOUN	NN	Number=Sing	69	compound	342	346
tsc-2025-03-05:u0025:s00	68	promise	promise	NOUN	NN	Number=Sing	69	compound	347	354
tsc-2025-03-05:u0025:s00	69	apis	apis	NOUN	NNS	Number=Plur	60	obl	355	359
tsc-2025-03-05:u0025:s00	70	-	-	PUNCT	,	_	9	punct	360	361
tsc-2025-03-05:u0025:s00	71	no	no	DET	DT	_	77	det	362	364
tsc-2025-03-05:u0025:s00	72	update	update	NOUN	NN	Number=Sing	76	compound	365	371
tsc-2025-03-05:u0025:s00	73	*	*	PUNCT	NFP	_	76	punct	372	373
tsc-2025-03-05:u0025:s00	74	Joyee	Joyee	NOUN	NN	Number=Sing	76	compound	374	379
tsc-2025-03-05:u0025:s00	75	-	-	PUNCT	HYPH	_	76	punct	380	381
tsc-2025-03-05:u0025:s00	76	startup	startup	NOUN	NN	Number=Sing	77	compound	382	389
tsc-2025-03-05:u0025:s00	77	snapshot	snapshot	NOUN	NN	Number=Sing	87	nsubj	390	398
tsc-2025-03-05:u0025:s00	78	-	-	PUNCT	,	_	77	punct	399	400
tsc-2025-03-05:u0025:s00	79	no	no	DET	DT	_	85	det	401	403
tsc-2025-03-05:u0025:s00	80	update	update	NOUN	NN	Number=Sing	85	compound	404	410
tsc-2025-03-05:u0025:s00	81	*	*	PUNCT	NFP	_	85	punct	411	412
tsc-2025-03-05:u0025:s00	82	Next	next	ADV	RB	_	85	advmod	413	417
tsc-2025-03-05:u0025:s00	83	-10	-10	NUM	CD	NumType=Card	85	nummod	417	420
tsc-2025-03-05:u0025:s00	84	-	-	PUNCT	HYPH	_	85	punct	421	422
tsc-2025-03-05:u0025:s00	85	survey	survey	NOUN	NN	Number=Sing	77	appos	423	429
tsc-2025-03-05:u0025:s00	86	now	now	ADV	RB	_	87	advmod	430	433
tsc-2025-03-05:u0025:s00	87	planned	plan	VERB	VBD	Mood=Ind|Tense=Past|VerbForm=Fin	9	ccomp	434	441
tsc-2025-03-05:u0025:s00	88	for	for	ADP	IN	_	92	case	442	445
tsc-2025-03-05:u0025:s00	89	after	after	ADP	IN	_	92	case	446	451
tsc-2025-03-05:u0025:s00	90	the	the	DET	DT	Definite=Def|PronType=Art	92	det	452	455
tsc-2025-03-05:u0025:s00	91	collaborator	collaborator	NOUN	NN	Number=Sing	92	compound	456	468
tsc-2025-03-05:u0025:s00	92	summit	summit	NOUN	NN	Number=Sing	87	obl	469	475
tsc-2025-03-05:u0025:s00	93	.	.	PUNCT	.	_	9	punct	475	476
tsc-2025-03-05:u0026:s00	1	##	##	PUNCT	.	_	0	root	0	2
tsc-2025-03-05:u0026:s01	1	Upcoming	upcoming	ADJ	JJ	Degree=Pos	2	amod	0	8
tsc-2025-03-05:u0026:s01	2	Meetings	meeting	NOUN	NNS	Number=Plur	0	root	9	17
tsc-2025-03-05:u0027:s00	1	*	*	PUNCT	NFP	_	3	punct	0	1
tsc-2025-03-05:u0027:s00	2	**Node.js	**Node.js	PROPN	NNP	Number=Sing	3	compound	2	11
tsc-2025-03-05:u0027:s00	3	Project	project	PROPN	NNP	Number=Sing	0	root	12	19
tsc-2025-03-05:u0027:s00	4	Calendar	calendar	PROPN	NNP	Number=Sing	3	flat	20	28
tsc-2025-03-05:u0027:s00	5	**:	**:	PUNCT	.	_	3	punct	28	31
tsc-2025-03-05:u0027:s00	6	<	<	PUNCT	-LRB-	_	7	punct	32	33
tsc-2025-03-05:u0027:s00	7	https://nodejs.org/calendar	https://nodejs.org/calendar	NOUN	NN	Number=Sing	3	list	33	60
tsc-2025-03-05:u0027:s00	8	>	>	PUNCT	-RRB-	_	7	punct	60	61
tsc-2025-03-05:u0028:s00	1	Click	click	VERB	VB	Mood=Imp|VerbForm=Fin	0	root	0	5
tsc-2025-03-05:u0028:s00	2	`+	`+	SYM	$	_	3	punct	6	8
tsc-2025-03-05:u0028:s00	3	GoogleCalendar	GoogleCalendar	PROPN	NNP	Number=Sing	1	obj	8	22
tsc-2025-03-05:u0028:s00	4	`	`	PUNCT	``	_	3	punct	22	23
tsc-2025-03-05:u0028:s00	5	at	at	ADP	IN	_	8	case	24	26
tsc-2025-03-05:u0028:s00	6	the	the	DET	DT	Definite=Def|PronType=Art	8	det	27	30
tsc-2025-03-05:u0028:s00	7	bottom	bottom	ADJ	JJ	Degree=Pos	8	amod	31	37
tsc-2025-03-05:u0028:s00	8	right	right	NOUN	NN	Number=Sing	1	obl	38	43
tsc-2025-03-05:u0028:s00	9	to	to	PART	TO	_	10	mark	44	46
tsc-2025-03-05:u0028:s00	10	add	add	VERB	VB	VerbForm=Inf	1	advcl	47	50
tsc-2025-03-05:u0028:s00	11	to	to	ADP	IN	_	15	case	51	53
tsc-2025-03-05:u0028:s00	12	your	you	PRON	PRP$	Person=2|Poss=Yes|PronType=Prs	15	nmod:poss	54	58
tsc-2025-03-05:u0028:s00	13	own	own	ADJ	JJ	Degree=Pos	15	amod	59	62
tsc-2025-03-05:u0028:s00	14	Google	Google	PROPN	NNP	Number=Sing	15	compound	63	69
tsc-2025-03-05:u0028:s00	15	calendar	calendar	NOUN	NN	Number=Sing	10	obl	70	78
tsc-2025-03-05:u0028:s00	16	.	.	PUNCT	.	_	1	punct	78	79
